repetition,seed,order,presentation,block_size,stage,test_matrices,policy,sampled_states,skipped_forced_states,states,mean_feasible_candidates,mean_percentile,mean_percentile_minus_random,mean_reciprocal_rank,top_decile_rate,expected_top1_rate
0,20260814,24,catalog,2,early,12,random_order,500,0,500,4.0,0.5,0.0,0.4000000000000035,0.0,0.25
0,20260814,24,catalog,2,early,12,balance_only,500,0,500,4.0,0.537,0.03700000000000003,0.5001904761904747,0.0,0.273
0,20260814,24,catalog,2,early,12,balance_random_pair,500,0,500,4.0,0.52875,0.028750000000000053,0.5171523809523808,0.102,0.3035
0,20260814,24,catalog,2,early,12,balance_pressured_pair,500,0,500,4.0,0.467,-0.032999999999999974,0.5128142857142861,0.234,0.308
0,20260814,24,catalog,2,early,12,all_pair_product,500,0,500,4.0,0.5795,0.07950000000000002,0.5943333333333332,0.316,0.367
0,20260814,24,catalog,2,early,12,minimum_max_pressure,500,0,500,4.0,0.428,-0.07200000000000001,0.48217619047619026,0.232,0.2854999999999999
0,20260814,24,permute_both_fixed_anchor,2,early,12,random_order,500,0,500,4.0,0.5,0.0,0.4000000000000035,0.0,0.25
0,20260814,24,permute_both_fixed_anchor,2,early,12,balance_only,500,0,500,4.0,0.5135,0.013499999999999956,0.4846428571428553,0.0,0.255
0,20260814,24,permute_both_fixed_anchor,2,early,12,balance_random_pair,500,0,500,4.0,0.53725,0.037250000000000005,0.5123761904761902,0.102,0.2835
0,20260814,24,permute_both_fixed_anchor,2,early,12,balance_pressured_pair,500,0,500,4.0,0.5675,0.0675,0.5544809523809519,0.176,0.3235
0,20260814,24,permute_both_fixed_anchor,2,early,12,all_pair_product,500,0,500,4.0,0.66475,0.16474999999999995,0.6941095238095235,0.46,0.511
0,20260814,24,permute_both_fixed_anchor,2,early,12,minimum_max_pressure,500,0,500,4.0,0.58025,0.08025000000000004,0.5472142857142852,0.164,0.3641666666666669
0,20260814,24,permute_both_renormalized,2,early,12,random_order,500,0,500,4.0,0.5,0.0,0.4000000000000035,0.0,0.25
0,20260814,24,permute_both_renormalized,2,early,12,balance_only,500,0,500,4.0,0.52,0.020000000000000018,0.488071428571427,0.0,0.258
0,20260814,24,permute_both_renormalized,2,early,12,balance_random_pair,500,0,500,4.0,0.541,0.041000000000000036,0.5149142857142857,0.09,0.2925
0,20260814,24,permute_both_renormalized,2,early,12,balance_pressured_pair,500,0,500,4.0,0.55975,0.05974999999999997,0.5421476190476188,0.144,0.31
0,20260814,24,permute_both_renormalized,2,early,12,all_pair_product,500,0,500,4.0,0.6615,0.16149999999999998,0.6880857142857137,0.444,0.506
0,20260814,24,permute_both_renormalized,2,early,12,minimum_max_pressure,500,0,500,4.0,0.5675,0.0675,0.5335666666666661,0.14,0.3426666666666668
0,20260814,24,catalog,2,middle,12,random_order,500,51,449,4.0,0.5,0.0,0.4000000000000033,0.0,0.25
0,20260814,24,catalog,2,middle,12,balance_only,500,51,449,4.0,0.5540089086859689,0.05400890868596886,0.5131509173825416,0.011135857461024499,0.28990348923533776
0,20260814,24,catalog,2,middle,12,balance_random_pair,500,51,449,4.0,0.5528953229398663,0.05289532293986632,0.5372945169158971,0.13140311804008908,0.3351893095768374
0,20260814,24,catalog,2,middle,12,balance_pressured_pair,500,51,449,4.0,0.5320155902004454,0.03201559020044542,0.5714603881641748,0.30066815144766146,0.3830734966592428
0,20260814,24,catalog,2,middle,12,all_pair_product,500,51,449,4.0,0.642260579064588,0.142260579064588,0.6791176158659448,0.45879732739420936,0.5051967334818115
0,20260814,24,catalog,2,middle,12,minimum_max_pressure,500,51,449,4.0,0.5879732739420935,0.08797327394209353,0.6431487962668356,0.42316258351893093,0.5089086859688198
0,20260814,24,permute_both_fixed_anchor,2,middle,12,random_order,500,0,500,3.99,0.5,0.0,0.40100000000000346,0.0,0.2508333333333333
0,20260814,24,permute_both_fixed_anchor,2,middle,12,balance_only,500,0,500,3.99,0.5201666666666668,0.020166666666666777,0.485995238095237,0.014,0.25666666666666665
0,20260814,24,permute_both_fixed_anchor,2,middle,12,balance_random_pair,500,0,500,3.99,0.55575,0.055749999999999966,0.5300476190476189,0.126,0.3048333333333333
0,20260814,24,permute_both_fixed_anchor,2,middle,12,balance_pressured_pair,500,0,500,3.99,0.5828333333333335,0.08283333333333354,0.5713809523809529,0.212,0.3453333333333333
0,20260814,24,permute_both_fixed_anchor,2,middle,12,all_pair_product,500,0,500,3.99,0.7355833333333333,0.23558333333333326,0.7850571428571423,0.608,0.6426666666666667
0,20260814,24,permute_both_fixed_anchor,2,middle,12,minimum_max_pressure,500,0,500,3.99,0.6418333333333334,0.14183333333333337,0.6292904761904762,0.298,0.47166666666666746
0,20260814,24,permute_both_renormalized,2,middle,12,random_order,500,0,500,3.992,0.5,0.0,0.4008000000000035,0.0,0.25066666666666665
0,20260814,24,permute_both_renormalized,2,middle,12,balance_only,500,0,500,3.992,0.5306666666666666,0.03066666666666662,0.49697619047618935,0.02,0.27166666666666656
0,20260814,24,permute_both_renormalized,2,middle,12,balance_random_pair,500,0,500,3.992,0.5570833333333333,0.057083333333333264,0.5276619047619044,0.12,0.294
0,20260814,24,permute_both_renormalized,2,middle,12,balance_pressured_pair,500,0,500,3.992,0.613,0.11299999999999999,0.6017047619047614,0.25,0.3798333333333333
0,20260814,24,permute_both_renormalized,2,middle,12,all_pair_product,500,0,500,3.992,0.7276666666666668,0.2276666666666668,0.7742380952380951,0.592,0.6276666666666666
0,20260814,24,permute_both_renormalized,2,middle,12,minimum_max_pressure,500,0,500,3.992,0.6414166666666667,0.14141666666666675,0.6172333333333331,0.272,0.44866666666666727
0,20260814,24,catalog,4,early,12,random_order,264,0,264,16.0,0.5,0.0,0.11764705882352905,0.0,0.0625
0,20260814,24,catalog,4,early,12,balance_only,264,0,264,16.0,0.6163589015151515,0.11635890151515149,0.21114503927181785,0.0,0.10290404040404061
0,20260814,24,catalog,4,early,12,balance_random_pair,264,0,264,16.0,0.5777698863636364,0.07776988636363635,0.2213747962156153,0.04924242424242424,0.10479797979797982
0,20260814,24,catalog,4,early,12,balance_pressured_pair,264,0,264,16.0,0.5136126893939394,0.013612689393939448,0.20404941329030563,0.045454545454545456,0.09059343434343438
0,20260814,24,catalog,4,early,12,all_pair_product,264,0,264,16.0,0.6265388257575758,0.1265388257575758,0.3774371379029089,0.32575757575757575,0.2313762626262626
0,20260814,24,catalog,4,early,12,minimum_max_pressure,264,0,264,16.0,0.4681581439393939,-0.03184185606060608,0.20212846424960318,0.09848484848484848,0.09713305949101401
0,20260814,24,permute_both_fixed_anchor,4,early,12,random_order,264,0,264,16.0,0.5,0.0,0.11764705882352905,0.0,0.0625
0,20260814,24,permute_both_fixed_anchor,4,early,12,balance_only,264,0,264,16.0,0.5314867424242424,0.03148674242424243,0.17086635362844999,0.0,0.06628787878787873
0,20260814,24,permute_both_fixed_anchor,4,early,12,balance_random_pair,264,0,264,16.0,0.5594223484848485,0.05942234848484851,0.1995682206359409,0.09090909090909091,0.08207070707070704
0,20260814,24,permute_both_fixed_anchor,4,early,12,balance_pressured_pair,264,0,264,16.0,0.5858191287878788,0.08581912878787878,0.2126290071709706,0.09848484848484848,0.08585858585858591
0,20260814,24,permute_both_fixed_anchor,4,early,12,all_pair_product,264,0,264,16.0,0.7582859848484849,0.25828598484848486,0.456040180564552,0.38636363636363635,0.2844065656565657
0,20260814,24,permute_both_fixed_anchor,4,early,12,minimum_max_pressure,264,0,264,16.0,0.6512784090909091,0.15127840909090906,0.26603806461185453,0.1590909090909091,0.1501205654614745
0,20260814,24,permute_both_renormalized,4,early,12,random_order,264,0,264,16.0,0.5,0.0,0.11764705882352905,0.0,0.0625
0,20260814,24,permute_both_renormalized,4,early,12,balance_only,264,0,264,16.0,0.5387073863636364,0.038707386363636354,0.1737915692914503,0.0,0.06881313131313127
0,20260814,24,permute_both_renormalized,4,early,12,balance_random_pair,264,0,264,16.0,0.5576467803030303,0.057646780303030276,0.18764403449901781,0.06060606060606061,0.0678661616161616
0,20260814,24,permute_both_renormalized,4,early,12,balance_pressured_pair,264,0,264,16.0,0.5783617424242424,0.07836174242424243,0.20908872026524924,0.10227272727272728,0.08143939393939396
0,20260814,24,permute_both_renormalized,4,early,12,all_pair_product,264,0,264,16.0,0.7470407196969697,0.24704071969696972,0.44521357297915665,0.38257575757575757,0.2772095959595959
0,20260814,24,permute_both_renormalized,4,early,12,minimum_max_pressure,264,0,264,16.0,0.6312736742424242,0.1312736742424242,0.2623013049428314,0.17045454545454544,0.14674754958845873
0,20260814,24,catalog,4,middle,12,random_order,500,46,454,15.779735682819384,0.5,0.0,0.11980651291353504,0.0,0.06375150180216259
0,20260814,24,catalog,4,middle,12,balance_only,500,46,454,15.779735682819384,0.646250500600721,0.14625050060072098,0.21807198008713885,0.0,0.10363436123347997
0,20260814,24,catalog,4,middle,12,balance_random_pair,500,46,454,15.779735682819384,0.6437725270324389,0.14377252703243892,0.24885837913561648,0.11013215859030837,0.1247063142437593
0,20260814,24,catalog,4,middle,12,balance_pressured_pair,500,46,454,15.779735682819384,0.5799521926311577,0.07995219263115771,0.22630356239147914,0.09911894273127753,0.10003671071953008
0,20260814,24,catalog,4,middle,12,all_pair_product,500,46,454,15.779735682819384,0.7293627352823387,0.22936273528233875,0.48296507162675173,0.45154185022026433,0.3413729809104257
0,20260814,24,catalog,4,middle,12,minimum_max_pressure,500,46,454,15.779735682819384,0.6504305166199441,0.1504305166199441,0.3912237676905305,0.31718061674008813,0.29345945293081854
0,20260814,24,permute_both_fixed_anchor,4,middle,12,random_order,500,0,500,15.656,0.5,0.0,0.12054999999999967,0.0,0.06416417748917745
0,20260814,24,permute_both_fixed_anchor,4,middle,12,balance_only,500,0,500,15.656,0.5767172619047624,0.07671726190476236,0.20084387836966563,0.008,0.08703333333333321
0,20260814,24,permute_both_fixed_anchor,4,middle,12,balance_random_pair,500,0,500,15.656,0.6198345238095238,0.11983452380952375,0.23728759083920958,0.162,0.10737575757575765
0,20260814,24,permute_both_fixed_anchor,4,middle,12,balance_pressured_pair,500,0,500,15.656,0.6559966991341988,0.15599669913419878,0.2691048128764547,0.232,0.12166666666666676
0,20260814,24,permute_both_fixed_anchor,4,middle,12,all_pair_product,500,0,500,15.656,0.8360485930735916,0.3360485930735916,0.606012922795336,0.57,0.4568166666666667
0,20260814,24,permute_both_fixed_anchor,4,middle,12,minimum_max_pressure,500,0,500,15.656,0.7288380952380948,0.22883809523809484,0.3769146913535082,0.298,0.26413347208347215
0,20260814,24,permute_both_renormalized,4,middle,12,random_order,500,0,500,15.676,0.5,0.0,0.12023865546218455,0.0,0.06397895437895436
0,20260814,24,permute_both_renormalized,4,middle,12,balance_only,500,0,500,15.676,0.5637727439227443,0.06377274392274435,0.1902594491144072,0.008,0.07713333333333329
0,20260814,24,permute_both_renormalized,4,middle,12,balance_random_pair,500,0,500,15.676,0.6096207459207458,0.10962074592074578,0.2267847560156552,0.128,0.09424242424242428
0,20260814,24,permute_both_renormalized,4,middle,12,balance_pressured_pair,500,0,500,15.676,0.6695164585414584,0.16951645854145836,0.2764764280960529,0.234,0.12533333333333346
0,20260814,24,permute_both_renormalized,4,middle,12,all_pair_product,500,0,500,15.676,0.826289148351647,0.326289148351647,0.6039040825812937,0.588,0.45466666666666666
0,20260814,24,permute_both_renormalized,4,middle,12,minimum_max_pressure,500,0,500,15.676,0.7359376248751243,0.23593762487512426,0.37477695291187035,0.292,0.25938234543234545
0,20260814,24,catalog,8,early,12,random_order,264,0,264,256.0,0.5,0.0,0.007782101167315151,0.0,0.00390625
0,20260814,24,catalog,8,early,12,balance_only,264,0,264,256.0,0.7103086529356061,0.21030865293560608,0.01999981150750704,0.0,0.008333333333333312
0,20260814,24,catalog,8,early,12,balance_random_pair,264,0,264,256.0,0.7231149384469697,0.22311493844696972,0.0336578776637017,0.48863636363636365,0.014897486772486736
0,20260814,24,catalog,8,early,12,balance_pressured_pair,264,0,264,256.0,0.6236683238636364,0.12366832386363635,0.02484224765872579,0.32575757575757575,0.009626022126022113
0,20260814,24,catalog,8,early,12,all_pair_product,264,0,264,256.0,0.7393983783143939,0.23939837831439392,0.2756002481735761,0.5340909090909091,0.20567655723905726
0,20260814,24,catalog,8,early,12,minimum_max_pressure,264,0,264,256.0,0.6709058357007576,0.17090583570075757,0.12925324296553298,0.3977272727272727,0.09969559846070027
0,20260814,24,permute_both_fixed_anchor,8,early,12,random_order,264,0,264,256.0,0.5,0.0,0.007782101167315151,0.0,0.00390625
0,20260814,24,permute_both_fixed_anchor,8,early,12,balance_only,264,0,264,256.0,0.5901544744318182,0.09015447443181823,0.015411289539897031,0.0,0.005478896103896093
0,20260814,24,permute_both_fixed_anchor,8,early,12,balance_random_pair,264,0,264,256.0,0.6306522253787878,0.13065222537878785,0.019316331849507578,0.17045454545454544,0.005934343434343428
0,20260814,24,permute_both_fixed_anchor,8,early,12,balance_pressured_pair,264,0,264,256.0,0.6692190459280303,0.16921904592803028,0.024268573530191902,0.23106060606060605,0.008247655122655118
0,20260814,24,permute_both_fixed_anchor,8,early,12,all_pair_product,264,0,264,256.0,0.8776411576704546,0.3776411576704546,0.2630396617175409,0.6515151515151515,0.17659536381127294
0,20260814,24,permute_both_fixed_anchor,8,early,12,minimum_max_pressure,264,0,264,256.0,0.777883818655303,0.277883818655303,0.08823058325130924,0.3484848484848485,0.05354966502501925
0,20260814,24,permute_both_renormalized,8,early,12,random_order,264,0,264,256.0,0.5,0.0,0.007782101167315151,0.0,0.00390625
0,20260814,24,permute_both_renormalized,8,early,12,balance_only,264,0,264,256.0,0.5727834990530303,0.07278349905303028,0.01412658504931695,0.0,0.004504870129870124
0,20260814,24,permute_both_renormalized,8,early,12,balance_random_pair,264,0,264,256.0,0.6317027698863636,0.13170276988636365,0.019535793583733058,0.16287878787878787,0.006192881192881192
0,20260814,24,permute_both_renormalized,8,early,12,balance_pressured_pair,264,0,264,256.0,0.6423783735795454,0.14237837357954541,0.020522267732170727,0.16287878787878787,0.005850168350168352
0,20260814,24,permute_both_renormalized,8,early,12,all_pair_product,264,0,264,256.0,0.8714562618371212,0.3714562618371212,0.29010733797869687,0.6628787878787878,0.2025568181818182
0,20260814,24,permute_both_renormalized,8,early,12,minimum_max_pressure,264,0,264,256.0,0.7774991122159091,0.27749911221590906,0.08914655404049274,0.2916666666666667,0.055981652104803534
0,20260814,24,catalog,8,middle,12,random_order,264,51,213,69.82629107981221,0.5,0.0,0.1067534359998364,0.0,0.06298879707211995
0,20260814,24,catalog,8,middle,12,balance_only,264,51,213,69.82629107981221,0.6474055540078792,0.14740555400787925,0.17911411005448538,0.06572769953051644,0.10685508761826072
0,20260814,24,catalog,8,middle,12,balance_random_pair,264,51,213,69.82629107981221,0.7235725069896682,0.22357250698966824,0.24247266005020462,0.27699530516431925,0.15567741146481676
0,20260814,24,catalog,8,middle,12,balance_pressured_pair,264,51,213,69.82629107981221,0.7027583474967533,0.20275834749675326,0.24023910886131714,0.24882629107981222,0.14182272652737565
0,20260814,24,catalog,8,middle,12,all_pair_product,264,51,213,69.82629107981221,0.8377686418859985,0.33776864188599853,0.49974621498555644,0.6901408450704225,0.4200294358745063
0,20260814,24,catalog,8,middle,12,minimum_max_pressure,264,51,213,69.82629107981221,0.6152530412940906,0.11525304129409064,0.2323252948357866,0.24882629107981222,0.17336322344105057
0,20260814,24,permute_both_fixed_anchor,8,middle,12,random_order,264,6,258,41.43023255813954,0.5,0.0,0.17836004179949413,0.0,0.10892630286779682
0,20260814,24,permute_both_fixed_anchor,8,middle,12,balance_only,264,6,258,41.43023255813954,0.6222340120832625,0.12223401208326246,0.3028534212437252,0.18604651162790697,0.18454519978110823
0,20260814,24,permute_both_fixed_anchor,8,middle,12,balance_random_pair,264,6,258,41.43023255813954,0.6550470053432946,0.15504700534329463,0.3162658156755145,0.22868217054263565,0.1859552804383644
0,20260814,24,permute_both_fixed_anchor,8,middle,12,balance_pressured_pair,264,6,258,41.43023255813954,0.638560400961128,0.13856040096112798,0.3288666986564844,0.27906976744186046,0.207040280390611
0,20260814,24,permute_both_fixed_anchor,8,middle,12,all_pair_product,264,6,258,41.43023255813954,0.8665732606331953,0.3665732606331953,0.636602373959962,0.7403100775193798,0.5610726590377754
0,20260814,24,permute_both_fixed_anchor,8,middle,12,minimum_max_pressure,264,6,258,41.43023255813954,0.6089321736507863,0.10893217365078633,0.2797863362473086,0.22093023255813954,0.19847863776919858
0,20260814,24,permute_both_renormalized,8,middle,12,random_order,264,6,258,40.798449612403104,0.5,0.0,0.1866707320145815,0.0,0.11680213257084882
0,20260814,24,permute_both_renormalized,8,middle,12,balance_only,264,6,258,40.798449612403104,0.6259410174310198,0.12594101743101982,0.3283780135674972,0.2364341085271318,0.23022386263773628
0,20260814,24,permute_both_renormalized,8,middle,12,balance_random_pair,264,6,258,40.798449612403104,0.6547392289979821,0.1547392289979821,0.3416301583277345,0.2713178294573643,0.23726783697017112
0,20260814,24,permute_both_renormalized,8,middle,12,balance_pressured_pair,264,6,258,40.798449612403104,0.6356301829388419,0.13563018293884188,0.3432398142991976,0.28294573643410853,0.24151291767627858
0,20260814,24,permute_both_renormalized,8,middle,12,all_pair_product,264,6,258,40.798449612403104,0.8566030425844595,0.3566030425844595,0.6333061768593558,0.7441860465116279,0.552564978088234
0,20260814,24,permute_both_renormalized,8,middle,12,minimum_max_pressure,264,6,258,40.798449612403104,0.6064945159984192,0.10649451599841919,0.2837563934200959,0.20155038759689922,0.20071330406583554
0,20260814,28,catalog,2,early,97,random_order,500,0,500,4.0,0.5,0.0,0.4000000000000035,0.0,0.25
0,20260814,28,catalog,2,early,97,balance_only,500,0,500,4.0,0.52575,0.02575000000000005,0.48973809523809386,0.0,0.257
0,20260814,28,catalog,2,early,97,balance_random_pair,500,0,500,4.0,0.539,0.039000000000000035,0.5219476190476183,0.114,0.299
0,20260814,28,catalog,2,early,97,balance_pressured_pair,500,0,500,4.0,0.566,0.06599999999999995,0.5548809523809519,0.17,0.324
0,20260814,28,catalog,2,early,97,all_pair_product,500,0,500,4.0,0.64225,0.14225,0.6674666666666661,0.432,0.47
0,20260814,28,catalog,2,early,97,minimum_max_pressure,500,0,500,4.0,0.5585,0.058499999999999996,0.5112857142857145,0.108,0.3168333333333335
0,20260814,28,permute_both_fixed_anchor,2,early,97,random_order,500,0,500,4.0,0.5,0.0,0.4000000000000035,0.0,0.25
0,20260814,28,permute_both_fixed_anchor,2,early,97,balance_only,500,0,500,4.0,0.51125,0.011249999999999982,0.48564285714285566,0.0,0.259
0,20260814,28,permute_both_fixed_anchor,2,early,97,balance_random_pair,500,0,500,4.0,0.52675,0.02675000000000005,0.5070000000000001,0.106,0.2775
0,20260814,28,permute_both_fixed_anchor,2,early,97,balance_pressured_pair,500,0,500,4.0,0.55225,0.05225000000000002,0.5398761904761905,0.156,0.307
0,20260814,28,permute_both_fixed_anchor,2,early,97,all_pair_product,500,0,500,4.0,0.663,0.16300000000000003,0.6963523809523802,0.478,0.5165
0,20260814,28,permute_both_fixed_anchor,2,early,97,minimum_max_pressure,500,0,500,4.0,0.5885,0.08850000000000002,0.5529238095238095,0.166,0.3690000000000005
0,20260814,28,permute_both_renormalized,2,early,97,random_order,500,0,500,4.0,0.5,0.0,0.4000000000000035,0.0,0.25
0,20260814,28,permute_both_renormalized,2,early,97,balance_only,500,0,500,4.0,0.5225,0.022499999999999964,0.49185714285714105,0.0,0.265
0,20260814,28,permute_both_renormalized,2,early,97,balance_random_pair,500,0,500,4.0,0.543,0.04300000000000004,0.5176380952380948,0.108,0.2875
0,20260814,28,permute_both_renormalized,2,early,97,balance_pressured_pair,500,0,500,4.0,0.56275,0.06274999999999997,0.5509857142857141,0.174,0.3165
0,20260814,28,permute_both_renormalized,2,early,97,all_pair_product,500,0,500,4.0,0.647,0.14700000000000002,0.6826809523809526,0.456,0.506
0,20260814,28,permute_both_renormalized,2,early,97,minimum_max_pressure,500,0,500,4.0,0.56675,0.06674999999999998,0.5286380952380954,0.142,0.33366666666666694
0,20260814,28,catalog,2,middle,97,random_order,500,7,493,3.945233265720081,0.5,0.0,0.4054766734279952,0.0,0.25456389452332645
0,20260814,28,catalog,2,middle,97,balance_only,500,7,493,3.945233265720081,0.5435260311020962,0.043526031102096185,0.5085144402588605,0.016227180527383367,0.2785665990534144
0,20260814,28,catalog,2,middle,97,balance_random_pair,500,7,493,3.945233265720081,0.5889114266396215,0.08891142663962148,0.5738240123635664,0.17038539553752535,0.36544962812711296
0,20260814,28,catalog,2,middle,97,balance_pressured_pair,500,7,493,3.945233265720081,0.6072515212981744,0.10725152129817439,0.6064377475127987,0.25963488843813387,0.392156862745098
0,20260814,28,catalog,2,middle,97,all_pair_product,500,7,493,3.945233265720081,0.7377450980392154,0.2377450980392154,0.789056312180044,0.6105476673427992,0.652129817444219
0,20260814,28,catalog,2,middle,97,minimum_max_pressure,500,7,493,3.945233265720081,0.6305780933062877,0.13057809330628767,0.6204336907176657,0.281947261663286,0.45486815415821563
0,20260814,28,permute_both_fixed_anchor,2,middle,97,random_order,500,0,500,3.982,0.5,0.0,0.4018000000000035,0.0,0.25149999999999995
0,20260814,28,permute_both_fixed_anchor,2,middle,97,balance_only,500,0,500,3.982,0.53875,0.03874999999999995,0.5069285714285704,0.028,0.286
0,20260814,28,permute_both_fixed_anchor,2,middle,97,balance_random_pair,500,0,500,3.982,0.5733333333333334,0.07333333333333336,0.5491714285714281,0.138,0.326
0,20260814,28,permute_both_fixed_anchor,2,middle,97,balance_pressured_pair,500,0,500,3.982,0.6243333333333333,0.1243333333333333,0.6201571428571434,0.28,0.4133333333333334
0,20260814,28,permute_both_fixed_anchor,2,middle,97,all_pair_product,500,0,500,3.982,0.7447499999999999,0.2447499999999999,0.8046333333333325,0.654,0.678
0,20260814,28,permute_both_fixed_anchor,2,middle,97,minimum_max_pressure,500,0,500,3.982,0.6479999999999999,0.1479999999999999,0.6190476190476194,0.254,0.45883333333333437
0,20260814,28,permute_both_renormalized,2,middle,97,random_order,500,0,500,3.99,0.5,0.0,0.4010000000000035,0.0,0.2508333333333333
0,20260814,28,permute_both_renormalized,2,middle,97,balance_only,500,0,500,3.99,0.5470833333333333,0.047083333333333255,0.510514285714284,0.024,0.2876666666666666
0,20260814,28,permute_both_renormalized,2,middle,97,balance_random_pair,500,0,500,3.99,0.5935,0.09350000000000003,0.5741857142857136,0.188,0.36266666666666664
0,20260814,28,permute_both_renormalized,2,middle,97,balance_pressured_pair,500,0,500,3.99,0.634,0.134,0.6257619047619047,0.278,0.4175
0,20260814,28,permute_both_renormalized,2,middle,97,all_pair_product,500,0,500,3.99,0.7433333333333333,0.2433333333333333,0.8033571428571421,0.65,0.6785
0,20260814,28,permute_both_renormalized,2,middle,97,minimum_max_pressure,500,0,500,3.99,0.6510833333333333,0.15108333333333335,0.6241952380952379,0.264,0.4616666666666678
0,20260814,28,catalog,4,early,97,random_order,500,0,500,16.0,0.5,0.0,0.11764705882352902,0.0,0.0625
0,20260814,28,catalog,4,early,97,balance_only,500,0,500,16.0,0.5840625,0.08406250000000004,0.1945542929429853,0.0,0.08433333333333322
0,20260814,28,catalog,4,early,97,balance_random_pair,500,0,500,16.0,0.5676875,0.06768750000000001,0.21897263500691672,0.106,0.09516666666666666
0,20260814,28,catalog,4,early,97,balance_pressured_pair,500,0,500,16.0,0.5914375,0.09143749999999995,0.23762154562515464,0.192,0.10216666666666675
0,20260814,28,catalog,4,early,97,all_pair_product,500,0,500,16.0,0.7274375,0.22743749999999996,0.43382639572185866,0.386,0.26133333333333325
0,20260814,28,catalog,4,early,97,minimum_max_pressure,500,0,500,16.0,0.588125,0.08812500000000001,0.22563541350638663,0.1,0.1181709734709739
0,20260814,28,permute_both_fixed_anchor,4,early,97,random_order,500,0,500,16.0,0.5,0.0,0.11764705882352902,0.0,0.0625
0,20260814,28,permute_both_fixed_anchor,4,early,97,balance_only,500,0,500,16.0,0.5575,0.057499999999999996,0.18079274062117623,0.0,0.07433333333333338
0,20260814,28,permute_both_fixed_anchor,4,early,97,balance_random_pair,500,0,500,16.0,0.5755,0.07550000000000001,0.1998973992916086,0.068,0.07866666666666665
0,20260814,28,permute_both_fixed_anchor,4,early,97,balance_pressured_pair,500,0,500,16.0,0.602375,0.102375,0.221417676643822,0.126,0.0911666666666667
0,20260814,28,permute_both_fixed_anchor,4,early,97,all_pair_product,500,0,500,16.0,0.74125,0.24124999999999996,0.4614176427247632,0.42,0.30500000000000005
0,20260814,28,permute_both_fixed_anchor,4,early,97,minimum_max_pressure,500,0,500,16.0,0.65125,0.15125,0.26950016014554956,0.164,0.15428449883449902
0,20260814,28,permute_both_renormalized,4,early,97,random_order,500,0,500,16.0,0.5,0.0,0.11764705882352902,0.0,0.0625
0,20260814,28,permute_both_renormalized,4,early,97,balance_only,500,0,500,16.0,0.5415,0.04149999999999998,0.17436560307146737,0.0,0.06833333333333345
0,20260814,28,permute_both_renormalized,4,early,97,balance_random_pair,500,0,500,16.0,0.5655,0.0655,0.20237975144647175,0.092,0.0826666666666667
0,20260814,28,permute_both_renormalized,4,early,97,balance_pressured_pair,500,0,500,16.0,0.5766875,0.07668750000000002,0.21593537623928571,0.148,0.0855
0,20260814,28,permute_both_renormalized,4,early,97,all_pair_product,500,0,500,16.0,0.7621875,0.2621875,0.48514022544181085,0.462,0.32033333333333336
0,20260814,28,permute_both_renormalized,4,early,97,minimum_max_pressure,500,0,500,16.0,0.6485625,0.14856250000000004,0.2727496637974335,0.178,0.1596594905094906
0,20260814,28,catalog,4,middle,97,random_order,500,13,487,15.149897330595483,0.5,0.0,0.12752815892083888,0.0,0.06845705629073186
0,20260814,28,catalog,4,middle,97,balance_only,500,13,487,15.149897330595483,0.5792928153297766,0.07929281532977661,0.20277769669811185,0.006160164271047228,0.08747433264887058
0,20260814,28,catalog,4,middle,97,balance_random_pair,500,13,487,15.149897330595483,0.6092770679012975,0.10927706790129754,0.2577970396512557,0.18275154004106775,0.1243482048410181
0,20260814,28,catalog,4,middle,97,balance_pressured_pair,500,13,487,15.149897330595483,0.6348146420656688,0.13481464206566884,0.29214893288635996,0.22792607802874743,0.1452772073921972
0,20260814,28,catalog,4,middle,97,all_pair_product,500,13,487,15.149897330595483,0.83677912607584,0.33677912607584004,0.5942909149606816,0.5831622176591376,0.42659137577002054
0,20260814,28,catalog,4,middle,97,minimum_max_pressure,500,13,487,15.149897330595483,0.6978336730005105,0.19783367300051047,0.3507972023366092,0.2813141683778234,0.23375867800919148
0,20260814,28,permute_both_fixed_anchor,4,middle,97,random_order,500,0,500,15.486,0.5,0.0,0.12213912655971447,0.0,0.06509816017316018
0,20260814,28,permute_both_fixed_anchor,4,middle,97,balance_only,500,0,500,15.486,0.588024025974026,0.08802402597402603,0.2028351478827142,0.014,0.0854666666666666
0,20260814,28,permute_both_fixed_anchor,4,middle,97,balance_random_pair,500,0,500,15.486,0.6233368506493506,0.12333685064935063,0.2422013730395557,0.146,0.10856363636363642
0,20260814,28,permute_both_fixed_anchor,4,middle,97,balance_pressured_pair,500,0,500,15.486,0.6734301406926406,0.17343014069264062,0.28315474146862807,0.254,0.1306666666666668
0,20260814,28,permute_both_fixed_anchor,4,middle,97,all_pair_product,500,0,500,15.486,0.8510949134199125,0.3510949134199125,0.6282302487548742,0.612,0.47250000000000003
0,20260814,28,permute_both_fixed_anchor,4,middle,97,minimum_max_pressure,500,0,500,15.486,0.7509658549783549,0.2509658549783549,0.3989909740347077,0.314,0.2838811688311687
0,20260814,28,permute_both_renormalized,4,middle,97,random_order,500,0,500,15.392,0.5,0.0,0.12379127832951334,0.0,0.06613426573426574
0,20260814,28,permute_both_renormalized,4,middle,97,balance_only,500,0,500,15.392,0.5612672036297041,0.06126720362970406,0.19818018315079922,0.01,0.0834
0,20260814,28,permute_both_renormalized,4,middle,97,balance_random_pair,500,0,500,15.392,0.5999185772560774,0.09991857725607745,0.22782112954150288,0.132,0.09567727272727278
0,20260814,28,permute_both_renormalized,4,middle,97,balance_pressured_pair,500,0,500,15.392,0.6447594030969034,0.14475940309690338,0.27027232711525745,0.232,0.1208333333333334
0,20260814,28,permute_both_renormalized,4,middle,97,all_pair_product,500,0,500,15.392,0.8302171744921734,0.33021717449217336,0.6132760065583167,0.6,0.4701666666666667
0,20260814,28,permute_both_renormalized,4,middle,97,minimum_max_pressure,500,0,500,15.392,0.7452697302697296,0.24526973026972965,0.3863805199147881,0.286,0.2684062992562993
0,20260814,28,catalog,8,early,97,random_order,500,0,500,256.0,0.5,0.0,0.007782101167315149,0.0,0.00390625
0,20260814,28,catalog,8,early,97,balance_only,500,0,500,256.0,0.63178515625,0.13178515624999998,0.016053683476410303,0.0,0.005607142857142842
0,20260814,28,catalog,8,early,97,balance_random_pair,500,0,500,256.0,0.64587109375,0.14587109374999996,0.021233450574235504,0.162,0.006956349206349194
0,20260814,28,catalog,8,early,97,balance_pressured_pair,500,0,500,256.0,0.67189453125,0.17189453124999998,0.024031514582104667,0.188,0.007959523809523795
0,20260814,28,catalog,8,early,97,all_pair_product,500,0,500,256.0,0.8367890625,0.33678906249999996,0.1437866757980889,0.55,0.0788754578754579
0,20260814,28,catalog,8,early,97,minimum_max_pressure,500,0,500,256.0,0.699125,0.199125,0.07243664044339827,0.222,0.05049258110314849
0,20260814,28,permute_both_fixed_anchor,8,early,97,random_order,500,0,500,256.0,0.5,0.0,0.007782101167315149,0.0,0.00390625
0,20260814,28,permute_both_fixed_anchor,8,early,97,balance_only,500,0,500,256.0,0.55962109375,0.05962109375000002,0.014282239875253053,0.0,0.0047357142857142745
0,20260814,28,permute_both_fixed_anchor,8,early,97,balance_random_pair,500,0,500,256.0,0.60681640625,0.10681640625,0.01849401013042691,0.14,0.005553174603174598
0,20260814,28,permute_both_fixed_anchor,8,early,97,balance_pressured_pair,500,0,500,256.0,0.62542578125,0.12542578125000003,0.02067189587836473,0.166,0.006202380952380946
0,20260814,28,permute_both_fixed_anchor,8,early,97,all_pair_product,500,0,500,256.0,0.8598046875,0.35980468750000005,0.2546533073054658,0.62,0.16381898656898658
0,20260814,28,permute_both_fixed_anchor,8,early,97,minimum_max_pressure,500,0,500,256.0,0.74644140625,0.24644140625,0.07701157878472883,0.222,0.05118309509611965
0,20260814,28,permute_both_renormalized,8,early,97,random_order,500,0,500,256.0,0.5,0.0,0.007782101167315149,0.0,0.00390625
0,20260814,28,permute_both_renormalized,8,early,97,balance_only,500,0,500,256.0,0.577875,0.07787500000000003,0.015013507904788257,0.0,0.005207142857142843
0,20260814,28,permute_both_renormalized,8,early,97,balance_random_pair,500,0,500,256.0,0.61221875,0.11221875000000003,0.01982159995113727,0.18,0.0066198412698412566
0,20260814,28,permute_both_renormalized,8,early,97,balance_pressured_pair,500,0,500,256.0,0.6278359375,0.1278359375,0.021234205530549364,0.174,0.006370634920634914
0,20260814,28,permute_both_renormalized,8,early,97,all_pair_product,500,0,500,256.0,0.8616328125,0.3616328125,0.26633434929612865,0.608,0.17834444444444444
0,20260814,28,permute_both_renormalized,8,early,97,minimum_max_pressure,500,0,500,256.0,0.72848828125,0.22848828124999998,0.06499426853839406,0.206,0.03984913727066918
0,20260814,28,catalog,8,middle,97,random_order,500,0,500,190.456,0.5,0.0,0.011368162520302996,0.0,0.005720846119224574
0,20260814,28,catalog,8,middle,97,balance_only,500,0,500,190.456,0.6380665697790768,0.13806656977907683,0.020844695608352774,0.002,0.008199302603053309
0,20260814,28,catalog,8,middle,97,balance_random_pair,500,0,500,190.456,0.7063115628683139,0.20631156286831387,0.03520602022728276,0.23,0.01233594524218427
0,20260814,28,catalog,8,middle,97,balance_pressured_pair,500,0,500,190.456,0.725269349609744,0.22526934960974399,0.04169925911630188,0.322,0.015236467582313135
0,20260814,28,catalog,8,middle,97,all_pair_product,500,0,500,190.456,0.933002989354136,0.43300298935413595,0.44494808579167217,0.8,0.34738095238095246
0,20260814,28,catalog,8,middle,97,minimum_max_pressure,500,0,500,190.456,0.8339808877018151,0.3339808877018151,0.1330859002891834,0.474,0.086430593300778
0,20260814,28,permute_both_fixed_anchor,8,middle,97,random_order,500,0,500,194.794,0.5,0.0,0.01067368915605169,0.0,0.005366991806032256
0,20260814,28,permute_both_fixed_anchor,8,middle,97,balance_only,500,0,500,194.794,0.6251773080634806,0.1251773080634806,0.02053181562419738,0.024,0.007997520076009526
0,20260814,28,permute_both_fixed_anchor,8,middle,97,balance_random_pair,500,0,500,194.794,0.6923340548715708,0.19233405487157085,0.03392013765324961,0.21,0.012406908761430158
0,20260814,28,permute_both_fixed_anchor,8,middle,97,balance_pressured_pair,500,0,500,194.794,0.7398659536922422,0.23986595369224217,0.041232099963583804,0.288,0.015481566332787102
0,20260814,28,permute_both_fixed_anchor,8,middle,97,all_pair_product,500,0,500,194.794,0.9289667264773926,0.42896672647739265,0.4767168770402072,0.798,0.39422182539682543
0,20260814,28,permute_both_fixed_anchor,8,middle,97,minimum_max_pressure,500,0,500,194.794,0.8680919584942969,0.3680919584942969,0.21557200104635543,0.588,0.1708682875925166
0,20260814,28,permute_both_renormalized,8,middle,97,random_order,500,0,500,194.542,0.5,0.0,0.01069596364968701,0.0,0.005378309949874796
0,20260814,28,permute_both_renormalized,8,middle,97,balance_only,500,0,500,194.542,0.6289093765085582,0.12890937650855816,0.0206207356196122,0.026,0.008423233639665998
0,20260814,28,permute_both_renormalized,8,middle,97,balance_random_pair,500,0,500,194.542,0.6956562837103025,0.19565628371030253,0.034438486488980284,0.214,0.01253265398731727
0,20260814,28,permute_both_renormalized,8,middle,97,balance_pressured_pair,500,0,500,194.542,0.7306035237173063,0.2306035237173063,0.040436704937606,0.29,0.01547292328317386
0,20260814,28,permute_both_renormalized,8,middle,97,all_pair_product,500,0,500,194.542,0.9300910557547782,0.43009105575477824,0.49821928012955957,0.798,0.4025600264550264
0,20260814,28,permute_both_renormalized,8,middle,97,minimum_max_pressure,500,0,500,194.542,0.8695162911152278,0.36951629111522777,0.18986037194584873,0.528,0.1400280695926612
1,20260815,24,catalog,2,early,12,random_order,500,0,500,4.0,0.5,0.0,0.4000000000000035,0.0,0.25
1,20260815,24,catalog,2,early,12,balance_only,500,0,500,4.0,0.536,0.03600000000000003,0.5006666666666647,0.0,0.275
1,20260815,24,catalog,2,early,12,balance_random_pair,500,0,500,4.0,0.52225,0.022249999999999992,0.5041619047619039,0.074,0.2895
1,20260815,24,catalog,2,early,12,balance_pressured_pair,500,0,500,4.0,0.47875,-0.02124999999999999,0.526990476190476,0.26,0.329
1,20260815,24,catalog,2,early,12,all_pair_product,500,0,500,4.0,0.57875,0.07874999999999999,0.5965000000000003,0.322,0.374
1,20260815,24,catalog,2,early,12,minimum_max_pressure,500,0,500,4.0,0.434,-0.066,0.4911857142857145,0.25,0.2993333333333334
1,20260815,24,permute_both_fixed_anchor,2,early,12,random_order,500,0,500,4.0,0.5,0.0,0.4000000000000035,0.0,0.25
1,20260815,24,permute_both_fixed_anchor,2,early,12,balance_only,500,0,500,4.0,0.51925,0.01924999999999999,0.4874047619047603,0.0,0.257
1,20260815,24,permute_both_fixed_anchor,2,early,12,balance_random_pair,500,0,500,4.0,0.5385,0.03849999999999998,0.5219714285714285,0.142,0.297
1,20260815,24,permute_both_fixed_anchor,2,early,12,balance_pressured_pair,500,0,500,4.0,0.57575,0.07574999999999998,0.5578428571428564,0.176,0.319
1,20260815,24,permute_both_fixed_anchor,2,early,12,all_pair_product,500,0,500,4.0,0.66075,0.16074999999999995,0.6891428571428566,0.458,0.5095
1,20260815,24,permute_both_fixed_anchor,2,early,12,minimum_max_pressure,500,0,500,4.0,0.60425,0.10424999999999995,0.5603428571428567,0.136,0.3751666666666669
1,20260815,24,permute_both_renormalized,2,early,12,random_order,500,0,500,4.0,0.5,0.0,0.4000000000000035,0.0,0.25
1,20260815,24,permute_both_renormalized,2,early,12,balance_only,500,0,500,4.0,0.518,0.018000000000000016,0.48826190476190334,0.0,0.26
1,20260815,24,permute_both_renormalized,2,early,12,balance_random_pair,500,0,500,4.0,0.54225,0.04225000000000001,0.5166523809523804,0.088,0.2895
1,20260815,24,permute_both_renormalized,2,early,12,balance_pressured_pair,500,0,500,4.0,0.56175,0.06174999999999997,0.5485666666666662,0.158,0.3225
1,20260815,24,permute_both_renormalized,2,early,12,all_pair_product,500,0,500,4.0,0.668,0.16800000000000004,0.6944999999999992,0.458,0.5136666666666667
1,20260815,24,permute_both_renormalized,2,early,12,minimum_max_pressure,500,0,500,4.0,0.578,0.07799999999999996,0.5455238095238092,0.152,0.36150000000000043
1,20260815,24,catalog,2,middle,12,random_order,500,35,465,3.9913978494623654,0.5,0.0,0.40086021505376673,0.0,0.25071684587813614
1,20260815,24,catalog,2,middle,12,balance_only,500,35,465,3.9913978494623654,0.5602150537634408,0.06021505376344083,0.5179365079365063,0.008602150537634409,0.29641577060931895
1,20260815,24,catalog,2,middle,12,balance_random_pair,500,35,465,3.9913978494623654,0.5742831541218637,0.0742831541218637,0.5481054787506391,0.12688172043010754,0.34659498207885303
1,20260815,24,catalog,2,middle,12,balance_pressured_pair,500,35,465,3.9913978494623654,0.5801971326164875,0.08019713261648753,0.60147465437788,0.2967741935483871,0.41111111111111115
1,20260815,24,catalog,2,middle,12,all_pair_product,500,35,465,3.9913978494623654,0.6870071684587813,0.1870071684587813,0.7255965181771633,0.5053763440860215,0.5709677419354838
1,20260815,24,catalog,2,middle,12,minimum_max_pressure,500,35,465,3.9913978494623654,0.6141577060931899,0.11415770609318987,0.6447209421402966,0.3827956989247312,0.49838709677419374
1,20260815,24,permute_both_fixed_anchor,2,middle,12,random_order,500,0,500,3.988,0.5,0.0,0.40120000000000344,0.0,0.25099999999999995
1,20260815,24,permute_both_fixed_anchor,2,middle,12,balance_only,500,0,500,3.988,0.5300833333333334,0.03008333333333335,0.49383333333333235,0.012,0.26466666666666655
1,20260815,24,permute_both_fixed_anchor,2,middle,12,balance_random_pair,500,0,500,3.988,0.5735833333333332,0.07358333333333322,0.5503857142857139,0.142,0.3361666666666666
1,20260815,24,permute_both_fixed_anchor,2,middle,12,balance_pressured_pair,500,0,500,3.988,0.6054166666666667,0.10541666666666671,0.5956476190476191,0.24,0.37533333333333335
1,20260815,24,permute_both_fixed_anchor,2,middle,12,all_pair_product,500,0,500,3.988,0.7382499999999999,0.23824999999999985,0.7877523809523806,0.612,0.6461666666666667
1,20260815,24,permute_both_fixed_anchor,2,middle,12,minimum_max_pressure,500,0,500,3.988,0.65225,0.15225,0.6390952380952375,0.312,0.4846666666666674
1,20260815,24,permute_both_renormalized,2,middle,12,random_order,500,0,500,3.992,0.5,0.0,0.4008000000000035,0.0,0.25066666666666665
1,20260815,24,permute_both_renormalized,2,middle,12,balance_only,500,0,500,3.992,0.5365,0.03649999999999998,0.4999523809523797,0.02,0.2743333333333332
1,20260815,24,permute_both_renormalized,2,middle,12,balance_random_pair,500,0,500,3.992,0.5666666666666668,0.06666666666666676,0.5409952380952379,0.134,0.315
1,20260815,24,permute_both_renormalized,2,middle,12,balance_pressured_pair,500,0,500,3.992,0.6121666666666667,0.11216666666666675,0.5943714285714283,0.216,0.376
1,20260815,24,permute_both_renormalized,2,middle,12,all_pair_product,500,0,500,3.992,0.7339166666666667,0.23391666666666666,0.7868000000000003,0.614,0.6496666666666666
1,20260815,24,permute_both_renormalized,2,middle,12,minimum_max_pressure,500,0,500,3.992,0.6599166666666666,0.1599166666666666,0.6476619047619043,0.32,0.49016666666666725
1,20260815,24,catalog,4,early,12,random_order,264,0,264,16.0,0.5,0.0,0.11764705882352905,0.0,0.0625
1,20260815,24,catalog,4,early,12,balance_only,264,0,264,16.0,0.6190814393939394,0.11908143939393945,0.21608292706134227,0.0,0.10858585858585883
1,20260815,24,catalog,4,early,12,balance_random_pair,264,0,264,16.0,0.5488873106060606,0.04888731060606055,0.21534771764846825,0.03409090909090909,0.10258838383838374
1,20260815,24,catalog,4,early,12,balance_pressured_pair,264,0,264,16.0,0.5372869318181818,0.03728693181818177,0.21658144521491152,0.045454545454545456,0.101010101010101
1,20260815,24,catalog,4,early,12,all_pair_product,264,0,264,16.0,0.6267755681818182,0.12677556818181823,0.3841803879621927,0.3371212121212121,0.23390151515151514
1,20260815,24,catalog,4,early,12,minimum_max_pressure,264,0,264,16.0,0.4727746212121212,-0.027225378787878785,0.19541688559711393,0.07575757575757576,0.0886078462783008
1,20260815,24,permute_both_fixed_anchor,4,early,12,random_order,264,0,264,16.0,0.5,0.0,0.11764705882352905,0.0,0.0625
1,20260815,24,permute_both_fixed_anchor,4,early,12,balance_only,264,0,264,16.0,0.5487689393939394,0.04876893939393945,0.17963716266076282,0.0,0.0744949494949495
1,20260815,24,permute_both_fixed_anchor,4,early,12,balance_random_pair,264,0,264,16.0,0.5572916666666666,0.05729166666666663,0.19837323482800434,0.06439393939393939,0.07859848484848483
1,20260815,24,permute_both_fixed_anchor,4,early,12,balance_pressured_pair,264,0,264,16.0,0.5776515151515151,0.07765151515151514,0.20544110714542704,0.08333333333333333,0.07733585858585855
1,20260815,24,permute_both_fixed_anchor,4,early,12,all_pair_product,264,0,264,16.0,0.7574573863636364,0.25745738636363635,0.4563873663421192,0.4053030303030303,0.28503787878787873
1,20260815,24,permute_both_fixed_anchor,4,early,12,minimum_max_pressure,264,0,264,16.0,0.6779119318181818,0.17791193181818177,0.2998312254615207,0.22348484848484848,0.18061896016441484
1,20260815,24,permute_both_renormalized,4,early,12,random_order,264,0,264,16.0,0.5,0.0,0.11764705882352905,0.0,0.0625
1,20260815,24,permute_both_renormalized,4,early,12,balance_only,264,0,264,16.0,0.5422585227272727,0.04225852272727271,0.17774039870102445,0.0,0.07323232323232323
1,20260815,24,permute_both_renormalized,4,early,12,balance_random_pair,264,0,264,16.0,0.5447443181818182,0.04474431818181823,0.18657907396680995,0.05303030303030303,0.07070707070707072
1,20260815,24,permute_both_renormalized,4,early,12,balance_pressured_pair,264,0,264,16.0,0.5923295454545454,0.09232954545454541,0.213448016633701,0.09848484848484848,0.08522727272727272
1,20260815,24,permute_both_renormalized,4,early,12,all_pair_product,264,0,264,16.0,0.7359138257575758,0.2359138257575758,0.4274639328377267,0.3522727272727273,0.266729797979798
1,20260815,24,permute_both_renormalized,4,early,12,minimum_max_pressure,264,0,264,16.0,0.6396780303030303,0.13967803030303028,0.2691630664600209,0.1856060606060606,0.1546099943827217
1,20260815,24,catalog,4,middle,12,random_order,500,28,472,15.692796610169491,0.5,0.0,0.12065885676304372,0.0,0.06424547380585512
1,20260815,24,catalog,4,middle,12,balance_only,500,28,472,15.692796610169491,0.6303929121725734,0.13039291217257343,0.21250085041969627,0.0,0.0976341807909603
1,20260815,24,catalog,4,middle,12,balance_random_pair,500,28,472,15.692796610169491,0.6288580989984593,0.12885809899845935,0.24408865517403844,0.09322033898305085,0.11958568738229756
1,20260815,24,catalog,4,middle,12,balance_pressured_pair,500,28,472,15.692796610169491,0.601905575885979,0.10190557588597904,0.24074889575144626,0.1059322033898305,0.10928672316384183
1,20260815,24,catalog,4,middle,12,all_pair_product,500,28,472,15.692796610169491,0.7536354006163329,0.25363540061633294,0.5193519478425983,0.4915254237288136,0.3836864406779661
1,20260815,24,catalog,4,middle,12,minimum_max_pressure,500,28,472,15.692796610169491,0.6959384630200308,0.19593846302003082,0.4220515173887198,0.3516949152542373,0.3206321309340377
1,20260815,24,permute_both_fixed_anchor,4,middle,12,random_order,500,0,500,15.686,0.5,0.0,0.1202862745098036,0.0,0.06401244588744585
1,20260815,24,permute_both_fixed_anchor,4,middle,12,balance_only,500,0,500,15.686,0.5540081168831171,0.05400811688311713,0.18413937853005316,0.006,0.07163333333333337
1,20260815,24,permute_both_fixed_anchor,4,middle,12,balance_random_pair,500,0,500,15.686,0.615856818181818,0.11585681818181803,0.23218160996058232,0.12,0.10282878787878788
1,20260815,24,permute_both_fixed_anchor,4,middle,12,balance_pressured_pair,500,0,500,15.686,0.6528011363636362,0.15280113636363624,0.2529263738085737,0.182,0.10583333333333339
1,20260815,24,permute_both_fixed_anchor,4,middle,12,all_pair_product,500,0,500,15.686,0.8274668831168817,0.32746688311688166,0.5928268352853348,0.57,0.4415
1,20260815,24,permute_both_fixed_anchor,4,middle,12,minimum_max_pressure,500,0,500,15.686,0.7385257575757574,0.23852575757575745,0.39768981167734474,0.334,0.2875080253080254
1,20260815,24,permute_both_renormalized,4,middle,12,random_order,500,0,500,15.666,0.5,0.0,0.12056764705882321,0.0,0.06419534632034628
1,20260815,24,permute_both_renormalized,4,middle,12,balance_only,500,0,500,15.666,0.5836741341991344,0.08367413419913439,0.2005194695063618,0.008,0.08599999999999995
1,20260815,24,permute_both_renormalized,4,middle,12,balance_random_pair,500,0,500,15.666,0.6263821969696973,0.12638219696969732,0.2420565648313087,0.146,0.10981515151515162
1,20260815,24,permute_both_renormalized,4,middle,12,balance_pressured_pair,500,0,500,15.666,0.6591090909090906,0.15910909090909064,0.26628417092714673,0.208,0.11966666666666673
1,20260815,24,permute_both_renormalized,4,middle,12,all_pair_product,500,0,500,15.666,0.8291377705627688,0.3291377705627688,0.5996498518314229,0.584,0.44983333333333336
1,20260815,24,permute_both_renormalized,4,middle,12,minimum_max_pressure,500,0,500,15.666,0.741966396103896,0.24196639610389603,0.39265399948812596,0.326,0.2791729659229659
1,20260815,24,catalog,8,early,12,random_order,264,0,264,256.0,0.5,0.0,0.007782101167315151,0.0,0.00390625
1,20260815,24,catalog,8,early,12,balance_only,264,0,264,256.0,0.6977834990530303,0.19778349905303028,0.020114335206674105,0.0,0.008549783549783528
1,20260815,24,catalog,8,early,12,balance_random_pair,264,0,264,256.0,0.6608516808712122,0.16085168087121215,0.030200697758151644,0.44696969696969696,0.01290584415584413
1,20260815,24,catalog,8,early,12,balance_pressured_pair,264,0,264,256.0,0.6201911695075758,0.1201911695075758,0.024475889148164762,0.3333333333333333,0.009427609427609415
1,20260815,24,catalog,8,early,12,all_pair_product,264,0,264,256.0,0.7596176609848485,0.2596176609848485,0.24193873073443245,0.5378787878787878,0.162321127946128
1,20260815,24,catalog,8,early,12,minimum_max_pressure,264,0,264,256.0,0.6815592447916666,0.18155924479166663,0.09400477888513305,0.3409090909090909,0.06638760608158839
1,20260815,24,permute_both_fixed_anchor,8,early,12,random_order,264,0,264,256.0,0.5,0.0,0.007782101167315151,0.0,0.00390625
1,20260815,24,permute_both_fixed_anchor,8,early,12,balance_only,264,0,264,256.0,0.5755874171401515,0.07558741714015149,0.0140904266416016,0.0,0.0044372294372294315
1,20260815,24,permute_both_fixed_anchor,8,early,12,balance_random_pair,264,0,264,256.0,0.6225511955492424,0.12255119554924243,0.01890463007102323,0.14015151515151514,0.005856180856180854
1,20260815,24,permute_both_fixed_anchor,8,early,12,balance_pressured_pair,264,0,264,256.0,0.6676802201704546,0.16768022017045459,0.022434356480459938,0.1893939393939394,0.006918891293891297
1,20260815,24,permute_both_fixed_anchor,8,early,12,all_pair_product,264,0,264,256.0,0.876953125,0.376953125,0.2881033292370522,0.6553030303030303,0.1971539648622982
1,20260815,24,permute_both_fixed_anchor,8,early,12,minimum_max_pressure,264,0,264,256.0,0.7778394294507576,0.27783942945075757,0.1070845968291704,0.35984848484848486,0.07576060957325048
1,20260815,24,permute_both_renormalized,8,early,12,random_order,264,0,264,256.0,0.5,0.0,0.007782101167315151,0.0,0.00390625
1,20260815,24,permute_both_renormalized,8,early,12,balance_only,264,0,264,256.0,0.5854714133522727,0.08547141335227271,0.015380984413118028,0.0,0.005505952380952372
1,20260815,24,permute_both_renormalized,8,early,12,balance_random_pair,264,0,264,256.0,0.6320356889204546,0.13203568892045459,0.019965896165599403,0.16666666666666666,0.00691438191438191
1,20260815,24,permute_both_renormalized,8,early,12,balance_pressured_pair,264,0,264,256.0,0.6461144649621212,0.14611446496212122,0.022047992342679963,0.1893939393939394,0.0070391414141414204
1,20260815,24,permute_both_renormalized,8,early,12,all_pair_product,264,0,264,256.0,0.8673650568181818,0.36736505681818177,0.29573907653993503,0.625,0.19980429292929294
1,20260815,24,permute_both_renormalized,8,early,12,minimum_max_pressure,264,0,264,256.0,0.7625103574810606,0.26251035748106055,0.09631343811077142,0.29545454545454547,0.06518866402272314
1,20260815,24,catalog,8,middle,12,random_order,264,42,222,54.648648648648646,0.5,0.0,0.11958862586028098,0.0,0.07015241961647707
1,20260815,24,catalog,8,middle,12,balance_only,264,42,222,54.648648648648646,0.6441095166297518,0.1441095166297518,0.20613693691224408,0.07207207207207207,0.11950111307692227
1,20260815,24,catalog,8,middle,12,balance_random_pair,264,42,222,54.648648648648646,0.6936760692684496,0.1936760692684496,0.2365701966724198,0.1981981981981982,0.1368288147680972
1,20260815,24,catalog,8,middle,12,balance_pressured_pair,264,42,222,54.648648648648646,0.6831462319713055,0.18314623197130553,0.24493338898907688,0.22072072072072071,0.12828020258077677
1,20260815,24,catalog,8,middle,12,all_pair_product,264,42,222,54.648648648648646,0.8653171007795787,0.3653171007795787,0.563094299584857,0.6846846846846847,0.486018161018161
1,20260815,24,catalog,8,middle,12,minimum_max_pressure,264,42,222,54.648648648648646,0.6377788924111936,0.13777889241119357,0.27584416789404015,0.28378378378378377,0.21264698981613042
1,20260815,24,permute_both_fixed_anchor,8,middle,12,random_order,264,1,263,41.6958174904943,0.5,0.0,0.1918774536020149,0.0,0.11988181564672905
1,20260815,24,permute_both_fixed_anchor,8,middle,12,balance_only,264,1,263,41.6958174904943,0.6339211105621522,0.13392111056215217,0.3336662385231749,0.21292775665399238,0.2284004363063514
1,20260815,24,permute_both_fixed_anchor,8,middle,12,balance_random_pair,264,1,263,41.6958174904943,0.6755500616000704,0.17555006160007036,0.36152759154644054,0.2889733840304182,0.24473186575292755
1,20260815,24,permute_both_fixed_anchor,8,middle,12,balance_pressured_pair,264,1,263,41.6958174904943,0.6604098240729361,0.16040982407293614,0.3548023455588439,0.311787072243346,0.23416235864084645
1,20260815,24,permute_both_fixed_anchor,8,middle,12,all_pair_product,264,1,263,41.6958174904943,0.8687843408329842,0.36878434083298417,0.6478782937872711,0.7908745247148289,0.5633200555253788
1,20260815,24,permute_both_fixed_anchor,8,middle,12,minimum_max_pressure,264,1,263,41.6958174904943,0.6064797647361351,0.10647976473613507,0.2990649315196987,0.20532319391634982,0.21264658187717222
1,20260815,24,permute_both_renormalized,8,middle,12,random_order,264,5,259,40.729729729729726,0.5,0.0,0.17434914681041722,0.0,0.10666612812806575
1,20260815,24,permute_both_renormalized,8,middle,12,balance_only,264,5,259,40.729729729729726,0.6338795188514742,0.1338795188514742,0.31208112629271606,0.1969111969111969,0.2005592466658409
1,20260815,24,permute_both_renormalized,8,middle,12,balance_random_pair,264,5,259,40.729729729729726,0.7001749794212015,0.20017497942120155,0.3587395026515492,0.33976833976833976,0.24155757918573117
1,20260815,24,permute_both_renormalized,8,middle,12,balance_pressured_pair,264,5,259,40.729729729729726,0.6906906238774041,0.1906906238774041,0.3781084005378646,0.3938223938223938,0.27142250626151454
1,20260815,24,permute_both_renormalized,8,middle,12,all_pair_product,264,5,259,40.729729729729726,0.8714521818131133,0.37145218181311335,0.6615216589886,0.7606177606177607,0.5847275847275848
1,20260815,24,permute_both_renormalized,8,middle,12,minimum_max_pressure,264,5,259,40.729729729729726,0.6115788367045779,0.11157883670457791,0.28986913806708053,0.23166023166023167,0.20933621304878064
1,20260815,28,catalog,2,early,97,random_order,500,0,500,4.0,0.5,0.0,0.4000000000000035,0.0,0.25
1,20260815,28,catalog,2,early,97,balance_only,500,0,500,4.0,0.5155,0.015499999999999958,0.48345238095237963,0.0,0.25
1,20260815,28,catalog,2,early,97,balance_random_pair,500,0,500,4.0,0.52825,0.028249999999999997,0.5075380952380947,0.09,0.277
1,20260815,28,catalog,2,early,97,balance_pressured_pair,500,0,500,4.0,0.55425,0.05425000000000002,0.5376285714285708,0.15,0.287
1,20260815,28,catalog,2,early,97,all_pair_product,500,0,500,4.0,0.6355,0.13549999999999995,0.6647857142857134,0.44,0.474
1,20260815,28,catalog,2,early,97,minimum_max_pressure,500,0,500,4.0,0.566,0.06599999999999995,0.5211000000000001,0.122,0.3316666666666668
1,20260815,28,permute_both_fixed_anchor,2,early,97,random_order,500,0,500,4.0,0.5,0.0,0.4000000000000035,0.0,0.25
1,20260815,28,permute_both_fixed_anchor,2,early,97,balance_only,500,0,500,4.0,0.5085,0.008499999999999952,0.48085714285714143,0.0,0.25
1,20260815,28,permute_both_fixed_anchor,2,early,97,balance_random_pair,500,0,500,4.0,0.54,0.040000000000000036,0.5159000000000002,0.106,0.2855
1,20260815,28,permute_both_fixed_anchor,2,early,97,balance_pressured_pair,500,0,500,4.0,0.5485,0.04849999999999999,0.533604761904762,0.142,0.2965
1,20260815,28,permute_both_fixed_anchor,2,early,97,all_pair_product,500,0,500,4.0,0.6635,0.16349999999999998,0.6952142857142856,0.468,0.5136666666666667
1,20260815,28,permute_both_fixed_anchor,2,early,97,minimum_max_pressure,500,0,500,4.0,0.58375,0.08374999999999999,0.5446619047619047,0.146,0.35616666666666696
1,20260815,28,permute_both_renormalized,2,early,97,random_order,500,0,500,4.0,0.5,0.0,0.4000000000000035,0.0,0.25
1,20260815,28,permute_both_renormalized,2,early,97,balance_only,500,0,500,4.0,0.52325,0.023249999999999993,0.49207142857142705,0.0,0.265
1,20260815,28,permute_both_renormalized,2,early,97,balance_random_pair,500,0,500,4.0,0.551,0.051000000000000045,0.5271095238095229,0.102,0.305
1,20260815,28,permute_both_renormalized,2,early,97,balance_pressured_pair,500,0,500,4.0,0.5625,0.0625,0.5443619047619045,0.146,0.31
1,20260815,28,permute_both_renormalized,2,early,97,all_pair_product,500,0,500,4.0,0.65525,0.15525,0.6883238095238092,0.464,0.504
1,20260815,28,permute_both_renormalized,2,early,97,minimum_max_pressure,500,0,500,4.0,0.57625,0.07625000000000004,0.5434523809523811,0.172,0.3550000000000005
1,20260815,28,catalog,2,middle,97,random_order,500,7,493,3.945233265720081,0.5,0.0,0.4054766734279952,0.0,0.2545638945233264
1,20260815,28,catalog,2,middle,97,balance_only,500,7,493,3.945233265720081,0.5383705206220419,0.03837052062204194,0.5057181493286957,0.02028397565922921,0.27586206896551724
1,20260815,28,catalog,2,middle,97,balance_random_pair,500,7,493,3.945233265720081,0.5654158215010142,0.06541582150101422,0.550714768666087,0.15415821501014199,0.3343475321162948
1,20260815,28,catalog,2,middle,97,balance_pressured_pair,500,7,493,3.945233265720081,0.6137592968221771,0.11375929682217711,0.6204674973437653,0.29817444219066935,0.4107505070993915
1,20260815,28,catalog,2,middle,97,all_pair_product,500,7,493,3.945233265720081,0.7483096686950638,0.24830966869506377,0.8032599246595189,0.6348884381338742,0.6693711967545639
1,20260815,28,catalog,2,middle,97,minimum_max_pressure,500,7,493,3.945233265720081,0.6435091277890466,0.14350912778904656,0.634115715251618,0.2920892494929006,0.47718052738336775
1,20260815,28,permute_both_fixed_anchor,2,middle,97,random_order,500,0,500,3.99,0.5,0.0,0.4010000000000035,0.0,0.2508333333333333
1,20260815,28,permute_both_fixed_anchor,2,middle,97,balance_only,500,0,500,3.99,0.5340833333333334,0.034083333333333354,0.5030999999999985,0.03,0.2793333333333333
1,20260815,28,permute_both_fixed_anchor,2,middle,97,balance_random_pair,500,0,500,3.99,0.5688333333333334,0.06883333333333341,0.5391428571428569,0.122,0.31166666666666665
1,20260815,28,permute_both_fixed_anchor,2,middle,97,balance_pressured_pair,500,0,500,3.99,0.6099166666666668,0.10991666666666677,0.6056619047619053,0.264,0.3915
1,20260815,28,permute_both_fixed_anchor,2,middle,97,all_pair_product,500,0,500,3.99,0.7225833333333335,0.22258333333333347,0.7711428571428571,0.594,0.6241666666666668
1,20260815,28,permute_both_fixed_anchor,2,middle,97,minimum_max_pressure,500,0,500,3.99,0.6475833333333334,0.1475833333333334,0.6252047619047615,0.26,0.46466666666666717
1,20260815,28,permute_both_renormalized,2,middle,97,random_order,500,0,500,3.988,0.5,0.0,0.40120000000000344,0.0,0.251
1,20260815,28,permute_both_renormalized,2,middle,97,balance_only,500,0,500,3.988,0.5323333333333332,0.032333333333333214,0.49931428571428427,0.02,0.27499999999999997
1,20260815,28,permute_both_renormalized,2,middle,97,balance_random_pair,500,0,500,3.988,0.5725833333333334,0.07258333333333344,0.5478666666666668,0.14,0.3198333333333333
1,20260815,28,permute_both_renormalized,2,middle,97,balance_pressured_pair,500,0,500,3.988,0.6074166666666667,0.10741666666666672,0.6001380952380948,0.254,0.381
1,20260815,28,permute_both_renormalized,2,middle,97,all_pair_product,500,0,500,3.988,0.7376666666666666,0.23766666666666658,0.7953238095238094,0.636,0.665
1,20260815,28,permute_both_renormalized,2,middle,97,minimum_max_pressure,500,0,500,3.988,0.65275,0.15275000000000005,0.6390380952380954,0.304,0.4823333333333342
1,20260815,28,catalog,4,early,97,random_order,500,0,500,16.0,0.5,0.0,0.11764705882352902,0.0,0.0625
1,20260815,28,catalog,4,early,97,balance_only,500,0,500,16.0,0.573,0.07299999999999995,0.18936403090268517,0.0,0.08016666666666662
1,20260815,28,catalog,4,early,97,balance_random_pair,500,0,500,16.0,0.5585,0.058499999999999996,0.21487275695362487,0.106,0.09233333333333339
1,20260815,28,catalog,4,early,97,balance_pressured_pair,500,0,500,16.0,0.583125,0.083125,0.2367776117150531,0.182,0.10316666666666677
1,20260815,28,catalog,4,early,97,all_pair_product,500,0,500,16.0,0.718875,0.21887500000000004,0.41507089418848264,0.352,0.23533333333333326
1,20260815,28,catalog,4,early,97,minimum_max_pressure,500,0,500,16.0,0.5924375,0.09243749999999995,0.22109420776540978,0.088,0.11051420801420828
1,20260815,28,permute_both_fixed_anchor,4,early,97,random_order,500,0,500,16.0,0.5,0.0,0.11764705882352902,0.0,0.0625
1,20260815,28,permute_both_fixed_anchor,4,early,97,balance_only,500,0,500,16.0,0.55,0.050000000000000044,0.17864756927730457,0.0,0.07250000000000005
1,20260815,28,permute_both_fixed_anchor,4,early,97,balance_random_pair,500,0,500,16.0,0.5579375,0.057937499999999975,0.19564104556449013,0.086,0.07500000000000002
1,20260815,28,permute_both_fixed_anchor,4,early,97,balance_pressured_pair,500,0,500,16.0,0.602625,0.10262499999999997,0.22131716410871058,0.128,0.08966666666666673
1,20260815,28,permute_both_fixed_anchor,4,early,97,all_pair_product,500,0,500,16.0,0.7581875,0.2581875,0.46194980277838343,0.414,0.28950000000000004
1,20260815,28,permute_both_fixed_anchor,4,early,97,minimum_max_pressure,500,0,500,16.0,0.6650625,0.1650625,0.2773059004363322,0.168,0.16216845931845952
1,20260815,28,permute_both_renormalized,4,early,97,random_order,500,0,500,16.0,0.5,0.0,0.11764705882352902,0.0,0.0625
1,20260815,28,permute_both_renormalized,4,early,97,balance_only,500,0,500,16.0,0.53825,0.038250000000000006,0.17314519674471368,0.0,0.06783333333333345
1,20260815,28,permute_both_renormalized,4,early,97,balance_random_pair,500,0,500,16.0,0.5670625,0.06706250000000002,0.19866354586168627,0.072,0.07800000000000003
1,20260815,28,permute_both_renormalized,4,early,97,balance_pressured_pair,500,0,500,16.0,0.5734375,0.07343750000000004,0.2109200343350768,0.12,0.08366666666666672
1,20260815,28,permute_both_renormalized,4,early,97,all_pair_product,500,0,500,16.0,0.743875,0.24387499999999995,0.451473439405653,0.394,0.2816666666666667
1,20260815,28,permute_both_renormalized,4,early,97,minimum_max_pressure,500,0,500,16.0,0.637875,0.13787499999999997,0.26518651052227066,0.166,0.14993325008325034
1,20260815,28,catalog,4,middle,97,random_order,500,16,484,14.989669421487603,0.5,0.0,0.13099822009945947,0.0,0.07068188641019221
1,20260815,28,catalog,4,middle,97,balance_only,500,16,484,14.989669421487603,0.571913606366086,0.07191360636608601,0.20597926044250334,0.012396694214876033,0.09039256198347118
1,20260815,28,catalog,4,middle,97,balance_random_pair,500,16,484,14.989669421487603,0.606571378575511,0.10657137857551102,0.2549230196684986,0.15289256198347106,0.11973632428177895
1,20260815,28,catalog,4,middle,97,balance_pressured_pair,500,16,484,14.989669421487603,0.6340641452211708,0.13406414522117083,0.29258868258652226,0.22520661157024793,0.14634986225895322
1,20260815,28,catalog,4,middle,97,all_pair_product,500,16,484,14.989669421487603,0.8387594355827809,0.3387594355827809,0.6072283392349022,0.6074380165289256,0.44266528925619836
1,20260815,28,catalog,4,middle,97,minimum_max_pressure,500,16,484,14.989669421487603,0.6897999569874564,0.18979995698745644,0.3523645745588699,0.2727272727272727,0.23889887660548814
1,20260815,28,permute_both_fixed_anchor,4,middle,97,random_order,500,0,500,15.388,0.5,0.0,0.12337503183091383,0.0,0.06584189976689979
1,20260815,28,permute_both_fixed_anchor,4,middle,97,balance_only,500,0,500,15.388,0.5908546287046287,0.09085462870462868,0.20433384974209093,0.02,0.08576666666666663
1,20260815,28,permute_both_fixed_anchor,4,middle,97,balance_random_pair,500,0,500,15.388,0.6203137654012655,0.12031376540126548,0.2398267777046766,0.144,0.10364848484848484
1,20260815,28,permute_both_fixed_anchor,4,middle,97,balance_pressured_pair,500,0,500,15.388,0.6837630286380285,0.1837630286380285,0.3032443541367275,0.292,0.15250000000000002
1,20260815,28,permute_both_fixed_anchor,4,middle,97,all_pair_product,500,0,500,15.388,0.8454986388611379,0.34549863886113785,0.6553277547274136,0.66,0.5153333333333333
1,20260815,28,permute_both_fixed_anchor,4,middle,97,minimum_max_pressure,500,0,500,15.388,0.7579707708957708,0.2579707708957708,0.4074035650786483,0.316,0.29416139971139976
1,20260815,28,permute_both_renormalized,4,middle,97,random_order,500,0,500,15.282,0.5,0.0,0.12415198624904475,0.0,0.06626615051615056
1,20260815,28,permute_both_renormalized,4,middle,97,balance_only,500,0,500,15.282,0.5843297619047624,0.08432976190476238,0.20641977805895959,0.012,0.08643333333333326
1,20260815,28,permute_both_renormalized,4,middle,97,balance_random_pair,500,0,500,15.282,0.625091795704296,0.12509179570429596,0.2499351664699125,0.184,0.11288282828282846
1,20260815,28,permute_both_renormalized,4,middle,97,balance_pressured_pair,500,0,500,15.282,0.6843896020646022,0.1843896020646022,0.30085652797667495,0.264,0.1435666666666667
1,20260815,28,permute_both_renormalized,4,middle,97,all_pair_product,500,0,500,15.282,0.8563777264402247,0.3563777264402247,0.6633660308881695,0.67,0.5276666666666667
1,20260815,28,permute_both_renormalized,4,middle,97,minimum_max_pressure,500,0,500,15.282,0.7597517940392936,0.2597517940392936,0.4089303737570807,0.31,0.29578513708513704
1,20260815,28,catalog,8,early,97,random_order,500,0,500,256.0,0.5,0.0,0.007782101167315149,0.0,0.00390625
1,20260815,28,catalog,8,early,97,balance_only,500,0,500,256.0,0.632796875,0.13279687500000004,0.016167245581557615,0.0,0.005664285714285699
1,20260815,28,catalog,8,early,97,balance_random_pair,500,0,500,256.0,0.634953125,0.134953125,0.020973485914720275,0.148,0.007116666666666656
1,20260815,28,catalog,8,early,97,balance_pressured_pair,500,0,500,256.0,0.67196484375,0.17196484374999998,0.02388964834199196,0.172,0.008126984126984114
1,20260815,28,catalog,8,early,97,all_pair_product,500,0,500,256.0,0.83052734375,0.33052734375000004,0.155682656225592,0.54,0.09011587301587304
1,20260815,28,catalog,8,early,97,minimum_max_pressure,500,0,500,256.0,0.69411328125,0.19411328125000005,0.07388199282378441,0.238,0.05087863360634249
1,20260815,28,permute_both_fixed_anchor,8,early,97,random_order,500,0,500,256.0,0.5,0.0,0.007782101167315149,0.0,0.00390625
1,20260815,28,permute_both_fixed_anchor,8,early,97,balance_only,500,0,500,256.0,0.5753828125,0.07538281250000001,0.014768963748321156,0.0,0.005064285714285701
1,20260815,28,permute_both_fixed_anchor,8,early,97,balance_random_pair,500,0,500,256.0,0.6139140625,0.11391406250000002,0.019319541173224965,0.158,0.00602936507936507
1,20260815,28,permute_both_fixed_anchor,8,early,97,balance_pressured_pair,500,0,500,256.0,0.6373671875,0.1373671875,0.021463227876913474,0.176,0.006566666666666658
1,20260815,28,permute_both_fixed_anchor,8,early,97,all_pair_product,500,0,500,256.0,0.84812109375,0.34812109375,0.22475943568193882,0.566,0.14645853174603174
1,20260815,28,permute_both_fixed_anchor,8,early,97,minimum_max_pressure,500,0,500,256.0,0.73546484375,0.23546484374999999,0.06729728656747548,0.236,0.039299315461512226
1,20260815,28,permute_both_renormalized,8,early,97,random_order,500,0,500,256.0,0.5,0.0,0.007782101167315149,0.0,0.00390625
1,20260815,28,permute_both_renormalized,8,early,97,balance_only,500,0,500,256.0,0.5533125,0.053312499999999985,0.014072925341411628,0.0,0.004614285714285704
1,20260815,28,permute_both_renormalized,8,early,97,balance_random_pair,500,0,500,256.0,0.60158203125,0.10158203124999998,0.01820232648162033,0.15,0.005579365079365073
1,20260815,28,permute_both_renormalized,8,early,97,balance_pressured_pair,500,0,500,256.0,0.629421875,0.12942187500000002,0.02204952658651123,0.194,0.0071071428571428475
1,20260815,28,permute_both_renormalized,8,early,97,all_pair_product,500,0,500,256.0,0.84977734375,0.34977734375,0.23131371013689198,0.582,0.1600246031746032
1,20260815,28,permute_both_renormalized,8,early,97,minimum_max_pressure,500,0,500,256.0,0.73589453125,0.23589453125000004,0.06892179714572275,0.226,0.04343342969093558
1,20260815,28,catalog,8,middle,97,random_order,500,0,500,188.92,0.5,0.0,0.011600450109517692,0.0,0.005839152654591282
1,20260815,28,catalog,8,middle,97,balance_only,500,0,500,188.92,0.6469040655260347,0.14690406552603474,0.0222648433029519,0.008,0.009025000659365725
1,20260815,28,catalog,8,middle,97,balance_random_pair,500,0,500,188.92,0.6817781343568169,0.1817781343568169,0.03475926244838477,0.216,0.01231255930867629
1,20260815,28,catalog,8,middle,97,balance_pressured_pair,500,0,500,188.92,0.7046651304776371,0.20466513047763712,0.04264547166611859,0.302,0.01586521018675518
1,20260815,28,catalog,8,middle,97,all_pair_product,500,0,500,188.92,0.9346927309293147,0.4346927309293147,0.46207935003672146,0.804,0.3689523809523809
1,20260815,28,catalog,8,middle,97,minimum_max_pressure,500,0,500,188.92,0.8311889650196099,0.3311889650196099,0.15056978351118483,0.446,0.1067522060309211
1,20260815,28,permute_both_fixed_anchor,8,middle,97,random_order,500,0,500,195.732,0.5,0.0,0.010666377954824108,0.0,0.0053635018365670705
1,20260815,28,permute_both_fixed_anchor,8,middle,97,balance_only,500,0,500,195.732,0.6376520207786694,0.13765202077866945,0.02076485302596545,0.022,0.00833437963500579
1,20260815,28,permute_both_fixed_anchor,8,middle,97,balance_random_pair,500,0,500,195.732,0.6861793115706295,0.1861793115706295,0.03073325763403715,0.174,0.010779900785631354
1,20260815,28,permute_both_fixed_anchor,8,middle,97,balance_pressured_pair,500,0,500,195.732,0.7458701833091189,0.24587018330911892,0.04354000151782816,0.316,0.017241931335524485
1,20260815,28,permute_both_fixed_anchor,8,middle,97,all_pair_product,500,0,500,195.732,0.9302663600388823,0.4302663600388823,0.5043551612807359,0.806,0.4123606070732388
1,20260815,28,permute_both_fixed_anchor,8,middle,97,minimum_max_pressure,500,0,500,195.732,0.8679352049139546,0.3679352049139546,0.19759968085531868,0.546,0.1503588684244249
1,20260815,28,permute_both_renormalized,8,middle,97,random_order,500,0,500,196.568,0.5,0.0,0.010534956719549042,0.0,0.005296633863841362
1,20260815,28,permute_both_renormalized,8,middle,97,balance_only,500,0,500,196.568,0.6390061263671278,0.13900612636712784,0.02113308814420525,0.028,0.00854160495748933
1,20260815,28,permute_both_renormalized,8,middle,97,balance_random_pair,500,0,500,196.568,0.7059459312294635,0.20594593122946347,0.03383936208543278,0.208,0.01242752143014571
1,20260815,28,permute_both_renormalized,8,middle,97,balance_pressured_pair,500,0,500,196.568,0.7364359357536407,0.23643593575364075,0.041402470087142804,0.316,0.016305079673833933
1,20260815,28,permute_both_renormalized,8,middle,97,all_pair_product,500,0,500,196.568,0.9221362745732701,0.4221362745732701,0.4874604331701373,0.78,0.40288498371998377
1,20260815,28,permute_both_renormalized,8,middle,97,minimum_max_pressure,500,0,500,196.568,0.855376278300707,0.35537627830070695,0.1779944031657447,0.528,0.13344229961773288
2,20260816,24,catalog,2,early,12,random_order,500,0,500,4.0,0.5,0.0,0.4000000000000035,0.0,0.25
2,20260816,24,catalog,2,early,12,balance_only,500,0,500,4.0,0.5365,0.03649999999999998,0.50040476190476,0.0,0.274
2,20260816,24,catalog,2,early,12,balance_random_pair,500,0,500,4.0,0.52275,0.022750000000000048,0.5056523809523802,0.084,0.2935
2,20260816,24,catalog,2,early,12,balance_pressured_pair,500,0,500,4.0,0.49,-0.010000000000000009,0.5309904761904757,0.25,0.331
2,20260816,24,catalog,2,early,12,all_pair_product,500,0,500,4.0,0.591,0.09099999999999997,0.6072285714285717,0.33,0.389
2,20260816,24,catalog,2,early,12,minimum_max_pressure,500,0,500,4.0,0.44825,-0.05175000000000002,0.49735714285714283,0.244,0.30699999999999994
2,20260816,24,permute_both_fixed_anchor,2,early,12,random_order,500,0,500,4.0,0.5,0.0,0.4000000000000035,0.0,0.25
2,20260816,24,permute_both_fixed_anchor,2,early,12,balance_only,500,0,500,4.0,0.51825,0.01824999999999999,0.4887857142857126,0.0,0.261
2,20260816,24,permute_both_fixed_anchor,2,early,12,balance_random_pair,500,0,500,4.0,0.52275,0.022750000000000048,0.5059666666666663,0.104,0.2815
2,20260816,24,permute_both_fixed_anchor,2,early,12,balance_pressured_pair,500,0,500,4.0,0.55925,0.059250000000000025,0.5470571428571424,0.164,0.317
2,20260816,24,permute_both_fixed_anchor,2,early,12,all_pair_product,500,0,500,4.0,0.66075,0.16074999999999995,0.6894523809523804,0.454,0.5045
2,20260816,24,permute_both_fixed_anchor,2,early,12,minimum_max_pressure,500,0,500,4.0,0.58375,0.08374999999999999,0.5511952380952375,0.156,0.36566666666666725
2,20260816,24,permute_both_renormalized,2,early,12,random_order,500,0,500,4.0,0.5,0.0,0.4000000000000035,0.0,0.25
2,20260816,24,permute_both_renormalized,2,early,12,balance_only,500,0,500,4.0,0.524,0.02400000000000002,0.49195238095237936,0.0,0.264
2,20260816,24,permute_both_renormalized,2,early,12,balance_random_pair,500,0,500,4.0,0.55375,0.053749999999999964,0.5290238095238093,0.11,0.31
2,20260816,24,permute_both_renormalized,2,early,12,balance_pressured_pair,500,0,500,4.0,0.59425,0.09424999999999994,0.5654047619047615,0.146,0.329
2,20260816,24,permute_both_renormalized,2,early,12,all_pair_product,500,0,500,4.0,0.6625,0.16249999999999998,0.6835809523809521,0.432,0.49666666666666665
2,20260816,24,permute_both_renormalized,2,early,12,minimum_max_pressure,500,0,500,4.0,0.601,0.10099999999999998,0.5520714285714282,0.13,0.3675000000000001
2,20260816,24,catalog,2,middle,12,random_order,500,25,475,3.9957894736842103,0.5,0.0,0.40042105263158234,0.0,0.25035087719298244
2,20260816,24,catalog,2,middle,12,balance_only,500,25,475,3.9957894736842103,0.5459649122807019,0.045964912280701875,0.5081102756892216,0.01263157894736842,0.28456140350877185
2,20260816,24,catalog,2,middle,12,balance_random_pair,500,25,475,3.9957894736842103,0.5578947368421052,0.05789473684210522,0.5347218045112778,0.11368421052631579,0.32789473684210524
2,20260816,24,catalog,2,middle,12,balance_pressured_pair,500,25,475,3.9957894736842103,0.5720175438596492,0.0720175438596492,0.5852882205513784,0.26105263157894737,0.387719298245614
2,20260816,24,catalog,2,middle,12,all_pair_product,500,25,475,3.9957894736842103,0.6532456140350877,0.15324561403508774,0.6822155388471178,0.4421052631578947,0.5042105263157894
2,20260816,24,catalog,2,middle,12,minimum_max_pressure,500,25,475,3.9957894736842103,0.6177192982456141,0.11771929824561411,0.6464411027568917,0.38105263157894737,0.5038596491228073
2,20260816,24,permute_both_fixed_anchor,2,middle,12,random_order,500,0,500,3.986,0.5,0.0,0.4014000000000035,0.0,0.25116666666666665
2,20260816,24,permute_both_fixed_anchor,2,middle,12,balance_only,500,0,500,3.986,0.5338333333333333,0.03383333333333327,0.5006238095238082,0.022,0.27433333333333326
2,20260816,24,permute_both_fixed_anchor,2,middle,12,balance_random_pair,500,0,500,3.986,0.5701666666666667,0.07016666666666671,0.5506142857142855,0.154,0.3338333333333333
2,20260816,24,permute_both_fixed_anchor,2,middle,12,balance_pressured_pair,500,0,500,3.986,0.6035833333333332,0.10358333333333325,0.5914714285714286,0.224,0.3711666666666667
2,20260816,24,permute_both_fixed_anchor,2,middle,12,all_pair_product,500,0,500,3.986,0.72625,0.22624999999999995,0.7763666666666665,0.594,0.6363333333333334
2,20260816,24,permute_both_fixed_anchor,2,middle,12,minimum_max_pressure,500,0,500,3.986,0.6466666666666667,0.14666666666666672,0.6357523809523806,0.308,0.4781666666666675
2,20260816,24,permute_both_renormalized,2,middle,12,random_order,500,0,500,3.994,0.5,0.0,0.4006000000000035,0.0,0.25049999999999994
2,20260816,24,permute_both_renormalized,2,middle,12,balance_only,500,0,500,3.994,0.5334166666666668,0.03341666666666676,0.49759999999999865,0.01,0.27433333333333326
2,20260816,24,permute_both_renormalized,2,middle,12,balance_random_pair,500,0,500,3.994,0.5609166666666667,0.06091666666666673,0.5330476190476184,0.118,0.29766666666666663
2,20260816,24,permute_both_renormalized,2,middle,12,balance_pressured_pair,500,0,500,3.994,0.604,0.10399999999999998,0.5846380952380946,0.204,0.3613333333333334
2,20260816,24,permute_both_renormalized,2,middle,12,all_pair_product,500,0,500,3.994,0.7332499999999998,0.23324999999999985,0.7790333333333334,0.596,0.6341666666666668
2,20260816,24,permute_both_renormalized,2,middle,12,minimum_max_pressure,500,0,500,3.994,0.65675,0.15674999999999994,0.6402238095238092,0.304,0.4820000000000008
2,20260816,24,catalog,4,early,12,random_order,264,0,264,16.0,0.5,0.0,0.11764705882352905,0.0,0.0625
2,20260816,24,catalog,4,early,12,balance_only,264,0,264,16.0,0.6113873106060606,0.11138731060606055,0.21106203502906506,0.0,0.10353535353535374
2,20260816,24,catalog,4,early,12,balance_random_pair,264,0,264,16.0,0.5606060606060606,0.06060606060606055,0.21617776450204104,0.04924242424242424,0.10258838383838385
2,20260816,24,catalog,4,early,12,balance_pressured_pair,264,0,264,16.0,0.5432054924242424,0.04320549242424243,0.21855049483939593,0.06439393939393939,0.10164141414141412
2,20260816,24,catalog,4,early,12,all_pair_product,264,0,264,16.0,0.6355350378787878,0.13553503787878785,0.3960000513197958,0.3484848484848485,0.2556818181818182
2,20260816,24,catalog,4,early,12,minimum_max_pressure,264,0,264,16.0,0.49467329545454547,-0.00532670454545453,0.20456305656894025,0.09090909090909091,0.09732950656246105
2,20260816,24,permute_both_fixed_anchor,4,early,12,random_order,264,0,264,16.0,0.5,0.0,0.11764705882352905,0.0,0.0625
2,20260816,24,permute_both_fixed_anchor,4,early,12,balance_only,264,0,264,16.0,0.5428503787878788,0.042850378787878785,0.17792925699116358,0.0,0.07323232323232323
2,20260816,24,permute_both_fixed_anchor,4,early,12,balance_random_pair,264,0,264,16.0,0.5770596590909091,0.07705965909090906,0.20566547570056923,0.0946969696969697,0.0845959595959596
2,20260816,24,permute_both_fixed_anchor,4,early,12,balance_pressured_pair,264,0,264,16.0,0.5589488636363636,0.058948863636363646,0.20364565398672066,0.125,0.07859848484848483
2,20260816,24,permute_both_fixed_anchor,4,early,12,all_pair_product,264,0,264,16.0,0.7348484848484849,0.23484848484848486,0.433581319245534,0.35984848484848486,0.2676767676767677
2,20260816,24,permute_both_fixed_anchor,4,early,12,minimum_max_pressure,264,0,264,16.0,0.661813446969697,0.16181344696969702,0.2930651489303277,0.2159090909090909,0.1752088399815673
2,20260816,24,permute_both_renormalized,4,early,12,random_order,264,0,264,16.0,0.5,0.0,0.11764705882352905,0.0,0.0625
2,20260816,24,permute_both_renormalized,4,early,12,balance_only,264,0,264,16.0,0.5280539772727273,0.028053977272727293,0.1692942401789646,0.0,0.06502525252525246
2,20260816,24,permute_both_renormalized,4,early,12,balance_random_pair,264,0,264,16.0,0.5532670454545454,0.053267045454545414,0.1845990690361321,0.06818181818181818,0.06691919191919195
2,20260816,24,permute_both_renormalized,4,early,12,balance_pressured_pair,264,0,264,16.0,0.5897253787878788,0.08972537878787878,0.21425775590434784,0.11742424242424243,0.08364898989898992
2,20260816,24,permute_both_renormalized,4,early,12,all_pair_product,264,0,264,16.0,0.7468039772727273,0.2468039772727273,0.43363342069715716,0.39015151515151514,0.2580176767676768
2,20260816,24,permute_both_renormalized,4,early,12,minimum_max_pressure,264,0,264,16.0,0.6619318181818182,0.16193181818181823,0.268932157862718,0.16666666666666666,0.1479735962690508
2,20260816,24,catalog,4,middle,12,random_order,500,28,472,15.809322033898304,0.5,0.0,0.11946867730142861,0.0,0.06355381906229361
2,20260816,24,catalog,4,middle,12,balance_only,500,28,472,15.809322033898304,0.6295873573813192,0.1295873573813192,0.2108853786947016,0.0,0.09713983050847441
2,20260816,24,catalog,4,middle,12,balance_random_pair,500,28,472,15.809322033898304,0.6374823446327684,0.13748234463276843,0.244212970162771,0.07838983050847458,0.11957980225988699
2,20260816,24,catalog,4,middle,12,balance_pressured_pair,500,28,472,15.809322033898304,0.6229338634529314,0.12293386345293145,0.25235966396696896,0.1271186440677966,0.11935028248587572
2,20260816,24,catalog,4,middle,12,all_pair_product,500,28,472,15.809322033898304,0.7504850640179029,0.25048506401790294,0.5054279146047541,0.4872881355932203,0.3585805084745763
2,20260816,24,catalog,4,middle,12,minimum_max_pressure,500,28,472,15.809322033898304,0.7052552232372148,0.2052552232372148,0.41153997798433256,0.3432203389830508,0.30685555616699667
2,20260816,24,permute_both_fixed_anchor,4,middle,12,random_order,500,0,500,15.696,0.5,0.0,0.1201225490196075,0.0,0.06391493506493504
2,20260816,24,permute_both_fixed_anchor,4,middle,12,balance_only,500,0,500,15.696,0.573678138528139,0.07367813852813898,0.1964902639008113,0.002,0.08283333333333329
2,20260816,24,permute_both_fixed_anchor,4,middle,12,balance_random_pair,500,0,500,15.696,0.6148722402597404,0.11487224025974041,0.23373575959691242,0.146,0.10443282828282836
2,20260816,24,permute_both_fixed_anchor,4,middle,12,balance_pressured_pair,500,0,500,15.696,0.6542362012987012,0.1542362012987012,0.2707358346133811,0.228,0.12416666666666683
2,20260816,24,permute_both_fixed_anchor,4,middle,12,all_pair_product,500,0,500,15.696,0.8288434523809509,0.3288434523809509,0.6020753852712772,0.584,0.45966666666666667
2,20260816,24,permute_both_fixed_anchor,4,middle,12,minimum_max_pressure,500,0,500,15.696,0.7335050865800866,0.23350508658008662,0.371030652574428,0.296,0.25414001554001553
2,20260816,24,permute_both_renormalized,4,middle,12,random_order,500,0,500,15.712,0.5,0.0,0.1199190476190473,0.0,0.0637950799200799
2,20260816,24,permute_both_renormalized,4,middle,12,balance_only,500,0,500,15.712,0.5756787337662341,0.07567873376623413,0.1975017730094394,0.002,0.084
2,20260816,24,permute_both_renormalized,4,middle,12,balance_random_pair,500,0,500,15.712,0.605307634032634,0.10530763403263399,0.2296545379139342,0.15,0.10032727272727276
2,20260816,24,permute_both_renormalized,4,middle,12,balance_pressured_pair,500,0,500,15.712,0.6540720404595405,0.15407204045954048,0.26241497195751196,0.224,0.11616666666666667
2,20260816,24,permute_both_renormalized,4,middle,12,all_pair_product,500,0,500,15.712,0.8386361180486167,0.3386361180486167,0.6187172784777456,0.598,0.4778333333333334
2,20260816,24,permute_both_renormalized,4,middle,12,minimum_max_pressure,500,0,500,15.712,0.7431902763902759,0.2431902763902759,0.37947630701747953,0.31,0.26366789321789313
2,20260816,24,catalog,8,early,12,random_order,264,0,264,256.0,0.5,0.0,0.007782101167315151,0.0,0.00390625
2,20260816,24,catalog,8,early,12,balance_only,264,0,264,256.0,0.6928341027462122,0.19283410274621215,0.019738807105620926,0.0,0.008252164502164481
2,20260816,24,catalog,8,early,12,balance_random_pair,264,0,264,256.0,0.7068758877840909,0.20687588778409094,0.03175754096129824,0.44696969696969696,0.013725048100048081
2,20260816,24,catalog,8,early,12,balance_pressured_pair,264,0,264,256.0,0.623342803030303,0.12334280303030298,0.024823406666223916,0.3333333333333333,0.009543350168350158
2,20260816,24,catalog,8,early,12,all_pair_product,264,0,264,256.0,0.7636348839962122,0.26363488399621215,0.21789742268038137,0.5378787878787878,0.13707912457912458
2,20260816,24,catalog,8,early,12,minimum_max_pressure,264,0,264,256.0,0.7099017518939394,0.20990175189393945,0.09213664739899582,0.35984848484848486,0.06390547324732739
2,20260816,24,permute_both_fixed_anchor,8,early,12,random_order,264,0,264,256.0,0.5,0.0,0.007782101167315151,0.0,0.00390625
2,20260816,24,permute_both_fixed_anchor,8,early,12,balance_only,264,0,264,256.0,0.5769856770833334,0.07698567708333337,0.014733553441837764,0.0,0.004978354978354967
2,20260816,24,permute_both_fixed_anchor,8,early,12,balance_random_pair,264,0,264,256.0,0.6434807054924242,0.1434807054924242,0.020611839584975294,0.18181818181818182,0.006266534391534389
2,20260816,24,permute_both_fixed_anchor,8,early,12,balance_pressured_pair,264,0,264,256.0,0.6620871803977273,0.1620871803977273,0.021242440190098102,0.16287878787878787,0.005759980759980759
2,20260816,24,permute_both_fixed_anchor,8,early,12,all_pair_product,264,0,264,256.0,0.8702873461174242,0.3702873461174242,0.2993057386371609,0.6477272727272727,0.219712000962001
2,20260816,24,permute_both_fixed_anchor,8,early,12,minimum_max_pressure,264,0,264,256.0,0.7755977746212122,0.27559777462121215,0.10494819745787762,0.32954545454545453,0.0731328547654846
2,20260816,24,permute_both_renormalized,8,early,12,random_order,264,0,264,256.0,0.5,0.0,0.007782101167315151,0.0,0.00390625
2,20260816,24,permute_both_renormalized,8,early,12,balance_only,264,0,264,256.0,0.5913973721590909,0.09139737215909094,0.015632196927913934,0.0,0.005627705627705617
2,20260816,24,permute_both_renormalized,8,early,12,balance_random_pair,264,0,264,256.0,0.6366817589962122,0.13668175899621215,0.02056808937308812,0.17803030303030304,0.00696248196248196
2,20260816,24,permute_both_renormalized,8,early,12,balance_pressured_pair,264,0,264,256.0,0.6633596709280303,0.16335967092803028,0.022671519492192992,0.19696969696969696,0.007249579124579124
2,20260816,24,permute_both_renormalized,8,early,12,all_pair_product,264,0,264,256.0,0.8738236860795454,0.3738236860795454,0.2875361286540537,0.6325757575757576,0.20077861952861953
2,20260816,24,permute_both_renormalized,8,early,12,minimum_max_pressure,264,0,264,256.0,0.7901278409090909,0.29012784090909094,0.09525735766932976,0.3333333333333333,0.06461740847310928
2,20260816,24,catalog,8,middle,12,random_order,264,36,228,52.87719298245614,0.5,0.0,0.12471248442549927,0.0,0.07358288778641507
2,20260816,24,catalog,8,middle,12,balance_only,264,36,228,52.87719298245614,0.6526423512447728,0.15264235124477277,0.22425688152643597,0.10087719298245613,0.1415064971127573
2,20260816,24,catalog,8,middle,12,balance_random_pair,264,36,228,52.87719298245614,0.7314162635537179,0.23141626355371792,0.2771793892163941,0.2675438596491228,0.17443842319072622
2,20260816,24,catalog,8,middle,12,balance_pressured_pair,264,36,228,52.87719298245614,0.6996513068475779,0.19965130684757793,0.27215536928443074,0.2675438596491228,0.15839615179532476
2,20260816,24,catalog,8,middle,12,all_pair_product,264,36,228,52.87719298245614,0.8594997835904022,0.35949978359040224,0.5540935022406452,0.7105263157894737,0.46159408939014196
2,20260816,24,catalog,8,middle,12,minimum_max_pressure,264,36,228,52.87719298245614,0.6331520542943656,0.1331520542943656,0.2675492124867615,0.2807017543859649,0.20127693128438817
2,20260816,24,permute_both_fixed_anchor,8,middle,12,random_order,264,7,257,41.011673151750976,0.5,0.0,0.17695624984170968,0.0,0.10822570984898669
2,20260816,24,permute_both_fixed_anchor,8,middle,12,balance_only,264,7,257,41.011673151750976,0.6245875593370167,0.1245875593370167,0.3217293342416899,0.22957198443579765,0.21476615215616487
2,20260816,24,permute_both_fixed_anchor,8,middle,12,balance_random_pair,264,7,257,41.011673151750976,0.6697505579707919,0.16975055797079186,0.34004672986308365,0.25680933852140075,0.22004852123425364
2,20260816,24,permute_both_fixed_anchor,8,middle,12,balance_pressured_pair,264,7,257,41.011673151750976,0.6687876059580047,0.16878760595800468,0.3577626325230841,0.29961089494163423,0.2504678489760589
2,20260816,24,permute_both_fixed_anchor,8,middle,12,all_pair_product,264,7,257,41.011673151750976,0.8595453859267285,0.35954538592672847,0.6477832889974983,0.754863813229572,0.5573989348308414
2,20260816,24,permute_both_fixed_anchor,8,middle,12,minimum_max_pressure,264,7,257,41.011673151750976,0.6068662173535548,0.10686621735355484,0.2788737508895049,0.19066147859922178,0.19708763006776303
2,20260816,24,permute_both_renormalized,8,middle,12,random_order,264,6,258,40.48837209302326,0.5,0.0,0.1897229165461829,0.0,0.11831620329621
2,20260816,24,permute_both_renormalized,8,middle,12,balance_only,264,6,258,40.48837209302326,0.6299667520573575,0.12996675205735753,0.3206498360748702,0.24031007751937986,0.19081364572114026
2,20260816,24,permute_both_renormalized,8,middle,12,balance_random_pair,264,6,258,40.48837209302326,0.6857873276696715,0.18578732766967154,0.3428928239265886,0.29457364341085274,0.20513625415805206
2,20260816,24,permute_both_renormalized,8,middle,12,balance_pressured_pair,264,6,258,40.48837209302326,0.6484801483592195,0.14848014835921952,0.3433222963082319,0.3372093023255814,0.21346346195356278
2,20260816,24,permute_both_renormalized,8,middle,12,all_pair_product,264,6,258,40.48837209302326,0.8698273339423109,0.36982733394231093,0.6764289517192053,0.7868217054263565,0.6073125786788579
2,20260816,24,permute_both_renormalized,8,middle,12,minimum_max_pressure,264,6,258,40.48837209302326,0.610120119332825,0.11012011933282495,0.2967948701983387,0.22093023255813954,0.21311348284723897
2,20260816,28,catalog,2,early,97,random_order,500,0,500,4.0,0.5,0.0,0.4000000000000035,0.0,0.25
2,20260816,28,catalog,2,early,97,balance_only,500,0,500,4.0,0.52475,0.02475000000000005,0.49166666666666536,0.0,0.262
2,20260816,28,catalog,2,early,97,balance_random_pair,500,0,500,4.0,0.5545,0.05449999999999999,0.5316428571428565,0.114,0.308
2,20260816,28,catalog,2,early,97,balance_pressured_pair,500,0,500,4.0,0.5765,0.07650000000000001,0.5638333333333324,0.174,0.331
2,20260816,28,catalog,2,early,97,all_pair_product,500,0,500,4.0,0.64975,0.14975000000000005,0.6866142857142852,0.474,0.505
2,20260816,28,catalog,2,early,97,minimum_max_pressure,500,0,500,4.0,0.572,0.07199999999999995,0.5271047619047617,0.124,0.3428333333333336
2,20260816,28,permute_both_fixed_anchor,2,early,97,random_order,500,0,500,4.0,0.5,0.0,0.4000000000000035,0.0,0.25
2,20260816,28,permute_both_fixed_anchor,2,early,97,balance_only,500,0,500,4.0,0.512,0.01200000000000001,0.4842619047619035,0.0,0.255
2,20260816,28,permute_both_fixed_anchor,2,early,97,balance_random_pair,500,0,500,4.0,0.53975,0.03974999999999995,0.5166095238095236,0.104,0.287
2,20260816,28,permute_both_fixed_anchor,2,early,97,balance_pressured_pair,500,0,500,4.0,0.561,0.061000000000000054,0.5434333333333337,0.144,0.311
2,20260816,28,permute_both_fixed_anchor,2,early,97,all_pair_product,500,0,500,4.0,0.66525,0.16525,0.7009952380952377,0.484,0.5275
2,20260816,28,permute_both_fixed_anchor,2,early,97,minimum_max_pressure,500,0,500,4.0,0.579,0.07899999999999996,0.5356190476190478,0.134,0.3445000000000004
2,20260816,28,permute_both_renormalized,2,early,97,random_order,500,0,500,4.0,0.5,0.0,0.4000000000000035,0.0,0.25
2,20260816,28,permute_both_renormalized,2,early,97,balance_only,500,0,500,4.0,0.5085,0.008499999999999952,0.4818952380952365,0.0,0.252
2,20260816,28,permute_both_renormalized,2,early,97,balance_random_pair,500,0,500,4.0,0.5305,0.03049999999999997,0.5093476190476187,0.096,0.2835
2,20260816,28,permute_both_renormalized,2,early,97,balance_pressured_pair,500,0,500,4.0,0.5465,0.046499999999999986,0.5369428571428574,0.16,0.3015
2,20260816,28,permute_both_renormalized,2,early,97,all_pair_product,500,0,500,4.0,0.66225,0.16225,0.6893333333333329,0.46,0.499
2,20260816,28,permute_both_renormalized,2,early,97,minimum_max_pressure,500,0,500,4.0,0.57175,0.07174999999999998,0.5363809523809524,0.146,0.3480000000000003
2,20260816,28,catalog,2,middle,97,random_order,500,9,491,3.9409368635437882,0.5,0.0,0.4059063136456246,0.0,0.25492192803801755
2,20260816,28,catalog,2,middle,97,balance_only,500,9,491,3.9409368635437882,0.5379327902240326,0.03793279022403262,0.505285617301909,0.012219959266802444,0.27494908350305497
2,20260816,28,catalog,2,middle,97,balance_random_pair,500,9,491,3.9409368635437882,0.5997114731839783,0.09971147318397833,0.5835563960818544,0.17922606924643583,0.3837406653088934
2,20260816,28,catalog,2,middle,97,balance_pressured_pair,500,9,491,3.9409368635437882,0.6014935505770537,0.10149355057705367,0.6059257104063622,0.26883910386965376,0.3917175831636117
2,20260816,28,catalog,2,middle,97,all_pair_product,500,9,491,3.9409368635437882,0.748387644263408,0.24838764426340798,0.8059451071671031,0.639511201629328,0.675152749490835
2,20260816,28,catalog,2,middle,97,minimum_max_pressure,500,9,491,3.9409368635437882,0.6222844534962662,0.12228445349626615,0.607341673940452,0.2525458248472505,0.43584521384928787
2,20260816,28,permute_both_fixed_anchor,2,middle,97,random_order,500,0,500,3.994,0.5,0.0,0.40060000000000356,0.0,0.2505
2,20260816,28,permute_both_fixed_anchor,2,middle,97,balance_only,500,0,500,3.994,0.545,0.04500000000000004,0.5108095238095223,0.032,0.28966666666666663
2,20260816,28,permute_both_fixed_anchor,2,middle,97,balance_random_pair,500,0,500,3.994,0.57425,0.07425000000000004,0.5546761904761901,0.16,0.3383333333333334
2,20260816,28,permute_both_fixed_anchor,2,middle,97,balance_pressured_pair,500,0,500,3.994,0.62775,0.12775000000000003,0.6246666666666671,0.29,0.4181666666666667
2,20260816,28,permute_both_fixed_anchor,2,middle,97,all_pair_product,500,0,500,3.994,0.7445,0.24450000000000005,0.8000380952380947,0.64,0.6686666666666666
2,20260816,28,permute_both_fixed_anchor,2,middle,97,minimum_max_pressure,500,0,500,3.994,0.65275,0.15275000000000005,0.6268619047619044,0.264,0.46566666666666745
2,20260816,28,permute_both_renormalized,2,middle,97,random_order,500,0,500,3.992,0.5,0.0,0.40080000000000354,0.0,0.25066666666666665
2,20260816,28,permute_both_renormalized,2,middle,97,balance_only,500,0,500,3.992,0.5188333333333333,0.018833333333333258,0.4876190476190467,0.02,0.25799999999999995
2,20260816,28,permute_both_renormalized,2,middle,97,balance_random_pair,500,0,500,3.992,0.56425,0.06425000000000003,0.5366380952380952,0.118,0.30800000000000005
2,20260816,28,permute_both_renormalized,2,middle,97,balance_pressured_pair,500,0,500,3.992,0.612,0.11199999999999999,0.6011619047619048,0.258,0.37566666666666665
2,20260816,28,permute_both_renormalized,2,middle,97,all_pair_product,500,0,500,3.992,0.7379166666666667,0.23791666666666667,0.7922333333333322,0.632,0.6566666666666667
2,20260816,28,permute_both_renormalized,2,middle,97,minimum_max_pressure,500,0,500,3.992,0.6566666666666666,0.15666666666666662,0.631171428571428,0.282,0.4718333333333344
2,20260816,28,catalog,4,early,97,random_order,500,0,500,16.0,0.5,0.0,0.11764705882352902,0.0,0.0625
2,20260816,28,catalog,4,early,97,balance_only,500,0,500,16.0,0.5719375,0.07193749999999999,0.19095418496430994,0.0,0.08133333333333327
2,20260816,28,catalog,4,early,97,balance_random_pair,500,0,500,16.0,0.5766875,0.07668750000000002,0.2220207621623326,0.132,0.09916666666666671
2,20260816,28,catalog,4,early,97,balance_pressured_pair,500,0,500,16.0,0.580875,0.08087500000000003,0.23367247128425297,0.19,0.10016666666666674
2,20260816,28,catalog,4,early,97,all_pair_product,500,0,500,16.0,0.72575,0.22575,0.4291493046386614,0.39,0.244
2,20260816,28,catalog,4,early,97,minimum_max_pressure,500,0,500,16.0,0.59675,0.09675,0.25374568783243456,0.14,0.14810658785658812
2,20260816,28,permute_both_fixed_anchor,4,early,97,random_order,500,0,500,16.0,0.5,0.0,0.11764705882352902,0.0,0.0625
2,20260816,28,permute_both_fixed_anchor,4,early,97,balance_only,500,0,500,16.0,0.53825,0.038250000000000006,0.17554574296320116,0.0,0.07000000000000009
2,20260816,28,permute_both_fixed_anchor,4,early,97,balance_random_pair,500,0,500,16.0,0.56475,0.06474999999999997,0.20006359785518082,0.088,0.08016666666666668
2,20260816,28,permute_both_fixed_anchor,4,early,97,balance_pressured_pair,500,0,500,16.0,0.58025,0.08025000000000004,0.2179486943452286,0.136,0.08933333333333336
2,20260816,28,permute_both_fixed_anchor,4,early,97,all_pair_product,500,0,500,16.0,0.7414375,0.24143749999999997,0.47629877740201393,0.408,0.3309333333333334
2,20260816,28,permute_both_fixed_anchor,4,early,97,minimum_max_pressure,500,0,500,16.0,0.647,0.14700000000000002,0.27216476344552926,0.172,0.15793893328893346
2,20260816,28,permute_both_renormalized,4,early,97,random_order,500,0,500,16.0,0.5,0.0,0.11764705882352902,0.0,0.0625
2,20260816,28,permute_both_renormalized,4,early,97,balance_only,500,0,500,16.0,0.532875,0.03287499999999999,0.17196898560010587,0.0,0.06700000000000013
2,20260816,28,permute_both_renormalized,4,early,97,balance_random_pair,500,0,500,16.0,0.5719375,0.07193749999999999,0.2060845368403826,0.086,0.08433333333333333
2,20260816,28,permute_both_renormalized,4,early,97,balance_pressured_pair,500,0,500,16.0,0.5830625,0.08306250000000004,0.21261701298154884,0.132,0.08300000000000002
2,20260816,28,permute_both_renormalized,4,early,97,all_pair_product,500,0,500,16.0,0.755875,0.25587499999999996,0.4682488882271938,0.434,0.3003333333333334
2,20260816,28,permute_both_renormalized,4,early,97,minimum_max_pressure,500,0,500,16.0,0.6628125,0.16281250000000003,0.26954147026318087,0.178,0.15285885780885797
2,20260816,28,catalog,4,middle,97,random_order,500,12,488,15.147540983606557,0.5,0.0,0.12752541776770288,0.0,0.0684540015994934
2,20260816,28,catalog,4,middle,97,balance_only,500,12,488,15.147540983606557,0.580395603372038,0.080395603372038,0.20238523852764195,0.00819672131147541,0.08613387978142079
2,20260816,28,catalog,4,middle,97,balance_random_pair,500,12,488,15.147540983606557,0.618255485122801,0.11825548512280104,0.2615152472160203,0.18442622950819673,0.12841219572776966
2,20260816,28,catalog,4,middle,97,balance_pressured_pair,500,12,488,15.147540983606557,0.6495907610149414,0.1495907610149414,0.2996269373430813,0.25614754098360654,0.14907786885245902
2,20260816,28,catalog,4,middle,97,all_pair_product,500,12,488,15.147540983606557,0.8414629897083785,0.3414629897083785,0.5962838277387456,0.569672131147541,0.4275956284153005
2,20260816,28,catalog,4,middle,97,minimum_max_pressure,500,12,488,15.147540983606557,0.704589433790253,0.20458943379025296,0.3534415369232022,0.2807377049180328,0.23472867637826653
2,20260816,28,permute_both_fixed_anchor,4,middle,97,random_order,500,0,500,15.358,0.5,0.0,0.12362601222307074,0.0,0.06598562271062275
2,20260816,28,permute_both_fixed_anchor,4,middle,97,balance_only,500,0,500,15.358,0.5623726981351982,0.06237269813519819,0.19520622159420395,0.008,0.07956666666666672
2,20260816,28,permute_both_fixed_anchor,4,middle,97,balance_random_pair,500,0,500,15.358,0.6102057276057277,0.11020572760572767,0.23384514237161558,0.142,0.10100252525252523
2,20260816,28,permute_both_fixed_anchor,4,middle,97,balance_pressured_pair,500,0,500,15.358,0.6854142399267401,0.1854142399267401,0.29214126028243237,0.252,0.1403333333333334
2,20260816,28,permute_both_fixed_anchor,4,middle,97,all_pair_product,500,0,500,15.358,0.8464614593739583,0.34646145937395834,0.6476268200962921,0.652,0.5048333333333334
2,20260816,28,permute_both_fixed_anchor,4,middle,97,minimum_max_pressure,500,0,500,15.358,0.7607532425907423,0.2607532425907423,0.4143057961623043,0.324,0.3050472582972582
2,20260816,28,permute_both_renormalized,4,middle,97,random_order,500,0,500,15.504,0.5,0.0,0.12190492742551533,0.0,0.0649445054945055
2,20260816,28,permute_both_renormalized,4,middle,97,balance_only,500,0,500,15.504,0.5731464618714619,0.0731464618714619,0.20054495283438795,0.004,0.08486666666666665
2,20260816,28,permute_both_renormalized,4,middle,97,balance_random_pair,500,0,500,15.504,0.620306376956377,0.12030637695637703,0.2457609470567008,0.17,0.11248181818181824
2,20260816,28,permute_both_renormalized,4,middle,97,balance_pressured_pair,500,0,500,15.504,0.6796937520812525,0.1796937520812525,0.28596267424599875,0.244,0.1321666666666667
2,20260816,28,permute_both_renormalized,4,middle,97,all_pair_product,500,0,500,15.504,0.8423148518148507,0.34231485181485066,0.6313164065555846,0.618,0.49150000000000005
2,20260816,28,permute_both_renormalized,4,middle,97,minimum_max_pressure,500,0,500,15.504,0.7515301282051282,0.2515301282051282,0.3860059515244087,0.272,0.2731417970917971
2,20260816,28,catalog,8,early,97,random_order,500,0,500,256.0,0.5,0.0,0.007782101167315149,0.0,0.00390625
2,20260816,28,catalog,8,early,97,balance_only,500,0,500,256.0,0.63082421875,0.13082421875000005,0.016160073891768552,0.0,0.005714285714285699
2,20260816,28,catalog,8,early,97,balance_random_pair,500,0,500,256.0,0.6256640625,0.12566406249999995,0.021494263648996044,0.174,0.007377777777777763
2,20260816,28,catalog,8,early,97,balance_pressured_pair,500,0,500,256.0,0.64363671875,0.14363671874999995,0.023589098162321773,0.18,0.00806349206349205
2,20260816,28,catalog,8,early,97,all_pair_product,500,0,500,256.0,0.81613671875,0.31613671875000005,0.15837753468582674,0.558,0.09549279609279612
2,20260816,28,catalog,8,early,97,minimum_max_pressure,500,0,500,256.0,0.68842578125,0.18842578124999998,0.0791517572564746,0.23,0.05802514556407012
2,20260816,28,permute_both_fixed_anchor,8,early,97,random_order,500,0,500,256.0,0.5,0.0,0.007782101167315149,0.0,0.00390625
2,20260816,28,permute_both_fixed_anchor,8,early,97,balance_only,500,0,500,256.0,0.57935546875,0.07935546874999999,0.015295641884672221,0.0,0.005478571428571413
2,20260816,28,permute_both_fixed_anchor,8,early,97,balance_random_pair,500,0,500,256.0,0.616515625,0.11651562500000001,0.020637854922037818,0.202,0.0070293650793650676
2,20260816,28,permute_both_fixed_anchor,8,early,97,balance_pressured_pair,500,0,500,256.0,0.6310234375,0.1310234375,0.021885034479485498,0.196,0.007071428571428561
2,20260816,28,permute_both_fixed_anchor,8,early,97,all_pair_product,500,0,500,256.0,0.84223828125,0.34223828125,0.23832751904124397,0.572,0.1713888888888889
2,20260816,28,permute_both_fixed_anchor,8,early,97,minimum_max_pressure,500,0,500,256.0,0.72789453125,0.22789453125000003,0.06260192855255914,0.196,0.0393052784050718
2,20260816,28,permute_both_renormalized,8,early,97,random_order,500,0,500,256.0,0.5,0.0,0.007782101167315149,0.0,0.00390625
2,20260816,28,permute_both_renormalized,8,early,97,balance_only,500,0,500,256.0,0.5543125,0.054312499999999986,0.013799293704236338,0.0,0.0043785714285714174
2,20260816,28,permute_both_renormalized,8,early,97,balance_random_pair,500,0,500,256.0,0.5954765625,0.09547656250000003,0.018236356915722313,0.158,0.0055031746031745975
2,20260816,28,permute_both_renormalized,8,early,97,balance_pressured_pair,500,0,500,256.0,0.6204140625,0.12041406249999997,0.020857039352225798,0.178,0.006198412698412691
2,20260816,28,permute_both_renormalized,8,early,97,all_pair_product,500,0,500,256.0,0.83309765625,0.33309765625,0.2516224794570361,0.566,0.17741746031746033
2,20260816,28,permute_both_renormalized,8,early,97,minimum_max_pressure,500,0,500,256.0,0.73425390625,0.23425390624999998,0.06986405028937505,0.218,0.04537518083868212
2,20260816,28,catalog,8,middle,97,random_order,500,0,500,186.728,0.5,0.0,0.011664919647966471,0.0,0.0058713014373861705
2,20260816,28,catalog,8,middle,97,balance_only,500,0,500,186.728,0.6435961895255432,0.1435961895255432,0.02131264900281449,0.004,0.008275837011299587
2,20260816,28,catalog,8,middle,97,balance_random_pair,500,0,500,186.728,0.7120097365732351,0.21200973657323507,0.03556785251664386,0.23,0.012209607940110471
2,20260816,28,catalog,8,middle,97,balance_pressured_pair,500,0,500,186.728,0.7412729273363357,0.24127292733633565,0.04398300571668378,0.332,0.015988146180068337
2,20260816,28,catalog,8,middle,97,all_pair_product,500,0,500,186.728,0.934253359739167,0.434253359739167,0.47565002266039963,0.776,0.38736666666666675
2,20260816,28,catalog,8,middle,97,minimum_max_pressure,500,0,500,186.728,0.842208666743288,0.342208666743288,0.1627636800922414,0.502,0.12038601415565435
2,20260816,28,permute_both_fixed_anchor,8,middle,97,random_order,500,0,500,196.574,0.5,0.0,0.010543533486188514,0.0,0.005301014181175563
2,20260816,28,permute_both_fixed_anchor,8,middle,97,balance_only,500,0,500,196.574,0.6309712645998116,0.13097126459981157,0.020666329230506663,0.028,0.008163180017070192
2,20260816,28,permute_both_fixed_anchor,8,middle,97,balance_random_pair,500,0,500,196.574,0.7082119060426598,0.20821190604265982,0.034185632560910485,0.21,0.012567802213139839
2,20260816,28,permute_both_fixed_anchor,8,middle,97,balance_pressured_pair,500,0,500,196.574,0.7446100374297431,0.24461003742974308,0.04073711281369343,0.308,0.01558201872081185
2,20260816,28,permute_both_fixed_anchor,8,middle,97,all_pair_product,500,0,500,196.574,0.9304025309905467,0.4304025309905467,0.49697562478877244,0.772,0.41642137806637813
2,20260816,28,permute_both_fixed_anchor,8,middle,97,minimum_max_pressure,500,0,500,196.574,0.8751670942989084,0.3751670942989084,0.2237326883569936,0.568,0.1728188887190495
2,20260816,28,permute_both_renormalized,8,middle,97,random_order,500,0,500,194.036,0.5,0.0,0.0107658863588099,0.0,0.005413862462410543
2,20260816,28,permute_both_renormalized,8,middle,97,balance_only,500,0,500,194.036,0.6378094265713447,0.13780942657134465,0.022210464676730577,0.034,0.009288444899190267
2,20260816,28,permute_both_renormalized,8,middle,97,balance_random_pair,500,0,500,194.036,0.6953567508617617,0.19535675086176174,0.03526956996035382,0.224,0.013507133208630374
2,20260816,28,permute_both_renormalized,8,middle,97,balance_pressured_pair,500,0,500,194.036,0.7302309463601869,0.23023094636018693,0.04099555988720921,0.284,0.015515046700302189
2,20260816,28,permute_both_renormalized,8,middle,97,all_pair_product,500,0,500,194.036,0.9253994800263964,0.4253994800263964,0.4863345625502891,0.774,0.4002148595848596
2,20260816,28,permute_both_renormalized,8,middle,97,minimum_max_pressure,500,0,500,194.036,0.8633338464512442,0.3633338464512442,0.19338870269345826,0.522,0.14840873793564469
3,20260817,24,catalog,2,early,12,random_order,500,0,500,4.0,0.5,0.0,0.4000000000000035,0.0,0.25
3,20260817,24,catalog,2,early,12,balance_only,500,0,500,4.0,0.53775,0.03774999999999995,0.5012380952380934,0.0,0.275
3,20260817,24,catalog,2,early,12,balance_random_pair,500,0,500,4.0,0.52025,0.02024999999999999,0.5044190476190472,0.084,0.2875
3,20260817,24,catalog,2,early,12,balance_pressured_pair,500,0,500,4.0,0.4705,-0.029500000000000026,0.5186761904761906,0.25,0.317
3,20260817,24,catalog,2,early,12,all_pair_product,500,0,500,4.0,0.58375,0.08374999999999999,0.5996428571428577,0.324,0.378
3,20260817,24,catalog,2,early,12,minimum_max_pressure,500,0,500,4.0,0.43825,-0.06175000000000003,0.49375714285714256,0.25,0.3006666666666667
3,20260817,24,permute_both_fixed_anchor,2,early,12,random_order,500,0,500,4.0,0.5,0.0,0.4000000000000035,0.0,0.25
3,20260817,24,permute_both_fixed_anchor,2,early,12,balance_only,500,0,500,4.0,0.525,0.025000000000000022,0.4926190476190461,0.0,0.265
3,20260817,24,permute_both_fixed_anchor,2,early,12,balance_random_pair,500,0,500,4.0,0.556,0.05600000000000005,0.5324428571428568,0.116,0.3135
3,20260817,24,permute_both_fixed_anchor,2,early,12,balance_pressured_pair,500,0,500,4.0,0.5595,0.0595,0.5417666666666665,0.138,0.309
3,20260817,24,permute_both_fixed_anchor,2,early,12,all_pair_product,500,0,500,4.0,0.67125,0.17125,0.7008523809523808,0.46,0.5276666666666666
3,20260817,24,permute_both_fixed_anchor,2,early,12,minimum_max_pressure,500,0,500,4.0,0.577,0.07699999999999996,0.5406047619047611,0.154,0.34950000000000064
3,20260817,24,permute_both_renormalized,2,early,12,random_order,500,0,500,4.0,0.5,0.0,0.4000000000000035,0.0,0.25
3,20260817,24,permute_both_renormalized,2,early,12,balance_only,500,0,500,4.0,0.51775,0.017750000000000044,0.48723809523809364,0.0,0.258
3,20260817,24,permute_both_renormalized,2,early,12,balance_random_pair,500,0,500,4.0,0.53875,0.03874999999999995,0.5086714285714283,0.088,0.2765
3,20260817,24,permute_both_renormalized,2,early,12,balance_pressured_pair,500,0,500,4.0,0.559,0.05900000000000005,0.5367904761904759,0.134,0.2925
3,20260817,24,permute_both_renormalized,2,early,12,all_pair_product,500,0,500,4.0,0.665,0.16500000000000004,0.691933333333333,0.45,0.5095
3,20260817,24,permute_both_renormalized,2,early,12,minimum_max_pressure,500,0,500,4.0,0.5775,0.07750000000000001,0.538038095238095,0.138,0.34366666666666695
3,20260817,24,catalog,2,middle,12,random_order,500,28,472,4.0,0.5,0.0,0.4000000000000034,0.0,0.25
3,20260817,24,catalog,2,middle,12,balance_only,500,28,472,4.0,0.546875,0.046875,0.5102653349475365,0.01694915254237288,0.2874293785310735
3,20260817,24,catalog,2,middle,12,balance_random_pair,500,28,472,4.0,0.5481991525423728,0.048199152542372836,0.5348516949152532,0.11864406779661017,0.3315677966101695
3,20260817,24,catalog,2,middle,12,balance_pressured_pair,500,28,472,4.0,0.5463453389830508,0.04634533898305082,0.5780972558514934,0.2966101694915254,0.38841807909604514
3,20260817,24,catalog,2,middle,12,all_pair_product,500,28,472,4.0,0.6204978813559322,0.1204978813559322,0.6489003228410002,0.4025423728813559,0.461864406779661
3,20260817,24,catalog,2,middle,12,minimum_max_pressure,500,28,472,4.0,0.5852754237288136,0.08527542372881358,0.6337721953188047,0.4046610169491525,0.4895833333333335
3,20260817,24,permute_both_fixed_anchor,2,middle,12,random_order,500,0,500,3.984,0.5,0.0,0.40160000000000357,0.0,0.2513333333333333
3,20260817,24,permute_both_fixed_anchor,2,middle,12,balance_only,500,0,500,3.984,0.5539166666666666,0.05391666666666661,0.512809523809522,0.018,0.2896666666666666
3,20260817,24,permute_both_fixed_anchor,2,middle,12,balance_random_pair,500,0,500,3.984,0.5910833333333334,0.0910833333333334,0.5598047619047615,0.14,0.338
3,20260817,24,permute_both_fixed_anchor,2,middle,12,balance_pressured_pair,500,0,500,3.984,0.62825,0.12824999999999998,0.6166571428571425,0.252,0.4073333333333334
3,20260817,24,permute_both_fixed_anchor,2,middle,12,all_pair_product,500,0,500,3.984,0.7353333333333333,0.23533333333333328,0.7809095238095234,0.596,0.6376666666666666
3,20260817,24,permute_both_fixed_anchor,2,middle,12,minimum_max_pressure,500,0,500,3.984,0.6598333333333333,0.15983333333333327,0.6402095238095236,0.306,0.482333333333334
3,20260817,24,permute_both_renormalized,2,middle,12,random_order,500,0,500,3.982,0.5,0.0,0.40180000000000343,0.0,0.25149999999999995
3,20260817,24,permute_both_renormalized,2,middle,12,balance_only,500,0,500,3.982,0.5391666666666668,0.039166666666666794,0.5030809523809509,0.018,0.27599999999999997
3,20260817,24,permute_both_renormalized,2,middle,12,balance_random_pair,500,0,500,3.982,0.5691666666666667,0.06916666666666671,0.544485714285714,0.132,0.31400000000000006
3,20260817,24,permute_both_renormalized,2,middle,12,balance_pressured_pair,500,0,500,3.982,0.6123333333333334,0.1123333333333334,0.6033714285714281,0.242,0.3868333333333333
3,20260817,24,permute_both_renormalized,2,middle,12,all_pair_product,500,0,500,3.982,0.7303333333333333,0.23033333333333328,0.7807476190476186,0.608,0.638
3,20260817,24,permute_both_renormalized,2,middle,12,minimum_max_pressure,500,0,500,3.982,0.6505,0.15049999999999997,0.6366714285714281,0.296,0.47766666666666713
3,20260817,24,catalog,4,early,12,random_order,264,0,264,16.0,0.5,0.0,0.11764705882352905,0.0,0.0625
3,20260817,24,catalog,4,early,12,balance_only,264,0,264,16.0,0.6317471590909091,0.13174715909090906,0.2206680932392504,0.0,0.11237373737373765
3,20260817,24,catalog,4,early,12,balance_random_pair,264,0,264,16.0,0.533499053030303,0.03349905303030298,0.2110759673467227,0.041666666666666664,0.10037878787878791
3,20260817,24,catalog,4,early,12,balance_pressured_pair,264,0,264,16.0,0.5254498106060606,0.025449810606060552,0.20998910812112642,0.030303030303030304,0.09690656565656569
3,20260817,24,catalog,4,early,12,all_pair_product,264,0,264,16.0,0.627249053030303,0.12724905303030298,0.3879440283631322,0.3371212121212121,0.24526515151515146
3,20260817,24,catalog,4,early,12,minimum_max_pressure,264,0,264,16.0,0.47691761363636365,-0.023082386363636354,0.19467096932767505,0.07196969696969698,0.08595266791289516
3,20260817,24,permute_both_fixed_anchor,4,early,12,random_order,264,0,264,16.0,0.5,0.0,0.11764705882352905,0.0,0.0625
3,20260817,24,permute_both_fixed_anchor,4,early,12,balance_only,264,0,264,16.0,0.5440340909090909,0.04403409090909094,0.17708714619767704,0.0,0.07196969696969696
3,20260817,24,permute_both_fixed_anchor,4,early,12,balance_random_pair,264,0,264,16.0,0.5559895833333334,0.05598958333333337,0.19643234692317676,0.07196969696969698,0.07859848484848486
3,20260817,24,permute_both_fixed_anchor,4,early,12,balance_pressured_pair,264,0,264,16.0,0.5868844696969697,0.08688446969696972,0.2140651691321826,0.10984848484848485,0.08333333333333331
3,20260817,24,permute_both_fixed_anchor,4,early,12,all_pair_product,264,0,264,16.0,0.7484611742424242,0.2484611742424242,0.4517744050864782,0.38257575757575757,0.29261363636363635
3,20260817,24,permute_both_fixed_anchor,4,early,12,minimum_max_pressure,264,0,264,16.0,0.6399147727272727,0.1399147727272727,0.26916724075956955,0.17424242424242425,0.1516968406172952
3,20260817,24,permute_both_renormalized,4,early,12,random_order,264,0,264,16.0,0.5,0.0,0.11764705882352905,0.0,0.0625
3,20260817,24,permute_both_renormalized,4,early,12,balance_only,264,0,264,16.0,0.5531486742424242,0.0531486742424242,0.18313406496518408,0.0,0.07828282828282832
3,20260817,24,permute_both_renormalized,4,early,12,balance_random_pair,264,0,264,16.0,0.5464015151515151,0.04640151515151514,0.19919044950087939,0.06439393939393939,0.08270202020202021
3,20260817,24,permute_both_renormalized,4,early,12,balance_pressured_pair,264,0,264,16.0,0.5629734848484849,0.06297348484848486,0.20694279218882236,0.11363636363636363,0.08143939393939394
3,20260817,24,permute_both_renormalized,4,early,12,all_pair_product,264,0,264,16.0,0.7398200757575758,0.2398200757575758,0.45500674313152545,0.4053030303030303,0.30176767676767674
3,20260817,24,permute_both_renormalized,4,early,12,minimum_max_pressure,264,0,264,16.0,0.6471354166666666,0.14713541666666663,0.2617143305151825,0.1590909090909091,0.14223930530748724
3,20260817,24,catalog,4,middle,12,random_order,500,30,470,15.77659574468085,0.5,0.0,0.11983729662077555,0.0,0.06376934235976786
3,20260817,24,catalog,4,middle,12,balance_only,500,30,470,15.77659574468085,0.6466997098646035,0.14669970986460346,0.22042161205906372,0.0,0.10624113475177271
3,20260817,24,catalog,4,middle,12,balance_random_pair,500,30,470,15.77659574468085,0.6367988394584141,0.1367988394584141,0.25233190788341,0.1,0.12781914893617022
3,20260817,24,catalog,4,middle,12,balance_pressured_pair,500,30,470,15.77659574468085,0.6108196324951646,0.11081963249516458,0.24998828868132766,0.11702127659574468,0.12056737588652477
3,20260817,24,catalog,4,middle,12,all_pair_product,500,30,470,15.77659574468085,0.7229690522243714,0.22296905222437136,0.4827449937857909,0.44893617021276594,0.3445744680851063
3,20260817,24,catalog,4,middle,12,minimum_max_pressure,500,30,470,15.77659574468085,0.6578699226305608,0.15786992263056077,0.39544662560682076,0.3127659574468085,0.29787487335359686
3,20260817,24,permute_both_fixed_anchor,4,middle,12,random_order,500,0,500,15.658,0.5,0.0,0.12067549019607812,0.0,0.06425898268398267
3,20260817,24,permute_both_fixed_anchor,4,middle,12,balance_only,500,0,500,15.658,0.5735218614718613,0.07352186147186135,0.19466145090016504,0.008,0.08036666666666667
3,20260817,24,permute_both_fixed_anchor,4,middle,12,balance_random_pair,500,0,500,15.658,0.6167395562770567,0.11673955627705668,0.23795070362557527,0.144,0.10287878787878786
3,20260817,24,permute_both_fixed_anchor,4,middle,12,balance_pressured_pair,500,0,500,15.658,0.6655747835497834,0.1655747835497834,0.278764342318598,0.244,0.13183333333333347
3,20260817,24,permute_both_fixed_anchor,4,middle,12,all_pair_product,500,0,500,15.658,0.8346734848484837,0.3346734848484837,0.6139728739606912,0.6,0.4644
3,20260817,24,permute_both_fixed_anchor,4,middle,12,minimum_max_pressure,500,0,500,15.658,0.7460785714285708,0.2460785714285708,0.3915658243464753,0.32,0.27928381063381075
3,20260817,24,permute_both_renormalized,4,middle,12,random_order,500,0,500,15.65,0.5,0.0,0.12055882352941143,0.0,0.06416720779220775
3,20260817,24,permute_both_renormalized,4,middle,12,balance_only,500,0,500,15.65,0.5580560064935067,0.05805600649350673,0.18865018489164126,0.01,0.07536666666666668
3,20260817,24,permute_both_renormalized,4,middle,12,balance_random_pair,500,0,500,15.65,0.6173514069264067,0.11735140692640667,0.23557677034074032,0.152,0.10392272727272735
3,20260817,24,permute_both_renormalized,4,middle,12,balance_pressured_pair,500,0,500,15.65,0.6592897186147187,0.15928971861471874,0.2666838245347719,0.216,0.11800000000000008
3,20260817,24,permute_both_renormalized,4,middle,12,all_pair_product,500,0,500,15.65,0.8364652597402584,0.3364652597402584,0.6191296188065207,0.618,0.47433333333333333
3,20260817,24,permute_both_renormalized,4,middle,12,minimum_max_pressure,500,0,500,15.65,0.7321586580086576,0.23215865800865765,0.36115378788885283,0.272,0.24441103896103897
3,20260817,24,catalog,8,early,12,random_order,264,0,264,256.0,0.5,0.0,0.007782101167315151,0.0,0.00390625
3,20260817,24,catalog,8,early,12,balance_only,264,0,264,256.0,0.7145626183712122,0.21456261837121215,0.020627586437461508,0.0,0.00887445887445885
3,20260817,24,catalog,8,early,12,balance_random_pair,264,0,264,256.0,0.6799094460227273,0.1799094460227273,0.030812275845763862,0.4583333333333333,0.01340788840788838
3,20260817,24,catalog,8,early,12,balance_pressured_pair,264,0,264,256.0,0.6469504616477273,0.1469504616477273,0.025974704187956343,0.3446969696969697,0.010293410293410276
3,20260817,24,catalog,8,early,12,all_pair_product,264,0,264,256.0,0.7464710582386364,0.24647105823863635,0.25550607910925927,0.5492424242424242,0.17564709595959596
3,20260817,24,catalog,8,early,12,minimum_max_pressure,264,0,264,256.0,0.7001805160984849,0.20018051609848486,0.10635310809657196,0.3939393939393939,0.077854549467168
3,20260817,24,permute_both_fixed_anchor,8,early,12,random_order,264,0,264,256.0,0.5,0.0,0.007782101167315151,0.0,0.00390625
3,20260817,24,permute_both_fixed_anchor,8,early,12,balance_only,264,0,264,256.0,0.6053947679924242,0.1053947679924242,0.015881584997725726,0.0,0.005668290043290032
3,20260817,24,permute_both_fixed_anchor,8,early,12,balance_random_pair,264,0,264,256.0,0.6358013731060606,0.13580137310606055,0.02107349648170234,0.1856060606060606,0.007099266474266471
3,20260817,24,permute_both_fixed_anchor,8,early,12,balance_pressured_pair,264,0,264,256.0,0.6819069602272727,0.1819069602272727,0.025785555868777888,0.23106060606060605,0.009113455988455987
3,20260817,24,permute_both_fixed_anchor,8,early,12,all_pair_product,264,0,264,256.0,0.8797052556818182,0.37970525568181823,0.2832221867054711,0.625,0.191361531986532
3,20260817,24,permute_both_fixed_anchor,8,early,12,minimum_max_pressure,264,0,264,256.0,0.7893288352272727,0.2893288352272727,0.09730853150706953,0.3143939393939394,0.06603911224064601
3,20260817,24,permute_both_renormalized,8,early,12,random_order,264,0,264,256.0,0.5,0.0,0.007782101167315151,0.0,0.00390625
3,20260817,24,permute_both_renormalized,8,early,12,balance_only,264,0,264,256.0,0.5856489701704546,0.08564897017045459,0.015265009372823301,0.0,0.005370670995670984
3,20260817,24,permute_both_renormalized,8,early,12,balance_random_pair,264,0,264,256.0,0.6109064275568182,0.11090642755681823,0.01961706992067825,0.17803030303030304,0.006499518999518996
3,20260817,24,permute_both_renormalized,8,early,12,balance_pressured_pair,264,0,264,256.0,0.6488887902462122,0.14888879024621215,0.022830775757494915,0.20454545454545456,0.00731721981721982
3,20260817,24,permute_both_renormalized,8,early,12,all_pair_product,264,0,264,256.0,0.8775301846590909,0.37753018465909094,0.31513841041825047,0.6628787878787878,0.2367972883597884
3,20260817,24,permute_both_renormalized,8,early,12,minimum_max_pressure,264,0,264,256.0,0.7745546283143939,0.2745546283143939,0.07016718924149216,0.32196969696969696,0.03897980534155732
3,20260817,24,catalog,8,middle,12,random_order,264,38,226,64.24778761061947,0.5,0.0,0.10270708245048538,0.0,0.059819505914919927
3,20260817,24,catalog,8,middle,12,balance_only,264,38,226,64.24778761061947,0.6424260084378179,0.14242600843781794,0.1722583913050859,0.05309734513274336,0.09905769814091875
3,20260817,24,catalog,8,middle,12,balance_random_pair,264,38,226,64.24778761061947,0.7134872999033439,0.21348729990334392,0.24896382552662008,0.2743362831858407,0.16857553605093906
3,20260817,24,catalog,8,middle,12,balance_pressured_pair,264,38,226,64.24778761061947,0.6671515812149402,0.16715158121494023,0.2357745989518318,0.25663716814159293,0.14521222946662188
3,20260817,24,catalog,8,middle,12,all_pair_product,264,38,226,64.24778761061947,0.8197438854719243,0.31974388547192434,0.5163292348395997,0.6637168141592921,0.43688720325888475
3,20260817,24,catalog,8,middle,12,minimum_max_pressure,264,38,226,64.24778761061947,0.5937302504593303,0.09373025045933026,0.22978614340581507,0.21238938053097345,0.17511075806964582
3,20260817,24,permute_both_fixed_anchor,8,middle,12,random_order,264,4,260,43.011538461538464,0.5,0.0,0.17840318147367987,0.0,0.10870703747263004
3,20260817,24,permute_both_fixed_anchor,8,middle,12,balance_only,264,4,260,43.011538461538464,0.6416871057168888,0.1416871057168888,0.33413226760066056,0.2153846153846154,0.2340174971995952
3,20260817,24,permute_both_fixed_anchor,8,middle,12,balance_random_pair,264,4,260,43.011538461538464,0.6700696894864124,0.17006968948641243,0.3460342545331428,0.28076923076923077,0.2228058699577275
3,20260817,24,permute_both_fixed_anchor,8,middle,12,balance_pressured_pair,264,4,260,43.011538461538464,0.642469379601512,0.14246937960151196,0.33809879502841106,0.2653846153846154,0.21970102306889713
3,20260817,24,permute_both_fixed_anchor,8,middle,12,all_pair_product,264,4,260,43.011538461538464,0.8700675965144461,0.3700675965144461,0.6605367762869666,0.7461538461538462,0.5890331196581198
3,20260817,24,permute_both_fixed_anchor,8,middle,12,minimum_max_pressure,264,4,260,43.011538461538464,0.6047508048736406,0.10475080487364063,0.2832926747141657,0.2,0.20363580322503827
3,20260817,24,permute_both_renormalized,8,middle,12,random_order,264,4,260,41.68076923076923,0.5,0.0,0.1825712869273834,0.0,0.11332720232844266
3,20260817,24,permute_both_renormalized,8,middle,12,balance_only,264,4,260,41.68076923076923,0.628180357052843,0.12818035705284303,0.3109696886965177,0.16538461538461538,0.20245883550131724
3,20260817,24,permute_both_renormalized,8,middle,12,balance_random_pair,264,4,260,41.68076923076923,0.6860990770368013,0.18609907703680129,0.3487583263095496,0.27692307692307694,0.22027128391417394
3,20260817,24,permute_both_renormalized,8,middle,12,balance_pressured_pair,264,4,260,41.68076923076923,0.6373307972776783,0.13733079727767827,0.3258149648051772,0.27307692307692305,0.2015331047168986
3,20260817,24,permute_both_renormalized,8,middle,12,all_pair_product,264,4,260,41.68076923076923,0.8565974922278619,0.35659749222786186,0.6549705684772805,0.7423076923076923,0.5888408119658121
3,20260817,24,permute_both_renormalized,8,middle,12,minimum_max_pressure,264,4,260,41.68076923076923,0.6101442860078709,0.11014428600787085,0.29163173454082836,0.21923076923076923,0.20940175135679995
3,20260817,28,catalog,2,early,97,random_order,500,0,500,4.0,0.5,0.0,0.4000000000000035,0.0,0.25
3,20260817,28,catalog,2,early,97,balance_only,500,0,500,4.0,0.53675,0.03674999999999995,0.49938095238095054,0.0,0.271
3,20260817,28,catalog,2,early,97,balance_random_pair,500,0,500,4.0,0.544,0.04400000000000004,0.5205238095238088,0.084,0.297
3,20260817,28,catalog,2,early,97,balance_pressured_pair,500,0,500,4.0,0.585,0.08499999999999996,0.5713809523809523,0.178,0.341
3,20260817,28,catalog,2,early,97,all_pair_product,500,0,500,4.0,0.66275,0.16274999999999995,0.688371428571428,0.452,0.5025
3,20260817,28,catalog,2,early,97,minimum_max_pressure,500,0,500,4.0,0.5715,0.07150000000000001,0.5275857142857143,0.128,0.34166666666666706
3,20260817,28,permute_both_fixed_anchor,2,early,97,random_order,500,0,500,4.0,0.5,0.0,0.4000000000000035,0.0,0.25
3,20260817,28,permute_both_fixed_anchor,2,early,97,balance_only,500,0,500,4.0,0.5255,0.025499999999999967,0.4912857142857128,0.0,0.261
3,20260817,28,permute_both_fixed_anchor,2,early,97,balance_random_pair,500,0,500,4.0,0.555,0.05500000000000005,0.5331190476190475,0.124,0.3115
3,20260817,28,permute_both_fixed_anchor,2,early,97,balance_pressured_pair,500,0,500,4.0,0.57275,0.07274999999999998,0.559733333333333,0.176,0.329
3,20260817,28,permute_both_fixed_anchor,2,early,97,all_pair_product,500,0,500,4.0,0.659,0.15900000000000003,0.6897095238095231,0.462,0.5128333333333333
3,20260817,28,permute_both_fixed_anchor,2,early,97,minimum_max_pressure,500,0,500,4.0,0.5755,0.07550000000000001,0.5430714285714288,0.162,0.35533333333333356
3,20260817,28,permute_both_renormalized,2,early,97,random_order,500,0,500,4.0,0.5,0.0,0.4000000000000035,0.0,0.25
3,20260817,28,permute_both_renormalized,2,early,97,balance_only,500,0,500,4.0,0.52825,0.028249999999999997,0.4960714285714267,0.0,0.27
3,20260817,28,permute_both_renormalized,2,early,97,balance_random_pair,500,0,500,4.0,0.557,0.05700000000000005,0.5305380952380949,0.108,0.3035
3,20260817,28,permute_both_renormalized,2,early,97,balance_pressured_pair,500,0,500,4.0,0.56325,0.06325000000000003,0.5479428571428564,0.154,0.3165
3,20260817,28,permute_both_renormalized,2,early,97,all_pair_product,500,0,500,4.0,0.67175,0.17174999999999996,0.7069999999999992,0.492,0.5341666666666668
3,20260817,28,permute_both_renormalized,2,early,97,minimum_max_pressure,500,0,500,4.0,0.5865,0.08650000000000002,0.5483238095238091,0.154,0.36383333333333395
3,20260817,28,catalog,2,middle,97,random_order,500,7,493,3.967545638945233,0.5,0.0,0.40324543610548,0.0,0.2527045300878971
3,20260817,28,catalog,2,middle,97,balance_only,500,7,493,3.967545638945233,0.5420892494929005,0.04208924949290049,0.503467593934124,0.012170385395537525,0.2718052738336714
3,20260817,28,catalog,2,middle,97,balance_random_pair,500,7,493,3.967545638945233,0.5844320486815415,0.08443204868154153,0.5788853472423443,0.21095334685598377,0.3808316430020284
3,20260817,28,catalog,2,middle,97,balance_pressured_pair,500,7,493,3.967545638945233,0.6006592292089248,0.10065922920892478,0.6011349367333141,0.25963488843813387,0.3816768086544963
3,20260817,28,catalog,2,middle,97,all_pair_product,500,7,493,3.967545638945233,0.7435767410412438,0.24357674104124383,0.7995315367526322,0.6348884381338742,0.665314401622718
3,20260817,28,catalog,2,middle,97,minimum_max_pressure,500,7,493,3.967545638945233,0.6287187288708584,0.12871872887085845,0.6211726069738237,0.28600405679513186,0.4560513860716706
3,20260817,28,permute_both_fixed_anchor,2,middle,97,random_order,500,0,500,3.986,0.5,0.0,0.4014000000000034,0.0,0.25116666666666665
3,20260817,28,permute_both_fixed_anchor,2,middle,97,balance_only,500,0,500,3.986,0.5465000000000001,0.0465000000000001,0.5082761904761887,0.016,0.2839999999999999
3,20260817,28,permute_both_fixed_anchor,2,middle,97,balance_random_pair,500,0,500,3.986,0.5674166666666668,0.06741666666666679,0.5423333333333327,0.132,0.3145
3,20260817,28,permute_both_fixed_anchor,2,middle,97,balance_pressured_pair,500,0,500,3.986,0.6083333333333332,0.10833333333333317,0.5906000000000001,0.212,0.366
3,20260817,28,permute_both_fixed_anchor,2,middle,97,all_pair_product,500,0,500,3.986,0.7211666666666666,0.22116666666666662,0.7707952380952373,0.594,0.624
3,20260817,28,permute_both_fixed_anchor,2,middle,97,minimum_max_pressure,500,0,500,3.986,0.6279166666666666,0.12791666666666657,0.5889619047619044,0.206,0.4120000000000007
3,20260817,28,permute_both_renormalized,2,middle,97,random_order,500,0,500,3.986,0.5,0.0,0.4014000000000035,0.0,0.25116666666666665
3,20260817,28,permute_both_renormalized,2,middle,97,balance_only,500,0,500,3.986,0.5376666666666666,0.037666666666666626,0.5013238095238086,0.016,0.2746666666666666
3,20260817,28,permute_both_renormalized,2,middle,97,balance_random_pair,500,0,500,3.986,0.58075,0.08074999999999999,0.556271428571429,0.14,0.3355
3,20260817,28,permute_both_renormalized,2,middle,97,balance_pressured_pair,500,0,500,3.986,0.62875,0.12875000000000003,0.6225238095238096,0.276,0.41633333333333333
3,20260817,28,permute_both_renormalized,2,middle,97,all_pair_product,500,0,500,3.986,0.7414166666666666,0.2414166666666666,0.7974333333333327,0.636,0.668
3,20260817,28,permute_both_renormalized,2,middle,97,minimum_max_pressure,500,0,500,3.986,0.6566666666666666,0.15666666666666662,0.6335142857142853,0.28,0.47933333333333433
3,20260817,28,catalog,4,early,97,random_order,500,0,500,16.0,0.5,0.0,0.11764705882352902,0.0,0.0625
3,20260817,28,catalog,4,early,97,balance_only,500,0,500,16.0,0.573,0.07299999999999995,0.1904710576488675,0.0,0.08199999999999995
3,20260817,28,catalog,4,early,97,balance_random_pair,500,0,500,16.0,0.565875,0.06587500000000002,0.22033287748999736,0.102,0.0978333333333334
3,20260817,28,catalog,4,early,97,balance_pressured_pair,500,0,500,16.0,0.5745,0.07450000000000001,0.23418856255369652,0.186,0.10383333333333347
3,20260817,28,catalog,4,early,97,all_pair_product,500,0,500,16.0,0.713875,0.21387500000000004,0.41214066122608645,0.366,0.22349999999999998
3,20260817,28,catalog,4,early,97,minimum_max_pressure,500,0,500,16.0,0.5996875,0.09968750000000004,0.23626194356593472,0.132,0.12374829614829648
3,20260817,28,permute_both_fixed_anchor,4,early,97,random_order,500,0,500,16.0,0.5,0.0,0.11764705882352902,0.0,0.0625
3,20260817,28,permute_both_fixed_anchor,4,early,97,balance_only,500,0,500,16.0,0.5368125,0.036812500000000026,0.17476471427019902,0.0,0.0700000000000001
3,20260817,28,permute_both_fixed_anchor,4,early,97,balance_random_pair,500,0,500,16.0,0.5576875,0.0576875,0.1926935969385502,0.084,0.07383333333333336
3,20260817,28,permute_both_fixed_anchor,4,early,97,balance_pressured_pair,500,0,500,16.0,0.574875,0.07487500000000002,0.20792704753988087,0.112,0.08016666666666669
3,20260817,28,permute_both_fixed_anchor,4,early,97,all_pair_product,500,0,500,16.0,0.754,0.254,0.4655786396330988,0.406,0.3021666666666667
3,20260817,28,permute_both_fixed_anchor,4,early,97,minimum_max_pressure,500,0,500,16.0,0.651625,0.151625,0.2743207296410895,0.164,0.16080374625374635
3,20260817,28,permute_both_renormalized,4,early,97,random_order,500,0,500,16.0,0.5,0.0,0.11764705882352902,0.0,0.0625
3,20260817,28,permute_both_renormalized,4,early,97,balance_only,500,0,500,16.0,0.527875,0.027874999999999983,0.1717946842464592,0.0,0.06750000000000013
3,20260817,28,permute_both_renormalized,4,early,97,balance_random_pair,500,0,500,16.0,0.5520625,0.05206250000000001,0.19655124274210697,0.07,0.07816666666666666
3,20260817,28,permute_both_renormalized,4,early,97,balance_pressured_pair,500,0,500,16.0,0.572875,0.07287500000000002,0.21652954842850425,0.134,0.09066666666666665
3,20260817,28,permute_both_renormalized,4,early,97,all_pair_product,500,0,500,16.0,0.735875,0.23587499999999995,0.44701530065701545,0.388,0.2881666666666667
3,20260817,28,permute_both_renormalized,4,early,97,minimum_max_pressure,500,0,500,16.0,0.6528125,0.15281250000000002,0.2697884535879881,0.16,0.157333127983128
3,20260817,28,catalog,4,middle,97,random_order,500,3,497,15.048289738430583,0.5,0.0,0.12975999618797554,0.0,0.0698958402429228
3,20260817,28,catalog,4,middle,97,balance_only,500,3,497,15.048289738430583,0.5687323784532035,0.06873237845320346,0.19977202380967185,0.002012072434607646,0.08363514419852446
3,20260817,28,catalog,4,middle,97,balance_random_pair,500,3,497,15.048289738430583,0.6056126720362134,0.10561267203621338,0.24987984117354597,0.16901408450704225,0.11265624047314197
3,20260817,28,catalog,4,middle,97,balance_pressured_pair,500,3,497,15.048289738430583,0.648219017736121,0.148219017736121,0.2943009940293875,0.23138832997987926,0.14067739771965124
3,20260817,28,catalog,4,middle,97,all_pair_product,500,3,497,15.048289738430583,0.8292236351843987,0.3292236351843987,0.5733250313608622,0.5694164989939637,0.39050972501676723
3,20260817,28,catalog,4,middle,97,minimum_max_pressure,500,3,497,15.048289738430583,0.7087853042329898,0.2087853042329898,0.3603847644465331,0.2837022132796781,0.24068458369263207
3,20260817,28,permute_both_fixed_anchor,4,middle,97,random_order,500,0,500,15.514,0.5,0.0,0.12201662846956936,0.0,0.06503340825840827
3,20260817,28,permute_both_fixed_anchor,4,middle,97,balance_only,500,0,500,15.514,0.5629065642690649,0.06290656426906494,0.19149325315389887,0.01,0.07650000000000001
3,20260817,28,permute_both_fixed_anchor,4,middle,97,balance_random_pair,500,0,500,15.514,0.6123949758574762,0.11239497585747615,0.2352969358251952,0.156,0.10291919191919202
3,20260817,28,permute_both_fixed_anchor,4,middle,97,balance_pressured_pair,500,0,500,15.514,0.6657873459873461,0.16578734598734612,0.28225814691321954,0.266,0.13290000000000013
3,20260817,28,permute_both_fixed_anchor,4,middle,97,all_pair_product,500,0,500,15.514,0.8403620296370287,0.34036202963702866,0.640074671380085,0.63,0.5053333333333333
3,20260817,28,permute_both_fixed_anchor,4,middle,97,minimum_max_pressure,500,0,500,15.514,0.7452525016650011,0.24525250166500112,0.39295002123818373,0.304,0.2793615440115439
3,20260817,28,permute_both_renormalized,4,middle,97,random_order,500,0,500,15.484,0.5,0.0,0.12210944741532948,0.0,0.06506364746364748
3,20260817,28,permute_both_renormalized,4,middle,97,balance_only,500,0,500,15.484,0.5801751401376404,0.08017514013764038,0.20571079812372708,0.008,0.08876666666666659
3,20260817,28,permute_both_renormalized,4,middle,97,balance_random_pair,500,0,500,15.484,0.6314905774780779,0.1314905774780779,0.24975450288956602,0.176,0.1155803030303031
3,20260817,28,permute_both_renormalized,4,middle,97,balance_pressured_pair,500,0,500,15.484,0.6773277763902763,0.1773277763902763,0.2835747670701042,0.242,0.13116666666666668
3,20260817,28,permute_both_renormalized,4,middle,97,all_pair_product,500,0,500,15.484,0.8463637848262836,0.3463637848262836,0.6263481929374266,0.626,0.472
3,20260817,28,permute_both_renormalized,4,middle,97,minimum_max_pressure,500,0,500,15.484,0.7576945443445441,0.2576945443445441,0.39315115474356316,0.304,0.2761940115440115
3,20260817,28,catalog,8,early,97,random_order,500,0,500,256.0,0.5,0.0,0.007782101167315149,0.0,0.00390625
3,20260817,28,catalog,8,early,97,balance_only,500,0,500,256.0,0.63333984375,0.13333984374999996,0.016559264130278827,0.0,0.006021428571428554
3,20260817,28,catalog,8,early,97,balance_random_pair,500,0,500,256.0,0.62684375,0.12684375000000003,0.021196112849366507,0.168,0.007249999999999985
3,20260817,28,catalog,8,early,97,balance_pressured_pair,500,0,500,256.0,0.647921875,0.14792187499999998,0.022699298100972758,0.166,0.0073579365079364965
3,20260817,28,catalog,8,early,97,all_pair_product,500,0,500,256.0,0.8219609375,0.3219609375,0.1370809594657049,0.502,0.07060561660561662
3,20260817,28,catalog,8,early,97,minimum_max_pressure,500,0,500,256.0,0.67171484375,0.17171484375,0.06034546723411535,0.202,0.03825326761845922
3,20260817,28,permute_both_fixed_anchor,8,early,97,random_order,500,0,500,256.0,0.5,0.0,0.007782101167315149,0.0,0.00390625
3,20260817,28,permute_both_fixed_anchor,8,early,97,balance_only,500,0,500,256.0,0.55230078125,0.05230078125000004,0.013672550839828372,0.0,0.004307142857142847
3,20260817,28,permute_both_fixed_anchor,8,early,97,balance_random_pair,500,0,500,256.0,0.6175234375,0.11752343750000005,0.018793333364113225,0.146,0.005807936507936499
3,20260817,28,permute_both_fixed_anchor,8,early,97,balance_pressured_pair,500,0,500,256.0,0.6110078125,0.11100781250000002,0.01898355485235172,0.136,0.0054039682539682495
3,20260817,28,permute_both_fixed_anchor,8,early,97,all_pair_product,500,0,500,256.0,0.85179296875,0.35179296875,0.2594170256773267,0.596,0.17820079365079364
3,20260817,28,permute_both_fixed_anchor,8,early,97,minimum_max_pressure,500,0,500,256.0,0.754984375,0.25498437500000004,0.08199156473133044,0.262,0.05525161856037895
3,20260817,28,permute_both_renormalized,8,early,97,random_order,500,0,500,256.0,0.5,0.0,0.007782101167315149,0.0,0.00390625
3,20260817,28,permute_both_renormalized,8,early,97,balance_only,500,0,500,256.0,0.5709765625,0.07097656249999995,0.014556296265455956,0.0,0.004899999999999988
3,20260817,28,permute_both_renormalized,8,early,97,balance_random_pair,500,0,500,256.0,0.614859375,0.11485937499999999,0.018928089356661307,0.152,0.005824603174603167
3,20260817,28,permute_both_renormalized,8,early,97,balance_pressured_pair,500,0,500,256.0,0.64080078125,0.14080078124999995,0.022015714176814753,0.182,0.007079365079365068
3,20260817,28,permute_both_renormalized,8,early,97,all_pair_product,500,0,500,256.0,0.8546171875,0.35461718750000004,0.23792664811561348,0.594,0.15746488095238095
3,20260817,28,permute_both_renormalized,8,early,97,minimum_max_pressure,500,0,500,256.0,0.747890625,0.24789062500000003,0.07248360388173246,0.238,0.04726862644155951
3,20260817,28,catalog,8,middle,97,random_order,500,0,500,187.1,0.5,0.0,0.011582464762355327,0.0,0.005829163971759576
3,20260817,28,catalog,8,middle,97,balance_only,500,0,500,187.1,0.6492360929038067,0.14923609290380668,0.02267532276633301,0.008,0.009286425955844611
3,20260817,28,catalog,8,middle,97,balance_random_pair,500,0,500,187.1,0.7079709382849744,0.20797093828497437,0.038486186133723545,0.254,0.01416743976220538
3,20260817,28,catalog,8,middle,97,balance_pressured_pair,500,0,500,187.1,0.7147535749514238,0.21475357495142378,0.04217587308287246,0.312,0.01534000815494183
3,20260817,28,catalog,8,middle,97,all_pair_product,500,0,500,187.1,0.9327189509005321,0.43271895090053214,0.4495085550259813,0.784,0.34234999999999993
3,20260817,28,catalog,8,middle,97,minimum_max_pressure,500,0,500,187.1,0.8286902721372568,0.32869027213725677,0.13549792676140573,0.444,0.09463437865783633
3,20260817,28,permute_both_fixed_anchor,8,middle,97,random_order,500,0,500,194.404,0.5,0.0,0.010701426631897333,0.0,0.005381003198029794
3,20260817,28,permute_both_fixed_anchor,8,middle,97,balance_only,500,0,500,194.404,0.6195864109540143,0.11958641095401434,0.02047351818632289,0.016,0.007969598801682578
3,20260817,28,permute_both_fixed_anchor,8,middle,97,balance_random_pair,500,0,500,194.404,0.7008492659871054,0.2008492659871054,0.034507867042331976,0.218,0.01288576398512891
3,20260817,28,permute_both_fixed_anchor,8,middle,97,balance_pressured_pair,500,0,500,194.404,0.7347504896456487,0.2347504896456487,0.04094692450997853,0.278,0.015410304933114762
3,20260817,28,permute_both_fixed_anchor,8,middle,97,all_pair_product,500,0,500,194.404,0.9337369300858133,0.43373693008581327,0.47537867722323746,0.798,0.3738334535834536
3,20260817,28,permute_both_fixed_anchor,8,middle,97,minimum_max_pressure,500,0,500,194.404,0.8671299911697434,0.36712999116974343,0.22535392189294792,0.556,0.17767663695542504
3,20260817,28,permute_both_renormalized,8,middle,97,random_order,500,0,500,195.004,0.5,0.0,0.010705356406193297,0.0,0.0053832403338217255
3,20260817,28,permute_both_renormalized,8,middle,97,balance_only,500,0,500,195.004,0.6271004996559053,0.1271004996559053,0.020964882511741355,0.028,0.008364837206185775
3,20260817,28,permute_both_renormalized,8,middle,97,balance_random_pair,500,0,500,195.004,0.6984884302490516,0.1984884302490516,0.0320597589809977,0.184,0.010942997645216125
3,20260817,28,permute_both_renormalized,8,middle,97,balance_pressured_pair,500,0,500,195.004,0.7305369398789823,0.23053693987898227,0.03821602103568838,0.272,0.013877601345014291
3,20260817,28,permute_both_renormalized,8,middle,97,all_pair_product,500,0,500,195.004,0.9397523528070164,0.4397523528070164,0.5102090178550202,0.806,0.42328482017982016
3,20260817,28,permute_both_renormalized,8,middle,97,minimum_max_pressure,500,0,500,195.004,0.876369382515256,0.376369382515256,0.22444292705590396,0.608,0.17380116126532724
4,20260818,24,catalog,2,early,12,random_order,500,0,500,4.0,0.5,0.0,0.4000000000000035,0.0,0.25
4,20260818,24,catalog,2,early,12,balance_only,500,0,500,4.0,0.53875,0.03874999999999995,0.5007619047619032,0.0,0.273
4,20260818,24,catalog,2,early,12,balance_random_pair,500,0,500,4.0,0.52225,0.022249999999999992,0.5102238095238093,0.1,0.2975
4,20260818,24,catalog,2,early,12,balance_pressured_pair,500,0,500,4.0,0.4685,-0.03149999999999997,0.5162047619047623,0.244,0.313
4,20260818,24,catalog,2,early,12,all_pair_product,500,0,500,4.0,0.58425,0.08425000000000005,0.5998714285714287,0.32,0.378
4,20260818,24,catalog,2,early,12,minimum_max_pressure,500,0,500,4.0,0.43925,-0.060750000000000026,0.4935238095238093,0.246,0.30249999999999994
4,20260818,24,permute_both_fixed_anchor,2,early,12,random_order,500,0,500,4.0,0.5,0.0,0.4000000000000035,0.0,0.25
4,20260818,24,permute_both_fixed_anchor,2,early,12,balance_only,500,0,500,4.0,0.52725,0.027249999999999996,0.4941904761904745,0.0,0.267
4,20260818,24,permute_both_fixed_anchor,2,early,12,balance_random_pair,500,0,500,4.0,0.55125,0.05125000000000002,0.5238714285714282,0.102,0.299
4,20260818,24,permute_both_fixed_anchor,2,early,12,balance_pressured_pair,500,0,500,4.0,0.5725,0.07250000000000001,0.5533761904761907,0.158,0.321
4,20260818,24,permute_both_fixed_anchor,2,early,12,all_pair_product,500,0,500,4.0,0.6685,0.16849999999999998,0.6968095238095239,0.456,0.5186666666666667
4,20260818,24,permute_both_fixed_anchor,2,early,12,minimum_max_pressure,500,0,500,4.0,0.58925,0.08925000000000005,0.5488380952380952,0.152,0.36066666666666714
4,20260818,24,permute_both_renormalized,2,early,12,random_order,500,0,500,4.0,0.5,0.0,0.4000000000000035,0.0,0.25
4,20260818,24,permute_both_renormalized,2,early,12,balance_only,500,0,500,4.0,0.51725,0.017249999999999988,0.48761904761904606,0.0,0.259
4,20260818,24,permute_both_renormalized,2,early,12,balance_random_pair,500,0,500,4.0,0.5445,0.044499999999999984,0.5169523809523809,0.102,0.2905
4,20260818,24,permute_both_renormalized,2,early,12,balance_pressured_pair,500,0,500,4.0,0.5515,0.05149999999999999,0.5387285714285713,0.152,0.3045
4,20260818,24,permute_both_renormalized,2,early,12,all_pair_product,500,0,500,4.0,0.65875,0.15874999999999995,0.689680952380952,0.46,0.5091666666666667
4,20260818,24,permute_both_renormalized,2,early,12,minimum_max_pressure,500,0,500,4.0,0.58025,0.08025000000000004,0.5394190476190472,0.126,0.3471666666666669
4,20260818,24,catalog,2,middle,12,random_order,500,57,443,3.9977426636568847,0.5,0.0,0.40022573363431474,0.0,0.25018811136192626
4,20260818,24,catalog,2,middle,12,balance_only,500,57,443,3.9977426636568847,0.5405379984951091,0.040537998495109084,0.500419219606577,0.004514672686230248,0.272385252069225
4,20260818,24,catalog,2,middle,12,balance_random_pair,500,57,443,3.9977426636568847,0.5695071482317532,0.06950714823175319,0.555922820595506,0.15575620767494355,0.3577878103837472
4,20260818,24,catalog,2,middle,12,balance_pressured_pair,500,57,443,3.9977426636568847,0.5453348382242288,0.04533483822422879,0.5739385144577019,0.28216704288939054,0.3803611738148984
4,20260818,24,catalog,2,middle,12,all_pair_product,500,57,443,3.9977426636568847,0.6266930022573364,0.12669300225733637,0.6571912286359247,0.4153498871331828,0.47460496613995484
4,20260818,24,catalog,2,middle,12,minimum_max_pressure,500,57,443,3.9977426636568847,0.5848382242287435,0.08483822422874354,0.6296570998602596,0.39954853273137697,0.48589164785553063
4,20260818,24,permute_both_fixed_anchor,2,middle,12,random_order,500,0,500,3.994,0.5,0.0,0.40060000000000356,0.0,0.2505
4,20260818,24,permute_both_fixed_anchor,2,middle,12,balance_only,500,0,500,3.994,0.5393333333333332,0.03933333333333322,0.5012666666666654,0.02,0.27599999999999997
4,20260818,24,permute_both_fixed_anchor,2,middle,12,balance_random_pair,500,0,500,3.994,0.5816666666666668,0.08166666666666678,0.5579857142857142,0.15,0.3363333333333334
4,20260818,24,permute_both_fixed_anchor,2,middle,12,balance_pressured_pair,500,0,500,3.994,0.6203333333333334,0.1203333333333334,0.6081285714285711,0.252,0.39316666666666666
4,20260818,24,permute_both_fixed_anchor,2,middle,12,all_pair_product,500,0,500,3.994,0.7376666666666666,0.23766666666666658,0.7833571428571423,0.602,0.6375
4,20260818,24,permute_both_fixed_anchor,2,middle,12,minimum_max_pressure,500,0,500,3.994,0.6645,0.16449999999999998,0.6456571428571423,0.308,0.48883333333333423
4,20260818,24,permute_both_renormalized,2,middle,12,random_order,500,0,500,3.986,0.5,0.0,0.4014000000000034,0.0,0.25116666666666665
4,20260818,24,permute_both_renormalized,2,middle,12,balance_only,500,0,500,3.986,0.5360000000000001,0.03600000000000014,0.5006952380952367,0.022,0.27433333333333326
4,20260818,24,permute_both_renormalized,2,middle,12,balance_random_pair,500,0,500,3.986,0.5796666666666667,0.07966666666666666,0.5608857142857138,0.164,0.3440000000000001
4,20260818,24,permute_both_renormalized,2,middle,12,balance_pressured_pair,500,0,500,3.986,0.6027499999999999,0.1027499999999999,0.5971857142857141,0.248,0.37849999999999995
4,20260818,24,permute_both_renormalized,2,middle,12,all_pair_product,500,0,500,3.986,0.7373333333333334,0.2373333333333334,0.7897857142857135,0.622,0.6485
4,20260818,24,permute_both_renormalized,2,middle,12,minimum_max_pressure,500,0,500,3.986,0.6346666666666666,0.1346666666666666,0.6220238095238091,0.294,0.4575000000000009
4,20260818,24,catalog,4,early,12,random_order,264,0,264,16.0,0.5,0.0,0.11764705882352905,0.0,0.0625
4,20260818,24,catalog,4,early,12,balance_only,264,0,264,16.0,0.6151751893939394,0.11517518939393945,0.21108299294791194,0.0,0.10290404040404061
4,20260818,24,catalog,4,early,12,balance_random_pair,264,0,264,16.0,0.5714962121212122,0.07149621212121215,0.21963544083280387,0.056818181818181816,0.10511363636363628
4,20260818,24,catalog,4,early,12,balance_pressured_pair,264,0,264,16.0,0.5224905303030303,0.022490530303030276,0.2090410046428564,0.05303030303030303,0.09406565656565656
4,20260818,24,catalog,4,early,12,all_pair_product,264,0,264,16.0,0.6248816287878788,0.12488162878787878,0.37752144444397256,0.32954545454545453,0.2345328282828283
4,20260818,24,catalog,4,early,12,minimum_max_pressure,264,0,264,16.0,0.4757339015151515,-0.02426609848484851,0.20349150729716003,0.0946969696969697,0.09721461198733922
4,20260818,24,permute_both_fixed_anchor,4,early,12,random_order,264,0,264,16.0,0.5,0.0,0.11764705882352905,0.0,0.0625
4,20260818,24,permute_both_fixed_anchor,4,early,12,balance_only,264,0,264,16.0,0.5486505681818182,0.04865056818181823,0.17975203546716786,0.0,0.0744949494949495
4,20260818,24,permute_both_fixed_anchor,4,early,12,balance_random_pair,264,0,264,16.0,0.560250946969697,0.06025094696969702,0.20179386028908608,0.07575757575757576,0.08333333333333331
4,20260818,24,permute_both_fixed_anchor,4,early,12,balance_pressured_pair,264,0,264,16.0,0.5775331439393939,0.07753314393939392,0.21599901661139745,0.0946969696969697,0.08901515151515152
4,20260818,24,permute_both_fixed_anchor,4,early,12,all_pair_product,264,0,264,16.0,0.7368607954545454,0.23686079545454541,0.4626413435367972,0.4053030303030303,0.3191287878787879
4,20260818,24,permute_both_fixed_anchor,4,early,12,minimum_max_pressure,264,0,264,16.0,0.6608664772727273,0.1608664772727273,0.2962045934017863,0.2159090909090909,0.18297347643938566
4,20260818,24,permute_both_renormalized,4,early,12,random_order,264,0,264,16.0,0.5,0.0,0.11764705882352905,0.0,0.0625
4,20260818,24,permute_both_renormalized,4,early,12,balance_only,264,0,264,16.0,0.5419034090909091,0.04190340909090906,0.1763745504311202,0.0,0.07133838383838383
4,20260818,24,permute_both_renormalized,4,early,12,balance_random_pair,264,0,264,16.0,0.5806107954545454,0.08061079545454541,0.2052907858071756,0.08333333333333333,0.08301767676767675
4,20260818,24,permute_both_renormalized,4,early,12,balance_pressured_pair,264,0,264,16.0,0.575875946969697,0.07587594696969702,0.21073227496527294,0.125,0.08364898989898988
4,20260818,24,permute_both_renormalized,4,early,12,all_pair_product,264,0,264,16.0,0.7559185606060606,0.25591856060606055,0.45131504158311775,0.4053030303030303,0.27935606060606066
4,20260818,24,permute_both_renormalized,4,early,12,minimum_max_pressure,264,0,264,16.0,0.6522253787878788,0.15222537878787878,0.2575802485973014,0.15151515151515152,0.13578506930779655
4,20260818,24,catalog,4,middle,12,random_order,500,39,461,15.739696312364424,0.5,0.0,0.12015014248649525,0.0,0.06394871397582892
4,20260818,24,catalog,4,middle,12,balance_only,500,39,461,15.739696312364424,0.6321063517104731,0.13210635171047314,0.21442598033533367,0.004338394793926247,0.10093998553868387
4,20260818,24,catalog,4,middle,12,balance_random_pair,500,39,461,15.739696312364424,0.632375153768863,0.132375153768863,0.23883146847698414,0.06290672451193059,0.11389929665417739
4,20260818,24,catalog,4,middle,12,balance_pressured_pair,500,39,461,15.739696312364424,0.5836787850616486,0.08367878506164861,0.2310670592608174,0.09327548806941431,0.10466377440347072
4,20260818,24,catalog,4,middle,12,all_pair_product,500,39,461,15.739696312364424,0.7119009470283874,0.21190094702838735,0.4609014661179181,0.4164859002169197,0.31601590744757774
4,20260818,24,catalog,4,middle,12,minimum_max_pressure,500,39,461,15.739696312364424,0.6727218732099426,0.1727218732099426,0.4172276992790611,0.34273318872017355,0.32209412062991216
4,20260818,24,permute_both_fixed_anchor,4,middle,12,random_order,500,0,500,15.58,0.5,0.0,0.12142647058823498,0.0,0.06469361471861472
4,20260818,24,permute_both_fixed_anchor,4,middle,12,balance_only,500,0,500,15.58,0.5684658549783553,0.06846585497835533,0.19359248830586753,0.01,0.0809666666666666
4,20260818,24,permute_both_fixed_anchor,4,middle,12,balance_random_pair,500,0,500,15.58,0.6117576839826842,0.11175768398268415,0.23667401418362777,0.166,0.10671515151515153
4,20260818,24,permute_both_fixed_anchor,4,middle,12,balance_pressured_pair,500,0,500,15.58,0.6589534090909089,0.15895340909090894,0.27827879321784227,0.268,0.13383333333333342
4,20260818,24,permute_both_fixed_anchor,4,middle,12,all_pair_product,500,0,500,15.58,0.8408080627705614,0.3408080627705614,0.6038170897441361,0.598,0.44589999999999996
4,20260818,24,permute_both_fixed_anchor,4,middle,12,minimum_max_pressure,500,0,500,15.58,0.7314561688311678,0.23145616883116782,0.3795601023567288,0.294,0.26680274170274176
4,20260818,24,permute_both_renormalized,4,middle,12,random_order,500,0,500,15.744,0.5,0.0,0.11967745098039183,0.0,0.06365790043290041
4,20260818,24,permute_both_renormalized,4,middle,12,balance_only,500,0,500,15.744,0.5847068722943726,0.08470687229437257,0.20183047473775964,0.004,0.08823333333333327
4,20260818,24,permute_both_renormalized,4,middle,12,balance_random_pair,500,0,500,15.744,0.6032411796536798,0.10324117965367985,0.23012444224347406,0.128,0.10131212121212116
4,20260818,24,permute_both_renormalized,4,middle,12,balance_pressured_pair,500,0,500,15.744,0.6486359307359305,0.1486359307359305,0.26516219138220903,0.216,0.12266666666666673
4,20260818,24,permute_both_renormalized,4,middle,12,all_pair_product,500,0,500,15.744,0.8238424783549771,0.32384247835497715,0.5972979916772889,0.572,0.4540666666666666
4,20260818,24,permute_both_renormalized,4,middle,12,minimum_max_pressure,500,0,500,15.744,0.7398003787878783,0.2398003787878783,0.3989038838018805,0.336,0.28691598956598957
4,20260818,24,catalog,8,early,12,random_order,264,0,264,256.0,0.5,0.0,0.007782101167315151,0.0,0.00390625
4,20260818,24,catalog,8,early,12,balance_only,264,0,264,256.0,0.7035540956439394,0.20355409564393945,0.019853414875943852,0.0,0.008252164502164481
4,20260818,24,catalog,8,early,12,balance_random_pair,264,0,264,256.0,0.7079338304924242,0.2079338304924242,0.03144005122315279,0.44696969696969696,0.013552188552188524
4,20260818,24,catalog,8,early,12,balance_pressured_pair,264,0,264,256.0,0.6300603693181818,0.13006036931818177,0.02555442974331768,0.3371212121212121,0.010015331890331878
4,20260818,24,catalog,8,early,12,all_pair_product,264,0,264,256.0,0.739990234375,0.239990234375,0.23872868469478511,0.5227272727272727,0.17108059764309766
4,20260818,24,catalog,8,early,12,minimum_max_pressure,264,0,264,256.0,0.6767578125,0.1767578125,0.12363017377130565,0.36742424242424243,0.09571501182475409
4,20260818,24,permute_both_fixed_anchor,8,early,12,random_order,264,0,264,256.0,0.5,0.0,0.007782101167315151,0.0,0.00390625
4,20260818,24,permute_both_fixed_anchor,8,early,12,balance_only,264,0,264,256.0,0.578805634469697,0.07880563446969702,0.014536597525777522,0.0,0.00478896103896103
4,20260818,24,permute_both_fixed_anchor,8,early,12,balance_random_pair,264,0,264,256.0,0.6348544034090909,0.13485440340909094,0.01868194445843308,0.125,0.005369167869167869
4,20260818,24,permute_both_fixed_anchor,8,early,12,balance_pressured_pair,264,0,264,256.0,0.6515669389204546,0.15156693892045459,0.023895312385357838,0.20454545454545456,0.008065776815776818
4,20260818,24,permute_both_fixed_anchor,8,early,12,all_pair_product,264,0,264,256.0,0.87255859375,0.37255859375,0.2865584658603216,0.6401515151515151,0.2113997113997114
4,20260818,24,permute_both_fixed_anchor,8,early,12,minimum_max_pressure,264,0,264,256.0,0.7656915838068182,0.26569158380681823,0.06919147090425809,0.2916666666666667,0.03719686933465507
4,20260818,24,permute_both_renormalized,8,early,12,random_order,264,0,264,256.0,0.5,0.0,0.007782101167315151,0.0,0.00390625
4,20260818,24,permute_both_renormalized,8,early,12,balance_only,264,0,264,256.0,0.5757871685606061,0.07578716856060608,0.014652338633853288,0.0,0.004937770562770554
4,20260818,24,permute_both_renormalized,8,early,12,balance_random_pair,264,0,264,256.0,0.6400997277462122,0.14009972774621215,0.02015198243847702,0.17045454545454544,0.0064213564213564224
4,20260818,24,permute_both_renormalized,8,early,12,balance_pressured_pair,264,0,264,256.0,0.6513893821022727,0.1513893821022727,0.021196917432056008,0.16287878787878787,0.006328162578162581
4,20260818,24,permute_both_renormalized,8,early,12,all_pair_product,264,0,264,256.0,0.8780554569128788,0.3780554569128788,0.28638982650685113,0.6515151515151515,0.19656986531986534
4,20260818,24,permute_both_renormalized,8,early,12,minimum_max_pressure,264,0,264,256.0,0.8008996212121212,0.3008996212121212,0.11246280487202791,0.38636363636363635,0.07413463167227069
4,20260818,24,catalog,8,middle,12,random_order,264,45,219,63.19178082191781,0.5,0.0,0.10665728351361604,0.0,0.06228235461448238
4,20260818,24,catalog,8,middle,12,balance_only,264,45,219,63.19178082191781,0.6386432822956424,0.13864328229564238,0.18258829341264618,0.0593607305936073,0.1072880614615682
4,20260818,24,catalog,8,middle,12,balance_random_pair,264,45,219,63.19178082191781,0.7060178891004112,0.2060178891004112,0.2451642479155607,0.2465753424657534,0.16161213962711404
4,20260818,24,catalog,8,middle,12,balance_pressured_pair,264,45,219,63.19178082191781,0.6794204364472087,0.17942043644720873,0.24528377097637472,0.2557077625570776,0.15123774668409815
4,20260818,24,catalog,8,middle,12,all_pair_product,264,45,219,63.19178082191781,0.8354801970167431,0.33548019701674314,0.5161902953830946,0.680365296803653,0.43647260273972616
4,20260818,24,catalog,8,middle,12,minimum_max_pressure,264,45,219,63.19178082191781,0.615742626037361,0.11574262603736096,0.23231544756775716,0.2511415525114155,0.1710567023046233
4,20260818,24,permute_both_fixed_anchor,8,middle,12,random_order,264,3,261,41.632183908045974,0.5,0.0,0.1983004127035413,0.0,0.12535762614200435
4,20260818,24,permute_both_fixed_anchor,8,middle,12,balance_only,264,3,261,41.632183908045974,0.6223555955840546,0.12235559558405462,0.3422100270813374,0.2260536398467433,0.23765311912021628
4,20260818,24,permute_both_fixed_anchor,8,middle,12,balance_random_pair,264,3,261,41.632183908045974,0.6697549737667233,0.16975497376672333,0.36643930969244165,0.28735632183908044,0.25044010280370765
4,20260818,24,permute_both_fixed_anchor,8,middle,12,balance_pressured_pair,264,3,261,41.632183908045974,0.6367689182779932,0.1367689182779932,0.3532234714460034,0.30268199233716475,0.24618600122070547
4,20260818,24,permute_both_fixed_anchor,8,middle,12,all_pair_product,264,3,261,41.632183908045974,0.8542068351519818,0.3542068351519818,0.6559309330384279,0.735632183908046,0.5921775223499363
4,20260818,24,permute_both_fixed_anchor,8,middle,12,minimum_max_pressure,264,3,261,41.632183908045974,0.6043597877222628,0.10435978772226284,0.2881322981360236,0.19540229885057472,0.20486924848345994
4,20260818,24,permute_both_renormalized,8,middle,12,random_order,264,6,258,41.28294573643411,0.5,0.0,0.18223616256117947,0.0,0.11315011148415005
4,20260818,24,permute_both_renormalized,8,middle,12,balance_only,264,6,258,41.28294573643411,0.623628678838211,0.12362867883821105,0.3048527709037453,0.1937984496124031,0.19625656569702762
4,20260818,24,permute_both_renormalized,8,middle,12,balance_random_pair,264,6,258,41.28294573643411,0.6712839210251947,0.17128392102519474,0.3484420791734126,0.32170542635658916,0.22877047293822203
4,20260818,24,permute_both_renormalized,8,middle,12,balance_pressured_pair,264,6,258,41.28294573643411,0.6742207438762122,0.17422074387621223,0.3520265953944825,0.31007751937984496,0.23085563529333494
4,20260818,24,permute_both_renormalized,8,middle,12,all_pair_product,264,6,258,41.28294573643411,0.8603116550919229,0.36031165509192287,0.6493566884776676,0.7286821705426356,0.5782827304048235
4,20260818,24,permute_both_renormalized,8,middle,12,minimum_max_pressure,264,6,258,41.28294573643411,0.6094570494943892,0.10945704949438917,0.2965359567510478,0.20930232558139536,0.21670856377928072
4,20260818,28,catalog,2,early,97,random_order,500,0,500,4.0,0.5,0.0,0.4000000000000035,0.0,0.25
4,20260818,28,catalog,2,early,97,balance_only,500,0,500,4.0,0.51725,0.017249999999999988,0.48521428571428427,0.0,0.253
4,20260818,28,catalog,2,early,97,balance_random_pair,500,0,500,4.0,0.52075,0.020750000000000046,0.5058904761904759,0.1,0.2785
4,20260818,28,catalog,2,early,97,balance_pressured_pair,500,0,500,4.0,0.5515,0.05149999999999999,0.5471047619047619,0.182,0.3155
4,20260818,28,catalog,2,early,97,all_pair_product,500,0,500,4.0,0.6355,0.13549999999999995,0.6700809523809521,0.454,0.484
4,20260818,28,catalog,2,early,97,minimum_max_pressure,500,0,500,4.0,0.55025,0.05025000000000002,0.5054142857142854,0.096,0.31199999999999983
4,20260818,28,permute_both_fixed_anchor,2,early,97,random_order,500,0,500,4.0,0.5,0.0,0.4000000000000035,0.0,0.25
4,20260818,28,permute_both_fixed_anchor,2,early,97,balance_only,500,0,500,4.0,0.534,0.03400000000000003,0.5007857142857125,0.0,0.277
4,20260818,28,permute_both_fixed_anchor,2,early,97,balance_random_pair,500,0,500,4.0,0.55225,0.05225000000000002,0.5250999999999998,0.106,0.304
4,20260818,28,permute_both_fixed_anchor,2,early,97,balance_pressured_pair,500,0,500,4.0,0.57475,0.07474999999999998,0.5615904761904763,0.168,0.3355
4,20260818,28,permute_both_fixed_anchor,2,early,97,all_pair_product,500,0,500,4.0,0.65975,0.15974999999999995,0.6906333333333333,0.46,0.509
4,20260818,28,permute_both_fixed_anchor,2,early,97,minimum_max_pressure,500,0,500,4.0,0.5745,0.07450000000000001,0.5358380952380949,0.134,0.33866666666666706
4,20260818,28,permute_both_renormalized,2,early,97,random_order,500,0,500,4.0,0.5,0.0,0.4000000000000035,0.0,0.25
4,20260818,28,permute_both_renormalized,2,early,97,balance_only,500,0,500,4.0,0.52475,0.02475000000000005,0.4934523809523791,0.0,0.267
4,20260818,28,permute_both_renormalized,2,early,97,balance_random_pair,500,0,500,4.0,0.55675,0.05674999999999997,0.5298047619047616,0.114,0.307
4,20260818,28,permute_both_renormalized,2,early,97,balance_pressured_pair,500,0,500,4.0,0.57925,0.07925000000000004,0.564290476190476,0.178,0.3375
4,20260818,28,permute_both_renormalized,2,early,97,all_pair_product,500,0,500,4.0,0.666,0.16600000000000004,0.7081666666666661,0.508,0.5395
4,20260818,28,permute_both_renormalized,2,early,97,minimum_max_pressure,500,0,500,4.0,0.59575,0.09575,0.5662952380952376,0.188,0.38883333333333375
4,20260818,28,catalog,2,middle,97,random_order,500,9,491,3.9633401221995928,0.5,0.0,0.4036659877800442,0.0,0.2530549898167006
4,20260818,28,catalog,2,middle,97,balance_only,500,9,491,3.9633401221995928,0.5365750169721655,0.036575016972165475,0.5031471244302189,0.016293279022403257,0.27494908350305497
4,20260818,28,catalog,2,middle,97,balance_random_pair,500,9,491,3.9633401221995928,0.5630515953835709,0.06305159538357086,0.5560614877315483,0.18533604887983707,0.34351663272233535
4,20260818,28,catalog,2,middle,97,balance_pressured_pair,500,9,491,3.9633401221995928,0.5863034623217923,0.08630346232179231,0.5943943361458637,0.2729124236252546,0.37949762389680924
4,20260818,28,catalog,2,middle,97,all_pair_product,500,9,491,3.9633401221995928,0.7282756279701288,0.2282756279701288,0.778998157307729,0.604887983706721,0.6334012219959266
4,20260818,28,catalog,2,middle,97,minimum_max_pressure,500,9,491,3.9633401221995928,0.6186354378818737,0.1186354378818737,0.6104790999903017,0.27494908350305497,0.4419551934826891
4,20260818,28,permute_both_fixed_anchor,2,middle,97,random_order,500,0,500,3.98,0.5,0.0,0.40200000000000347,0.0,0.25166666666666665
4,20260818,28,permute_both_fixed_anchor,2,middle,97,balance_only,500,0,500,3.98,0.5345,0.034499999999999975,0.5026523809523799,0.024,0.27833333333333327
4,20260818,28,permute_both_fixed_anchor,2,middle,97,balance_random_pair,500,0,500,3.98,0.569,0.06899999999999995,0.5554904761904762,0.17,0.3375
4,20260818,28,permute_both_fixed_anchor,2,middle,97,balance_pressured_pair,500,0,500,3.98,0.6108333333333333,0.11083333333333334,0.6082666666666668,0.266,0.3983333333333334
4,20260818,28,permute_both_fixed_anchor,2,middle,97,all_pair_product,500,0,500,3.98,0.7134166666666667,0.2134166666666667,0.7649333333333327,0.596,0.6161666666666666
4,20260818,28,permute_both_fixed_anchor,2,middle,97,minimum_max_pressure,500,0,500,3.98,0.6314166666666667,0.13141666666666674,0.6134523809523811,0.268,0.4466666666666675
4,20260818,28,permute_both_renormalized,2,middle,97,random_order,500,0,500,3.988,0.5,0.0,0.4012000000000035,0.0,0.25099999999999995
4,20260818,28,permute_both_renormalized,2,middle,97,balance_only,500,0,500,3.988,0.5189166666666666,0.01891666666666658,0.48578095238095137,0.01,0.2503333333333333
4,20260818,28,permute_both_renormalized,2,middle,97,balance_random_pair,500,0,500,3.988,0.5583333333333332,0.05833333333333324,0.5361714285714277,0.136,0.306
4,20260818,28,permute_both_renormalized,2,middle,97,balance_pressured_pair,500,0,500,3.988,0.5980833333333333,0.0980833333333333,0.5847714285714282,0.218,0.35883333333333334
4,20260818,28,permute_both_renormalized,2,middle,97,all_pair_product,500,0,500,3.988,0.7215833333333332,0.22158333333333324,0.7696809523809516,0.598,0.615
4,20260818,28,permute_both_renormalized,2,middle,97,minimum_max_pressure,500,0,500,3.988,0.64475,0.14475000000000005,0.6239619047619047,0.274,0.46216666666666734
4,20260818,28,catalog,4,early,97,random_order,500,0,500,16.0,0.5,0.0,0.11764705882352902,0.0,0.0625
4,20260818,28,catalog,4,early,97,balance_only,500,0,500,16.0,0.5721875,0.07218749999999996,0.1883626710038869,0.0,0.07883333333333331
4,20260818,28,catalog,4,early,97,balance_random_pair,500,0,500,16.0,0.550125,0.050124999999999975,0.2065545249715421,0.102,0.08450000000000002
4,20260818,28,catalog,4,early,97,balance_pressured_pair,500,0,500,16.0,0.577875,0.07787500000000003,0.22925401001586215,0.172,0.09683333333333338
4,20260818,28,catalog,4,early,97,all_pair_product,500,0,500,16.0,0.7104375,0.21043750000000006,0.43056158529957567,0.358,0.2666666666666666
4,20260818,28,catalog,4,early,97,minimum_max_pressure,500,0,500,16.0,0.5920625,0.09206250000000005,0.22861835570351927,0.106,0.11977464757464776
4,20260818,28,permute_both_fixed_anchor,4,early,97,random_order,500,0,500,16.0,0.5,0.0,0.11764705882352902,0.0,0.0625
4,20260818,28,permute_both_fixed_anchor,4,early,97,balance_only,500,0,500,16.0,0.5291875,0.029187500000000033,0.16986296438223453,0.0,0.06466666666666683
4,20260818,28,permute_both_fixed_anchor,4,early,97,balance_random_pair,500,0,500,16.0,0.570375,0.07037499999999997,0.20334054449832678,0.1,0.08166666666666668
4,20260818,28,permute_both_fixed_anchor,4,early,97,balance_pressured_pair,500,0,500,16.0,0.581375,0.08137499999999998,0.21477485108836114,0.128,0.08516666666666667
4,20260818,28,permute_both_fixed_anchor,4,early,97,all_pair_product,500,0,500,16.0,0.7430625,0.24306249999999996,0.45762016395758354,0.402,0.29633333333333334
4,20260818,28,permute_both_fixed_anchor,4,early,97,minimum_max_pressure,500,0,500,16.0,0.6445,0.14449999999999996,0.25783921205698557,0.144,0.1429648296148298
4,20260818,28,permute_both_renormalized,4,early,97,random_order,500,0,500,16.0,0.5,0.0,0.11764705882352902,0.0,0.0625
4,20260818,28,permute_both_renormalized,4,early,97,balance_only,500,0,500,16.0,0.5259375,0.025937499999999947,0.16961260316182597,0.0,0.06516666666666683
4,20260818,28,permute_both_renormalized,4,early,97,balance_random_pair,500,0,500,16.0,0.5645,0.0645,0.20161636364508817,0.078,0.08183333333333329
4,20260818,28,permute_both_renormalized,4,early,97,balance_pressured_pair,500,0,500,16.0,0.570125,0.07012499999999999,0.20763050923623658,0.11,0.08033333333333331
4,20260818,28,permute_both_renormalized,4,early,97,all_pair_product,500,0,500,16.0,0.7295625,0.2295625,0.44826614059082287,0.398,0.2893333333333334
4,20260818,28,permute_both_renormalized,4,early,97,minimum_max_pressure,500,0,500,16.0,0.641,0.14100000000000001,0.2645125674015055,0.152,0.15278216783216797
4,20260818,28,catalog,4,middle,97,random_order,500,7,493,15.107505070993914,0.5,0.0,0.12881939978646784,0.0,0.06930495974613621
4,20260818,28,catalog,4,middle,97,balance_only,500,7,493,15.107505070993914,0.578806500294837,0.07880650029483705,0.20496478897795617,0.010141987829614604,0.08908045977011497
4,20260818,28,catalog,4,middle,97,balance_random_pair,500,7,493,15.107505070993914,0.6064645040557819,0.1064645040557819,0.24957083819605147,0.16835699797160245,0.11260833486999822
4,20260818,28,catalog,4,middle,97,balance_pressured_pair,500,7,493,15.107505070993914,0.6351573207049882,0.1351573207049882,0.2910397168898035,0.22515212981744423,0.14604462474645036
4,20260818,28,catalog,4,middle,97,all_pair_product,500,7,493,15.107505070993914,0.8308648163871276,0.3308648163871276,0.5938061054007835,0.5801217038539553,0.42461122379986477
4,20260818,28,catalog,4,middle,97,minimum_max_pressure,500,7,493,15.107505070993914,0.6977520493367346,0.19775204933673463,0.3527644095562354,0.28600405679513186,0.23513159704843287
4,20260818,28,permute_both_fixed_anchor,4,middle,97,random_order,500,0,500,15.41,0.5,0.0,0.12279362108479722,0.0,0.06545823343323344
4,20260818,28,permute_both_fixed_anchor,4,middle,97,balance_only,500,0,500,15.41,0.5678020729270729,0.06780207292707285,0.19645535037735573,0.008,0.08013333333333335
4,20260818,28,permute_both_fixed_anchor,4,middle,97,balance_random_pair,500,0,500,15.41,0.6151831751581751,0.11518317515817511,0.23894515792073598,0.162,0.10563268398268409
4,20260818,28,permute_both_fixed_anchor,4,middle,97,balance_pressured_pair,500,0,500,15.41,0.6677080544455546,0.1677080544455546,0.27970224054710635,0.228,0.12550000000000008
4,20260818,28,permute_both_fixed_anchor,4,middle,97,all_pair_product,500,0,500,15.41,0.8447468573093557,0.3447468573093557,0.6299890555293092,0.626,0.48650000000000004
4,20260818,28,permute_both_fixed_anchor,4,middle,97,minimum_max_pressure,500,0,500,15.41,0.7376230019980019,0.2376230019980019,0.3753285130744343,0.276,0.2553419413919414
4,20260818,28,permute_both_renormalized,4,middle,97,random_order,500,0,500,15.416,0.5,0.0,0.12294149673855526,0.0,0.06556766566766568
4,20260818,28,permute_both_renormalized,4,middle,97,balance_only,500,0,500,15.416,0.5760835289710294,0.07608352897102943,0.20517527933747845,0.01,0.08973333333333323
4,20260818,28,permute_both_renormalized,4,middle,97,balance_random_pair,500,0,500,15.416,0.612258121045621,0.11225812104562105,0.2413214209969039,0.158,0.10861363636363638
4,20260818,28,permute_both_renormalized,4,middle,97,balance_pressured_pair,500,0,500,15.416,0.6695509365634368,0.16955093656343678,0.29083470677375584,0.272,0.14200000000000002
4,20260818,28,permute_both_renormalized,4,middle,97,all_pair_product,500,0,500,15.416,0.8510069139194129,0.35100691391941286,0.6423319160538636,0.644,0.4993333333333333
4,20260818,28,permute_both_renormalized,4,middle,97,minimum_max_pressure,500,0,500,15.416,0.7589924408924404,0.25899244089244045,0.39859408537794766,0.308,0.2842124098124098
4,20260818,28,catalog,8,early,97,random_order,500,0,500,256.0,0.5,0.0,0.007782101167315149,0.0,0.00390625
4,20260818,28,catalog,8,early,97,balance_only,500,0,500,256.0,0.638078125,0.13807812500000005,0.016196873057222696,0.0,0.005664285714285699
4,20260818,28,catalog,8,early,97,balance_random_pair,500,0,500,256.0,0.63001953125,0.13001953125,0.021721697636443292,0.176,0.007566666666666652
4,20260818,28,catalog,8,early,97,balance_pressured_pair,500,0,500,256.0,0.6602578125,0.16025781250000004,0.024166765657362588,0.192,0.008280158730158716
4,20260818,28,catalog,8,early,97,all_pair_product,500,0,500,256.0,0.81584765625,0.31584765625,0.1534222354477374,0.52,0.09352918192918196
4,20260818,28,catalog,8,early,97,minimum_max_pressure,500,0,500,256.0,0.69622265625,0.19622265625000002,0.07152448546243607,0.242,0.0493772221915322
4,20260818,28,permute_both_fixed_anchor,8,early,97,random_order,500,0,500,256.0,0.5,0.0,0.007782101167315149,0.0,0.00390625
4,20260818,28,permute_both_fixed_anchor,8,early,97,balance_only,500,0,500,256.0,0.55680859375,0.056808593750000025,0.014106652210949332,0.0,0.004657142857142845
4,20260818,28,permute_both_fixed_anchor,8,early,97,balance_random_pair,500,0,500,256.0,0.6108125,0.11081249999999998,0.019077392928975027,0.16,0.005849999999999991
4,20260818,28,permute_both_fixed_anchor,8,early,97,balance_pressured_pair,500,0,500,256.0,0.63354296875,0.13354296875000005,0.021179391873361635,0.172,0.006414285714285707
4,20260818,28,permute_both_fixed_anchor,8,early,97,all_pair_product,500,0,500,256.0,0.84701171875,0.34701171875000003,0.2442373338557564,0.588,0.1672277777777778
4,20260818,28,permute_both_fixed_anchor,8,early,97,minimum_max_pressure,500,0,500,256.0,0.7267734375,0.2267734375,0.05064103124477886,0.194,0.0270109569484864
4,20260818,28,permute_both_renormalized,8,early,97,random_order,500,0,500,256.0,0.5,0.0,0.007782101167315149,0.0,0.00390625
4,20260818,28,permute_both_renormalized,8,early,97,balance_only,500,0,500,256.0,0.5666640625,0.06666406250000001,0.014383173776580523,0.0,0.00484285714285713
4,20260818,28,permute_both_renormalized,8,early,97,balance_random_pair,500,0,500,256.0,0.6062890625,0.10628906250000003,0.019444403119120903,0.182,0.006387301587301576
4,20260818,28,permute_both_renormalized,8,early,97,balance_pressured_pair,500,0,500,256.0,0.61296875,0.11296874999999995,0.020265393232840493,0.172,0.006089682539682534
4,20260818,28,permute_both_renormalized,8,early,97,all_pair_product,500,0,500,256.0,0.844984375,0.344984375,0.24422922864392232,0.606,0.1677333333333333
4,20260818,28,permute_both_renormalized,8,early,97,minimum_max_pressure,500,0,500,256.0,0.7181796875,0.21817968750000005,0.054451522705245906,0.19,0.03035760644494624
4,20260818,28,catalog,8,middle,97,random_order,500,0,500,191.146,0.5,0.0,0.01130807327993709,0.0,0.005690354418403615
4,20260818,28,catalog,8,middle,97,balance_only,500,0,500,191.146,0.6617826092207226,0.16178260922072263,0.022494176684161697,0.008,0.009385497303987913
4,20260818,28,catalog,8,middle,97,balance_random_pair,500,0,500,191.146,0.7003712695429336,0.2003712695429336,0.035432154779304725,0.228,0.012751742816708008
4,20260818,28,catalog,8,middle,97,balance_pressured_pair,500,0,500,191.146,0.7306368766862398,0.23063687668623978,0.04374259414944574,0.33,0.016219548199846567
4,20260818,28,catalog,8,middle,97,all_pair_product,500,0,500,191.146,0.9245266062030268,0.42452660620302685,0.43921146488997637,0.772,0.34462023809523806
4,20260818,28,catalog,8,middle,97,minimum_max_pressure,500,0,500,191.146,0.824219475235106,0.32421947523510597,0.13282461883097327,0.418,0.08990918494719813
4,20260818,28,permute_both_fixed_anchor,8,middle,97,random_order,500,0,500,195.362,0.5,0.0,0.010610638212332364,0.0,0.005334937657339783
4,20260818,28,permute_both_fixed_anchor,8,middle,97,balance_only,500,0,500,195.362,0.6189164327560955,0.11891643275609554,0.020755760335422174,0.03,0.008269312957233235
4,20260818,28,permute_both_fixed_anchor,8,middle,97,balance_random_pair,500,0,500,195.362,0.6948074736427942,0.19480747364279416,0.03237865078288157,0.188,0.011600804758388202
4,20260818,28,permute_both_fixed_anchor,8,middle,97,balance_pressured_pair,500,0,500,195.362,0.7387041090357276,0.23870410903572759,0.04153048858754603,0.29,0.016030172831252135
4,20260818,28,permute_both_fixed_anchor,8,middle,97,all_pair_product,500,0,500,195.362,0.9270761671246814,0.42707616712468144,0.48559895944873155,0.786,0.40342923280423276
4,20260818,28,permute_both_fixed_anchor,8,middle,97,minimum_max_pressure,500,0,500,195.362,0.8645279876927314,0.3645279876927314,0.21007712239404633,0.542,0.1621110600991188
4,20260818,28,permute_both_renormalized,8,middle,97,random_order,500,0,500,194.912,0.5,0.0,0.010667012838573913,0.0,0.0053635652541077945
4,20260818,28,permute_both_renormalized,8,middle,97,balance_only,500,0,500,194.912,0.6182371116530105,0.11823711165301054,0.020397986520041454,0.03,0.00801739654616024
4,20260818,28,permute_both_renormalized,8,middle,97,balance_random_pair,500,0,500,194.912,0.69236200799009,0.19236200799008996,0.03227125974560661,0.19,0.011633807097625458
4,20260818,28,permute_both_renormalized,8,middle,97,balance_pressured_pair,500,0,500,194.912,0.7275176773309336,0.22751767733093364,0.03796390189578644,0.256,0.013748172277123277
4,20260818,28,permute_both_renormalized,8,middle,97,all_pair_product,500,0,500,194.912,0.9326326534309248,0.43263265343092483,0.4817989308949654,0.822,0.38872879262381543
4,20260818,28,permute_both_renormalized,8,middle,97,minimum_max_pressure,500,0,500,194.912,0.8726501815498761,0.37265018154987606,0.22945263394495735,0.552,0.18384476888405912
5,20260819,24,catalog,2,early,12,random_order,500,0,500,4.0,0.5,0.0,0.4000000000000035,0.0,0.25
5,20260819,24,catalog,2,early,12,balance_only,500,0,500,4.0,0.53625,0.036250000000000004,0.5011904761904744,0.0,0.276
5,20260819,24,catalog,2,early,12,balance_random_pair,500,0,500,4.0,0.515,0.015000000000000013,0.5047380952380944,0.094,0.2915
5,20260819,24,catalog,2,early,12,balance_pressured_pair,500,0,500,4.0,0.4745,-0.025500000000000023,0.526147619047619,0.266,0.329
5,20260819,24,catalog,2,early,12,all_pair_product,500,0,500,4.0,0.5825,0.08250000000000002,0.6022619047619049,0.328,0.386
5,20260819,24,catalog,2,early,12,minimum_max_pressure,500,0,500,4.0,0.435,-0.065,0.4936047619047619,0.252,0.30216666666666664
5,20260819,24,permute_both_fixed_anchor,2,early,12,random_order,500,0,500,4.0,0.5,0.0,0.4000000000000035,0.0,0.25
5,20260819,24,permute_both_fixed_anchor,2,early,12,balance_only,500,0,500,4.0,0.5165,0.01649999999999996,0.4855952380952365,0.0,0.255
5,20260819,24,permute_both_fixed_anchor,2,early,12,balance_random_pair,500,0,500,4.0,0.543,0.04300000000000004,0.5197238095238094,0.108,0.2915
5,20260819,24,permute_both_fixed_anchor,2,early,12,balance_pressured_pair,500,0,500,4.0,0.5645,0.0645,0.5420190476190471,0.132,0.3035
5,20260819,24,permute_both_fixed_anchor,2,early,12,all_pair_product,500,0,500,4.0,0.6775,0.1775,0.7156476190476188,0.496,0.5565
5,20260819,24,permute_both_fixed_anchor,2,early,12,minimum_max_pressure,500,0,500,4.0,0.58225,0.08225000000000005,0.5402285714285712,0.132,0.34766666666666696
5,20260819,24,permute_both_renormalized,2,early,12,random_order,500,0,500,4.0,0.5,0.0,0.4000000000000035,0.0,0.25
5,20260819,24,permute_both_renormalized,2,early,12,balance_only,500,0,500,4.0,0.52375,0.02375000000000005,0.4909523809523792,0.0,0.262
5,20260819,24,permute_both_renormalized,2,early,12,balance_random_pair,500,0,500,4.0,0.53075,0.030750000000000055,0.5025761904761903,0.082,0.272
5,20260819,24,permute_both_renormalized,2,early,12,balance_pressured_pair,500,0,500,4.0,0.555,0.05500000000000005,0.5327857142857141,0.122,0.294
5,20260819,24,permute_both_renormalized,2,early,12,all_pair_product,500,0,500,4.0,0.66975,0.16974999999999996,0.7001714285714283,0.468,0.526
5,20260819,24,permute_both_renormalized,2,early,12,minimum_max_pressure,500,0,500,4.0,0.57575,0.07574999999999998,0.5300857142857139,0.104,0.3343333333333335
5,20260819,24,catalog,2,middle,12,random_order,500,36,464,3.997844827586207,0.5,0.0,0.40021551724138266,0.0,0.2501795977011494
5,20260819,24,catalog,2,middle,12,balance_only,500,36,464,3.997844827586207,0.5556752873563219,0.05567528735632188,0.5131003694581265,0.00646551724137931,0.2891522988505747
5,20260819,24,catalog,2,middle,12,balance_random_pair,500,36,464,3.997844827586207,0.5637571839080461,0.06375718390804608,0.5413485221674871,0.1206896551724138,0.33782327586206895
5,20260819,24,catalog,2,middle,12,balance_pressured_pair,500,36,464,3.997844827586207,0.5713002873563219,0.07130028735632188,0.5990660919540227,0.3168103448275862,0.41487068965517243
5,20260819,24,catalog,2,middle,12,all_pair_product,500,36,464,3.997844827586207,0.6564295977011494,0.1564295977011494,0.6949456075533655,0.47629310344827586,0.5328663793103449
5,20260819,24,catalog,2,middle,12,minimum_max_pressure,500,36,464,3.997844827586207,0.6216774425287356,0.12167744252873558,0.6693657635467978,0.4525862068965517,0.5441810344827589
5,20260819,24,permute_both_fixed_anchor,2,middle,12,random_order,500,0,500,3.99,0.5,0.0,0.40100000000000346,0.0,0.2508333333333333
5,20260819,24,permute_both_fixed_anchor,2,middle,12,balance_only,500,0,500,3.99,0.5366666666666665,0.036666666666666514,0.5004142857142844,0.024,0.2723333333333333
5,20260819,24,permute_both_fixed_anchor,2,middle,12,balance_random_pair,500,0,500,3.99,0.5740833333333334,0.07408333333333339,0.5479476190476189,0.14,0.32366666666666666
5,20260819,24,permute_both_fixed_anchor,2,middle,12,balance_pressured_pair,500,0,500,3.99,0.6118333333333332,0.11183333333333323,0.5997761904761911,0.238,0.37866666666666665
5,20260819,24,permute_both_fixed_anchor,2,middle,12,all_pair_product,500,0,500,3.99,0.7324999999999999,0.23249999999999993,0.7864857142857136,0.618,0.6558333333333333
5,20260819,24,permute_both_fixed_anchor,2,middle,12,minimum_max_pressure,500,0,500,3.99,0.6585833333333332,0.1585833333333332,0.641852380952381,0.296,0.4893333333333343
5,20260819,24,permute_both_renormalized,2,middle,12,random_order,500,0,500,3.99,0.5,0.0,0.40100000000000346,0.0,0.2508333333333333
5,20260819,24,permute_both_renormalized,2,middle,12,balance_only,500,0,500,3.99,0.5411666666666668,0.041166666666666796,0.5073190476190464,0.026,0.285
5,20260819,24,permute_both_renormalized,2,middle,12,balance_random_pair,500,0,500,3.99,0.5689166666666667,0.06891666666666674,0.548047619047618,0.132,0.332
5,20260819,24,permute_both_renormalized,2,middle,12,balance_pressured_pair,500,0,500,3.99,0.6205833333333334,0.12058333333333338,0.6108761904761906,0.246,0.404
5,20260819,24,permute_both_renormalized,2,middle,12,all_pair_product,500,0,500,3.99,0.7360833333333333,0.2360833333333333,0.7880476190476191,0.612,0.6546666666666667
5,20260819,24,permute_both_renormalized,2,middle,12,minimum_max_pressure,500,0,500,3.99,0.6548333333333333,0.15483333333333327,0.6407714285714283,0.308,0.49350000000000105
5,20260819,24,catalog,4,early,12,random_order,264,0,264,16.0,0.5,0.0,0.11764705882352905,0.0,0.0625
5,20260819,24,catalog,4,early,12,balance_only,264,0,264,16.0,0.6296164772727273,0.1296164772727273,0.2210257161271152,0.0,0.11300505050505079
5,20260819,24,catalog,4,early,12,balance_random_pair,264,0,264,16.0,0.548532196969697,0.04853219696969702,0.21941540344232877,0.041666666666666664,0.10795454545454546
5,20260819,24,catalog,4,early,12,balance_pressured_pair,264,0,264,16.0,0.5390625,0.0390625,0.21573913870805564,0.026515151515151516,0.10101010101010102
5,20260819,24,catalog,4,early,12,all_pair_product,264,0,264,16.0,0.6241714015151515,0.12417140151515149,0.3916380896368485,0.3409090909090909,0.2515782828282828
5,20260819,24,catalog,4,early,12,minimum_max_pressure,264,0,264,16.0,0.47502367424242425,-0.024976325757575746,0.19697883658452214,0.06818181818181818,0.08768187830687829
5,20260819,24,permute_both_fixed_anchor,4,early,12,random_order,264,0,264,16.0,0.5,0.0,0.11764705882352905,0.0,0.0625
5,20260819,24,permute_both_fixed_anchor,4,early,12,balance_only,264,0,264,16.0,0.536813446969697,0.03681344696969702,0.1745898911861906,0.0,0.07007575757575756
5,20260819,24,permute_both_fixed_anchor,4,early,12,balance_random_pair,264,0,264,16.0,0.5782433712121212,0.07824337121212122,0.20519716908525656,0.0946969696969697,0.08333333333333331
5,20260819,24,permute_both_fixed_anchor,4,early,12,balance_pressured_pair,264,0,264,16.0,0.5843986742424242,0.0843986742424242,0.21459894339442395,0.11363636363636363,0.08617424242424243
5,20260819,24,permute_both_fixed_anchor,4,early,12,all_pair_product,264,0,264,16.0,0.7430160984848485,0.2430160984848485,0.46120572443452196,0.4015151515151515,0.3061868686868687
5,20260819,24,permute_both_fixed_anchor,4,early,12,minimum_max_pressure,264,0,264,16.0,0.6435842803030303,0.14358428030303028,0.26031317348448496,0.17045454545454544,0.14317762414353327
5,20260819,24,permute_both_renormalized,4,early,12,random_order,264,0,264,16.0,0.5,0.0,0.11764705882352905,0.0,0.0625
5,20260819,24,permute_both_renormalized,4,early,12,balance_only,264,0,264,16.0,0.5226089015151515,0.02260890151515149,0.16560608798749177,0.0,0.061237373737373646
5,20260819,24,permute_both_renormalized,4,early,12,balance_random_pair,264,0,264,16.0,0.5665246212121212,0.06652462121212122,0.19697763976138516,0.07954545454545454,0.07859848484848485
5,20260819,24,permute_both_renormalized,4,early,12,balance_pressured_pair,264,0,264,16.0,0.5709043560606061,0.07090435606060608,0.2073813023327424,0.10227272727272728,0.07954545454545454
5,20260819,24,permute_both_renormalized,4,early,12,all_pair_product,264,0,264,16.0,0.7437263257575758,0.2437263257575758,0.4530906763515726,0.38257575757575757,0.29671717171717177
5,20260819,24,permute_both_renormalized,4,early,12,minimum_max_pressure,264,0,264,16.0,0.6335227272727273,0.1335227272727273,0.2574407199555109,0.15151515151515152,0.139634250429705
5,20260819,24,catalog,4,middle,12,random_order,500,35,465,15.881720430107526,0.5,0.0,0.11880666244992577,0.0,0.06317204301075266
5,20260819,24,catalog,4,middle,12,balance_only,500,35,465,15.881720430107526,0.6399254643206256,0.13992546432062558,0.2155046965338039,0.0,0.10236559139784922
5,20260819,24,catalog,4,middle,12,balance_random_pair,500,35,465,15.881720430107526,0.6325207722385142,0.13252077223851422,0.24418242471113077,0.06451612903225806,0.12326164874551993
5,20260819,24,catalog,4,middle,12,balance_pressured_pair,500,35,465,15.881720430107526,0.6077284946236562,0.10772849462365619,0.23652206596349798,0.09462365591397849,0.1053763440860216
5,20260819,24,catalog,4,middle,12,all_pair_product,500,35,465,15.881720430107526,0.7219024926686215,0.2219024926686215,0.47954885820971715,0.45376344086021503,0.33677419354838717
5,20260819,24,catalog,4,middle,12,minimum_max_pressure,500,35,465,15.881720430107526,0.6963709677419355,0.19637096774193552,0.41952478620296824,0.34623655913978496,0.32023406104051266
5,20260819,24,permute_both_fixed_anchor,4,middle,12,random_order,500,0,500,15.666,0.5,0.0,0.1203705882352938,0.0,0.06405660173160173
5,20260819,24,permute_both_fixed_anchor,4,middle,12,balance_only,500,0,500,15.666,0.5719617424242422,0.07196174242424225,0.19593935041494445,0.006,0.08279999999999997
5,20260819,24,permute_both_fixed_anchor,4,middle,12,balance_random_pair,500,0,500,15.666,0.6111127164502165,0.11111271645021648,0.23821763191738637,0.158,0.10723333333333343
5,20260819,24,permute_both_fixed_anchor,4,middle,12,balance_pressured_pair,500,0,500,15.666,0.6534758658008658,0.1534758658008658,0.27210853877849794,0.24,0.12666666666666673
5,20260819,24,permute_both_fixed_anchor,4,middle,12,all_pair_product,500,0,500,15.666,0.8241488636363627,0.32414886363636275,0.5822617590008784,0.572,0.42199999999999993
5,20260819,24,permute_both_fixed_anchor,4,middle,12,minimum_max_pressure,500,0,500,15.666,0.7465730519480516,0.24657305194805157,0.3978294844817768,0.326,0.2855877788877788
5,20260819,24,permute_both_renormalized,4,middle,12,random_order,500,0,500,15.664,0.5,0.0,0.12036568627450948,0.0,0.06405303030303028
5,20260819,24,permute_both_renormalized,4,middle,12,balance_only,500,0,500,15.664,0.5715702922077923,0.07157029220779232,0.19510276574361293,0.004,0.08163333333333331
5,20260819,24,permute_both_renormalized,4,middle,12,balance_random_pair,500,0,500,15.664,0.6201660173160175,0.1201660173160175,0.23362128564201468,0.132,0.10121363636363634
5,20260819,24,permute_both_renormalized,4,middle,12,balance_pressured_pair,500,0,500,15.664,0.6576021645021646,0.15760216450216458,0.2699810636568202,0.226,0.12233333333333345
5,20260819,24,permute_both_renormalized,4,middle,12,all_pair_product,500,0,500,15.664,0.829863744588743,0.329863744588743,0.5922019993383961,0.578,0.4396666666666667
5,20260819,24,permute_both_renormalized,4,middle,12,minimum_max_pressure,500,0,500,15.664,0.7337599567099561,0.23375995670995608,0.3738600638113928,0.306,0.26086555666555666
5,20260819,24,catalog,8,early,12,random_order,264,0,264,256.0,0.5,0.0,0.007782101167315151,0.0,0.00390625
5,20260819,24,catalog,8,early,12,balance_only,264,0,264,256.0,0.7227968158143939,0.22279681581439392,0.021080019718960667,0.0,0.009199134199134176
5,20260819,24,catalog,8,early,12,balance_random_pair,264,0,264,256.0,0.676217743844697,0.17621774384469702,0.03074980966829197,0.4621212121212121,0.013353775853775821
5,20260819,24,catalog,8,early,12,balance_pressured_pair,264,0,264,256.0,0.6371108546401515,0.1371108546401515,0.025946538859697686,0.3560606060606061,0.010242303992303971
5,20260819,24,catalog,8,early,12,all_pair_product,264,0,264,256.0,0.7363355232007576,0.23633552320075757,0.2409715966245949,0.5492424242424242,0.16604587542087546
5,20260819,24,catalog,8,early,12,minimum_max_pressure,264,0,264,256.0,0.7223899147727273,0.2223899147727273,0.1069371831980179,0.4090909090909091,0.07671654781550355
5,20260819,24,permute_both_fixed_anchor,8,early,12,random_order,264,0,264,256.0,0.5,0.0,0.007782101167315151,0.0,0.00390625
5,20260819,24,permute_both_fixed_anchor,8,early,12,balance_only,264,0,264,256.0,0.5729018702651515,0.07290187026515149,0.014021112645071781,0.0,0.004410173160173153
5,20260819,24,permute_both_fixed_anchor,8,early,12,balance_random_pair,264,0,264,256.0,0.6380282315340909,0.13802823153409094,0.020560757356649525,0.16666666666666666,0.006761063011063012
5,20260819,24,permute_both_fixed_anchor,8,early,12,balance_pressured_pair,264,0,264,256.0,0.6790882457386364,0.17908824573863635,0.024113935538790633,0.2159090909090909,0.007802729677729678
5,20260819,24,permute_both_fixed_anchor,8,early,12,all_pair_product,264,0,264,256.0,0.8698952414772727,0.3698952414772727,0.2892821627222881,0.6477272727272727,0.20744625744625747
5,20260819,24,permute_both_fixed_anchor,8,early,12,minimum_max_pressure,264,0,264,256.0,0.7893954190340909,0.28939541903409094,0.10541535205909708,0.36363636363636365,0.07227886856256593
5,20260819,24,permute_both_renormalized,8,early,12,random_order,264,0,264,256.0,0.5,0.0,0.007782101167315151,0.0,0.00390625
5,20260819,24,permute_both_renormalized,8,early,12,balance_only,264,0,264,256.0,0.5802852746212122,0.08028527462121215,0.014745183465478134,0.0,0.004978354978354968
5,20260819,24,permute_both_renormalized,8,early,12,balance_random_pair,264,0,264,256.0,0.6175648082386364,0.11756480823863635,0.018645935250164367,0.14772727272727273,0.005835137085137081
5,20260819,24,permute_both_renormalized,8,early,12,balance_pressured_pair,264,0,264,256.0,0.6480305989583334,0.14803059895833337,0.021034974716569923,0.16287878787878787,0.0062575156325156344
5,20260819,24,permute_both_renormalized,8,early,12,all_pair_product,264,0,264,256.0,0.8827977035984849,0.38279770359848486,0.2716436423500037,0.678030303030303,0.17831439393939394
5,20260819,24,permute_both_renormalized,8,early,12,minimum_max_pressure,264,0,264,256.0,0.7765299479166666,0.27652994791666663,0.08831853787031749,0.3181818181818182,0.054259439436207875
5,20260819,24,catalog,8,middle,12,random_order,264,41,223,58.91479820627803,0.5,0.0,0.11524474297184657,0.0,0.0681252690570042
5,20260819,24,catalog,8,middle,12,balance_only,264,41,223,58.91479820627803,0.6459087120028791,0.14590871200287914,0.20184179425582102,0.06726457399103139,0.124124658194505
5,20260819,24,catalog,8,middle,12,balance_random_pair,264,41,223,58.91479820627803,0.7014230873924038,0.20142308739240378,0.24542808954670609,0.22869955156950672,0.15051262083209305
5,20260819,24,catalog,8,middle,12,balance_pressured_pair,264,41,223,58.91479820627803,0.697231069828083,0.19723106982808303,0.26545365679686944,0.2645739910313901,0.15144533239615418
5,20260819,24,catalog,8,middle,12,all_pair_product,264,41,223,58.91479820627803,0.845086908491937,0.345086908491937,0.5346186637668717,0.6547085201793722,0.4604375756281586
5,20260819,24,catalog,8,middle,12,minimum_max_pressure,264,41,223,58.91479820627803,0.6204651565336131,0.12046515653361312,0.25816624316091064,0.2600896860986547,0.19517267804174135
5,20260819,24,permute_both_fixed_anchor,8,middle,12,random_order,264,4,260,44.20384615384615,0.5,0.0,0.1665634667082169,0.0,0.09964734947043428
5,20260819,24,permute_both_fixed_anchor,8,middle,12,balance_only,264,4,260,44.20384615384615,0.6204292511037643,0.12042925110376435,0.29264206731941894,0.18076923076923077,0.1804103870450347
5,20260819,24,permute_both_fixed_anchor,8,middle,12,balance_random_pair,264,4,260,44.20384615384615,0.68178636692345,0.18178636692344996,0.33764396163016736,0.26153846153846155,0.20929980918870567
5,20260819,24,permute_both_fixed_anchor,8,middle,12,balance_pressured_pair,264,4,260,44.20384615384615,0.6757107563376071,0.17571075633760713,0.3424507208080837,0.3038461538461538,0.22798575398981225
5,20260819,24,permute_both_fixed_anchor,8,middle,12,all_pair_product,264,4,260,44.20384615384615,0.8773552451185231,0.37735524511852314,0.6562511896741257,0.7653846153846153,0.5806591058514136
5,20260819,24,permute_both_fixed_anchor,8,middle,12,minimum_max_pressure,264,4,260,44.20384615384615,0.607073836355821,0.10707383635582102,0.27922216256690874,0.21153846153846154,0.2023893365588921
5,20260819,24,permute_both_renormalized,8,middle,12,random_order,264,5,259,42.2007722007722,0.5,0.0,0.18101339527041552,0.0,0.11057014223167835
5,20260819,24,permute_both_renormalized,8,middle,12,balance_only,264,5,259,42.2007722007722,0.6146641547940991,0.11466415479409908,0.31648529741138465,0.19305019305019305,0.20573990680623644
5,20260819,24,permute_both_renormalized,8,middle,12,balance_random_pair,264,5,259,42.2007722007722,0.6738803323864329,0.17388033238643286,0.3429704464021598,0.26640926640926643,0.21793289653369852
5,20260819,24,permute_both_renormalized,8,middle,12,balance_pressured_pair,264,5,259,42.2007722007722,0.6421555617020862,0.1421555617020862,0.33611502047317604,0.2702702702702703,0.2190354328593246
5,20260819,24,permute_both_renormalized,8,middle,12,all_pair_product,264,5,259,42.2007722007722,0.8492196009152567,0.3492196009152567,0.6239590769181667,0.7065637065637066,0.5476157476157476
5,20260819,24,permute_both_renormalized,8,middle,12,minimum_max_pressure,264,5,259,42.2007722007722,0.6100326870186686,0.11003268701866864,0.2885806079287705,0.20077220077220076,0.20721452675830024
5,20260819,28,catalog,2,early,97,random_order,500,0,500,4.0,0.5,0.0,0.4000000000000035,0.0,0.25
5,20260819,28,catalog,2,early,97,balance_only,500,0,500,4.0,0.53475,0.03474999999999995,0.49823809523809376,0.0,0.27
5,20260819,28,catalog,2,early,97,balance_random_pair,500,0,500,4.0,0.53025,0.03025,0.5118952380952373,0.098,0.281
5,20260819,28,catalog,2,early,97,balance_pressured_pair,500,0,500,4.0,0.572,0.07199999999999995,0.5638857142857138,0.18,0.337
5,20260819,28,catalog,2,early,97,all_pair_product,500,0,500,4.0,0.62375,0.12375000000000003,0.6553761904761898,0.426,0.4605
5,20260819,28,catalog,2,early,97,minimum_max_pressure,500,0,500,4.0,0.5385,0.03849999999999998,0.49288095238095253,0.084,0.2913333333333331
5,20260819,28,permute_both_fixed_anchor,2,early,97,random_order,500,0,500,4.0,0.5,0.0,0.4000000000000035,0.0,0.25
5,20260819,28,permute_both_fixed_anchor,2,early,97,balance_only,500,0,500,4.0,0.52425,0.024249999999999994,0.49366666666666487,0.0,0.268
5,20260819,28,permute_both_fixed_anchor,2,early,97,balance_random_pair,500,0,500,4.0,0.54175,0.041749999999999954,0.5198380952380949,0.102,0.2965
5,20260819,28,permute_both_fixed_anchor,2,early,97,balance_pressured_pair,500,0,500,4.0,0.57075,0.07074999999999998,0.560052380952381,0.176,0.335
5,20260819,28,permute_both_fixed_anchor,2,early,97,all_pair_product,500,0,500,4.0,0.6605,0.16049999999999998,0.6930047619047612,0.472,0.5071666666666667
5,20260819,28,permute_both_fixed_anchor,2,early,97,minimum_max_pressure,500,0,500,4.0,0.57625,0.07625000000000004,0.5375809523809526,0.14,0.34816666666666674
5,20260819,28,permute_both_renormalized,2,early,97,random_order,500,0,500,4.0,0.5,0.0,0.4000000000000035,0.0,0.25
5,20260819,28,permute_both_renormalized,2,early,97,balance_only,500,0,500,4.0,0.5175,0.01749999999999996,0.48769047619047456,0.0,0.259
5,20260819,28,permute_both_renormalized,2,early,97,balance_random_pair,500,0,500,4.0,0.54575,0.04574999999999996,0.5213380952380945,0.102,0.2925
5,20260819,28,permute_both_renormalized,2,early,97,balance_pressured_pair,500,0,500,4.0,0.5645,0.0645,0.5520952380952378,0.166,0.3215
5,20260819,28,permute_both_renormalized,2,early,97,all_pair_product,500,0,500,4.0,0.647,0.14700000000000002,0.6689952380952374,0.42,0.4671666666666666
5,20260819,28,permute_both_renormalized,2,early,97,minimum_max_pressure,500,0,500,4.0,0.57175,0.07174999999999998,0.5315238095238093,0.144,0.34066666666666684
5,20260819,28,catalog,2,middle,97,random_order,500,9,491,3.955193482688391,0.5,0.0,0.4044806517311643,0.0,0.253733876442634
5,20260819,28,catalog,2,middle,97,balance_only,500,9,491,3.955193482688391,0.536999321113374,0.036999321113374006,0.5023033653379876,0.010183299389002037,0.27223353699932107
5,20260819,28,catalog,2,middle,97,balance_random_pair,500,9,491,3.955193482688391,0.5859640190088254,0.08596401900882544,0.5778392008534575,0.19144602851323828,0.37457569585879164
5,20260819,28,catalog,2,middle,97,balance_pressured_pair,500,9,491,3.955193482688391,0.5972505091649695,0.09725050916496947,0.6001357773251867,0.25661914460285135,0.38357094365241007
5,20260819,28,catalog,2,middle,97,all_pair_product,500,9,491,3.955193482688391,0.7279361846571623,0.22793618465716226,0.7861555620211421,0.6191446028513238,0.6507128309572301
5,20260819,28,catalog,2,middle,97,minimum_max_pressure,500,9,491,3.955193482688391,0.6162593346911064,0.11625933469110639,0.6065221607991463,0.26272912423625255,0.4370332654446714
5,20260819,28,permute_both_fixed_anchor,2,middle,97,random_order,500,0,500,3.986,0.5,0.0,0.4014000000000034,0.0,0.25116666666666665
5,20260819,28,permute_both_fixed_anchor,2,middle,97,balance_only,500,0,500,3.986,0.5358333333333334,0.035833333333333384,0.5026190476190465,0.022,0.27633333333333326
5,20260819,28,permute_both_fixed_anchor,2,middle,97,balance_random_pair,500,0,500,3.986,0.5850833333333334,0.0850833333333334,0.561761904761904,0.148,0.3465
5,20260819,28,permute_both_fixed_anchor,2,middle,97,balance_pressured_pair,500,0,500,3.986,0.6198333333333332,0.11983333333333324,0.6172809523809522,0.278,0.4141666666666666
5,20260819,28,permute_both_fixed_anchor,2,middle,97,all_pair_product,500,0,500,3.986,0.7396666666666667,0.2396666666666667,0.7950666666666665,0.634,0.6616666666666666
5,20260819,28,permute_both_fixed_anchor,2,middle,97,minimum_max_pressure,500,0,500,3.986,0.6436666666666667,0.14366666666666672,0.6155666666666665,0.252,0.45083333333333386
5,20260819,28,permute_both_renormalized,2,middle,97,random_order,500,0,500,3.988,0.5,0.0,0.4012000000000035,0.0,0.251
5,20260819,28,permute_both_renormalized,2,middle,97,balance_only,500,0,500,3.988,0.5389166666666667,0.03891666666666671,0.5067285714285702,0.034,0.28366666666666657
5,20260819,28,permute_both_renormalized,2,middle,97,balance_random_pair,500,0,500,3.988,0.57125,0.07125000000000004,0.5541238095238092,0.17,0.33083333333333337
5,20260819,28,permute_both_renormalized,2,middle,97,balance_pressured_pair,500,0,500,3.988,0.6230833333333332,0.12308333333333321,0.6217095238095235,0.292,0.414
5,20260819,28,permute_both_renormalized,2,middle,97,all_pair_product,500,0,500,3.988,0.7344999999999999,0.23449999999999993,0.790985714285714,0.63,0.659
5,20260819,28,permute_both_renormalized,2,middle,97,minimum_max_pressure,500,0,500,3.988,0.6554999999999999,0.15549999999999986,0.6382666666666669,0.302,0.48250000000000076
5,20260819,28,catalog,4,early,97,random_order,500,0,500,16.0,0.5,0.0,0.11764705882352902,0.0,0.0625
5,20260819,28,catalog,4,early,97,balance_only,500,0,500,16.0,0.586875,0.08687500000000004,0.19729485858859847,0.0,0.08799999999999984
5,20260819,28,catalog,4,early,97,balance_random_pair,500,0,500,16.0,0.5431875,0.043187500000000045,0.2068898129291909,0.096,0.08733333333333335
5,20260819,28,catalog,4,early,97,balance_pressured_pair,500,0,500,16.0,0.5801875,0.08018749999999997,0.2374176455815355,0.182,0.10583333333333342
5,20260819,28,catalog,4,early,97,all_pair_product,500,0,500,16.0,0.71175,0.21175,0.41675987754307026,0.376,0.23583333333333328
5,20260819,28,catalog,4,early,97,minimum_max_pressure,500,0,500,16.0,0.5853125,0.08531250000000001,0.21140579781849925,0.076,0.09679790764790787
5,20260819,28,permute_both_fixed_anchor,4,early,97,random_order,500,0,500,16.0,0.5,0.0,0.11764705882352902,0.0,0.0625
5,20260819,28,permute_both_fixed_anchor,4,early,97,balance_only,500,0,500,16.0,0.5363125,0.03631249999999997,0.1760062755776806,0.0,0.07116666666666675
5,20260819,28,permute_both_fixed_anchor,4,early,97,balance_random_pair,500,0,500,16.0,0.5605625,0.060562499999999964,0.20424091845011685,0.092,0.08399999999999996
5,20260819,28,permute_both_fixed_anchor,4,early,97,balance_pressured_pair,500,0,500,16.0,0.570125,0.07012499999999999,0.210371026765936,0.132,0.08350000000000002
5,20260819,28,permute_both_fixed_anchor,4,early,97,all_pair_product,500,0,500,16.0,0.7514375,0.2514375,0.45890473689350914,0.412,0.2841666666666667
5,20260819,28,permute_both_fixed_anchor,4,early,97,minimum_max_pressure,500,0,500,16.0,0.6464375,0.1464375,0.275525134911977,0.178,0.16320071040071044
5,20260819,28,permute_both_renormalized,4,early,97,random_order,500,0,500,16.0,0.5,0.0,0.11764705882352902,0.0,0.0625
5,20260819,28,permute_both_renormalized,4,early,97,balance_only,500,0,500,16.0,0.53375,0.03374999999999995,0.17184281364745396,0.0,0.0666666666666668
5,20260819,28,permute_both_renormalized,4,early,97,balance_random_pair,500,0,500,16.0,0.570625,0.07062500000000005,0.20674356177191563,0.1,0.08500000000000002
5,20260819,28,permute_both_renormalized,4,early,97,balance_pressured_pair,500,0,500,16.0,0.5776875,0.07768750000000002,0.2137869879625623,0.134,0.0851666666666667
5,20260819,28,permute_both_renormalized,4,early,97,all_pair_product,500,0,500,16.0,0.7556875,0.25568749999999996,0.44850908890036456,0.38,0.2748333333333334
5,20260819,28,permute_both_renormalized,4,early,97,minimum_max_pressure,500,0,500,16.0,0.6436875,0.14368749999999997,0.2720379815857993,0.168,0.16012656232656247
5,20260819,28,catalog,4,middle,97,random_order,500,10,490,15.269387755102041,0.5,0.0,0.12485420142082772,0.0,0.06672985178087218
5,20260819,28,catalog,4,middle,97,balance_only,500,10,490,15.269387755102041,0.6028843010730767,0.10288430107307667,0.21188208440277834,0.012244897959183673,0.09649659863945576
5,20260819,28,catalog,4,middle,97,balance_random_pair,500,10,490,15.269387755102041,0.6239482286421063,0.1239482286421063,0.2604808777098763,0.19591836734693877,0.12412801484230077
5,20260819,28,catalog,4,middle,97,balance_pressured_pair,500,10,490,15.269387755102041,0.6610921476482705,0.1610921476482705,0.2998923415137484,0.24693877551020407,0.14948979591836747
5,20260819,28,catalog,4,middle,97,all_pair_product,500,10,490,15.269387755102041,0.8354202472697362,0.3354202472697362,0.6080558403847717,0.5795918367346938,0.4576530612244898
5,20260819,28,catalog,4,middle,97,minimum_max_pressure,500,10,490,15.269387755102041,0.6951706244435834,0.19517062444358335,0.3355800419971067,0.24693877551020407,0.21358757455696248
5,20260819,28,permute_both_fixed_anchor,4,middle,97,random_order,500,0,500,15.426,0.5,0.0,0.12313670741023651,0.0,0.06570943223443224
5,20260819,28,permute_both_fixed_anchor,4,middle,97,balance_only,500,0,500,15.426,0.5820732933732936,0.08207329337329361,0.20196305567050082,0.008,0.08346666666666666
5,20260819,28,permute_both_fixed_anchor,4,middle,97,balance_random_pair,500,0,500,15.426,0.6228553987678993,0.1228553987678993,0.23378596398208176,0.14,0.0965984848484849
5,20260819,28,permute_both_fixed_anchor,4,middle,97,balance_pressured_pair,500,0,500,15.426,0.6725832875457874,0.17258328754578744,0.27761624753484077,0.228,0.1266666666666667
5,20260819,28,permute_both_fixed_anchor,4,middle,97,all_pair_product,500,0,500,15.426,0.8456946345321336,0.34569463453213356,0.6302315545716042,0.62,0.4846666666666667
5,20260819,28,permute_both_fixed_anchor,4,middle,97,minimum_max_pressure,500,0,500,15.426,0.754205003330003,0.25420500333000295,0.3907506645037154,0.28,0.27666524586524605
5,20260819,28,permute_both_renormalized,4,middle,97,random_order,500,0,500,15.526,0.5,0.0,0.12155881275587126,0.0,0.06473762903762903
5,20260819,28,permute_both_renormalized,4,middle,97,balance_only,500,0,500,15.526,0.5658814310689313,0.0658814310689313,0.1950802183719523,0.006,0.07900000000000001
5,20260819,28,permute_both_renormalized,4,middle,97,balance_random_pair,500,0,500,15.526,0.6194830377955377,0.1194830377955377,0.23763361222938442,0.15,0.1013484848484849
5,20260819,28,permute_both_renormalized,4,middle,97,balance_pressured_pair,500,0,500,15.526,0.6763930069930065,0.17639300699300653,0.2959587348291522,0.268,0.1453333333333333
5,20260819,28,permute_both_renormalized,4,middle,97,all_pair_product,500,0,500,15.526,0.8402881660006648,0.3402881660006648,0.6399130694200481,0.632,0.5085
5,20260819,28,permute_both_renormalized,4,middle,97,minimum_max_pressure,500,0,500,15.526,0.7410670621045616,0.24106706210456164,0.37587458077881786,0.29,0.25863364413364426
5,20260819,28,catalog,8,early,97,random_order,500,0,500,256.0,0.5,0.0,0.007782101167315149,0.0,0.00390625
5,20260819,28,catalog,8,early,97,balance_only,500,0,500,256.0,0.622203125,0.12220312499999997,0.015767690962624144,0.0,0.005457142857142842
5,20260819,28,catalog,8,early,97,balance_random_pair,500,0,500,256.0,0.61858984375,0.11858984375000003,0.019954865112078776,0.146,0.006322222222222212
5,20260819,28,catalog,8,early,97,balance_pressured_pair,500,0,500,256.0,0.64246484375,0.14246484375000001,0.022379832743495743,0.174,0.007319047619047604
5,20260819,28,catalog,8,early,97,all_pair_product,500,0,500,256.0,0.82028515625,0.32028515625,0.1458008182921253,0.5,0.07587503052503056
5,20260819,28,catalog,8,early,97,minimum_max_pressure,500,0,500,256.0,0.6876875,0.1876875,0.06940939771717618,0.218,0.047357815481203304
5,20260819,28,permute_both_fixed_anchor,8,early,97,random_order,500,0,500,256.0,0.5,0.0,0.007782101167315149,0.0,0.00390625
5,20260819,28,permute_both_fixed_anchor,8,early,97,balance_only,500,0,500,256.0,0.57515625,0.07515625000000004,0.014912789054083275,0.0,0.0051642857142857
5,20260819,28,permute_both_fixed_anchor,8,early,97,balance_random_pair,500,0,500,256.0,0.61257421875,0.11257421874999995,0.019129758036480416,0.16,0.00614920634920634
5,20260819,28,permute_both_fixed_anchor,8,early,97,balance_pressured_pair,500,0,500,256.0,0.62154296875,0.12154296875000004,0.02086724928745941,0.168,0.006461111111111104
5,20260819,28,permute_both_fixed_anchor,8,early,97,all_pair_product,500,0,500,256.0,0.84233984375,0.34233984375000004,0.2362999256454471,0.56,0.16185661375661373
5,20260819,28,permute_both_fixed_anchor,8,early,97,minimum_max_pressure,500,0,500,256.0,0.737765625,0.23776562499999998,0.07179213404416274,0.25,0.04439286450399419
5,20260819,28,permute_both_renormalized,8,early,97,random_order,500,0,500,256.0,0.5,0.0,0.007782101167315149,0.0,0.00390625
5,20260819,28,permute_both_renormalized,8,early,97,balance_only,500,0,500,256.0,0.571,0.07099999999999995,0.014488236404436942,0.0,0.004885714285714273
5,20260819,28,permute_both_renormalized,8,early,97,balance_random_pair,500,0,500,256.0,0.61155859375,0.11155859374999999,0.018494554843870387,0.152,0.005711904761904754
5,20260819,28,permute_both_renormalized,8,early,97,balance_pressured_pair,500,0,500,256.0,0.63780078125,0.13780078124999995,0.02138889531522045,0.178,0.006631746031746024
5,20260819,28,permute_both_renormalized,8,early,97,all_pair_product,500,0,500,256.0,0.85290625,0.35290625,0.24818183656659878,0.588,0.17417063492063492
5,20260819,28,permute_both_renormalized,8,early,97,minimum_max_pressure,500,0,500,256.0,0.74316015625,0.24316015624999998,0.06758349513122151,0.236,0.04225633156175979
5,20260819,28,catalog,8,middle,97,random_order,500,0,500,188.844,0.5,0.0,0.011534442216885205,0.0,0.005805382626394779
5,20260819,28,catalog,8,middle,97,balance_only,500,0,500,188.844,0.632273547592038,0.13227354759203802,0.021855526772564613,0.014,0.008736390439128463
5,20260819,28,catalog,8,middle,97,balance_random_pair,500,0,500,188.844,0.6900880073645289,0.1900880073645289,0.0356678394059553,0.248,0.013000346385240258
5,20260819,28,catalog,8,middle,97,balance_pressured_pair,500,0,500,188.844,0.7105685229860429,0.2105685229860429,0.041814289208502206,0.32,0.01564826396053042
5,20260819,28,catalog,8,middle,97,all_pair_product,500,0,500,188.844,0.9303979516920678,0.43039795169206785,0.49112040812369184,0.792,0.4027119047619047
5,20260819,28,catalog,8,middle,97,minimum_max_pressure,500,0,500,188.844,0.8221731377199719,0.3221731377199719,0.13782607341258715,0.42,0.09438210030649787
5,20260819,28,permute_both_fixed_anchor,8,middle,97,random_order,500,0,500,192.27,0.5,0.0,0.01081776024739927,0.0,0.0054398283324104055
5,20260819,28,permute_both_fixed_anchor,8,middle,97,balance_only,500,0,500,192.27,0.6394601633888949,0.1394601633888949,0.022453595784265562,0.028,0.009308724043808147
5,20260819,28,permute_both_fixed_anchor,8,middle,97,balance_random_pair,500,0,500,192.27,0.6972509661397671,0.19725096613976711,0.0348916116831459,0.226,0.013122879177505141
5,20260819,28,permute_both_fixed_anchor,8,middle,97,balance_pressured_pair,500,0,500,192.27,0.7283956489013598,0.22839564890135977,0.03989226061888853,0.282,0.01489108784344334
5,20260819,28,permute_both_fixed_anchor,8,middle,97,all_pair_product,500,0,500,192.27,0.9296651377695108,0.42966513776951076,0.5373601488552883,0.808,0.45574470899470904
5,20260819,28,permute_both_fixed_anchor,8,middle,97,minimum_max_pressure,500,0,500,192.27,0.8666519247044105,0.36665192470441055,0.20782134886701106,0.586,0.15792883024326185
5,20260819,28,permute_both_renormalized,8,middle,97,random_order,500,0,500,193.236,0.5,0.0,0.010751213339222904,0.0,0.005406100878128172
5,20260819,28,permute_both_renormalized,8,middle,97,balance_only,500,0,500,193.236,0.6264836169660261,0.12648361696602606,0.020890305153895835,0.02,0.008157151413717737
5,20260819,28,permute_both_renormalized,8,middle,97,balance_random_pair,500,0,500,193.236,0.7057767695299677,0.2057767695299677,0.034387245899862785,0.21,0.012720212890229936
5,20260819,28,permute_both_renormalized,8,middle,97,balance_pressured_pair,500,0,500,193.236,0.7225549617472536,0.22255496174725364,0.04021320770945198,0.268,0.01508762238640931
5,20260819,28,permute_both_renormalized,8,middle,97,all_pair_product,500,0,500,193.236,0.937862497383961,0.437862497383961,0.5018634247866217,0.826,0.40893517908017907
5,20260819,28,permute_both_renormalized,8,middle,97,minimum_max_pressure,500,0,500,193.236,0.8630941847654028,0.3630941847654028,0.1945932068697659,0.57,0.14711089865154112
6,20260820,24,catalog,2,early,12,random_order,500,0,500,4.0,0.5,0.0,0.4000000000000035,0.0,0.25
6,20260820,24,catalog,2,early,12,balance_only,500,0,500,4.0,0.53725,0.037250000000000005,0.500214285714284,0.0,0.273
6,20260820,24,catalog,2,early,12,balance_random_pair,500,0,500,4.0,0.52225,0.022249999999999992,0.5033809523809518,0.08,0.2865
6,20260820,24,catalog,2,early,12,balance_pressured_pair,500,0,500,4.0,0.48075,-0.01924999999999999,0.5241857142857145,0.248,0.322
6,20260820,24,catalog,2,early,12,all_pair_product,500,0,500,4.0,0.58225,0.08225000000000005,0.5987380952380954,0.322,0.379
6,20260820,24,catalog,2,early,12,minimum_max_pressure,500,0,500,4.0,0.4465,-0.05349999999999999,0.49746666666666617,0.246,0.305
6,20260820,24,permute_both_fixed_anchor,2,early,12,random_order,500,0,500,4.0,0.5,0.0,0.4000000000000035,0.0,0.25
6,20260820,24,permute_both_fixed_anchor,2,early,12,balance_only,500,0,500,4.0,0.52575,0.02575000000000005,0.49259523809523637,0.0,0.264
6,20260820,24,permute_both_fixed_anchor,2,early,12,balance_random_pair,500,0,500,4.0,0.534,0.03400000000000003,0.5091285714285714,0.098,0.2765
6,20260820,24,permute_both_fixed_anchor,2,early,12,balance_pressured_pair,500,0,500,4.0,0.575,0.07499999999999996,0.5520714285714279,0.144,0.3185
6,20260820,24,permute_both_fixed_anchor,2,early,12,all_pair_product,500,0,500,4.0,0.666,0.16600000000000004,0.6925714285714286,0.454,0.5126666666666666
6,20260820,24,permute_both_fixed_anchor,2,early,12,minimum_max_pressure,500,0,500,4.0,0.5915,0.09150000000000003,0.5447095238095234,0.128,0.3565000000000002
6,20260820,24,permute_both_renormalized,2,early,12,random_order,500,0,500,4.0,0.5,0.0,0.4000000000000035,0.0,0.25
6,20260820,24,permute_both_renormalized,2,early,12,balance_only,500,0,500,4.0,0.5235,0.023499999999999965,0.4922380952380936,0.0,0.265
6,20260820,24,permute_both_renormalized,2,early,12,balance_random_pair,500,0,500,4.0,0.552,0.052000000000000046,0.5226952380952377,0.08,0.3
6,20260820,24,permute_both_renormalized,2,early,12,balance_pressured_pair,500,0,500,4.0,0.56325,0.06325000000000003,0.5444761904761901,0.14,0.313
6,20260820,24,permute_both_renormalized,2,early,12,all_pair_product,500,0,500,4.0,0.65025,0.15025,0.6798190476190472,0.446,0.4946666666666667
6,20260820,24,permute_both_renormalized,2,early,12,minimum_max_pressure,500,0,500,4.0,0.5755,0.07550000000000001,0.5330428571428568,0.118,0.34116666666666706
6,20260820,24,catalog,2,middle,12,random_order,500,37,463,4.0,0.5,0.0,0.40000000000000335,0.0,0.25
6,20260820,24,catalog,2,middle,12,balance_only,500,37,463,4.0,0.5550755939524838,0.05507559395248385,0.5129332510542,0.008639308855291577,0.28833693304535635
6,20260820,24,catalog,2,middle,12,balance_random_pair,500,37,463,4.0,0.5531857451403888,0.05318574514038876,0.5387637560423733,0.14254859611231102,0.33585313174946
6,20260820,24,catalog,2,middle,12,balance_pressured_pair,500,37,463,4.0,0.5456263498920086,0.045626349892008644,0.5766224416332414,0.2958963282937365,0.3840892728581713
6,20260820,24,catalog,2,middle,12,all_pair_product,500,37,463,4.0,0.6339092872570194,0.13390928725701945,0.6667746580273575,0.43412526997840173,0.490280777537797
6,20260820,24,catalog,2,middle,12,minimum_max_pressure,500,37,463,4.0,0.5934125269978402,0.0934125269978402,0.6458551887277583,0.42332613390928725,0.5100791936645069
6,20260820,24,permute_both_fixed_anchor,2,middle,12,random_order,500,0,500,3.998,0.5,0.0,0.4002000000000035,0.0,0.2501666666666667
6,20260820,24,permute_both_fixed_anchor,2,middle,12,balance_only,500,0,500,3.998,0.5516666666666666,0.05166666666666664,0.5111999999999987,0.022,0.29033333333333333
6,20260820,24,permute_both_fixed_anchor,2,middle,12,balance_random_pair,500,0,500,3.998,0.5726666666666667,0.07266666666666666,0.5461857142857143,0.148,0.3226666666666666
6,20260820,24,permute_both_fixed_anchor,2,middle,12,balance_pressured_pair,500,0,500,3.998,0.6136666666666666,0.11366666666666658,0.6016952380952383,0.238,0.38533333333333336
6,20260820,24,permute_both_fixed_anchor,2,middle,12,all_pair_product,500,0,500,3.998,0.7426666666666666,0.2426666666666666,0.7975142857142855,0.632,0.6698333333333333
6,20260820,24,permute_both_fixed_anchor,2,middle,12,minimum_max_pressure,500,0,500,3.998,0.6471666666666667,0.14716666666666667,0.630271428571428,0.296,0.47133333333333394
6,20260820,24,permute_both_renormalized,2,middle,12,random_order,500,0,500,3.988,0.5,0.0,0.4012000000000035,0.0,0.251
6,20260820,24,permute_both_renormalized,2,middle,12,balance_only,500,0,500,3.988,0.5510833333333334,0.05108333333333337,0.5115857142857128,0.024,0.2879999999999999
6,20260820,24,permute_both_renormalized,2,middle,12,balance_random_pair,500,0,500,3.988,0.6005833333333334,0.10058333333333336,0.5763619047619037,0.162,0.3735
6,20260820,24,permute_both_renormalized,2,middle,12,balance_pressured_pair,500,0,500,3.988,0.62275,0.12275000000000003,0.6118999999999996,0.25,0.3998333333333334
6,20260820,24,permute_both_renormalized,2,middle,12,all_pair_product,500,0,500,3.988,0.7388333333333333,0.23883333333333334,0.7894333333333331,0.614,0.6511666666666668
6,20260820,24,permute_both_renormalized,2,middle,12,minimum_max_pressure,500,0,500,3.988,0.651,0.15100000000000002,0.6340380952380951,0.3,0.4778333333333341
6,20260820,24,catalog,4,early,12,random_order,264,0,264,16.0,0.5,0.0,0.11764705882352905,0.0,0.0625
6,20260820,24,catalog,4,early,12,balance_only,264,0,264,16.0,0.6260653409090909,0.12606534090909094,0.21691237907675248,0.0,0.10858585858585883
6,20260820,24,catalog,4,early,12,balance_random_pair,264,0,264,16.0,0.5703125,0.0703125,0.21652236955821477,0.041666666666666664,0.103219696969697
6,20260820,24,catalog,4,early,12,balance_pressured_pair,264,0,264,16.0,0.5379971590909091,0.03799715909090906,0.21350096018636727,0.03787878787878788,0.09880050505050506
6,20260820,24,catalog,4,early,12,all_pair_product,264,0,264,16.0,0.6368371212121212,0.13683712121212122,0.39608615969353866,0.3446969696969697,0.2518939393939394
6,20260820,24,catalog,4,early,12,minimum_max_pressure,264,0,264,16.0,0.4913589015151515,-0.008641098484848508,0.20400520315511078,0.08712121212121213,0.09529610225632949
6,20260820,24,permute_both_fixed_anchor,4,early,12,random_order,264,0,264,16.0,0.5,0.0,0.11764705882352905,0.0,0.0625
6,20260820,24,permute_both_fixed_anchor,4,early,12,balance_only,264,0,264,16.0,0.5478219696969697,0.047821969696969724,0.17627364301047846,0.0,0.07007575757575756
6,20260820,24,permute_both_fixed_anchor,4,early,12,balance_random_pair,264,0,264,16.0,0.5691287878787878,0.06912878787878785,0.19927174314419563,0.06818181818181818,0.07859848484848486
6,20260820,24,permute_both_fixed_anchor,4,early,12,balance_pressured_pair,264,0,264,16.0,0.5785984848484849,0.07859848484848486,0.21246150453888724,0.11742424242424243,0.08364898989898986
6,20260820,24,permute_both_fixed_anchor,4,early,12,all_pair_product,264,0,264,16.0,0.7475142045454546,0.24751420454545459,0.437233662024092,0.36742424242424243,0.2668560606060606
6,20260820,24,permute_both_fixed_anchor,4,early,12,minimum_max_pressure,264,0,264,16.0,0.6397964015151515,0.1397964015151515,0.2519596037859667,0.1590909090909091,0.13182841989660168
6,20260820,24,permute_both_renormalized,4,early,12,random_order,264,0,264,16.0,0.5,0.0,0.11764705882352905,0.0,0.0625
6,20260820,24,permute_both_renormalized,4,early,12,balance_only,264,0,264,16.0,0.5261600378787878,0.026160037878787845,0.17102337244770785,0.0,0.067550505050505
6,20260820,24,permute_both_renormalized,4,early,12,balance_random_pair,264,0,264,16.0,0.5654592803030303,0.06545928030303028,0.20167253270829222,0.07575757575757576,0.08270202020202015
6,20260820,24,permute_both_renormalized,4,early,12,balance_pressured_pair,264,0,264,16.0,0.5675899621212122,0.06758996212121215,0.21269438687722314,0.13257575757575757,0.08680555555555557
6,20260820,24,permute_both_renormalized,4,early,12,all_pair_product,264,0,264,16.0,0.7407670454545454,0.24076704545454541,0.4372622170394228,0.3712121212121212,0.28125
6,20260820,24,permute_both_renormalized,4,early,12,minimum_max_pressure,264,0,264,16.0,0.6328125,0.1328125,0.26123704749237653,0.1553030303030303,0.1463352829830103
6,20260820,24,catalog,4,middle,12,random_order,500,35,465,15.838709677419354,0.5,0.0,0.1192283364958883,0.0,0.06341642228739003
6,20260820,24,catalog,4,middle,12,balance_only,500,35,465,15.838709677419354,0.6400109970674487,0.14001099706744868,0.21521526521875575,0.0,0.10240143369175599
6,20260820,24,catalog,4,middle,12,balance_random_pair,500,35,465,15.838709677419354,0.6321114369501465,0.1321114369501465,0.24301801851529245,0.08602150537634409,0.1214874551971325
6,20260820,24,catalog,4,middle,12,balance_pressured_pair,500,35,465,15.838709677419354,0.6018450635386121,0.10184506353861211,0.2388663922819588,0.11182795698924732,0.10949820788530447
6,20260820,24,catalog,4,middle,12,all_pair_product,500,35,465,15.838709677419354,0.7112475562072339,0.2112475562072339,0.47041697904439445,0.443010752688172,0.32838709677419353
6,20260820,24,catalog,4,middle,12,minimum_max_pressure,500,35,465,15.838709677419354,0.6659274193548387,0.16592741935483868,0.38649200729086236,0.2967741935483871,0.28526513211997095
6,20260820,24,permute_both_fixed_anchor,4,middle,12,random_order,500,0,500,15.692,0.5,0.0,0.12015630252100808,0.0,0.06393425740925739
6,20260820,24,permute_both_fixed_anchor,4,middle,12,balance_only,500,0,500,15.692,0.5656715284715286,0.06567152847152857,0.19068993650275953,0.004,0.07763333333333336
6,20260820,24,permute_both_fixed_anchor,4,middle,12,balance_random_pair,500,0,500,15.692,0.6198796203796204,0.11987962037962041,0.23820873883968577,0.152,0.1062954545454546
6,20260820,24,permute_both_fixed_anchor,4,middle,12,balance_pressured_pair,500,0,500,15.692,0.6459352897102896,0.14593528971028957,0.25891320889933994,0.198,0.11400000000000005
6,20260820,24,permute_both_fixed_anchor,4,middle,12,all_pair_product,500,0,500,15.692,0.8216383366633355,0.3216383366633355,0.5968439132268863,0.582,0.45216666666666666
6,20260820,24,permute_both_fixed_anchor,4,middle,12,minimum_max_pressure,500,0,500,15.692,0.730101261238761,0.23010126123876096,0.3797757093262558,0.314,0.26326943056943064
6,20260820,24,permute_both_renormalized,4,middle,12,random_order,500,0,500,15.688,0.5,0.0,0.12019607843137223,0.0,0.06395746753246749
6,20260820,24,permute_both_renormalized,4,middle,12,balance_only,500,0,500,15.688,0.5810814935064937,0.08108149350649374,0.20504253027605499,0.016,0.09133333333333314
6,20260820,24,permute_both_renormalized,4,middle,12,balance_random_pair,500,0,500,15.688,0.6091274891774893,0.10912748917748927,0.23324934609276962,0.128,0.10520252525252531
6,20260820,24,permute_both_renormalized,4,middle,12,balance_pressured_pair,500,0,500,15.688,0.6640556277056275,0.16405562770562754,0.2726334487997428,0.222,0.12583333333333344
6,20260820,24,permute_both_renormalized,4,middle,12,all_pair_product,500,0,500,15.688,0.8279123917748904,0.3279123917748904,0.6055953070657847,0.594,0.45933333333333337
6,20260820,24,permute_both_renormalized,4,middle,12,minimum_max_pressure,500,0,500,15.688,0.7300212662337656,0.23002126623376562,0.35376781227140497,0.274,0.2351125763125764
6,20260820,24,catalog,8,early,12,random_order,264,0,264,256.0,0.5,0.0,0.007782101167315151,0.0,0.00390625
6,20260820,24,catalog,8,early,12,balance_only,264,0,264,256.0,0.7263109611742424,0.22631096117424243,0.020863051839328316,0.0,0.008982683982683958
6,20260820,24,catalog,8,early,12,balance_random_pair,264,0,264,256.0,0.7174849076704546,0.21748490767045459,0.03164138506588856,0.45454545454545453,0.01366943241943239
6,20260820,24,catalog,8,early,12,balance_pressured_pair,264,0,264,256.0,0.6412242542613636,0.14122425426136365,0.02584364722522676,0.3446969696969697,0.010152116402116388
6,20260820,24,catalog,8,early,12,all_pair_product,264,0,264,256.0,0.7407152580492424,0.24071525804924243,0.2648330592753227,0.553030303030303,0.18644781144781145
6,20260820,24,catalog,8,early,12,minimum_max_pressure,264,0,264,256.0,0.7126242897727273,0.2126242897727273,0.10241490673737423,0.4318181818181818,0.07154847234843024
6,20260820,24,permute_both_fixed_anchor,8,early,12,random_order,264,0,264,256.0,0.5,0.0,0.007782101167315151,0.0,0.00390625
6,20260820,24,permute_both_fixed_anchor,8,early,12,balance_only,264,0,264,256.0,0.5624112215909091,0.06241122159090906,0.013407184239812466,0.0,0.003990800865800859
6,20260820,24,permute_both_fixed_anchor,8,early,12,balance_random_pair,264,0,264,256.0,0.6169063683712122,0.11690636837121215,0.018434541458341842,0.12878787878787878,0.005555555555555556
6,20260820,24,permute_both_fixed_anchor,8,early,12,balance_pressured_pair,264,0,264,256.0,0.6614509351325758,0.1614509351325758,0.021915648509644232,0.18181818181818182,0.006502525252525255
6,20260820,24,permute_both_fixed_anchor,8,early,12,all_pair_product,264,0,264,256.0,0.8700506036931818,0.37005060369318177,0.27013920552161413,0.6060606060606061,0.17402146464646462
6,20260820,24,permute_both_fixed_anchor,8,early,12,minimum_max_pressure,264,0,264,256.0,0.7744732481060606,0.27447324810606055,0.09048458651355924,0.32954545454545453,0.05741781251785495
6,20260820,24,permute_both_renormalized,8,early,12,random_order,264,0,264,256.0,0.5,0.0,0.007782101167315151,0.0,0.00390625
6,20260820,24,permute_both_renormalized,8,early,12,balance_only,264,0,264,256.0,0.5848425662878788,0.08484256628787878,0.015267782922896635,0.0,0.005424783549783539
6,20260820,24,permute_both_renormalized,8,early,12,balance_random_pair,264,0,264,256.0,0.6303636955492424,0.13036369554924243,0.01944564189934631,0.1590909090909091,0.0061237373737373715
6,20260820,24,permute_both_renormalized,8,early,12,balance_pressured_pair,264,0,264,256.0,0.6435990767045454,0.14359907670454541,0.02208602098098861,0.18181818181818182,0.006791125541125544
6,20260820,24,permute_both_renormalized,8,early,12,all_pair_product,264,0,264,256.0,0.8777965198863636,0.37779651988636365,0.31082240265792166,0.6401515151515151,0.23302819865319868
6,20260820,24,permute_both_renormalized,8,early,12,minimum_max_pressure,264,0,264,256.0,0.7730379971590909,0.27303799715909094,0.09666012986128376,0.3181818181818182,0.06503129548211714
6,20260820,24,catalog,8,middle,12,random_order,264,42,222,65.95495495495496,0.5,0.0,0.1053257827491209,0.0,0.06201198270607518
6,20260820,24,catalog,8,middle,12,balance_only,264,42,222,65.95495495495496,0.6561114621370032,0.15611146213700322,0.18728658081692612,0.07207207207207207,0.11510423586935407
6,20260820,24,catalog,8,middle,12,balance_random_pair,264,42,222,65.95495495495496,0.7301185713340049,0.23011857133400493,0.26942485071066485,0.2972972972972973,0.18581926117941341
6,20260820,24,catalog,8,middle,12,balance_pressured_pair,264,42,222,65.95495495495496,0.7183841859519282,0.2183841859519282,0.27401650107955255,0.32882882882882886,0.16322676986919202
6,20260820,24,catalog,8,middle,12,all_pair_product,264,42,222,65.95495495495496,0.8289345200526436,0.32893452005264356,0.5141833908051802,0.6486486486486487,0.4485744673244674
6,20260820,24,catalog,8,middle,12,minimum_max_pressure,264,42,222,65.95495495495496,0.6095927432649435,0.1095927432649435,0.2344049773237186,0.23873873873873874,0.1759593302219677
6,20260820,24,permute_both_fixed_anchor,8,middle,12,random_order,264,2,262,40.30534351145038,0.5,0.0,0.18507838043116934,0.0,0.11411190156184008
6,20260820,24,permute_both_fixed_anchor,8,middle,12,balance_only,264,2,262,40.30534351145038,0.615460119937397,0.11546011993739702,0.31363803037084814,0.21374045801526717,0.2005398253130323
6,20260820,24,permute_both_fixed_anchor,8,middle,12,balance_random_pair,264,2,262,40.30534351145038,0.6764238692574771,0.1764238692574771,0.35625571860726973,0.2786259541984733,0.2315274999822548
6,20260820,24,permute_both_fixed_anchor,8,middle,12,balance_pressured_pair,264,2,262,40.30534351145038,0.6621661499470775,0.16216614994707745,0.36966744296992127,0.3282442748091603,0.261660701450187
6,20260820,24,permute_both_fixed_anchor,8,middle,12,all_pair_product,264,2,262,40.30534351145038,0.8556899474310526,0.35568994743105264,0.6359275139807512,0.732824427480916,0.55517061394924
6,20260820,24,permute_both_fixed_anchor,8,middle,12,minimum_max_pressure,264,2,262,40.30534351145038,0.6039777482004397,0.1039777482004397,0.28571350481927954,0.183206106870229,0.20374612986682633
6,20260820,24,permute_both_renormalized,8,middle,12,random_order,264,7,257,40.57587548638132,0.5,0.0,0.186120952358553,0.0,0.11556459312985123
6,20260820,24,permute_both_renormalized,8,middle,12,balance_only,264,7,257,40.57587548638132,0.6079032171941623,0.1079032171941623,0.2915779494882809,0.17509727626459143,0.1797957981874494
6,20260820,24,permute_both_renormalized,8,middle,12,balance_random_pair,264,7,257,40.57587548638132,0.6868115080344966,0.18681150803449664,0.3584438140516551,0.3151750972762646,0.23899372524264476
6,20260820,24,permute_both_renormalized,8,middle,12,balance_pressured_pair,264,7,257,40.57587548638132,0.6213755963703168,0.12137559637031681,0.307351420960689,0.2490272373540856,0.18539078996478087
6,20260820,24,permute_both_renormalized,8,middle,12,all_pair_product,264,7,257,40.57587548638132,0.8579981050987479,0.35799810509874785,0.6500458374361688,0.7315175097276264,0.588147427583225
6,20260820,24,permute_both_renormalized,8,middle,12,minimum_max_pressure,264,7,257,40.57587548638132,0.6120845843053008,0.11208458430530077,0.29212233675384613,0.2140077821011673,0.20466752160452412
6,20260820,28,catalog,2,early,97,random_order,500,0,500,4.0,0.5,0.0,0.4000000000000035,0.0,0.25
6,20260820,28,catalog,2,early,97,balance_only,500,0,500,4.0,0.523,0.02300000000000002,0.48666666666666514,0.0,0.252
6,20260820,28,catalog,2,early,97,balance_random_pair,500,0,500,4.0,0.541,0.041000000000000036,0.5137428571428568,0.094,0.278
6,20260820,28,catalog,2,early,97,balance_pressured_pair,500,0,500,4.0,0.56025,0.060250000000000026,0.5524238095238094,0.184,0.31
6,20260820,28,catalog,2,early,97,all_pair_product,500,0,500,4.0,0.6165,0.11650000000000005,0.6419666666666664,0.408,0.439
6,20260820,28,catalog,2,early,97,minimum_max_pressure,500,0,500,4.0,0.55325,0.05325000000000002,0.5092333333333334,0.102,0.31349999999999995
6,20260820,28,permute_both_fixed_anchor,2,early,97,random_order,500,0,500,4.0,0.5,0.0,0.4000000000000035,0.0,0.25
6,20260820,28,permute_both_fixed_anchor,2,early,97,balance_only,500,0,500,4.0,0.51675,0.016750000000000043,0.4871190476190464,0.0,0.258
6,20260820,28,permute_both_fixed_anchor,2,early,97,balance_random_pair,500,0,500,4.0,0.55425,0.05425000000000002,0.5360190476190474,0.132,0.3175
6,20260820,28,permute_both_fixed_anchor,2,early,97,balance_pressured_pair,500,0,500,4.0,0.57525,0.07525000000000004,0.5591238095238092,0.176,0.327
6,20260820,28,permute_both_fixed_anchor,2,early,97,all_pair_product,500,0,500,4.0,0.66025,0.16025,0.6939523809523801,0.48,0.5145
6,20260820,28,permute_both_fixed_anchor,2,early,97,minimum_max_pressure,500,0,500,4.0,0.592,0.09199999999999997,0.5572761904761906,0.172,0.37116666666666726
6,20260820,28,permute_both_renormalized,2,early,97,random_order,500,0,500,4.0,0.5,0.0,0.4000000000000035,0.0,0.25
6,20260820,28,permute_both_renormalized,2,early,97,balance_only,500,0,500,4.0,0.512,0.01200000000000001,0.48221428571428454,0.0,0.25
6,20260820,28,permute_both_renormalized,2,early,97,balance_random_pair,500,0,500,4.0,0.5605,0.0605,0.5463952380952379,0.156,0.3375
6,20260820,28,permute_both_renormalized,2,early,97,balance_pressured_pair,500,0,500,4.0,0.56425,0.06425000000000003,0.554023809523809,0.178,0.321
6,20260820,28,permute_both_renormalized,2,early,97,all_pair_product,500,0,500,4.0,0.65675,0.15674999999999994,0.6898857142857138,0.472,0.5066666666666667
6,20260820,28,permute_both_renormalized,2,early,97,minimum_max_pressure,500,0,500,4.0,0.58125,0.08125000000000004,0.5616714285714284,0.202,0.37916666666666693
6,20260820,28,catalog,2,middle,97,random_order,500,9,491,3.9531568228105907,0.5,0.0,0.4046843177189443,0.0,0.25390359809911733
6,20260820,28,catalog,2,middle,97,balance_only,500,9,491,3.9531568228105907,0.5397148676171079,0.03971486761710785,0.5042333430317125,0.008146639511201629,0.273591310251188
6,20260820,28,catalog,2,middle,97,balance_random_pair,500,9,491,3.9531568228105907,0.5902070604209098,0.09020706042090976,0.5759092231597321,0.18737270875763748,0.3681262729124236
6,20260820,28,catalog,2,middle,97,balance_pressured_pair,500,9,491,3.9531568228105907,0.6026816021724373,0.10268160217243727,0.6092619532538067,0.2790224032586558,0.39748811948404617
6,20260820,28,catalog,2,middle,97,all_pair_product,500,9,491,3.9531568228105907,0.7349796334012217,0.23497963340122174,0.7915915042187952,0.6293279022403259,0.655295315682281
6,20260820,28,catalog,2,middle,97,minimum_max_pressure,500,9,491,3.9531568228105907,0.6022572980312287,0.10225729803122874,0.5910920376297154,0.24439918533604887,0.41598778004073383
6,20260820,28,permute_both_fixed_anchor,2,middle,97,random_order,500,1,499,3.9859719438877756,0.5,0.0,0.40140280561122593,0.0,0.25116900467601866
6,20260820,28,permute_both_fixed_anchor,2,middle,97,balance_only,500,1,499,3.9859719438877756,0.5374081496325984,0.03740814963259842,0.5026624677927273,0.022044088176352707,0.2772211088844355
6,20260820,28,permute_both_fixed_anchor,2,middle,97,balance_random_pair,500,1,499,3.9859719438877756,0.5815798263193053,0.08157982631930527,0.564175970989598,0.17034068136272545,0.352872411489646
6,20260820,28,permute_both_fixed_anchor,2,middle,97,balance_pressured_pair,500,1,499,3.9859719438877756,0.6223279893119571,0.1223279893119571,0.6173346693386771,0.280561122244489,0.4043086172344689
6,20260820,28,permute_both_fixed_anchor,2,middle,97,all_pair_product,500,1,499,3.9859719438877756,0.7459084836339345,0.24590848363393447,0.8073575722874313,0.6673346693386774,0.6825317301269206
6,20260820,28,permute_both_fixed_anchor,2,middle,97,minimum_max_pressure,500,1,499,3.9859719438877756,0.6577321309285237,0.15773213092852367,0.6246302128065654,0.2545090180360721,0.46609886439545833
6,20260820,28,permute_both_renormalized,2,middle,97,random_order,500,0,500,3.984,0.5,0.0,0.4016000000000035,0.0,0.2513333333333333
6,20260820,28,permute_both_renormalized,2,middle,97,balance_only,500,0,500,3.984,0.5433333333333332,0.043333333333333224,0.5084285714285698,0.026,0.28666666666666657
6,20260820,28,permute_both_renormalized,2,middle,97,balance_random_pair,500,0,500,3.984,0.5805833333333333,0.08058333333333334,0.5581809523809519,0.152,0.3395
6,20260820,28,permute_both_renormalized,2,middle,97,balance_pressured_pair,500,0,500,3.984,0.6225833333333334,0.12258333333333338,0.6186,0.278,0.4111666666666667
6,20260820,28,permute_both_renormalized,2,middle,97,all_pair_product,500,0,500,3.984,0.7539999999999999,0.2539999999999999,0.8159238095238094,0.668,0.6945
6,20260820,28,permute_both_renormalized,2,middle,97,minimum_max_pressure,500,0,500,3.984,0.6510833333333332,0.15108333333333324,0.6203619047619049,0.256,0.45900000000000085
6,20260820,28,catalog,4,early,97,random_order,500,0,500,16.0,0.5,0.0,0.11764705882352902,0.0,0.0625
6,20260820,28,catalog,4,early,97,balance_only,500,0,500,16.0,0.58725,0.08725000000000005,0.1957652313183354,0.0,0.08649999999999985
6,20260820,28,catalog,4,early,97,balance_random_pair,500,0,500,16.0,0.568875,0.06887500000000002,0.2171139853966508,0.092,0.0948333333333333
6,20260820,28,catalog,4,early,97,balance_pressured_pair,500,0,500,16.0,0.5945,0.09450000000000003,0.2438528984550321,0.194,0.11050000000000017
6,20260820,28,catalog,4,early,97,all_pair_product,500,0,500,16.0,0.7189375,0.2189375,0.4198008500482938,0.376,0.2423333333333333
6,20260820,28,catalog,4,early,97,minimum_max_pressure,500,0,500,16.0,0.60275,0.10275000000000001,0.22187919642241144,0.082,0.11276171606171632
6,20260820,28,permute_both_fixed_anchor,4,early,97,random_order,500,0,500,16.0,0.5,0.0,0.11764705882352902,0.0,0.0625
6,20260820,28,permute_both_fixed_anchor,4,early,97,balance_only,500,0,500,16.0,0.5303125,0.030312499999999964,0.17234415666559955,0.0,0.06816666666666679
6,20260820,28,permute_both_fixed_anchor,4,early,97,balance_random_pair,500,0,500,16.0,0.5474375,0.04743750000000002,0.1929464348202366,0.068,0.07349999999999997
6,20260820,28,permute_both_fixed_anchor,4,early,97,balance_pressured_pair,500,0,500,16.0,0.579875,0.07987500000000003,0.21826026369542154,0.138,0.0901666666666667
6,20260820,28,permute_both_fixed_anchor,4,early,97,all_pair_product,500,0,500,16.0,0.7514375,0.2514375,0.4540766462990173,0.394,0.28
6,20260820,28,permute_both_fixed_anchor,4,early,97,minimum_max_pressure,500,0,500,16.0,0.6530625,0.1530625,0.27491803219235944,0.174,0.1604796092796094
6,20260820,28,permute_both_renormalized,4,early,97,random_order,500,0,500,16.0,0.5,0.0,0.11764705882352902,0.0,0.0625
6,20260820,28,permute_both_renormalized,4,early,97,balance_only,500,0,500,16.0,0.5251875,0.02518750000000003,0.1707779132565382,0.0,0.06633333333333348
6,20260820,28,permute_both_renormalized,4,early,97,balance_random_pair,500,0,500,16.0,0.566625,0.06662500000000005,0.20227717288271013,0.1,0.08133333333333334
6,20260820,28,permute_both_renormalized,4,early,97,balance_pressured_pair,500,0,500,16.0,0.5639375,0.06393749999999998,0.2024253447524675,0.112,0.07433333333333336
6,20260820,28,permute_both_renormalized,4,early,97,all_pair_product,500,0,500,16.0,0.7389375,0.23893750000000002,0.4506183134982243,0.394,0.2943333333333334
6,20260820,28,permute_both_renormalized,4,early,97,minimum_max_pressure,500,0,500,16.0,0.633625,0.133625,0.25911315627732423,0.156,0.14464118659118677
6,20260820,28,catalog,4,middle,97,random_order,500,13,487,15.162217659137577,0.5,0.0,0.12858212166703498,0.0,0.06919885384977789
6,20260820,28,catalog,4,middle,97,balance_only,500,13,487,15.162217659137577,0.5632832602031781,0.0632832602031781,0.19673198821487906,0.004106776180698152,0.08206707734428473
6,20260820,28,catalog,4,middle,97,balance_random_pair,500,13,487,15.162217659137577,0.5932443668583294,0.09324436685832937,0.23475306777220753,0.1293634496919918,0.0986435193827392
6,20260820,28,catalog,4,middle,97,balance_pressured_pair,500,13,487,15.162217659137577,0.6223534636137307,0.12235346361373067,0.2811450507644759,0.21560574948665298,0.13261464750171123
6,20260820,28,catalog,4,middle,97,all_pair_product,500,13,487,15.162217659137577,0.8257666828380372,0.3257666828380372,0.6119732666555314,0.5954825462012321,0.4635523613963039
6,20260820,28,catalog,4,middle,97,minimum_max_pressure,500,13,487,15.162217659137577,0.7038251148235748,0.2038251148235748,0.3570204449541425,0.2936344969199179,0.2379379233588679
6,20260820,28,permute_both_fixed_anchor,4,middle,97,random_order,500,0,500,15.352,0.5,0.0,0.1238456837280363,0.0,0.06612009657009657
6,20260820,28,permute_both_fixed_anchor,4,middle,97,balance_only,500,0,500,15.352,0.5736529179154183,0.07365291791541828,0.20048240595724354,0.01,0.08360000000000001
6,20260820,28,permute_both_fixed_anchor,4,middle,97,balance_random_pair,500,0,500,15.352,0.6118410797535799,0.11184107975357993,0.23524517817867427,0.122,0.0998303030303031
6,20260820,28,permute_both_fixed_anchor,4,middle,97,balance_pressured_pair,500,0,500,15.352,0.6728785964035964,0.17287859640359637,0.2843181156030614,0.23,0.13473333333333337
6,20260820,28,permute_both_fixed_anchor,4,middle,97,all_pair_product,500,0,500,15.352,0.8505818889443881,0.35058188894438813,0.6607666797476659,0.676,0.5198333333333333
6,20260820,28,permute_both_fixed_anchor,4,middle,97,minimum_max_pressure,500,0,500,15.352,0.7522090367965366,0.2522090367965366,0.3940231944914544,0.284,0.2795876623376624
6,20260820,28,permute_both_renormalized,4,middle,97,random_order,500,0,500,15.452,0.5,0.0,0.12242933537051151,0.0,0.06524876789876788
6,20260820,28,permute_both_renormalized,4,middle,97,balance_only,500,0,500,15.452,0.5722211746586747,0.07222117465867472,0.19866661139956204,0.008,0.08283333333333333
6,20260820,28,permute_both_renormalized,4,middle,97,balance_random_pair,500,0,500,15.452,0.6134565892440893,0.1134565892440893,0.23921700695380657,0.154,0.10564848484848491
6,20260820,28,permute_both_renormalized,4,middle,97,balance_pressured_pair,500,0,500,15.452,0.6805692682317686,0.18056926823176855,0.29588047831998576,0.264,0.14399999999999996
6,20260820,28,permute_both_renormalized,4,middle,97,all_pair_product,500,0,500,15.452,0.8472395229770215,0.34723952297702154,0.651764868296552,0.644,0.5206666666666667
6,20260820,28,permute_both_renormalized,4,middle,97,minimum_max_pressure,500,0,500,15.452,0.7585394563769563,0.2585394563769563,0.3964159184474264,0.292,0.281260361860362
6,20260820,28,catalog,8,early,97,random_order,500,0,500,256.0,0.5,0.0,0.007782101167315149,0.0,0.00390625
6,20260820,28,catalog,8,early,97,balance_only,500,0,500,256.0,0.619046875,0.119046875,0.015840599306273326,0.0,0.005557142857142842
6,20260820,28,catalog,8,early,97,balance_random_pair,500,0,500,256.0,0.629,0.129,0.02048045478410944,0.168,0.0067349206349206206
6,20260820,28,catalog,8,early,97,balance_pressured_pair,500,0,500,256.0,0.6563671875,0.1563671875,0.02339669740696,0.184,0.007788888888888878
6,20260820,28,catalog,8,early,97,all_pair_product,500,0,500,256.0,0.82815234375,0.32815234375,0.16219394236535611,0.542,0.09983339438339439
6,20260820,28,catalog,8,early,97,minimum_max_pressure,500,0,500,256.0,0.68022265625,0.18022265625,0.08121397757400067,0.236,0.06058865809042536
6,20260820,28,permute_both_fixed_anchor,8,early,97,random_order,500,0,500,256.0,0.5,0.0,0.007782101167315149,0.0,0.00390625
6,20260820,28,permute_both_fixed_anchor,8,early,97,balance_only,500,0,500,256.0,0.56961328125,0.06961328124999999,0.014476353541908852,0.0,0.00482142857142856
6,20260820,28,permute_both_fixed_anchor,8,early,97,balance_random_pair,500,0,500,256.0,0.6121875,0.1121875,0.01860085708675581,0.14,0.005630158730158723
6,20260820,28,permute_both_fixed_anchor,8,early,97,balance_pressured_pair,500,0,500,256.0,0.6359921875,0.13599218749999997,0.02156991647412874,0.18,0.006775396825396816
6,20260820,28,permute_both_fixed_anchor,8,early,97,all_pair_product,500,0,500,256.0,0.86759765625,0.36759765624999996,0.26241187722674325,0.634,0.17825694444444445
6,20260820,28,permute_both_fixed_anchor,8,early,97,minimum_max_pressure,500,0,500,256.0,0.765953125,0.265953125,0.0743137581216117,0.228,0.04908529206399388
6,20260820,28,permute_both_renormalized,8,early,97,random_order,500,0,500,256.0,0.5,0.0,0.007782101167315149,0.0,0.00390625
6,20260820,28,permute_both_renormalized,8,early,97,balance_only,500,0,500,256.0,0.5765546875,0.07655468750000005,0.014724657375275106,0.0,0.005014285714285701
6,20260820,28,permute_both_renormalized,8,early,97,balance_random_pair,500,0,500,256.0,0.63341015625,0.13341015624999997,0.020174662693854258,0.18,0.006548412698412688
6,20260820,28,permute_both_renormalized,8,early,97,balance_pressured_pair,500,0,500,256.0,0.6321484375,0.13214843750000005,0.0220766124550676,0.198,0.007210317460317452
6,20260820,28,permute_both_renormalized,8,early,97,all_pair_product,500,0,500,256.0,0.86115234375,0.36115234375000005,0.26605832211978536,0.618,0.17943991295442907
6,20260820,28,permute_both_renormalized,8,early,97,minimum_max_pressure,500,0,500,256.0,0.75038671875,0.25038671874999996,0.07583400483816617,0.234,0.04961681496014556
6,20260820,28,catalog,8,middle,97,random_order,500,0,500,189.558,0.5,0.0,0.011492733565383086,0.0,0.005784328881629521
6,20260820,28,catalog,8,middle,97,balance_only,500,0,500,189.558,0.6276243052800416,0.12762430528004165,0.02069648080046356,0.002,0.00811326796231643
6,20260820,28,catalog,8,middle,97,balance_random_pair,500,0,500,189.558,0.6755896334805258,0.1755896334805258,0.03309940881945459,0.21,0.011166887974993177
6,20260820,28,catalog,8,middle,97,balance_pressured_pair,500,0,500,189.558,0.7006901053520797,0.20069010535207965,0.03942856504372552,0.288,0.013990780924288843
6,20260820,28,catalog,8,middle,97,all_pair_product,500,0,500,189.558,0.9236076901394806,0.42360769013948063,0.4581653092845806,0.76,0.3637261904761905
6,20260820,28,catalog,8,middle,97,minimum_max_pressure,500,0,500,189.558,0.8321490552557584,0.33214905525575844,0.15105106320783568,0.422,0.10922703526287159
6,20260820,28,permute_both_fixed_anchor,8,middle,97,random_order,500,0,500,194.85,0.5,0.0,0.010671540340447549,0.0,0.0053658708099472655
6,20260820,28,permute_both_fixed_anchor,8,middle,97,balance_only,500,0,500,194.85,0.6185146241682121,0.11851462416821212,0.020203802818432367,0.016,0.008001692918221675
6,20260820,28,permute_both_fixed_anchor,8,middle,97,balance_random_pair,500,0,500,194.85,0.7052809772998552,0.20528097729985517,0.03368023855161325,0.204,0.012452375706262475
6,20260820,28,permute_both_fixed_anchor,8,middle,97,balance_pressured_pair,500,0,500,194.85,0.7323918737435269,0.23239187374352688,0.039643451558115925,0.282,0.015010237164554446
6,20260820,28,permute_both_fixed_anchor,8,middle,97,all_pair_product,500,0,500,194.85,0.9326195473649522,0.43261954736495223,0.5005344922734447,0.8,0.40335416644166644
6,20260820,28,permute_both_fixed_anchor,8,middle,97,minimum_max_pressure,500,0,500,194.85,0.868036437610048,0.368036437610048,0.2159213860319545,0.546,0.16972798365186023
6,20260820,28,permute_both_renormalized,8,middle,97,random_order,500,0,500,194.46,0.5,0.0,0.010731253416504053,0.0,0.005396276948643061
6,20260820,28,permute_both_renormalized,8,middle,97,balance_only,500,0,500,194.46,0.6346862281600303,0.13468622816003029,0.02102278458874088,0.016,0.00846156097571046
6,20260820,28,permute_both_renormalized,8,middle,97,balance_random_pair,500,0,500,194.46,0.7047502434563132,0.2047502434563132,0.03448754080432612,0.204,0.012526554429128126
6,20260820,28,permute_both_renormalized,8,middle,97,balance_pressured_pair,500,0,500,194.46,0.7393398756976681,0.23933987569766813,0.041153992547432676,0.296,0.015723375592845684
6,20260820,28,permute_both_renormalized,8,middle,97,all_pair_product,500,0,500,194.46,0.9244388731047395,0.4244388731047395,0.5008474316361451,0.78,0.41603354793354813
6,20260820,28,permute_both_renormalized,8,middle,97,minimum_max_pressure,500,0,500,194.46,0.8646229319306209,0.3646229319306209,0.21734871129546,0.552,0.1688678494278353
7,20260821,24,catalog,2,early,12,random_order,500,0,500,4.0,0.5,0.0,0.4000000000000035,0.0,0.25
7,20260821,24,catalog,2,early,12,balance_only,500,0,500,4.0,0.5335,0.033499999999999974,0.49730952380952204,0.0,0.269
7,20260821,24,catalog,2,early,12,balance_random_pair,500,0,500,4.0,0.519,0.019000000000000017,0.5042333333333328,0.082,0.287
7,20260821,24,catalog,2,early,12,balance_pressured_pair,500,0,500,4.0,0.48575,-0.014249999999999985,0.5259000000000001,0.242,0.323
7,20260821,24,catalog,2,early,12,all_pair_product,500,0,500,4.0,0.58825,0.08825000000000005,0.6057285714285712,0.332,0.39
7,20260821,24,catalog,2,early,12,minimum_max_pressure,500,0,500,4.0,0.46275,-0.037250000000000005,0.5085095238095234,0.25,0.32183333333333364
7,20260821,24,permute_both_fixed_anchor,2,early,12,random_order,500,0,500,4.0,0.5,0.0,0.4000000000000035,0.0,0.25
7,20260821,24,permute_both_fixed_anchor,2,early,12,balance_only,500,0,500,4.0,0.522,0.02200000000000002,0.49038095238095086,0.0,0.262
7,20260821,24,permute_both_fixed_anchor,2,early,12,balance_random_pair,500,0,500,4.0,0.5475,0.04749999999999999,0.5212380952380951,0.11,0.2985
7,20260821,24,permute_both_fixed_anchor,2,early,12,balance_pressured_pair,500,0,500,4.0,0.57925,0.07925000000000004,0.5578095238095238,0.154,0.327
7,20260821,24,permute_both_fixed_anchor,2,early,12,all_pair_product,500,0,500,4.0,0.67225,0.17225000000000001,0.7037428571428569,0.472,0.5305
7,20260821,24,permute_both_fixed_anchor,2,early,12,minimum_max_pressure,500,0,500,4.0,0.5835,0.08350000000000002,0.5409523809523809,0.132,0.3500000000000002
7,20260821,24,permute_both_renormalized,2,early,12,random_order,500,0,500,4.0,0.5,0.0,0.4000000000000035,0.0,0.25
7,20260821,24,permute_both_renormalized,2,early,12,balance_only,500,0,500,4.0,0.52125,0.02124999999999999,0.4897142857142841,0.0,0.261
7,20260821,24,permute_both_renormalized,2,early,12,balance_random_pair,500,0,500,4.0,0.53625,0.036250000000000004,0.506823809523809,0.08,0.2715
7,20260821,24,permute_both_renormalized,2,early,12,balance_pressured_pair,500,0,500,4.0,0.56325,0.06325000000000003,0.5444142857142851,0.15,0.3085
7,20260821,24,permute_both_renormalized,2,early,12,all_pair_product,500,0,500,4.0,0.66275,0.16274999999999995,0.6936095238095239,0.456,0.5185
7,20260821,24,permute_both_renormalized,2,early,12,minimum_max_pressure,500,0,500,4.0,0.58525,0.08525000000000005,0.5420476190476183,0.13,0.3528333333333337
7,20260821,24,catalog,2,middle,12,random_order,500,30,470,3.9957446808510637,0.5,0.0,0.400425531914897,0.0,0.25035460992907804
7,20260821,24,catalog,2,middle,12,balance_only,500,30,470,3.9957446808510637,0.5587765957446809,0.05877659574468086,0.5139463019250239,0.010638297872340425,0.28794326241134754
7,20260821,24,catalog,2,middle,12,balance_random_pair,500,30,470,3.9957446808510637,0.5782801418439716,0.07828014184397158,0.5619807497467069,0.16595744680851063,0.36187943262411343
7,20260821,24,catalog,2,middle,12,balance_pressured_pair,500,30,470,3.9957446808510637,0.5668439716312057,0.0668439716312057,0.5990070921985818,0.32340425531914896,0.41453900709219854
7,20260821,24,catalog,2,middle,12,all_pair_product,500,30,470,3.9957446808510637,0.6645390070921987,0.1645390070921987,0.7054002026342459,0.48936170212765956,0.5468085106382978
7,20260821,24,catalog,2,middle,12,minimum_max_pressure,500,30,470,3.9957446808510637,0.6016843971631206,0.10168439716312061,0.6431155015197565,0.4021276595744681,0.49769503546099314
7,20260821,24,permute_both_fixed_anchor,2,middle,12,random_order,500,0,500,3.99,0.5,0.0,0.40100000000000346,0.0,0.2508333333333333
7,20260821,24,permute_both_fixed_anchor,2,middle,12,balance_only,500,0,500,3.99,0.523,0.02300000000000002,0.49355714285714153,0.026,0.2673333333333333
7,20260821,24,permute_both_fixed_anchor,2,middle,12,balance_random_pair,500,0,500,3.99,0.5626666666666668,0.06266666666666676,0.5413095238095235,0.14,0.3198333333333333
7,20260821,24,permute_both_fixed_anchor,2,middle,12,balance_pressured_pair,500,0,500,3.99,0.6039166666666665,0.10391666666666655,0.5935000000000001,0.236,0.378
7,20260821,24,permute_both_fixed_anchor,2,middle,12,all_pair_product,500,0,500,3.99,0.7235833333333331,0.22358333333333313,0.7719333333333325,0.592,0.6298333333333332
7,20260821,24,permute_both_fixed_anchor,2,middle,12,minimum_max_pressure,500,0,500,3.99,0.6533333333333332,0.1533333333333332,0.6395857142857143,0.302,0.48116666666666746
7,20260821,24,permute_both_renormalized,2,middle,12,random_order,500,0,500,3.994,0.5,0.0,0.4006000000000035,0.0,0.2505
7,20260821,24,permute_both_renormalized,2,middle,12,balance_only,500,0,500,3.994,0.5326666666666667,0.03266666666666673,0.49516190476190364,0.018,0.2666666666666665
7,20260821,24,permute_both_renormalized,2,middle,12,balance_random_pair,500,0,500,3.994,0.5765,0.07650000000000001,0.553328571428571,0.152,0.3345
7,20260821,24,permute_both_renormalized,2,middle,12,balance_pressured_pair,500,0,500,3.994,0.6154999999999999,0.11549999999999994,0.6026619047619046,0.242,0.384
7,20260821,24,permute_both_renormalized,2,middle,12,all_pair_product,500,0,500,3.994,0.7297499999999999,0.2297499999999999,0.7811714285714279,0.608,0.6416666666666666
7,20260821,24,permute_both_renormalized,2,middle,12,minimum_max_pressure,500,0,500,3.994,0.6549999999999999,0.15499999999999992,0.6334999999999996,0.282,0.47633333333333394
7,20260821,24,catalog,4,early,12,random_order,264,0,264,16.0,0.5,0.0,0.11764705882352905,0.0,0.0625
7,20260821,24,catalog,4,early,12,balance_only,264,0,264,16.0,0.6143465909090909,0.11434659090909094,0.21134679935023826,0.0,0.10353535353535374
7,20260821,24,catalog,4,early,12,balance_random_pair,264,0,264,16.0,0.5411931818181818,0.04119318181818177,0.21214360171707664,0.05303030303030303,0.10069444444444442
7,20260821,24,catalog,4,early,12,balance_pressured_pair,264,0,264,16.0,0.5417850378787878,0.041785037878787845,0.21445456614228242,0.06060606060606061,0.09753787878787877
7,20260821,24,catalog,4,early,12,all_pair_product,264,0,264,16.0,0.6387310606060606,0.13873106060606055,0.38271898139279575,0.3371212121212121,0.2294823232323232
7,20260821,24,catalog,4,early,12,minimum_max_pressure,264,0,264,16.0,0.5076941287878788,0.0076941287878787845,0.21161370698721274,0.10227272727272728,0.10229593113115835
7,20260821,24,permute_both_fixed_anchor,4,early,12,random_order,264,0,264,16.0,0.5,0.0,0.11764705882352905,0.0,0.0625
7,20260821,24,permute_both_fixed_anchor,4,early,12,balance_only,264,0,264,16.0,0.5408380681818182,0.04083806818181823,0.17703569905479252,0.0,0.0726010101010101
7,20260821,24,permute_both_fixed_anchor,4,early,12,balance_random_pair,264,0,264,16.0,0.5677083333333334,0.06770833333333337,0.19950000171993887,0.056818181818181816,0.08175505050505052
7,20260821,24,permute_both_fixed_anchor,4,early,12,balance_pressured_pair,264,0,264,16.0,0.5718513257575758,0.0718513257575758,0.20739649781598854,0.10984848484848485,0.0817550505050505
7,20260821,24,permute_both_fixed_anchor,4,early,12,all_pair_product,264,0,264,16.0,0.7430160984848485,0.2430160984848485,0.4664129330658399,0.42045454545454547,0.31691919191919193
7,20260821,24,permute_both_fixed_anchor,4,early,12,minimum_max_pressure,264,0,264,16.0,0.6426373106060606,0.14263731060606055,0.2578565527977365,0.14393939393939395,0.1382411780139053
7,20260821,24,permute_both_renormalized,4,early,12,random_order,264,0,264,16.0,0.5,0.0,0.11764705882352905,0.0,0.0625
7,20260821,24,permute_both_renormalized,4,early,12,balance_only,264,0,264,16.0,0.5327888257575758,0.0327888257575758,0.17010055745171931,0.0,0.06502525252525246
7,20260821,24,permute_both_renormalized,4,early,12,balance_random_pair,264,0,264,16.0,0.5886600378787878,0.08866003787878785,0.2017530252353542,0.06818181818181818,0.08333333333333331
7,20260821,24,permute_both_renormalized,4,early,12,balance_pressured_pair,264,0,264,16.0,0.599313446969697,0.09931344696969702,0.21864677025334278,0.12878787878787878,0.08680555555555555
7,20260821,24,permute_both_renormalized,4,early,12,all_pair_product,264,0,264,16.0,0.7497632575757576,0.24976325757575757,0.45857726083690914,0.4128787878787879,0.29119318181818177
7,20260821,24,permute_both_renormalized,4,early,12,minimum_max_pressure,264,0,264,16.0,0.6472537878787878,0.14725378787878785,0.28174790896752255,0.20075757575757575,0.16613751358069545
7,20260821,24,catalog,4,middle,12,random_order,500,26,474,15.630801687763713,0.5,0.0,0.12117150657731408,0.0,0.06453881034577236
7,20260821,24,catalog,4,middle,12,balance_only,500,26,474,15.630801687763713,0.6359491159332932,0.13594911593329317,0.21677839831484208,0.0,0.1028129395218
7,20260821,24,catalog,4,middle,12,balance_random_pair,500,26,474,15.630801687763713,0.6218640404953697,0.1218640404953697,0.24327311487309958,0.08438818565400844,0.11919831223628692
7,20260821,24,catalog,4,middle,12,balance_pressured_pair,500,26,474,15.630801687763713,0.607965847443696,0.10796584744369597,0.250475199981976,0.12658227848101267,0.12060478199718702
7,20260821,24,catalog,4,middle,12,all_pair_product,500,26,474,15.630801687763713,0.7512221560085486,0.2512221560085486,0.5232969636568461,0.48523206751054854,0.3898030942334739
7,20260821,24,catalog,4,middle,12,minimum_max_pressure,500,26,474,15.630801687763713,0.6683697851023798,0.16836978510237977,0.38637021868933014,0.30168776371308015,0.28194627102854947
7,20260821,24,permute_both_fixed_anchor,4,middle,12,random_order,500,0,500,15.654,0.5,0.0,0.12047352941176438,0.0,0.06411580086580085
7,20260821,24,permute_both_fixed_anchor,4,middle,12,balance_only,500,0,500,15.654,0.5578467532467537,0.0578467532467537,0.18765331477843578,0.004,0.0746
7,20260821,24,permute_both_fixed_anchor,4,middle,12,balance_random_pair,500,0,500,15.654,0.6142103354978359,0.11421033549783588,0.23165444506368335,0.164,0.09806060606060613
7,20260821,24,permute_both_fixed_anchor,4,middle,12,balance_pressured_pair,500,0,500,15.654,0.6530207251082252,0.15302072510822518,0.26687733506321454,0.242,0.12016666666666677
7,20260821,24,permute_both_fixed_anchor,4,middle,12,all_pair_product,500,0,500,15.654,0.8310166125541113,0.3310166125541113,0.5974847726941651,0.588,0.4444000000000001
7,20260821,24,permute_both_fixed_anchor,4,middle,12,minimum_max_pressure,500,0,500,15.654,0.7425052489177487,0.24250524891774872,0.38640975656767734,0.332,0.2699314296814297
7,20260821,24,permute_both_renormalized,4,middle,12,random_order,500,0,500,15.706,0.5,0.0,0.12000784313725457,0.0,0.06384772727272725
7,20260821,24,permute_both_renormalized,4,middle,12,balance_only,500,0,500,15.706,0.5745448593073599,0.07454485930735988,0.19778090738567836,0.004,0.0846333333333333
7,20260821,24,permute_both_renormalized,4,middle,12,balance_random_pair,500,0,500,15.706,0.6071002705627709,0.10710027056277094,0.2293368560175384,0.136,0.10022424242424245
7,20260821,24,permute_both_renormalized,4,middle,12,balance_pressured_pair,500,0,500,15.706,0.6700174783549787,0.1700174783549787,0.2747121472710183,0.23,0.12533333333333338
7,20260821,24,permute_both_renormalized,4,middle,12,all_pair_product,500,0,500,15.706,0.8352306277056266,0.3352306277056266,0.5976606795828875,0.588,0.4469166666666667
7,20260821,24,permute_both_renormalized,4,middle,12,minimum_max_pressure,500,0,500,15.706,0.7534681818181815,0.25346818181818154,0.4059035090863856,0.344,0.292266255966256
7,20260821,24,catalog,8,early,12,random_order,264,0,264,256.0,0.5,0.0,0.007782101167315151,0.0,0.00390625
7,20260821,24,catalog,8,early,12,balance_only,264,0,264,256.0,0.7007797703598485,0.2007797703598485,0.019832414149642773,0.0,0.008306277056277036
7,20260821,24,catalog,8,early,12,balance_random_pair,264,0,264,256.0,0.6774680397727273,0.1774680397727273,0.029903053265661755,0.42045454545454547,0.01291335978835976
7,20260821,24,catalog,8,early,12,balance_pressured_pair,264,0,264,256.0,0.6279074928977273,0.1279074928977273,0.024310509984970374,0.3068181818181818,0.009268278018278007
7,20260821,24,catalog,8,early,12,all_pair_product,264,0,264,256.0,0.7638198390151515,0.2638198390151515,0.26343758116945476,0.5340909090909091,0.18525357744107743
7,20260821,24,catalog,8,early,12,minimum_max_pressure,264,0,264,256.0,0.6880178740530303,0.18801787405303028,0.08558791365928176,0.36363636363636365,0.056143704198567956
7,20260821,24,permute_both_fixed_anchor,8,early,12,random_order,264,0,264,256.0,0.5,0.0,0.007782101167315151,0.0,0.00390625
7,20260821,24,permute_both_fixed_anchor,8,early,12,balance_only,264,0,264,256.0,0.5843690814393939,0.08436908143939392,0.014863806378076732,0.0,0.005086580086580076
7,20260821,24,permute_both_fixed_anchor,8,early,12,balance_random_pair,264,0,264,256.0,0.6435176964962122,0.14351769649621215,0.020842189911250145,0.17803030303030304,0.007281144781144777
7,20260821,24,permute_both_fixed_anchor,8,early,12,balance_pressured_pair,264,0,264,256.0,0.6594830137310606,0.15948301373106055,0.02264206798821039,0.20454545454545456,0.007177429052429052
7,20260821,24,permute_both_fixed_anchor,8,early,12,all_pair_product,264,0,264,256.0,0.8738162878787878,0.37381628787878785,0.2942998881401926,0.6212121212121212,0.2086795534712202
7,20260821,24,permute_both_fixed_anchor,8,early,12,minimum_max_pressure,264,0,264,256.0,0.7857111150568182,0.28571111505681823,0.08845530751166204,0.30303030303030304,0.05726238019761672
7,20260821,24,permute_both_renormalized,8,early,12,random_order,264,0,264,256.0,0.5,0.0,0.007782101167315151,0.0,0.00390625
7,20260821,24,permute_both_renormalized,8,early,12,balance_only,264,0,264,256.0,0.5877278645833334,0.08772786458333337,0.014897430702050971,0.0,0.00497835497835497
7,20260821,24,permute_both_renormalized,8,early,12,balance_random_pair,264,0,264,256.0,0.6364820075757576,0.13648200757575757,0.020008243593097403,0.17045454545454544,0.006152296777296777
7,20260821,24,permute_both_renormalized,8,early,12,balance_pressured_pair,264,0,264,256.0,0.6744717684659091,0.17447176846590906,0.024962808077176823,0.23863636363636365,0.008409992784992786
7,20260821,24,permute_both_renormalized,8,early,12,all_pair_product,264,0,264,256.0,0.877145478219697,0.377145478219697,0.2831611449820883,0.6439393939393939,0.2075108225108225
7,20260821,24,permute_both_renormalized,8,early,12,minimum_max_pressure,264,0,264,256.0,0.7913263494318182,0.29132634943181823,0.09120632115228924,0.3333333333333333,0.05966819646059815
7,20260821,24,catalog,8,middle,12,random_order,264,34,230,60.0,0.5,0.0,0.11277259372333943,0.0,0.06569412740858623
7,20260821,24,catalog,8,middle,12,balance_only,264,34,230,60.0,0.6465236834890338,0.14652368348903377,0.1937669349112739,0.06956521739130435,0.11233950280600635
7,20260821,24,catalog,8,middle,12,balance_random_pair,264,34,230,60.0,0.7027105212935949,0.2027105212935949,0.2568526640064317,0.24782608695652175,0.15443725561111085
7,20260821,24,catalog,8,middle,12,balance_pressured_pair,264,34,230,60.0,0.6913554158684212,0.1913554158684212,0.25934728840568855,0.2782608695652174,0.1439885033229867
7,20260821,24,catalog,8,middle,12,all_pair_product,264,34,230,60.0,0.8270750856257276,0.3270750856257276,0.5499250406927413,0.6565217391304348,0.4886154244306418
7,20260821,24,catalog,8,middle,12,minimum_max_pressure,264,34,230,60.0,0.6092112147833987,0.10921121478339868,0.23732747300866916,0.24347826086956523,0.17489780957007858
7,20260821,24,permute_both_fixed_anchor,8,middle,12,random_order,264,2,262,41.412213740458014,0.5,0.0,0.18413100489411885,0.0,0.11384156928938383
7,20260821,24,permute_both_fixed_anchor,8,middle,12,balance_only,264,2,262,41.412213740458014,0.616387395491268,0.11638739549126798,0.31081354734162603,0.1984732824427481,0.19933569479077146
7,20260821,24,permute_both_fixed_anchor,8,middle,12,balance_random_pair,264,2,262,41.412213740458014,0.66461359131989,0.16461359131988995,0.33054211776511055,0.22137404580152673,0.21066626049529233
7,20260821,24,permute_both_fixed_anchor,8,middle,12,balance_pressured_pair,264,2,262,41.412213740458014,0.653836406416714,0.15383640641671403,0.3483107882183341,0.2824427480916031,0.23899766732405814
7,20260821,24,permute_both_fixed_anchor,8,middle,12,all_pair_product,264,2,262,41.412213740458014,0.8596360251632345,0.35963602516323445,0.645103155413669,0.7519083969465649,0.5637129427682863
7,20260821,24,permute_both_fixed_anchor,8,middle,12,minimum_max_pressure,264,2,262,41.412213740458014,0.604545181931712,0.10454518193171203,0.2866563184372629,0.20229007633587787,0.20512896499594338
7,20260821,24,permute_both_renormalized,8,middle,12,random_order,264,4,260,40.684615384615384,0.5,0.0,0.1851887726179758,0.0,0.11481346397319635
7,20260821,24,permute_both_renormalized,8,middle,12,balance_only,264,4,260,40.684615384615384,0.6226970468125838,0.12269704681258375,0.3012526590312472,0.2,0.1860043970715054
7,20260821,24,permute_both_renormalized,8,middle,12,balance_random_pair,264,4,260,40.684615384615384,0.6733932766749311,0.1733932766749311,0.32182115085194324,0.25384615384615383,0.19262672559033395
7,20260821,24,permute_both_renormalized,8,middle,12,balance_pressured_pair,264,4,260,40.684615384615384,0.6430233182995998,0.1430233182995998,0.3354740628078217,0.28846153846153844,0.21010605263900564
7,20260821,24,permute_both_renormalized,8,middle,12,all_pair_product,264,4,260,40.684615384615384,0.8606731486634243,0.36067314866342426,0.6295927920513259,0.7307692307692307,0.5536347680097681
7,20260821,24,permute_both_renormalized,8,middle,12,minimum_max_pressure,264,4,260,40.684615384615384,0.6060519418379141,0.10605194183791411,0.28395230319173254,0.18846153846153846,0.20339951808589174
7,20260821,28,catalog,2,early,97,random_order,500,0,500,4.0,0.5,0.0,0.4000000000000035,0.0,0.25
7,20260821,28,catalog,2,early,97,balance_only,500,0,500,4.0,0.52225,0.022249999999999992,0.48745238095237964,0.0,0.254
7,20260821,28,catalog,2,early,97,balance_random_pair,500,0,500,4.0,0.5425,0.04249999999999998,0.5236476190476185,0.1,0.3005
7,20260821,28,catalog,2,early,97,balance_pressured_pair,500,0,500,4.0,0.54525,0.04525000000000001,0.535366666666666,0.15,0.297
7,20260821,28,catalog,2,early,97,all_pair_product,500,0,500,4.0,0.631,0.131,0.6531809523809519,0.404,0.45
7,20260821,28,catalog,2,early,97,minimum_max_pressure,500,0,500,4.0,0.5445,0.044499999999999984,0.5019238095238092,0.096,0.3091666666666667
7,20260821,28,permute_both_fixed_anchor,2,early,97,random_order,500,0,500,4.0,0.5,0.0,0.4000000000000035,0.0,0.25
7,20260821,28,permute_both_fixed_anchor,2,early,97,balance_only,500,0,500,4.0,0.50925,0.00924999999999998,0.48123809523809385,0.0,0.25
7,20260821,28,permute_both_fixed_anchor,2,early,97,balance_random_pair,500,0,500,4.0,0.53325,0.03325,0.5121857142857137,0.102,0.2835
7,20260821,28,permute_both_fixed_anchor,2,early,97,balance_pressured_pair,500,0,500,4.0,0.552,0.052000000000000046,0.5381523809523805,0.154,0.3015
7,20260821,28,permute_both_fixed_anchor,2,early,97,all_pair_product,500,0,500,4.0,0.64475,0.14475000000000005,0.6730999999999993,0.446,0.48
7,20260821,28,permute_both_fixed_anchor,2,early,97,minimum_max_pressure,500,0,500,4.0,0.5785,0.07850000000000001,0.5437095238095235,0.154,0.3538333333333339
7,20260821,28,permute_both_renormalized,2,early,97,random_order,500,0,500,4.0,0.5,0.0,0.4000000000000035,0.0,0.25
7,20260821,28,permute_both_renormalized,2,early,97,balance_only,500,0,500,4.0,0.52775,0.027750000000000052,0.4953095238095217,0.0,0.269
7,20260821,28,permute_both_renormalized,2,early,97,balance_random_pair,500,0,500,4.0,0.53575,0.03574999999999995,0.509523809523809,0.086,0.2805
7,20260821,28,permute_both_renormalized,2,early,97,balance_pressured_pair,500,0,500,4.0,0.57075,0.07074999999999998,0.5555285714285714,0.164,0.3255
7,20260821,28,permute_both_renormalized,2,early,97,all_pair_product,500,0,500,4.0,0.65175,0.15175000000000005,0.690742857142856,0.476,0.521
7,20260821,28,permute_both_renormalized,2,early,97,minimum_max_pressure,500,0,500,4.0,0.5905,0.09050000000000002,0.5588428571428575,0.18,0.37833333333333397
7,20260821,28,catalog,2,middle,97,random_order,500,7,493,3.971602434077079,0.5,0.0,0.4028397565922955,0.0,0.25236646382690997
7,20260821,28,catalog,2,middle,97,balance_only,500,7,493,3.971602434077079,0.5490196078431373,0.0490196078431373,0.5118371486525624,0.012170385395537525,0.28701825557809335
7,20260821,28,catalog,2,middle,97,balance_random_pair,500,7,493,3.971602434077079,0.5659229208924949,0.06592292089249485,0.5451656524678833,0.13995943204868155,0.32488167680865454
7,20260821,28,catalog,2,middle,97,balance_pressured_pair,500,7,493,3.971602434077079,0.5991379310344829,0.09913793103448287,0.6006616439679319,0.2535496957403651,0.3874239350912778
7,20260821,28,catalog,2,middle,97,all_pair_product,500,7,493,3.971602434077079,0.742816091954023,0.24281609195402298,0.7923017482855214,0.6105476673427992,0.652129817444219
7,20260821,28,catalog,2,middle,97,minimum_max_pressure,500,7,493,3.971602434077079,0.5984617985125085,0.09846179851250847,0.5807302231237318,0.2150101419878296,0.3987491548343477
7,20260821,28,permute_both_fixed_anchor,2,middle,97,random_order,500,1,499,3.9859719438877756,0.5,0.0,0.40140280561122593,0.0,0.25116900467601866
7,20260821,28,permute_both_fixed_anchor,2,middle,97,balance_only,500,1,499,3.9859719438877756,0.5550267201068804,0.05502672010688037,0.5168241244393537,0.028056112224448898,0.2972611890447562
7,20260821,28,permute_both_fixed_anchor,2,middle,97,balance_random_pair,500,1,499,3.9859719438877756,0.574565798263193,0.07456579826319298,0.5561313102395258,0.15430861723446893,0.343687374749499
7,20260821,28,permute_both_fixed_anchor,2,middle,97,balance_pressured_pair,500,1,499,3.9859719438877756,0.6214929859719439,0.12149298597194391,0.6116327893883003,0.25250501002004005,0.4001336005344021
7,20260821,28,permute_both_fixed_anchor,2,middle,97,all_pair_product,500,1,499,3.9859719438877756,0.7368904475617902,0.23689044756179023,0.7924467983586214,0.6332665330661322,0.6599866399465597
7,20260821,28,permute_both_fixed_anchor,2,middle,97,minimum_max_pressure,500,1,499,3.9859719438877756,0.6492150968603874,0.14921509686038736,0.6234278079969456,0.2605210420841683,0.4635938543754184
7,20260821,28,permute_both_renormalized,2,middle,97,random_order,500,0,500,3.992,0.5,0.0,0.40080000000000354,0.0,0.25066666666666665
7,20260821,28,permute_both_renormalized,2,middle,97,balance_only,500,0,500,3.992,0.5369166666666666,0.0369166666666666,0.5054952380952367,0.032,0.2816666666666667
7,20260821,28,permute_both_renormalized,2,middle,97,balance_random_pair,500,0,500,3.992,0.5660833333333333,0.06608333333333327,0.5409285714285718,0.14,0.3141666666666667
7,20260821,28,permute_both_renormalized,2,middle,97,balance_pressured_pair,500,0,500,3.992,0.6135,0.11350000000000005,0.6021761904761901,0.25,0.38433333333333336
7,20260821,28,permute_both_renormalized,2,middle,97,all_pair_product,500,0,500,3.992,0.7458333333333333,0.24583333333333335,0.8031999999999996,0.646,0.673
7,20260821,28,permute_both_renormalized,2,middle,97,minimum_max_pressure,500,0,500,3.992,0.6471666666666667,0.14716666666666667,0.6234904761904755,0.274,0.46083333333333404
7,20260821,28,catalog,4,early,97,random_order,500,0,500,16.0,0.5,0.0,0.11764705882352902,0.0,0.0625
7,20260821,28,catalog,4,early,97,balance_only,500,0,500,16.0,0.5759375,0.07593749999999999,0.192917558959069,0.0,0.08333333333333327
7,20260821,28,catalog,4,early,97,balance_random_pair,500,0,500,16.0,0.57675,0.07674999999999998,0.22073869986108138,0.084,0.09616666666666669
7,20260821,28,catalog,4,early,97,balance_pressured_pair,500,0,500,16.0,0.5941875,0.09418749999999998,0.24146180847825283,0.19,0.10566666666666677
7,20260821,28,catalog,4,early,97,all_pair_product,500,0,500,16.0,0.717375,0.21737499999999998,0.4178232700243422,0.352,0.24116666666666664
7,20260821,28,catalog,4,early,97,minimum_max_pressure,500,0,500,16.0,0.5858125,0.08581249999999996,0.2172743672161041,0.086,0.1091926850926853
7,20260821,28,permute_both_fixed_anchor,4,early,97,random_order,500,0,500,16.0,0.5,0.0,0.11764705882352902,0.0,0.0625
7,20260821,28,permute_both_fixed_anchor,4,early,97,balance_only,500,0,500,16.0,0.544125,0.04412499999999997,0.17692046572620682,0.0,0.07150000000000008
7,20260821,28,permute_both_fixed_anchor,4,early,97,balance_random_pair,500,0,500,16.0,0.5805625,0.08056249999999998,0.2114263070737999,0.104,0.09033333333333336
7,20260821,28,permute_both_fixed_anchor,4,early,97,balance_pressured_pair,500,0,500,16.0,0.585,0.08499999999999996,0.21790740537069148,0.134,0.09016666666666671
7,20260821,28,permute_both_fixed_anchor,4,early,97,all_pair_product,500,0,500,16.0,0.76225,0.26225,0.4797937112170262,0.404,0.3256666666666667
7,20260821,28,permute_both_fixed_anchor,4,early,97,minimum_max_pressure,500,0,500,16.0,0.6729375,0.17293749999999997,0.2855023644302192,0.182,0.1709765623265626
7,20260821,28,permute_both_renormalized,4,early,97,random_order,500,0,500,16.0,0.5,0.0,0.11764705882352902,0.0,0.0625
7,20260821,28,permute_both_renormalized,4,early,97,balance_only,500,0,500,16.0,0.5254375,0.025437500000000002,0.1705847180077643,0.0,0.06616666666666682
7,20260821,28,permute_both_renormalized,4,early,97,balance_random_pair,500,0,500,16.0,0.5603125,0.06031249999999999,0.19944828188357822,0.082,0.08033333333333333
7,20260821,28,permute_both_renormalized,4,early,97,balance_pressured_pair,500,0,500,16.0,0.563375,0.06337499999999996,0.20501898024541237,0.11,0.07749999999999999
7,20260821,28,permute_both_renormalized,4,early,97,all_pair_product,500,0,500,16.0,0.7673125,0.26731249999999995,0.4870197066613883,0.442,0.3266666666666666
7,20260821,28,permute_both_renormalized,4,early,97,minimum_max_pressure,500,0,500,16.0,0.6330625,0.13306249999999997,0.25064891039337606,0.142,0.13581308691308722
7,20260821,28,catalog,4,middle,97,random_order,500,5,495,15.16161616161616,0.5,0.0,0.12769451582285776,0.0,0.06857903880631158
7,20260821,28,catalog,4,middle,97,balance_only,500,5,495,15.16161616161616,0.5902115981661441,0.0902115981661441,0.20654796079492105,0.006060606060606061,0.08979797979797977
7,20260821,28,catalog,4,middle,97,balance_random_pair,500,5,495,15.16161616161616,0.6239547237274513,0.12395472372745131,0.25645857770525954,0.1717171717171717,0.11859657177839009
7,20260821,28,catalog,4,middle,97,balance_pressured_pair,500,5,495,15.16161616161616,0.6460406933134208,0.14604069331342084,0.29183788398209454,0.23232323232323232,0.1395622895622896
7,20260821,28,catalog,4,middle,97,all_pair_product,500,5,495,15.16161616161616,0.8224092784320047,0.32240927843200473,0.5815285328941063,0.5535353535353535,0.4217171717171717
7,20260821,28,catalog,4,middle,97,minimum_max_pressure,500,5,495,15.16161616161616,0.7064264523355431,0.20642645233554313,0.3524846332768577,0.28484848484848485,0.23257415424082087
7,20260821,28,permute_both_fixed_anchor,4,middle,97,random_order,500,0,500,15.378,0.5,0.0,0.12336706137000221,0.0,0.0658174325674326
7,20260821,28,permute_both_fixed_anchor,4,middle,97,balance_only,500,0,500,15.378,0.5757824259074263,0.07578242590742634,0.20291419990939666,0.016,0.0856666666666666
7,20260821,28,permute_both_fixed_anchor,4,middle,97,balance_random_pair,500,0,500,15.378,0.6175580419580422,0.1175580419580422,0.24640034175939482,0.152,0.11474696969696971
7,20260821,28,permute_both_fixed_anchor,4,middle,97,balance_pressured_pair,500,0,500,15.378,0.6703064185814188,0.17030641858141882,0.28931485024193276,0.242,0.1415
7,20260821,28,permute_both_fixed_anchor,4,middle,97,all_pair_product,500,0,500,15.378,0.8443633033633023,0.34436330336330234,0.6323814678039686,0.642,0.4811666666666667
7,20260821,28,permute_both_fixed_anchor,4,middle,97,minimum_max_pressure,500,0,500,15.378,0.7595683774558779,0.2595683774558779,0.39473801194860236,0.282,0.27745817515817556
7,20260821,28,permute_both_renormalized,4,middle,97,random_order,500,0,500,15.404,0.5,0.0,0.12321722689075598,0.0,0.0657501332001332
7,20260821,28,permute_both_renormalized,4,middle,97,balance_only,500,0,500,15.404,0.5789270396270401,0.07892703962704006,0.20426302717602188,0.012,0.08836666666666664
7,20260821,28,permute_both_renormalized,4,middle,97,balance_random_pair,500,0,500,15.404,0.604165347152847,0.10416534715284698,0.2312487080684054,0.138,0.09796060606060611
7,20260821,28,permute_both_renormalized,4,middle,97,balance_pressured_pair,500,0,500,15.404,0.687502276889777,0.18750227688977705,0.29736102268561415,0.278,0.1421666666666667
7,20260821,28,permute_both_renormalized,4,middle,97,all_pair_product,500,0,500,15.404,0.8547871087246074,0.3547871087246074,0.6616142024700791,0.676,0.5258333333333334
7,20260821,28,permute_both_renormalized,4,middle,97,minimum_max_pressure,500,0,500,15.404,0.7573053404928398,0.2573053404928398,0.393102408424334,0.312,0.2732404262404261
7,20260821,28,catalog,8,early,97,random_order,500,0,500,256.0,0.5,0.0,0.007782101167315149,0.0,0.00390625
7,20260821,28,catalog,8,early,97,balance_only,500,0,500,256.0,0.6168984375,0.11689843749999995,0.01551923340538323,0.0,0.005285714285714271
7,20260821,28,catalog,8,early,97,balance_random_pair,500,0,500,256.0,0.62300390625,0.12300390625000002,0.021013319093176865,0.162,0.007161111111111099
7,20260821,28,catalog,8,early,97,balance_pressured_pair,500,0,500,256.0,0.6543828125,0.15438281249999997,0.024608571597716362,0.198,0.008616666666666651
7,20260821,28,catalog,8,early,97,all_pair_product,500,0,500,256.0,0.81019140625,0.31019140624999997,0.16571859720472565,0.522,0.10126007326007327
7,20260821,28,catalog,8,early,97,minimum_max_pressure,500,0,500,256.0,0.67438671875,0.17438671875,0.07104385133924374,0.196,0.05154782014918646
7,20260821,28,permute_both_fixed_anchor,8,early,97,random_order,500,0,500,256.0,0.5,0.0,0.007782101167315149,0.0,0.00390625
7,20260821,28,permute_both_fixed_anchor,8,early,97,balance_only,500,0,500,256.0,0.567359375,0.067359375,0.014412052427772572,0.0,0.0047999999999999874
7,20260821,28,permute_both_fixed_anchor,8,early,97,balance_random_pair,500,0,500,256.0,0.6029296875,0.10292968749999998,0.0192389982027007,0.166,0.006316666666666657
7,20260821,28,permute_both_fixed_anchor,8,early,97,balance_pressured_pair,500,0,500,256.0,0.6263984375,0.12639843750000002,0.0211873425285017,0.178,0.006496825396825389
7,20260821,28,permute_both_fixed_anchor,8,early,97,all_pair_product,500,0,500,256.0,0.83955859375,0.33955859374999997,0.28108254304203445,0.576,0.20444814814814816
7,20260821,28,permute_both_fixed_anchor,8,early,97,minimum_max_pressure,500,0,500,256.0,0.73808984375,0.23808984374999997,0.05984880211937959,0.212,0.033768011181743454
7,20260821,28,permute_both_renormalized,8,early,97,random_order,500,0,500,256.0,0.5,0.0,0.007782101167315149,0.0,0.00390625
7,20260821,28,permute_both_renormalized,8,early,97,balance_only,500,0,500,256.0,0.565859375,0.06585937500000005,0.014067814147127055,0.0,0.004499999999999988
7,20260821,28,permute_both_renormalized,8,early,97,balance_random_pair,500,0,500,256.0,0.60884765625,0.10884765625000004,0.018867803438708936,0.162,0.005865873015873005
7,20260821,28,permute_both_renormalized,8,early,97,balance_pressured_pair,500,0,500,256.0,0.62071875,0.12071874999999999,0.020601166278751807,0.16,0.006131746031746027
7,20260821,28,permute_both_renormalized,8,early,97,all_pair_product,500,0,500,256.0,0.83756640625,0.33756640625,0.25657639637397733,0.57,0.18104872710622716
7,20260821,28,permute_both_renormalized,8,early,97,minimum_max_pressure,500,0,500,256.0,0.7277265625,0.2277265625,0.061729275340623814,0.202,0.03751423315359188
7,20260821,28,catalog,8,middle,97,random_order,500,0,500,185.768,0.5,0.0,0.011794605927298668,0.0,0.005937373254952069
7,20260821,28,catalog,8,middle,97,balance_only,500,0,500,185.768,0.643306773021223,0.14330677302122297,0.02240175107195106,0.01,0.009024439245350317
7,20260821,28,catalog,8,middle,97,balance_random_pair,500,0,500,185.768,0.7004924200964167,0.20049242009641666,0.03613730508503789,0.224,0.012579155710877619
7,20260821,28,catalog,8,middle,97,balance_pressured_pair,500,0,500,185.768,0.7172818531222522,0.21728185312225223,0.046269433615622586,0.338,0.018145415348386422
7,20260821,28,catalog,8,middle,97,all_pair_product,500,0,500,185.768,0.9305118673655871,0.4305118673655871,0.471143073791814,0.794,0.3704892857142857
7,20260821,28,catalog,8,middle,97,minimum_max_pressure,500,0,500,185.768,0.83256781233564,0.33256781233564003,0.1389660216120846,0.442,0.09764185603249856
7,20260821,28,permute_both_fixed_anchor,8,middle,97,random_order,500,0,500,192.134,0.5,0.0,0.010837370178995229,0.0,0.005449830290477376
7,20260821,28,permute_both_fixed_anchor,8,middle,97,balance_only,500,0,500,192.134,0.6165033077533686,0.11650330775336859,0.020556013044060177,0.024,0.00794677696694826
7,20260821,28,permute_both_fixed_anchor,8,middle,97,balance_random_pair,500,0,500,192.134,0.7004436252674074,0.20044362526740744,0.034202945472062304,0.208,0.012422969265235123
7,20260821,28,permute_both_fixed_anchor,8,middle,97,balance_pressured_pair,500,0,500,192.134,0.7283522905554602,0.22835229055546025,0.03998512621236101,0.26,0.014365159031027273
7,20260821,28,permute_both_fixed_anchor,8,middle,97,all_pair_product,500,0,500,192.134,0.9368423550960329,0.43684235509603286,0.5000288673945519,0.81,0.40340634458134456
7,20260821,28,permute_both_fixed_anchor,8,middle,97,minimum_max_pressure,500,0,500,192.134,0.8695863759254859,0.36958637592548593,0.2119788465423279,0.558,0.16435478471483023
7,20260821,28,permute_both_renormalized,8,middle,97,random_order,500,0,500,193.822,0.5,0.0,0.010764987242278576,0.0,0.005413307215358586
7,20260821,28,permute_both_renormalized,8,middle,97,balance_only,500,0,500,193.822,0.6278205015887541,0.12782050158875413,0.020504314473558452,0.024,0.007963495808494087
7,20260821,28,permute_both_renormalized,8,middle,97,balance_random_pair,500,0,500,193.822,0.6910827988327715,0.19108279883277146,0.031169869191315678,0.19,0.010291763599085292
7,20260821,28,permute_both_renormalized,8,middle,97,balance_pressured_pair,500,0,500,193.822,0.7415220664696706,0.24152206646967056,0.040040139798540264,0.284,0.014640690657556145
7,20260821,28,permute_both_renormalized,8,middle,97,all_pair_product,500,0,500,193.822,0.9395879461997126,0.43958794619971264,0.5364249319983951,0.82,0.44654536662168237
7,20260821,28,permute_both_renormalized,8,middle,97,minimum_max_pressure,500,0,500,193.822,0.8702607354840108,0.37026073548401084,0.21010722419119027,0.594,0.15823687896270083
8,20260822,24,catalog,2,early,12,random_order,500,0,500,4.0,0.5,0.0,0.4000000000000035,0.0,0.25
8,20260822,24,catalog,2,early,12,balance_only,500,0,500,4.0,0.535,0.03500000000000003,0.4990714285714268,0.0,0.272
8,20260822,24,catalog,2,early,12,balance_random_pair,500,0,500,4.0,0.5275,0.02749999999999997,0.5145714285714279,0.098,0.304
8,20260822,24,catalog,2,early,12,balance_pressured_pair,500,0,500,4.0,0.47475,-0.025249999999999995,0.5210904761904759,0.248,0.32
8,20260822,24,catalog,2,early,12,all_pair_product,500,0,500,4.0,0.58525,0.08525000000000005,0.6024904761904765,0.324,0.385
8,20260822,24,catalog,2,early,12,minimum_max_pressure,500,0,500,4.0,0.4385,-0.0615,0.49354761904761935,0.246,0.30216666666666664
8,20260822,24,permute_both_fixed_anchor,2,early,12,random_order,500,0,500,4.0,0.5,0.0,0.4000000000000035,0.0,0.25
8,20260822,24,permute_both_fixed_anchor,2,early,12,balance_only,500,0,500,4.0,0.51725,0.017249999999999988,0.4875476190476174,0.0,0.259
8,20260822,24,permute_both_fixed_anchor,2,early,12,balance_random_pair,500,0,500,4.0,0.53525,0.035250000000000004,0.510128571428571,0.096,0.285
8,20260822,24,permute_both_fixed_anchor,2,early,12,balance_pressured_pair,500,0,500,4.0,0.56925,0.06925000000000003,0.5528904761904755,0.172,0.3195
8,20260822,24,permute_both_fixed_anchor,2,early,12,all_pair_product,500,0,500,4.0,0.655,0.15500000000000003,0.6830571428571427,0.446,0.501
8,20260822,24,permute_both_fixed_anchor,2,early,12,minimum_max_pressure,500,0,500,4.0,0.60625,0.10624999999999996,0.5668619047619048,0.158,0.3901666666666672
8,20260822,24,permute_both_renormalized,2,early,12,random_order,500,0,500,4.0,0.5,0.0,0.4000000000000035,0.0,0.25
8,20260822,24,permute_both_renormalized,2,early,12,balance_only,500,0,500,4.0,0.523,0.02300000000000002,0.4899047619047603,0.0,0.26
8,20260822,24,permute_both_renormalized,2,early,12,balance_random_pair,500,0,500,4.0,0.542,0.04200000000000004,0.5177761904761898,0.108,0.298
8,20260822,24,permute_both_renormalized,2,early,12,balance_pressured_pair,500,0,500,4.0,0.562,0.062000000000000055,0.5477999999999994,0.158,0.319
8,20260822,24,permute_both_renormalized,2,early,12,all_pair_product,500,0,500,4.0,0.65275,0.15275000000000005,0.6785619047619046,0.438,0.49433333333333335
8,20260822,24,permute_both_renormalized,2,early,12,minimum_max_pressure,500,0,500,4.0,0.5915,0.09150000000000003,0.5559238095238095,0.152,0.37466666666666687
8,20260822,24,catalog,2,middle,12,random_order,500,42,458,3.995633187772926,0.5,0.0,0.4004366812227107,0.0,0.2503639010189228
8,20260822,24,catalog,2,middle,12,balance_only,500,42,458,3.995633187772926,0.5513100436681223,0.05131004366812231,0.5122062798918682,0.013100436681222707,0.28820960698689957
8,20260822,24,catalog,2,middle,12,balance_random_pair,500,42,458,3.995633187772926,0.561499272197962,0.06149927219796203,0.5422021210230812,0.12445414847161572,0.3407933042212518
8,20260822,24,catalog,2,middle,12,balance_pressured_pair,500,42,458,3.995633187772926,0.551401018922853,0.05140101892285298,0.5803337492202121,0.2925764192139738,0.3875545851528384
8,20260822,24,catalog,2,middle,12,all_pair_product,500,42,458,3.995633187772926,0.6489264919941776,0.14892649199417762,0.6860625909752539,0.4585152838427948,0.519650655021834
8,20260822,24,catalog,2,middle,12,minimum_max_pressure,500,42,458,3.995633187772926,0.6106259097525474,0.11062590975254738,0.6559003950925353,0.425764192139738,0.5245633187772928
8,20260822,24,permute_both_fixed_anchor,2,middle,12,random_order,500,0,500,3.988,0.5,0.0,0.4012000000000035,0.0,0.251
8,20260822,24,permute_both_fixed_anchor,2,middle,12,balance_only,500,0,500,3.988,0.5295833333333333,0.029583333333333295,0.49338571428571315,0.018,0.2619999999999999
8,20260822,24,permute_both_fixed_anchor,2,middle,12,balance_random_pair,500,0,500,3.988,0.5641666666666666,0.0641666666666666,0.5358809523809518,0.122,0.30466666666666664
8,20260822,24,permute_both_fixed_anchor,2,middle,12,balance_pressured_pair,500,0,500,3.988,0.5994166666666667,0.09941666666666671,0.5886571428571428,0.222,0.36833333333333335
8,20260822,24,permute_both_fixed_anchor,2,middle,12,all_pair_product,500,0,500,3.988,0.734,0.23399999999999999,0.7821142857142855,0.604,0.6416666666666667
8,20260822,24,permute_both_fixed_anchor,2,middle,12,minimum_max_pressure,500,0,500,3.988,0.6184999999999999,0.11849999999999994,0.5974619047619044,0.258,0.42683333333333395
8,20260822,24,permute_both_renormalized,2,middle,12,random_order,500,0,500,3.998,0.5,0.0,0.4002000000000035,0.0,0.2501666666666667
8,20260822,24,permute_both_renormalized,2,middle,12,balance_only,500,0,500,3.998,0.5314166666666668,0.03141666666666676,0.4952333333333323,0.016,0.26833333333333326
8,20260822,24,permute_both_renormalized,2,middle,12,balance_random_pair,500,0,500,3.998,0.5786666666666668,0.07866666666666677,0.5516904761904761,0.15,0.33133333333333337
8,20260822,24,permute_both_renormalized,2,middle,12,balance_pressured_pair,500,0,500,3.998,0.6134166666666667,0.11341666666666672,0.5960809523809523,0.22,0.37716666666666676
8,20260822,24,permute_both_renormalized,2,middle,12,all_pair_product,500,0,500,3.998,0.7226666666666668,0.2226666666666668,0.7650714285714284,0.57,0.6171666666666668
8,20260822,24,permute_both_renormalized,2,middle,12,minimum_max_pressure,500,0,500,3.998,0.6504166666666668,0.15041666666666675,0.6244809523809519,0.266,0.4661666666666675
8,20260822,24,catalog,4,early,12,random_order,264,0,264,16.0,0.5,0.0,0.11764705882352905,0.0,0.0625
8,20260822,24,catalog,4,early,12,balance_only,264,0,264,16.0,0.6219223484848485,0.12192234848484851,0.216004314971345,0.0,0.10795454545454569
8,20260822,24,catalog,4,early,12,balance_random_pair,264,0,264,16.0,0.5606060606060606,0.06060606060606055,0.22131408093526164,0.04924242424242424,0.10858585858585854
8,20260822,24,catalog,4,early,12,balance_pressured_pair,264,0,264,16.0,0.5319602272727273,0.03196022727272729,0.21181545290961554,0.030303030303030304,0.09722222222222224
8,20260822,24,catalog,4,early,12,all_pair_product,264,0,264,16.0,0.6231060606060606,0.12310606060606055,0.37538360052166164,0.3143939393939394,0.23358585858585856
8,20260822,24,catalog,4,early,12,minimum_max_pressure,264,0,264,16.0,0.4842566287878788,-0.015743371212121215,0.19997252200191662,0.08333333333333333,0.09040831853331852
8,20260822,24,permute_both_fixed_anchor,4,early,12,random_order,264,0,264,16.0,0.5,0.0,0.11764705882352905,0.0,0.0625
8,20260822,24,permute_both_fixed_anchor,4,early,12,balance_only,264,0,264,16.0,0.5467566287878788,0.046756628787878785,0.17888868866217014,0.0,0.07386363636363637
8,20260822,24,permute_both_fixed_anchor,4,early,12,balance_random_pair,264,0,264,16.0,0.5549242424242424,0.05492424242424243,0.19278993336347383,0.022727272727272728,0.07765151515151514
8,20260822,24,permute_both_fixed_anchor,4,early,12,balance_pressured_pair,264,0,264,16.0,0.5874763257575758,0.0874763257575758,0.2138760740281931,0.07954545454545454,0.0874368686868687
8,20260822,24,permute_both_fixed_anchor,4,early,12,all_pair_product,264,0,264,16.0,0.7418323863636364,0.24183238636363635,0.44406700152427064,0.38257575757575757,0.27777777777777773
8,20260822,24,permute_both_fixed_anchor,4,early,12,minimum_max_pressure,264,0,264,16.0,0.6838304924242424,0.18383049242424243,0.30348065239007477,0.21212121212121213,0.18302523444568905
8,20260822,24,permute_both_renormalized,4,early,12,random_order,264,0,264,16.0,0.5,0.0,0.11764705882352905,0.0,0.0625
8,20260822,24,permute_both_renormalized,4,early,12,balance_only,264,0,264,16.0,0.5464015151515151,0.04640151515151514,0.17786932417150592,0.0,0.0726010101010101
8,20260822,24,permute_both_renormalized,4,early,12,balance_random_pair,264,0,264,16.0,0.560842803030303,0.06084280303030298,0.19467660894444724,0.06060606060606061,0.07828282828282826
8,20260822,24,permute_both_renormalized,4,early,12,balance_pressured_pair,264,0,264,16.0,0.5745738636363636,0.07457386363636365,0.20745785125994956,0.06818181818181818,0.08207070707070707
8,20260822,24,permute_both_renormalized,4,early,12,all_pair_product,264,0,264,16.0,0.7388731060606061,0.23887310606060608,0.4278468857821006,0.35984848484848486,0.25599747474747475
8,20260822,24,permute_both_renormalized,4,early,12,minimum_max_pressure,264,0,264,16.0,0.6556581439393939,0.15565814393939392,0.2996205117240748,0.20454545454545456,0.18713624338624346
8,20260822,24,catalog,4,middle,12,random_order,500,33,467,15.764453961456104,0.5,0.0,0.11990804887265354,0.0,0.0638084346060791
8,20260822,24,catalog,4,middle,12,balance_only,500,33,467,15.764453961456104,0.6311086352976075,0.13110863529760752,0.21308027291546658,0.0,0.09985724482512477
8,20260822,24,catalog,4,middle,12,balance_random_pair,500,33,467,15.764453961456104,0.6467082302066244,0.14670823020662438,0.25303640511721703,0.10492505353319058,0.12646161832457353
8,20260822,24,catalog,4,middle,12,balance_pressured_pair,500,33,467,15.764453961456104,0.5958592308833213,0.09585923088332127,0.2343692127408761,0.11134903640256959,0.10385438972162751
8,20260822,24,catalog,4,middle,12,all_pair_product,500,33,467,15.764453961456104,0.7301537283202163,0.2301537283202163,0.49548204804699253,0.4732334047109208,0.3566024268379729
8,20260822,24,catalog,4,middle,12,minimum_max_pressure,500,33,467,15.764453961456104,0.673921572717076,0.17392157271707598,0.40339713828254237,0.3340471092077088,0.303093685400966
8,20260822,24,permute_both_fixed_anchor,4,middle,12,random_order,500,0,500,15.618,0.5,0.0,0.1208455182072826,0.0,0.06433230935730934
8,20260822,24,permute_both_fixed_anchor,4,middle,12,balance_only,500,0,500,15.618,0.5729600108225112,0.07296001082251125,0.19838711739512332,0.012,0.08426666666666661
8,20260822,24,permute_both_fixed_anchor,4,middle,12,balance_random_pair,500,0,500,15.618,0.6196382076257076,0.11963820762570765,0.23733470703637155,0.154,0.10575606060606065
8,20260822,24,permute_both_fixed_anchor,4,middle,12,balance_pressured_pair,500,0,500,15.618,0.6469979312354311,0.14699793123543115,0.2622481407643443,0.2,0.11750000000000003
8,20260822,24,permute_both_fixed_anchor,4,middle,12,all_pair_product,500,0,500,15.618,0.8275433691308678,0.3275433691308678,0.5868462215134658,0.574,0.4273333333333333
8,20260822,24,permute_both_fixed_anchor,4,middle,12,minimum_max_pressure,500,0,500,15.618,0.7156539127539123,0.21565391275391232,0.36511756941624374,0.286,0.25244612609612627
8,20260822,24,permute_both_renormalized,4,middle,12,random_order,500,0,500,15.724,0.5,0.0,0.11986176470588206,0.0,0.06376439393939393
8,20260822,24,permute_both_renormalized,4,middle,12,balance_only,500,0,500,15.724,0.5688963203463205,0.06889632034632054,0.19235552935376965,0.002,0.07940000000000001
8,20260822,24,permute_both_renormalized,4,middle,12,balance_random_pair,500,0,500,15.724,0.6153158549783551,0.11531585497835506,0.22926881263264073,0.126,0.09781515151515158
8,20260822,24,permute_both_renormalized,4,middle,12,balance_pressured_pair,500,0,500,15.724,0.6552859307359307,0.15528593073593067,0.26023941379512655,0.21,0.11200000000000011
8,20260822,24,permute_both_renormalized,4,middle,12,all_pair_product,500,0,500,15.724,0.8229347943722931,0.3229347943722931,0.5919055757609212,0.57,0.44583333333333336
8,20260822,24,permute_both_renormalized,4,middle,12,minimum_max_pressure,500,0,500,15.724,0.7436055735930733,0.24360557359307333,0.38157680508347436,0.304,0.265800937950938
8,20260822,24,catalog,8,early,12,random_order,264,0,264,256.0,0.5,0.0,0.007782101167315151,0.0,0.00390625
8,20260822,24,catalog,8,early,12,balance_only,264,0,264,256.0,0.7097981770833334,0.20979817708333337,0.02039351898167066,0.0,0.008685064935064912
8,20260822,24,catalog,8,early,12,balance_random_pair,264,0,264,256.0,0.7261925899621212,0.22619258996212122,0.032729110650131836,0.4734848484848485,0.014144420394420359
8,20260822,24,catalog,8,early,12,balance_pressured_pair,264,0,264,256.0,0.6360011245265151,0.13600112452651514,0.025924960657157072,0.3484848484848485,0.010168650793650778
8,20260822,24,catalog,8,early,12,all_pair_product,264,0,264,256.0,0.743600556344697,0.24360055634469702,0.257256424197359,0.5606060606060606,0.1842960858585859
8,20260822,24,catalog,8,early,12,minimum_max_pressure,264,0,264,256.0,0.6980276396780303,0.19802763967803028,0.11027540929289804,0.38257575757575757,0.08092942835385587
8,20260822,24,permute_both_fixed_anchor,8,early,12,random_order,264,0,264,256.0,0.5,0.0,0.007782101167315151,0.0,0.00390625
8,20260822,24,permute_both_fixed_anchor,8,early,12,balance_only,264,0,264,256.0,0.5871360085227273,0.08713600852272729,0.014818997053968502,0.0,0.0049512987012986925
8,20260822,24,permute_both_fixed_anchor,8,early,12,balance_random_pair,264,0,264,256.0,0.6589799360795454,0.15897993607954541,0.02059261844794572,0.15151515151515152,0.0067685786435786426
8,20260822,24,permute_both_fixed_anchor,8,early,12,balance_pressured_pair,264,0,264,256.0,0.6608220880681818,0.16082208806818177,0.022035879952825587,0.17803030303030304,0.006768578643578646
8,20260822,24,permute_both_fixed_anchor,8,early,12,all_pair_product,264,0,264,256.0,0.8671875,0.3671875,0.300049763140779,0.6515151515151515,0.2113365800865801
8,20260822,24,permute_both_fixed_anchor,8,early,12,minimum_max_pressure,264,0,264,256.0,0.7645522608901515,0.2645522608901515,0.09142627237187634,0.32954545454545453,0.05689497017815991
8,20260822,24,permute_both_renormalized,8,early,12,random_order,264,0,264,256.0,0.5,0.0,0.007782101167315151,0.0,0.00390625
8,20260822,24,permute_both_renormalized,8,early,12,balance_only,264,0,264,256.0,0.5715258049242424,0.07152580492424243,0.014181123400813879,0.0,0.004545454545454537
8,20260822,24,permute_both_renormalized,8,early,12,balance_random_pair,264,0,264,256.0,0.6409431226325758,0.1409431226325758,0.019214383127168073,0.15151515151515152,0.005581108706108702
8,20260822,24,permute_both_renormalized,8,early,12,balance_pressured_pair,264,0,264,256.0,0.6700328480113636,0.17003284801136365,0.022906626643263726,0.17803030303030304,0.0073487854737854744
8,20260822,24,permute_both_renormalized,8,early,12,all_pair_product,264,0,264,256.0,0.8677571614583334,0.36775716145833337,0.28344403764103027,0.6212121212121212,0.18326418951418952
8,20260822,24,permute_both_renormalized,8,early,12,minimum_max_pressure,264,0,264,256.0,0.7885298295454546,0.2885298295454546,0.11182281103052374,0.3409090909090909,0.08007293701163672
8,20260822,24,catalog,8,middle,12,random_order,264,41,223,60.0,0.5,0.0,0.12175089195545588,0.0,0.07279440536838216
8,20260822,24,catalog,8,middle,12,balance_only,264,41,223,60.0,0.6376766749110149,0.13767667491101487,0.2074426426533627,0.08968609865470852,0.13287769499418775
8,20260822,24,catalog,8,middle,12,balance_random_pair,264,41,223,60.0,0.7065597799601199,0.20655977996011987,0.2638696358895105,0.24663677130044842,0.17084743208628775
8,20260822,24,catalog,8,middle,12,balance_pressured_pair,264,41,223,60.0,0.6878496883573401,0.18784968835734006,0.2591148416820186,0.2600896860986547,0.15945199086588271
8,20260822,24,catalog,8,middle,12,all_pair_product,264,41,223,60.0,0.8436054163330754,0.3436054163330754,0.5381669426355272,0.695067264573991,0.45170296818278877
8,20260822,24,catalog,8,middle,12,minimum_max_pressure,264,41,223,60.0,0.6186544152563118,0.11865441525631182,0.2588828613068314,0.2556053811659193,0.19581425311300169
8,20260822,24,permute_both_fixed_anchor,8,middle,12,random_order,264,0,264,40.96969696969697,0.5,0.0,0.18593928528047887,0.0,0.11492675868242748
8,20260822,24,permute_both_fixed_anchor,8,middle,12,balance_only,264,0,264,40.96969696969697,0.622946557551437,0.12294655755143702,0.3145644855622608,0.1856060606060606,0.20026407468256904
8,20260822,24,permute_both_fixed_anchor,8,middle,12,balance_random_pair,264,0,264,40.96969696969697,0.6601499509857809,0.1601499509857809,0.3265384081940745,0.22727272727272727,0.20049463643110474
8,20260822,24,permute_both_fixed_anchor,8,middle,12,balance_pressured_pair,264,0,264,40.96969696969697,0.6548706972838743,0.15487069728387426,0.3429549037171814,0.2803030303030303,0.2196901471000519
8,20260822,24,permute_both_fixed_anchor,8,middle,12,all_pair_product,264,0,264,40.96969696969697,0.8572786267230952,0.3572786267230952,0.6376749648566093,0.7234848484848485,0.5581579878454879
8,20260822,24,permute_both_fixed_anchor,8,middle,12,minimum_max_pressure,264,0,264,40.96969696969697,0.608851386133221,0.10885138613322098,0.28554205607608446,0.19696969696969696,0.20349715501460616
8,20260822,24,permute_both_renormalized,8,middle,12,random_order,264,1,263,40.133079847908746,0.5,0.0,0.18694263442118714,0.0,0.11570794183171132
8,20260822,24,permute_both_renormalized,8,middle,12,balance_only,264,1,263,40.133079847908746,0.6318872481313381,0.13188724813133812,0.32997547238343444,0.23954372623574144,0.2188481717008981
8,20260822,24,permute_both_renormalized,8,middle,12,balance_random_pair,264,1,263,40.133079847908746,0.6881209099506247,0.1881209099506247,0.3768104681485752,0.3612167300380228,0.2605030006809466
8,20260822,24,permute_both_renormalized,8,middle,12,balance_pressured_pair,264,1,263,40.133079847908746,0.6465839287909837,0.1465839287909837,0.3480079268386982,0.311787072243346,0.23657840894488644
8,20260822,24,permute_both_renormalized,8,middle,12,all_pair_product,264,1,263,40.133079847908746,0.8538863305171899,0.3538863305171899,0.6506195509441998,0.7376425855513308,0.5771641318124208
8,20260822,24,permute_both_renormalized,8,middle,12,minimum_max_pressure,264,1,263,40.133079847908746,0.6041740637844148,0.10417406378441485,0.2892148990990483,0.19391634980988592,0.20440515033417825
8,20260822,28,catalog,2,early,97,random_order,500,0,500,4.0,0.5,0.0,0.4000000000000035,0.0,0.25
8,20260822,28,catalog,2,early,97,balance_only,500,0,500,4.0,0.5145,0.014499999999999957,0.4835238095238083,0.0,0.251
8,20260822,28,catalog,2,early,97,balance_random_pair,500,0,500,4.0,0.518,0.018000000000000016,0.4991428571428569,0.08,0.2695
8,20260822,28,catalog,2,early,97,balance_pressured_pair,500,0,500,4.0,0.54575,0.04574999999999996,0.5335047619047611,0.142,0.289
8,20260822,28,catalog,2,early,97,all_pair_product,500,0,500,4.0,0.61975,0.11975000000000002,0.6518952380952375,0.426,0.4565
8,20260822,28,catalog,2,early,97,minimum_max_pressure,500,0,500,4.0,0.5505,0.05049999999999999,0.5021619047619046,0.084,0.3043333333333332
8,20260822,28,permute_both_fixed_anchor,2,early,97,random_order,500,0,500,4.0,0.5,0.0,0.4000000000000035,0.0,0.25
8,20260822,28,permute_both_fixed_anchor,2,early,97,balance_only,500,0,500,4.0,0.5345,0.034499999999999975,0.5003809523809502,0.0,0.276
8,20260822,28,permute_both_fixed_anchor,2,early,97,balance_random_pair,500,0,500,4.0,0.54,0.040000000000000036,0.5132047619047615,0.088,0.2885
8,20260822,28,permute_both_fixed_anchor,2,early,97,balance_pressured_pair,500,0,500,4.0,0.57475,0.07474999999999998,0.5556857142857138,0.154,0.3245
8,20260822,28,permute_both_fixed_anchor,2,early,97,all_pair_product,500,0,500,4.0,0.67025,0.17025,0.7082380952380948,0.494,0.5415
8,20260822,28,permute_both_fixed_anchor,2,early,97,minimum_max_pressure,500,0,500,4.0,0.5755,0.07550000000000001,0.5411190476190474,0.158,0.35266666666666685
8,20260822,28,permute_both_renormalized,2,early,97,random_order,500,0,500,4.0,0.5,0.0,0.4000000000000035,0.0,0.25
8,20260822,28,permute_both_renormalized,2,early,97,balance_only,500,0,500,4.0,0.526,0.026000000000000023,0.4917523809523795,0.002,0.261
8,20260822,28,permute_both_renormalized,2,early,97,balance_random_pair,500,0,500,4.0,0.5395,0.03949999999999998,0.5157285714285714,0.116,0.284
8,20260822,28,permute_both_renormalized,2,early,97,balance_pressured_pair,500,0,500,4.0,0.56975,0.06974999999999998,0.551052380952381,0.156,0.315
8,20260822,28,permute_both_renormalized,2,early,97,all_pair_product,500,0,500,4.0,0.65325,0.15325,0.6872571428571425,0.466,0.505
8,20260822,28,permute_both_renormalized,2,early,97,minimum_max_pressure,500,0,500,4.0,0.5675,0.0675,0.5248285714285716,0.126,0.32466666666666694
8,20260822,28,catalog,2,middle,97,random_order,500,10,490,3.9653061224489794,0.5,0.0,0.4034693877551055,0.0,0.252891156462585
8,20260822,28,catalog,2,middle,97,balance_only,500,10,490,3.9653061224489794,0.555612244897959,0.05561224489795902,0.5163070942662764,0.01020408163265306,0.29149659863945576
8,20260822,28,catalog,2,middle,97,balance_random_pair,500,10,490,3.9653061224489794,0.5852891156462586,0.08528911564625863,0.5748250728862968,0.18775510204081633,0.37312925170068023
8,20260822,28,catalog,2,middle,97,balance_pressured_pair,500,10,490,3.9653061224489794,0.6058673469387755,0.10586734693877553,0.6156559766763847,0.28775510204081634,0.41768707482993195
8,20260822,28,catalog,2,middle,97,all_pair_product,500,10,490,3.9653061224489794,0.7268707482993196,0.22687074829931964,0.778887269193391,0.6,0.636734693877551
8,20260822,28,catalog,2,middle,97,minimum_max_pressure,500,10,490,3.9653061224489794,0.6166666666666666,0.11666666666666659,0.6035471331389699,0.2571428571428571,0.43197278911564696
8,20260822,28,permute_both_fixed_anchor,2,middle,97,random_order,500,1,499,3.9779559118236474,0.5,0.0,0.4022044088176388,0.0,0.2518370073480294
8,20260822,28,permute_both_fixed_anchor,2,middle,97,balance_only,500,1,499,3.9779559118236474,0.5359886439545759,0.035988643954575905,0.5016270636511104,0.028056112224448898,0.2765531062124248
8,20260822,28,permute_both_fixed_anchor,2,middle,97,balance_random_pair,500,1,499,3.9779559118236474,0.5646292585170339,0.06462925851703394,0.545285809714667,0.15430861723446893,0.323313293253173
8,20260822,28,permute_both_fixed_anchor,2,middle,97,balance_pressured_pair,500,1,499,3.9779559118236474,0.6236639946559785,0.12366399465597855,0.6204599675541558,0.2865731462925852,0.4088176352705411
8,20260822,28,permute_both_fixed_anchor,2,middle,97,all_pair_product,500,1,499,3.9779559118236474,0.7426519706078824,0.24265197060788235,0.7992985971943886,0.6432865731462926,0.6663326653306614
8,20260822,28,permute_both_fixed_anchor,2,middle,97,minimum_max_pressure,500,1,499,3.9779559118236474,0.6526386105544421,0.15263861055444206,0.634836339345357,0.29458917835671344,0.4776219104876426
8,20260822,28,permute_both_renormalized,2,middle,97,random_order,500,0,500,3.99,0.5,0.0,0.40100000000000346,0.0,0.2508333333333333
8,20260822,28,permute_both_renormalized,2,middle,97,balance_only,500,0,500,3.99,0.5155833333333333,0.015583333333333282,0.48588571428571314,0.016,0.25666666666666665
8,20260822,28,permute_both_renormalized,2,middle,97,balance_random_pair,500,0,500,3.99,0.5589166666666666,0.05891666666666662,0.5368666666666669,0.138,0.3048333333333333
8,20260822,28,permute_both_renormalized,2,middle,97,balance_pressured_pair,500,0,500,3.99,0.5933333333333334,0.09333333333333338,0.585533333333334,0.228,0.3693333333333333
8,20260822,28,permute_both_renormalized,2,middle,97,all_pair_product,500,0,500,3.99,0.7460833333333333,0.24608333333333332,0.8027952380952381,0.644,0.674
8,20260822,28,permute_both_renormalized,2,middle,97,minimum_max_pressure,500,0,500,3.99,0.6410833333333333,0.14108333333333334,0.6178523809523806,0.252,0.4533333333333344
8,20260822,28,catalog,4,early,97,random_order,500,0,500,16.0,0.5,0.0,0.11764705882352902,0.0,0.0625
8,20260822,28,catalog,4,early,97,balance_only,500,0,500,16.0,0.5825625,0.08256249999999998,0.19203580961416988,0.0,0.08216666666666658
8,20260822,28,catalog,4,early,97,balance_random_pair,500,0,500,16.0,0.5713125,0.0713125,0.217047839536992,0.102,0.0953333333333334
8,20260822,28,catalog,4,early,97,balance_pressured_pair,500,0,500,16.0,0.592375,0.09237499999999998,0.2396838927089374,0.192,0.10533333333333343
8,20260822,28,catalog,4,early,97,all_pair_product,500,0,500,16.0,0.719125,0.21912500000000001,0.41423941005487275,0.366,0.23466666666666666
8,20260822,28,catalog,4,early,97,minimum_max_pressure,500,0,500,16.0,0.6125,0.11250000000000004,0.24332956420931748,0.118,0.13014082584082612
8,20260822,28,permute_both_fixed_anchor,4,early,97,random_order,500,0,500,16.0,0.5,0.0,0.11764705882352902,0.0,0.0625
8,20260822,28,permute_both_fixed_anchor,4,early,97,balance_only,500,0,500,16.0,0.535,0.03500000000000003,0.174554496866196,0.0,0.0695000000000001
8,20260822,28,permute_both_fixed_anchor,4,early,97,balance_random_pair,500,0,500,16.0,0.5634375,0.06343750000000004,0.20456833023219198,0.096,0.0866666666666667
8,20260822,28,permute_both_fixed_anchor,4,early,97,balance_pressured_pair,500,0,500,16.0,0.5623125,0.06231249999999999,0.20347262976875405,0.112,0.07616666666666666
8,20260822,28,permute_both_fixed_anchor,4,early,97,all_pair_product,500,0,500,16.0,0.7316875,0.23168750000000005,0.4462848725843004,0.41,0.278
8,20260822,28,permute_both_fixed_anchor,4,early,97,minimum_max_pressure,500,0,500,16.0,0.637,0.137,0.25632083575617365,0.136,0.1430667721167723
8,20260822,28,permute_both_renormalized,4,early,97,random_order,500,0,500,16.0,0.5,0.0,0.11764705882352902,0.0,0.0625
8,20260822,28,permute_both_renormalized,4,early,97,balance_only,500,0,500,16.0,0.54825,0.048250000000000015,0.17781174938597238,0.0,0.0718333333333334
8,20260822,28,permute_both_renormalized,4,early,97,balance_random_pair,500,0,500,16.0,0.573,0.07299999999999995,0.206010229795835,0.084,0.08316666666666671
8,20260822,28,permute_both_renormalized,4,early,97,balance_pressured_pair,500,0,500,16.0,0.588625,0.08862499999999995,0.22064911011178867,0.142,0.09033333333333338
8,20260822,28,permute_both_renormalized,4,early,97,all_pair_product,500,0,500,16.0,0.7464375,0.24643749999999998,0.44370181777259105,0.388,0.2715
8,20260822,28,permute_both_renormalized,4,early,97,minimum_max_pressure,500,0,500,16.0,0.6496875,0.14968749999999997,0.28175213167917307,0.182,0.16773871128871157
8,20260822,28,catalog,4,middle,97,random_order,500,10,490,14.965306122448979,0.5,0.0,0.12985898255406028,0.0,0.06986262886773092
8,20260822,28,catalog,4,middle,97,balance_only,500,10,490,14.965306122448979,0.5981246474613823,0.09812464746138228,0.21526613100971942,0.0163265306122449,0.09836734693877543
8,20260822,28,catalog,4,middle,97,balance_random_pair,500,10,490,14.965306122448979,0.6278426887738114,0.12784268877381144,0.2650360711384257,0.1836734693877551,0.12690166975881279
8,20260822,28,catalog,4,middle,97,balance_pressured_pair,500,10,490,14.965306122448979,0.6569008712376061,0.1569008712376061,0.30671122833587977,0.22244897959183674,0.15697278911564624
8,20260822,28,catalog,4,middle,97,all_pair_product,500,10,490,14.965306122448979,0.8431422786397265,0.34314227863972646,0.6186927993764412,0.6020408163265306,0.4596938775510204
8,20260822,28,catalog,4,middle,97,minimum_max_pressure,500,10,490,14.965306122448979,0.6920214734245341,0.19202147342453413,0.3390295243694238,0.2530612244897959,0.21746790058014548
8,20260822,28,permute_both_fixed_anchor,4,middle,97,random_order,500,0,500,15.428,0.5,0.0,0.12259393939393905,0.0,0.06534088411588411
8,20260822,28,permute_both_fixed_anchor,4,middle,97,balance_only,500,0,500,15.428,0.5687025016650018,0.0687025016650018,0.20151886753076145,0.01,0.08589999999999995
8,20260822,28,permute_both_fixed_anchor,4,middle,97,balance_random_pair,500,0,500,15.428,0.5985205461205465,0.0985205461205465,0.23295784522948662,0.156,0.10067878787878798
8,20260822,28,permute_both_fixed_anchor,4,middle,97,balance_pressured_pair,500,0,500,15.428,0.6690643439893438,0.16906434398934378,0.2925100119133483,0.262,0.1406666666666667
8,20260822,28,permute_both_fixed_anchor,4,middle,97,all_pair_product,500,0,500,15.428,0.8580762529137517,0.35807625291375167,0.6586620129668662,0.654,0.5198333333333334
8,20260822,28,permute_both_fixed_anchor,4,middle,97,minimum_max_pressure,500,0,500,15.428,0.7650343739593732,0.26503437395937324,0.40309918633230796,0.314,0.28272229437229435
8,20260822,28,permute_both_renormalized,4,middle,97,random_order,500,0,500,15.364,0.5,0.0,0.12345702826585149,0.0,0.06586776556776558
8,20260822,28,permute_both_renormalized,4,middle,97,balance_only,500,0,500,15.364,0.5818181568431573,0.0818181568431573,0.20592381629106857,0.014,0.08956666666666654
8,20260822,28,permute_both_renormalized,4,middle,97,balance_random_pair,500,0,500,15.364,0.6121697052947052,0.11216970529470516,0.24319029001916562,0.16,0.10873181818181821
8,20260822,28,permute_both_renormalized,4,middle,97,balance_pressured_pair,500,0,500,15.364,0.6735607267732269,0.17356072677322687,0.29141600057785044,0.26,0.13873333333333332
8,20260822,28,permute_both_renormalized,4,middle,97,all_pair_product,500,0,500,15.364,0.8450344613719598,0.3450344613719598,0.6385661627700673,0.658,0.4898333333333333
8,20260822,28,permute_both_renormalized,4,middle,97,minimum_max_pressure,500,0,500,15.364,0.7521190143190138,0.25211901431901385,0.3975411442220961,0.294,0.2823787878787881
8,20260822,28,catalog,8,early,97,random_order,500,0,500,256.0,0.5,0.0,0.007782101167315149,0.0,0.00390625
8,20260822,28,catalog,8,early,97,balance_only,500,0,500,256.0,0.6333671875,0.13336718749999998,0.016487982216284364,0.0,0.0059571428571428406
8,20260822,28,catalog,8,early,97,balance_random_pair,500,0,500,256.0,0.62703515625,0.12703515624999995,0.020625704015036717,0.168,0.006838888888888877
8,20260822,28,catalog,8,early,97,balance_pressured_pair,500,0,500,256.0,0.64877734375,0.14877734374999996,0.02353833011367332,0.18,0.007996825396825382
8,20260822,28,catalog,8,early,97,all_pair_product,500,0,500,256.0,0.83378125,0.33378125000000003,0.15208887698711948,0.536,0.08594871794871796
8,20260822,28,catalog,8,early,97,minimum_max_pressure,500,0,500,256.0,0.68764453125,0.18764453125000002,0.06968556006194165,0.226,0.04767989401448938
8,20260822,28,permute_both_fixed_anchor,8,early,97,random_order,500,0,500,256.0,0.5,0.0,0.007782101167315149,0.0,0.00390625
8,20260822,28,permute_both_fixed_anchor,8,early,97,balance_only,500,0,500,256.0,0.558703125,0.05870312499999997,0.013811106122935818,0.0,0.004385714285714275
8,20260822,28,permute_both_fixed_anchor,8,early,97,balance_random_pair,500,0,500,256.0,0.59826171875,0.09826171875,0.018261646020042266,0.144,0.00544523809523809
8,20260822,28,permute_both_fixed_anchor,8,early,97,balance_pressured_pair,500,0,500,256.0,0.6333984375,0.13339843750000002,0.0211758653204489,0.178,0.006318253968253961
8,20260822,28,permute_both_fixed_anchor,8,early,97,all_pair_product,500,0,500,256.0,0.859546875,0.35954687500000004,0.2541279626553881,0.618,0.16058333333333336
8,20260822,28,permute_both_fixed_anchor,8,early,97,minimum_max_pressure,500,0,500,256.0,0.74007421875,0.24007421875,0.07251314077783043,0.21,0.047871168175120125
8,20260822,28,permute_both_renormalized,8,early,97,random_order,500,0,500,256.0,0.5,0.0,0.007782101167315149,0.0,0.00390625
8,20260822,28,permute_both_renormalized,8,early,97,balance_only,500,0,500,256.0,0.571984375,0.07198437499999999,0.01477195366020362,0.0,0.005064285714285701
8,20260822,28,permute_both_renormalized,8,early,97,balance_random_pair,500,0,500,256.0,0.6018125,0.10181249999999997,0.018922953440422687,0.162,0.006004761904761893
8,20260822,28,permute_both_renormalized,8,early,97,balance_pressured_pair,500,0,500,256.0,0.62928125,0.12928125000000001,0.022035164366764073,0.194,0.006927777777777769
8,20260822,28,permute_both_renormalized,8,early,97,all_pair_product,500,0,500,256.0,0.8538984375,0.35389843750000005,0.2706642319360334,0.618,0.17765940170940173
8,20260822,28,permute_both_renormalized,8,early,97,minimum_max_pressure,500,0,500,256.0,0.73661328125,0.23661328125000003,0.07994437986090909,0.242,0.05435661860819458
8,20260822,28,catalog,8,middle,97,random_order,500,0,500,190.252,0.5,0.0,0.011393219568051803,0.0,0.0057335368179577
8,20260822,28,catalog,8,middle,97,balance_only,500,0,500,190.252,0.6344330641352464,0.13443306413524636,0.021293816612112673,0.006,0.008350987294819269
8,20260822,28,catalog,8,middle,97,balance_random_pair,500,0,500,190.252,0.6952096178693918,0.19520961786939184,0.036217600994267324,0.252,0.013382248049107582
8,20260822,28,catalog,8,middle,97,balance_pressured_pair,500,0,500,190.252,0.7107218492325026,0.2107218492325026,0.0407563465493072,0.306,0.014789274865441208
8,20260822,28,catalog,8,middle,97,all_pair_product,500,0,500,190.252,0.9263864365279072,0.4263864365279072,0.47028070128183713,0.782,0.3746190476190476
8,20260822,28,catalog,8,middle,97,minimum_max_pressure,500,0,500,190.252,0.8332520800473296,0.33325208004732965,0.13301335066650974,0.442,0.08842879080626465
8,20260822,28,permute_both_fixed_anchor,8,middle,97,random_order,500,0,500,194.908,0.5,0.0,0.010665204977277966,0.0,0.005362695776147654
8,20260822,28,permute_both_fixed_anchor,8,middle,97,balance_only,500,0,500,194.908,0.6307729655741994,0.13077296557419937,0.019973959979017665,0.008,0.007746465904078792
8,20260822,28,permute_both_fixed_anchor,8,middle,97,balance_random_pair,500,0,500,194.908,0.7005502789172358,0.20055027891723576,0.031243187452613518,0.18,0.010489232925627317
8,20260822,28,permute_both_fixed_anchor,8,middle,97,balance_pressured_pair,500,0,500,194.908,0.7450914014779624,0.24509140147796238,0.03876176715786641,0.284,0.01399443060480288
8,20260822,28,permute_both_fixed_anchor,8,middle,97,all_pair_product,500,0,500,194.908,0.9313679542728251,0.43136795427282515,0.5081435473998862,0.784,0.42406875901875907
8,20260822,28,permute_both_fixed_anchor,8,middle,97,minimum_max_pressure,500,0,500,194.908,0.8667932789312037,0.3667932789312037,0.19482342566330665,0.5,0.15280947659894858
8,20260822,28,permute_both_renormalized,8,middle,97,random_order,500,0,500,193.76,0.5,0.0,0.010713657818846187,0.0,0.005387053495718753
8,20260822,28,permute_both_renormalized,8,middle,97,balance_only,500,0,500,193.76,0.6195599734210852,0.11955997342108515,0.02043271929712196,0.022,0.008045373904461589
8,20260822,28,permute_both_renormalized,8,middle,97,balance_random_pair,500,0,500,193.76,0.6833202788222397,0.18332027882223967,0.03219430524349916,0.196,0.011485656574561725
8,20260822,28,permute_both_renormalized,8,middle,97,balance_pressured_pair,500,0,500,193.76,0.7223858986883619,0.2223858986883619,0.03893045188870672,0.27,0.014196149426869014
8,20260822,28,permute_both_renormalized,8,middle,97,all_pair_product,500,0,500,193.76,0.9262279855698061,0.4262279855698061,0.5004828732121813,0.796,0.4116015466015467
8,20260822,28,permute_both_renormalized,8,middle,97,minimum_max_pressure,500,0,500,193.76,0.8666161094132542,0.3666161094132542,0.2144623043777406,0.57,0.16843939304350752
9,20260823,24,catalog,2,early,12,random_order,500,0,500,4.0,0.5,0.0,0.4000000000000035,0.0,0.25
9,20260823,24,catalog,2,early,12,balance_only,500,0,500,4.0,0.539,0.039000000000000035,0.49873809523809365,0.0,0.268
9,20260823,24,catalog,2,early,12,balance_random_pair,500,0,500,4.0,0.5185,0.01849999999999996,0.5016333333333326,0.082,0.2825
9,20260823,24,catalog,2,early,12,balance_pressured_pair,500,0,500,4.0,0.47025,-0.02975,0.5122095238095239,0.228,0.304
9,20260823,24,catalog,2,early,12,all_pair_product,500,0,500,4.0,0.59275,0.09275,0.6063952380952378,0.326,0.386
9,20260823,24,catalog,2,early,12,minimum_max_pressure,500,0,500,4.0,0.44575,-0.05425000000000002,0.4946095238095234,0.242,0.30216666666666664
9,20260823,24,permute_both_fixed_anchor,2,early,12,random_order,500,0,500,4.0,0.5,0.0,0.4000000000000035,0.0,0.25
9,20260823,24,permute_both_fixed_anchor,2,early,12,balance_only,500,0,500,4.0,0.5195,0.019499999999999962,0.4886904761904746,0.0,0.26
9,20260823,24,permute_both_fixed_anchor,2,early,12,balance_random_pair,500,0,500,4.0,0.55825,0.058250000000000024,0.5296238095238089,0.108,0.31
9,20260823,24,permute_both_fixed_anchor,2,early,12,balance_pressured_pair,500,0,500,4.0,0.56725,0.06725000000000003,0.5501095238095234,0.158,0.321
9,20260823,24,permute_both_fixed_anchor,2,early,12,all_pair_product,500,0,500,4.0,0.6625,0.16249999999999998,0.6903380952380948,0.456,0.5095
9,20260823,24,permute_both_fixed_anchor,2,early,12,minimum_max_pressure,500,0,500,4.0,0.59175,0.09175,0.5526285714285708,0.15,0.37083333333333385
9,20260823,24,permute_both_renormalized,2,early,12,random_order,500,0,500,4.0,0.5,0.0,0.4000000000000035,0.0,0.25
9,20260823,24,permute_both_renormalized,2,early,12,balance_only,500,0,500,4.0,0.51975,0.019750000000000045,0.4893095238095223,0.0,0.261
9,20260823,24,permute_both_renormalized,2,early,12,balance_random_pair,500,0,500,4.0,0.5335,0.033499999999999974,0.5140857142857143,0.11,0.2905
9,20260823,24,permute_both_renormalized,2,early,12,balance_pressured_pair,500,0,500,4.0,0.567,0.06699999999999995,0.555885714285714,0.174,0.3305
9,20260823,24,permute_both_renormalized,2,early,12,all_pair_product,500,0,500,4.0,0.668,0.16800000000000004,0.6987619047619045,0.462,0.5233333333333333
9,20260823,24,permute_both_renormalized,2,early,12,minimum_max_pressure,500,0,500,4.0,0.5655,0.0655,0.5277428571428574,0.128,0.33416666666666694
9,20260823,24,catalog,2,middle,12,random_order,500,36,464,3.9892241379310347,0.5,0.0,0.40107758620689987,0.0,0.2508979885057471
9,20260823,24,catalog,2,middle,12,balance_only,500,36,464,3.9892241379310347,0.5580100574712643,0.05801005747126431,0.5120381773398999,0.0,0.2841235632183908
9,20260823,24,catalog,2,middle,12,balance_random_pair,500,36,464,3.9892241379310347,0.546246408045977,0.04624640804597702,0.5316194581280779,0.1271551724137931,0.3241738505747126
9,20260823,24,catalog,2,middle,12,balance_pressured_pair,500,36,464,3.9892241379310347,0.5370869252873564,0.037086925287356354,0.5739634646962236,0.2995689655172414,0.38326149425287354
9,20260823,24,catalog,2,middle,12,all_pair_product,500,36,464,3.9892241379310347,0.6323635057471265,0.13236350574712652,0.6576200738916257,0.40948275862068967,0.46551724137931033
9,20260823,24,catalog,2,middle,12,minimum_max_pressure,500,36,464,3.9892241379310347,0.5520833333333335,0.05208333333333348,0.6065630131362888,0.38362068965517243,0.45150862068965525
9,20260823,24,permute_both_fixed_anchor,2,middle,12,random_order,500,0,500,3.994,0.5,0.0,0.40060000000000356,0.0,0.2505
9,20260823,24,permute_both_fixed_anchor,2,middle,12,balance_only,500,0,500,3.994,0.52975,0.029750000000000054,0.4912619047619035,0.008,0.26066666666666655
9,20260823,24,permute_both_fixed_anchor,2,middle,12,balance_random_pair,500,0,500,3.994,0.575,0.07499999999999996,0.5447571428571423,0.134,0.3135
9,20260823,24,permute_both_fixed_anchor,2,middle,12,balance_pressured_pair,500,0,500,3.994,0.6095833333333334,0.10958333333333337,0.5924857142857141,0.228,0.3631666666666667
9,20260823,24,permute_both_fixed_anchor,2,middle,12,all_pair_product,500,0,500,3.994,0.73625,0.23624999999999996,0.7896714285714279,0.628,0.654
9,20260823,24,permute_both_fixed_anchor,2,middle,12,minimum_max_pressure,500,0,500,3.994,0.64675,0.14675000000000005,0.6228666666666663,0.272,0.45283333333333414
9,20260823,24,permute_both_renormalized,2,middle,12,random_order,500,0,500,3.996,0.5,0.0,0.4004000000000035,0.0,0.2503333333333333
9,20260823,24,permute_both_renormalized,2,middle,12,balance_only,500,0,500,3.996,0.52475,0.02475000000000005,0.491942857142856,0.02,0.2656666666666666
9,20260823,24,permute_both_renormalized,2,middle,12,balance_random_pair,500,0,500,3.996,0.5831666666666667,0.08316666666666672,0.5591999999999998,0.158,0.3403333333333333
9,20260823,24,permute_both_renormalized,2,middle,12,balance_pressured_pair,500,0,500,3.996,0.6243333333333334,0.1243333333333334,0.6092000000000001,0.246,0.3945
9,20260823,24,permute_both_renormalized,2,middle,12,all_pair_product,500,0,500,3.996,0.7366666666666667,0.2366666666666667,0.791319047619047,0.628,0.66
9,20260823,24,permute_both_renormalized,2,middle,12,minimum_max_pressure,500,0,500,3.996,0.6573333333333333,0.15733333333333333,0.6424047619047615,0.316,0.4831666666666674
9,20260823,24,catalog,4,early,12,random_order,264,0,264,16.0,0.5,0.0,0.11764705882352905,0.0,0.0625
9,20260823,24,catalog,4,early,12,balance_only,264,0,264,16.0,0.6221590909090909,0.12215909090909094,0.2119129540868152,0.0,0.10290404040404061
9,20260823,24,catalog,4,early,12,balance_random_pair,264,0,264,16.0,0.548532196969697,0.04853219696969702,0.21482434078437213,0.041666666666666664,0.10321969696969699
9,20260823,24,catalog,4,early,12,balance_pressured_pair,264,0,264,16.0,0.5359848484848485,0.03598484848484851,0.20895317294286123,0.05303030303030303,0.09280303030303029
9,20260823,24,catalog,4,early,12,all_pair_product,264,0,264,16.0,0.6435842803030303,0.14358428030303028,0.4013516934075242,0.3560606060606061,0.2610479797979798
9,20260823,24,catalog,4,early,12,minimum_max_pressure,264,0,264,16.0,0.4968039772727273,-0.003196022727272707,0.21131171293605483,0.0946969696969697,0.10416921041921035
9,20260823,24,permute_both_fixed_anchor,4,early,12,random_order,264,0,264,16.0,0.5,0.0,0.11764705882352905,0.0,0.0625
9,20260823,24,permute_both_fixed_anchor,4,early,12,balance_only,264,0,264,16.0,0.5282907196969697,0.028290719696969724,0.16930850590480528,0.0,0.06502525252525246
9,20260823,24,permute_both_fixed_anchor,4,early,12,balance_random_pair,264,0,264,16.0,0.5472301136363636,0.047230113636363646,0.1887244915843198,0.07196969696969698,0.0729166666666667
9,20260823,24,permute_both_fixed_anchor,4,early,12,balance_pressured_pair,264,0,264,16.0,0.5871212121212122,0.08712121212121215,0.21250166003532245,0.11363636363636363,0.08238636363636366
9,20260823,24,permute_both_fixed_anchor,4,early,12,all_pair_product,264,0,264,16.0,0.7427793560606061,0.24277935606060608,0.43114207296820095,0.3712121212121212,0.25757575757575757
9,20260823,24,permute_both_fixed_anchor,4,early,12,minimum_max_pressure,264,0,264,16.0,0.6640625,0.1640625,0.26314109875851416,0.1553030303030303,0.14252536184354364
9,20260823,24,permute_both_renormalized,4,early,12,random_order,264,0,264,16.0,0.5,0.0,0.11764705882352905,0.0,0.0625
9,20260823,24,permute_both_renormalized,4,early,12,balance_only,264,0,264,16.0,0.5361032196969697,0.036103219696969724,0.1739807801175207,0.0,0.06944444444444442
9,20260823,24,permute_both_renormalized,4,early,12,balance_random_pair,264,0,264,16.0,0.5539772727272727,0.05397727272727271,0.19394828187543167,0.056818181818181816,0.07765151515151515
9,20260823,24,permute_both_renormalized,4,early,12,balance_pressured_pair,264,0,264,16.0,0.5684185606060606,0.06841856060606055,0.20592331695942354,0.0946969696969697,0.0811237373737374
9,20260823,24,permute_both_renormalized,4,early,12,all_pair_product,264,0,264,16.0,0.74609375,0.24609375,0.4563777387794104,0.3977272727272727,0.29984217171717176
9,20260823,24,permute_both_renormalized,4,early,12,minimum_max_pressure,264,0,264,16.0,0.6322206439393939,0.13222064393939392,0.2612311901082999,0.17424242424242425,0.1448382635882636
9,20260823,24,catalog,4,middle,12,random_order,500,35,465,15.741935483870968,0.5,0.0,0.12012861058401814,0.0,0.06393625192012287
9,20260823,24,catalog,4,middle,12,balance_only,500,35,465,15.741935483870968,0.6520293371503048,0.15202933715030476,0.22267883673054847,0.0,0.11057347670250867
9,20260823,24,catalog,4,middle,12,balance_random_pair,500,35,465,15.741935483870968,0.6154299329702556,0.11542993297025561,0.24007630057982401,0.07526881720430108,0.12241935483870964
9,20260823,24,catalog,4,middle,12,balance_pressured_pair,500,35,465,15.741935483870968,0.5849384396965044,0.08493843969650439,0.22998590216919773,0.09462365591397849,0.10591397849462364
9,20260823,24,catalog,4,middle,12,all_pair_product,500,35,465,15.741935483870968,0.705538798119443,0.20553879811944298,0.46645826504121335,0.42795698924731185,0.32956989247311824
9,20260823,24,catalog,4,middle,12,minimum_max_pressure,500,35,465,15.741935483870968,0.6377805706837965,0.13778057068379646,0.37394826838310424,0.27741935483870966,0.2755532281338734
9,20260823,24,permute_both_fixed_anchor,4,middle,12,random_order,500,0,500,15.672,0.5,0.0,0.12034999999999968,0.0,0.06404642857142855
9,20260823,24,permute_both_fixed_anchor,4,middle,12,balance_only,500,0,500,15.672,0.5638009199134202,0.06380091991342018,0.1932274245484633,0.01,0.08009999999999996
9,20260823,24,permute_both_fixed_anchor,4,middle,12,balance_random_pair,500,0,500,15.672,0.6207269480519478,0.12072694805194784,0.2399094731572618,0.178,0.10476363636363642
9,20260823,24,permute_both_fixed_anchor,4,middle,12,balance_pressured_pair,500,0,500,15.672,0.6483643398268402,0.14836433982684016,0.27105075888527974,0.258,0.12590000000000004
9,20260823,24,permute_both_fixed_anchor,4,middle,12,all_pair_product,500,0,500,15.672,0.8257274350649335,0.3257274350649335,0.5922862448860419,0.568,0.44366666666666665
9,20260823,24,permute_both_fixed_anchor,4,middle,12,minimum_max_pressure,500,0,500,15.672,0.7328614177489179,0.2328614177489179,0.3637318237744611,0.27,0.243451948051948
9,20260823,24,permute_both_renormalized,4,middle,12,random_order,500,0,500,15.698,0.5,0.0,0.12002745098039182,0.0,0.06385670995670994
9,20260823,24,permute_both_renormalized,4,middle,12,balance_only,500,0,500,15.698,0.576983116883117,0.07698311688311699,0.19868813209476954,0.006,0.08493333333333328
9,20260823,24,permute_both_renormalized,4,middle,12,balance_random_pair,500,0,500,15.698,0.6138912337662339,0.11389123376623389,0.23523322038086864,0.144,0.10419393939393945
9,20260823,24,permute_both_renormalized,4,middle,12,balance_pressured_pair,500,0,500,15.698,0.6684365259740265,0.16843652597402647,0.2754667600098886,0.224,0.1271666666666667
9,20260823,24,permute_both_renormalized,4,middle,12,all_pair_product,500,0,500,15.698,0.8369591450216443,0.33695914502164426,0.6104666236800189,0.598,0.4601333333333334
9,20260823,24,permute_both_renormalized,4,middle,12,minimum_max_pressure,500,0,500,15.698,0.7522197510822506,0.2522197510822506,0.4021966215254461,0.328,0.2864178654678656
9,20260823,24,catalog,8,early,12,random_order,264,0,264,256.0,0.5,0.0,0.007782101167315151,0.0,0.00390625
9,20260823,24,catalog,8,early,12,balance_only,264,0,264,256.0,0.7401308001893939,0.24013080018939392,0.02091310414483489,0.0,0.008901515151515129
9,20260823,24,catalog,8,early,12,balance_random_pair,264,0,264,256.0,0.6902077414772727,0.1902077414772727,0.03152664836922481,0.45075757575757575,0.013707010582010562
9,20260823,24,catalog,8,early,12,balance_pressured_pair,264,0,264,256.0,0.630859375,0.130859375,0.025377871786029488,0.32575757575757575,0.01008748196248195
9,20260823,24,catalog,8,early,12,all_pair_product,264,0,264,256.0,0.7401973839962122,0.24019738399621215,0.2487250860660767,0.5378787878787878,0.16958122895622899
9,20260823,24,catalog,8,early,12,minimum_max_pressure,264,0,264,256.0,0.6895936908143939,0.18959369081439392,0.09844586526704402,0.42424242424242425,0.06808707782020294
9,20260823,24,permute_both_fixed_anchor,8,early,12,random_order,264,0,264,256.0,0.5,0.0,0.007782101167315151,0.0,0.00390625
9,20260823,24,permute_both_fixed_anchor,8,early,12,balance_only,264,0,264,256.0,0.5873875473484849,0.08738754734848486,0.015660112996126074,0.0,0.005708874458874448
9,20260823,24,permute_both_fixed_anchor,8,early,12,balance_random_pair,264,0,264,256.0,0.6324573863636364,0.13245738636363635,0.02153360352382978,0.20454545454545456,0.0076028138528138525
9,20260823,24,permute_both_fixed_anchor,8,early,12,balance_pressured_pair,264,0,264,256.0,0.6192885890151515,0.11928858901515149,0.020469289038911556,0.16666666666666666,0.00614327801827802
9,20260823,24,permute_both_fixed_anchor,8,early,12,all_pair_product,264,0,264,256.0,0.8671948982007576,0.36719489820075757,0.28629022942224036,0.6325757575757576,0.20247790404040403
9,20260823,24,permute_both_fixed_anchor,8,early,12,minimum_max_pressure,264,0,264,256.0,0.7727124763257576,0.27271247632575757,0.09531840397335092,0.3106060606060606,0.0642610472454971
9,20260823,24,permute_both_renormalized,8,early,12,random_order,264,0,264,256.0,0.5,0.0,0.007782101167315151,0.0,0.00390625
9,20260823,24,permute_both_renormalized,8,early,12,balance_only,264,0,264,256.0,0.578420928030303,0.07842092803030298,0.014816171542699794,0.0,0.005045995670995661
9,20260823,24,permute_both_renormalized,8,early,12,balance_random_pair,264,0,264,256.0,0.6326423413825758,0.1326423413825758,0.019232243374627138,0.15151515151515152,0.006150793650793648
9,20260823,24,permute_both_renormalized,8,early,12,balance_pressured_pair,264,0,264,256.0,0.6624422940340909,0.16244229403409094,0.021974991782846537,0.17045454545454544,0.0068467412217412225
9,20260823,24,permute_both_renormalized,8,early,12,all_pair_product,264,0,264,256.0,0.8777003432765151,0.37770034327651514,0.2729024378234309,0.625,0.18981556637806637
9,20260823,24,permute_both_renormalized,8,early,12,minimum_max_pressure,264,0,264,256.0,0.7832105232007576,0.28321052320075757,0.09781598944161717,0.2916666666666667,0.06447771900096658
9,20260823,24,catalog,8,middle,12,random_order,264,42,222,70.32432432432432,0.5,0.0,0.09291503842476953,0.0,0.05403584775202474
9,20260823,24,catalog,8,middle,12,balance_only,264,42,222,70.32432432432432,0.6424180494232667,0.14241804942326675,0.1689142474660944,0.06306306306306306,0.10860452685941213
9,20260823,24,catalog,8,middle,12,balance_random_pair,264,42,222,70.32432432432432,0.6995546328563919,0.19955463285639186,0.24759217573481077,0.3063063063063063,0.17643493434481755
9,20260823,24,catalog,8,middle,12,balance_pressured_pair,264,42,222,70.32432432432432,0.7091935601021905,0.20919356010219048,0.26607166614389405,0.35585585585585583,0.1810491225967466
9,20260823,24,catalog,8,middle,12,all_pair_product,264,42,222,70.32432432432432,0.8032297836834423,0.30322978368344233,0.49299146098064406,0.6396396396396397,0.4305930930930932
9,20260823,24,catalog,8,middle,12,minimum_max_pressure,264,42,222,70.32432432432432,0.5922704989261638,0.09227049892616379,0.20811599229736275,0.23873873873873874,0.15353212117567808
9,20260823,24,permute_both_fixed_anchor,8,middle,12,random_order,264,4,260,41.69615384615385,0.5,0.0,0.18982053064949633,0.0,0.11647993588158072
9,20260823,24,permute_both_fixed_anchor,8,middle,12,balance_only,264,4,260,41.69615384615385,0.6199262951815849,0.11992629518158493,0.32416972586549636,0.2,0.20633688043489604
9,20260823,24,permute_both_fixed_anchor,8,middle,12,balance_random_pair,264,4,260,41.69615384615385,0.6637428895577133,0.16374288955771332,0.36618088616316,0.28846153846153844,0.24318257502021923
9,20260823,24,permute_both_fixed_anchor,8,middle,12,balance_pressured_pair,264,4,260,41.69615384615385,0.6440453883050286,0.14404538830502855,0.34984063316826847,0.29615384615384616,0.2268374026124073
9,20260823,24,permute_both_fixed_anchor,8,middle,12,all_pair_product,264,4,260,41.69615384615385,0.8500732783391417,0.3500732783391417,0.6381869609818674,0.7269230769230769,0.5726324786324787
9,20260823,24,permute_both_fixed_anchor,8,middle,12,minimum_max_pressure,264,4,260,41.69615384615385,0.6065507858687849,0.10655078586878486,0.2805691555226961,0.2,0.19188257297406858
9,20260823,24,permute_both_renormalized,8,middle,12,random_order,264,2,262,40.583969465648856,0.5,0.0,0.18868921382477688,0.0,0.1157540885879458
9,20260823,24,permute_both_renormalized,8,middle,12,balance_only,264,2,262,40.583969465648856,0.6081953057037387,0.1081953057037387,0.303285779369149,0.183206106870229,0.17757636574005906
9,20260823,24,permute_both_renormalized,8,middle,12,balance_random_pair,264,2,262,40.583969465648856,0.6655191532389012,0.1655191532389012,0.34438482252365926,0.25572519083969464,0.22221696963984777
9,20260823,24,permute_both_renormalized,8,middle,12,balance_pressured_pair,264,2,262,40.583969465648856,0.6550105185078383,0.1550105185078383,0.3456080724119926,0.2633587786259542,0.22235074472466707
9,20260823,24,permute_both_renormalized,8,middle,12,all_pair_product,264,2,262,40.583969465648856,0.8637350285977503,0.3637350285977503,0.6545508834885506,0.7480916030534351,0.5768394826123834
9,20260823,24,permute_both_renormalized,8,middle,12,minimum_max_pressure,264,2,262,40.583969465648856,0.6084109677907463,0.10841096779074633,0.2889254335849396,0.1984732824427481,0.20480542872800936
9,20260823,28,catalog,2,early,97,random_order,500,0,500,4.0,0.5,0.0,0.4000000000000035,0.0,0.25
9,20260823,28,catalog,2,early,97,balance_only,500,0,500,4.0,0.5395,0.03949999999999998,0.5020476190476175,0.0,0.275
9,20260823,28,catalog,2,early,97,balance_random_pair,500,0,500,4.0,0.56625,0.06625000000000003,0.5422571428571422,0.11,0.3265
9,20260823,28,catalog,2,early,97,balance_pressured_pair,500,0,500,4.0,0.56125,0.06125000000000003,0.5534476190476184,0.164,0.324
9,20260823,28,catalog,2,early,97,all_pair_product,500,0,500,4.0,0.63625,0.13624999999999998,0.6556761904761901,0.406,0.45
9,20260823,28,catalog,2,early,97,minimum_max_pressure,500,0,500,4.0,0.56025,0.060250000000000026,0.5155761904761903,0.106,0.3238333333333333
9,20260823,28,permute_both_fixed_anchor,2,early,97,random_order,500,0,500,4.0,0.5,0.0,0.4000000000000035,0.0,0.25
9,20260823,28,permute_both_fixed_anchor,2,early,97,balance_only,500,0,500,4.0,0.5225,0.022499999999999964,0.4909428571428551,0.0,0.263
9,20260823,28,permute_both_fixed_anchor,2,early,97,balance_random_pair,500,0,500,4.0,0.5305,0.03049999999999997,0.5027428571428566,0.09,0.273
9,20260823,28,permute_both_fixed_anchor,2,early,97,balance_pressured_pair,500,0,500,4.0,0.5815,0.08150000000000002,0.5640666666666663,0.17,0.3335
9,20260823,28,permute_both_fixed_anchor,2,early,97,all_pair_product,500,0,500,4.0,0.67325,0.17325000000000002,0.7074047619047618,0.49,0.5295
9,20260823,28,permute_both_fixed_anchor,2,early,97,minimum_max_pressure,500,0,500,4.0,0.58575,0.08574999999999999,0.5526619047619046,0.176,0.3685000000000002
9,20260823,28,permute_both_renormalized,2,early,97,random_order,500,0,500,4.0,0.5,0.0,0.4000000000000035,0.0,0.25
9,20260823,28,permute_both_renormalized,2,early,97,balance_only,500,0,500,4.0,0.49975,-0.00024999999999997247,0.47802380952380785,0.0,0.25
9,20260823,28,permute_both_renormalized,2,early,97,balance_random_pair,500,0,500,4.0,0.52825,0.028249999999999997,0.5054999999999998,0.098,0.275
9,20260823,28,permute_both_renormalized,2,early,97,balance_pressured_pair,500,0,500,4.0,0.54675,0.04674999999999996,0.5296619047619047,0.14,0.29
9,20260823,28,permute_both_renormalized,2,early,97,all_pair_product,500,0,500,4.0,0.651,0.15100000000000002,0.6864904761904759,0.464,0.5065
9,20260823,28,permute_both_renormalized,2,early,97,minimum_max_pressure,500,0,500,4.0,0.56825,0.06825000000000003,0.5274428571428571,0.124,0.3310000000000001
9,20260823,28,catalog,2,middle,97,random_order,500,9,491,3.945010183299389,0.5,0.0,0.40549898167006443,0.0,0.2545824847250508
9,20260823,28,catalog,2,middle,97,balance_only,500,9,491,3.945010183299389,0.5232518669382213,0.023251866938221344,0.4925370963049159,0.012219959266802444,0.25831636116768497
9,20260823,28,catalog,2,middle,97,balance_random_pair,500,9,491,3.945010183299389,0.5623727087576375,0.06237270875763745,0.5441373290660456,0.1446028513238289,0.3160217243720299
9,20260823,28,catalog,2,middle,97,balance_pressured_pair,500,9,491,3.945010183299389,0.5967413441955195,0.0967413441955195,0.5951071671030939,0.2545824847250509,0.36931432450780727
9,20260823,28,catalog,2,middle,97,all_pair_product,500,9,491,3.945010183299389,0.7382043448744057,0.23820434487440567,0.7997138977790706,0.6334012219959266,0.675152749490835
9,20260823,28,catalog,2,middle,97,minimum_max_pressure,500,9,491,3.945010183299389,0.629837067209776,0.12983706720977595,0.6235428183493356,0.29327902240325865,0.45689069925322534
9,20260823,28,permute_both_fixed_anchor,2,middle,97,random_order,500,1,499,3.975951903807615,0.5,0.0,0.4024048096192419,0.0,0.252004008016032
9,20260823,28,permute_both_fixed_anchor,2,middle,97,balance_only,500,1,499,3.975951903807615,0.5503507014028055,0.05035070140280551,0.5177974997614259,0.03206412825651302,0.3026052104208417
9,20260823,28,permute_both_fixed_anchor,2,middle,97,balance_random_pair,500,1,499,3.975951903807615,0.5915163660654642,0.0915163660654642,0.5710659414066225,0.16032064128256512,0.36088844355377425
9,20260823,28,permute_both_fixed_anchor,2,middle,97,balance_pressured_pair,500,1,499,3.975951903807615,0.6199899799599199,0.11998997995991989,0.6191716766867061,0.2785571142284569,0.4181696726786907
9,20260823,28,permute_both_fixed_anchor,2,middle,97,all_pair_product,500,1,499,3.975951903807615,0.7359719438877755,0.23597194388777554,0.795739097242103,0.6352705410821643,0.67000668002672
9,20260823,28,permute_both_fixed_anchor,2,middle,97,minimum_max_pressure,500,1,499,3.975951903807615,0.6367735470941885,0.13677354709418854,0.6126586506346021,0.2565130260521042,0.4462257849031406
9,20260823,28,permute_both_renormalized,2,middle,97,random_order,500,0,500,3.99,0.5,0.0,0.40100000000000346,0.0,0.2508333333333333
9,20260823,28,permute_both_renormalized,2,middle,97,balance_only,500,0,500,3.99,0.5421666666666666,0.042166666666666575,0.507971428571427,0.028,0.2869999999999999
9,20260823,28,permute_both_renormalized,2,middle,97,balance_random_pair,500,0,500,3.99,0.5759166666666667,0.07591666666666674,0.5544238095238092,0.154,0.336
9,20260823,28,permute_both_renormalized,2,middle,97,balance_pressured_pair,500,0,500,3.99,0.6225833333333335,0.12258333333333349,0.6094238095238095,0.244,0.39566666666666667
9,20260823,28,permute_both_renormalized,2,middle,97,all_pair_product,500,0,500,3.99,0.7375,0.23750000000000004,0.7893285714285715,0.618,0.652
9,20260823,28,permute_both_renormalized,2,middle,97,minimum_max_pressure,500,0,500,3.99,0.6453333333333335,0.14533333333333354,0.6143523809523808,0.252,0.4543333333333345
9,20260823,28,catalog,4,early,97,random_order,500,0,500,16.0,0.5,0.0,0.11764705882352902,0.0,0.0625
9,20260823,28,catalog,4,early,97,balance_only,500,0,500,16.0,0.5836875,0.08368750000000003,0.1952407102195733,0.0,0.08699999999999984
9,20260823,28,catalog,4,early,97,balance_random_pair,500,0,500,16.0,0.5673125,0.0673125,0.2192840802830735,0.106,0.09700000000000004
9,20260823,28,catalog,4,early,97,balance_pressured_pair,500,0,500,16.0,0.597125,0.09712500000000002,0.2439532873937656,0.186,0.11033333333333352
9,20260823,28,catalog,4,early,97,all_pair_product,500,0,500,16.0,0.71475,0.21475,0.41648896212264386,0.36,0.2411666666666666
9,20260823,28,catalog,4,early,97,minimum_max_pressure,500,0,500,16.0,0.59125,0.09125000000000005,0.23128861393075315,0.108,0.12048680763680787
9,20260823,28,permute_both_fixed_anchor,4,early,97,random_order,500,0,500,16.0,0.5,0.0,0.11764705882352902,0.0,0.0625
9,20260823,28,permute_both_fixed_anchor,4,early,97,balance_only,500,0,500,16.0,0.544125,0.04412499999999997,0.17555435210513098,0.0,0.0695000000000001
9,20260823,28,permute_both_fixed_anchor,4,early,97,balance_random_pair,500,0,500,16.0,0.56075,0.06074999999999997,0.2009564940727531,0.092,0.08083333333333333
9,20260823,28,permute_both_fixed_anchor,4,early,97,balance_pressured_pair,500,0,500,16.0,0.592625,0.09262499999999996,0.2220775364691536,0.14,0.09133333333333336
9,20260823,28,permute_both_fixed_anchor,4,early,97,all_pair_product,500,0,500,16.0,0.7545,0.25449999999999995,0.47172130615882396,0.422,0.3080666666666666
9,20260823,28,permute_both_fixed_anchor,4,early,97,minimum_max_pressure,500,0,500,16.0,0.6573125,0.15731249999999997,0.27156816028829545,0.164,0.15438192363192385
9,20260823,28,permute_both_renormalized,4,early,97,random_order,500,0,500,16.0,0.5,0.0,0.11764705882352902,0.0,0.0625
9,20260823,28,permute_both_renormalized,4,early,97,balance_only,500,0,500,16.0,0.52425,0.024249999999999994,0.17000906369651217,0.0,0.06616666666666682
9,20260823,28,permute_both_renormalized,4,early,97,balance_random_pair,500,0,500,16.0,0.566,0.06599999999999995,0.1994665009073449,0.07,0.07849999999999999
9,20260823,28,permute_both_renormalized,4,early,97,balance_pressured_pair,500,0,500,16.0,0.5564375,0.05643750000000003,0.20696085224575536,0.128,0.08083333333333334
9,20260823,28,permute_both_renormalized,4,early,97,all_pair_product,500,0,500,16.0,0.7410625,0.24106249999999996,0.44261325311350647,0.386,0.26991666666666664
9,20260823,28,permute_both_renormalized,4,early,97,minimum_max_pressure,500,0,500,16.0,0.6405,0.14049999999999996,0.2675151007295956,0.162,0.15350188700188724
9,20260823,28,catalog,4,middle,97,random_order,500,15,485,15.17319587628866,0.5,0.0,0.12652888146823832,0.0,0.06778109633779732
9,20260823,28,catalog,4,middle,97,balance_only,500,15,485,15.17319587628866,0.5974661621311107,0.0974661621311107,0.2103816460817528,0.008247422680412371,0.09477663230240538
9,20260823,28,catalog,4,middle,97,balance_random_pair,500,15,485,15.17319587628866,0.6289971025538037,0.1289971025538037,0.26722996008245975,0.19175257731958764,0.1308247422680413
9,20260823,28,catalog,4,middle,97,balance_pressured_pair,500,15,485,15.17319587628866,0.660428035595562,0.16042803559556196,0.3106003772479656,0.24536082474226803,0.1644329896907216
9,20260823,28,catalog,4,middle,97,all_pair_product,500,15,485,15.17319587628866,0.8349466970600977,0.3349466970600977,0.5727432893230342,0.5628865979381443,0.38917525773195877
9,20260823,28,catalog,4,middle,97,minimum_max_pressure,500,15,485,15.17319587628866,0.7123890170539654,0.2123890170539654,0.36179430561457304,0.29896907216494845,0.2418475625176657
9,20260823,28,permute_both_fixed_anchor,4,middle,97,random_order,500,0,500,15.416,0.5,0.0,0.12311887132475335,0.0,0.06569481351981352
9,20260823,28,permute_both_fixed_anchor,4,middle,97,balance_only,500,0,500,15.416,0.5828567432567436,0.08285674325674364,0.20413246393866832,0.004,0.08629999999999997
9,20260823,28,permute_both_fixed_anchor,4,middle,97,balance_random_pair,500,0,500,15.416,0.6212071553446551,0.1212071553446551,0.244743119959451,0.16,0.10926212121212131
9,20260823,28,permute_both_fixed_anchor,4,middle,97,balance_pressured_pair,500,0,500,15.416,0.6643107600732595,0.1643107600732595,0.2796845416486452,0.246,0.1275000000000001
9,20260823,28,permute_both_fixed_anchor,4,middle,97,all_pair_product,500,0,500,15.416,0.8274866300366288,0.3274866300366288,0.6056560688544458,0.594,0.45966666666666667
9,20260823,28,permute_both_fixed_anchor,4,middle,97,minimum_max_pressure,500,0,500,15.416,0.7541252580752571,0.2541252580752571,0.3850873123640655,0.304,0.26514552669552666
9,20260823,28,permute_both_renormalized,4,middle,97,random_order,500,0,500,15.374,0.5,0.0,0.12370010185892502,0.0,0.06605417915417913
9,20260823,28,permute_both_renormalized,4,middle,97,balance_only,500,0,500,15.374,0.5613691849816852,0.0613691849816852,0.19902158866473083,0.014,0.08313333333333328
9,20260823,28,permute_both_renormalized,4,middle,97,balance_random_pair,500,0,500,15.374,0.6163315642690648,0.11633156426906477,0.24801990717314004,0.156,0.1119954545454546
9,20260823,28,permute_both_renormalized,4,middle,97,balance_pressured_pair,500,0,500,15.374,0.6617897768897771,0.16178977688977714,0.28014816294197176,0.218,0.13216666666666674
9,20260823,28,permute_both_renormalized,4,middle,97,all_pair_product,500,0,500,15.374,0.8358647935397925,0.3358647935397925,0.6064564617163191,0.598,0.45266666666666655
9,20260823,28,permute_both_renormalized,4,middle,97,minimum_max_pressure,500,0,500,15.374,0.7414256035631029,0.24142560356310294,0.36984727261479994,0.268,0.2517430735930738
9,20260823,28,catalog,8,early,97,random_order,500,0,500,256.0,0.5,0.0,0.007782101167315149,0.0,0.00390625
9,20260823,28,catalog,8,early,97,balance_only,500,0,500,256.0,0.6332265625,0.13322656249999998,0.016439970676938774,0.0,0.005985714285714269
9,20260823,28,catalog,8,early,97,balance_random_pair,500,0,500,256.0,0.639359375,0.13935937499999995,0.02310706496059179,0.214,0.00845555555555554
9,20260823,28,catalog,8,early,97,balance_pressured_pair,500,0,500,256.0,0.65244921875,0.15244921874999995,0.02441482009794829,0.216,0.008566666666666655
9,20260823,28,catalog,8,early,97,all_pair_product,500,0,500,256.0,0.81738671875,0.31738671875,0.15805103446349272,0.524,0.09600366300366306
9,20260823,28,catalog,8,early,97,minimum_max_pressure,500,0,500,256.0,0.68125390625,0.18125390625000004,0.07185494101892648,0.184,0.04983988396834892
9,20260823,28,permute_both_fixed_anchor,8,early,97,random_order,500,0,500,256.0,0.5,0.0,0.007782101167315149,0.0,0.00390625
9,20260823,28,permute_both_fixed_anchor,8,early,97,balance_only,500,0,500,256.0,0.56139453125,0.06139453125000005,0.014161812096051883,0.0,0.004657142857142845
9,20260823,28,permute_both_fixed_anchor,8,early,97,balance_random_pair,500,0,500,256.0,0.60721484375,0.10721484375000001,0.01910069509024812,0.166,0.006114285714285705
9,20260823,28,permute_both_fixed_anchor,8,early,97,balance_pressured_pair,500,0,500,256.0,0.609328125,0.109328125,0.02008990372227407,0.162,0.005995238095238091
9,20260823,28,permute_both_fixed_anchor,8,early,97,all_pair_product,500,0,500,256.0,0.8459921875,0.34599218750000005,0.23980804267425918,0.58,0.16519444444444445
9,20260823,28,permute_both_fixed_anchor,8,early,97,minimum_max_pressure,500,0,500,256.0,0.7254140625,0.22541406249999996,0.06514017300924889,0.21,0.03969359288204496
9,20260823,28,permute_both_renormalized,8,early,97,random_order,500,0,500,256.0,0.5,0.0,0.007782101167315149,0.0,0.00390625
9,20260823,28,permute_both_renormalized,8,early,97,balance_only,500,0,500,256.0,0.5764140625,0.07641406250000005,0.014953825779159085,0.0,0.00519285714285713
9,20260823,28,permute_both_renormalized,8,early,97,balance_random_pair,500,0,500,256.0,0.617671875,0.11767187499999998,0.020003178712022764,0.172,0.006762698412698401
9,20260823,28,permute_both_renormalized,8,early,97,balance_pressured_pair,500,0,500,256.0,0.62873828125,0.12873828124999998,0.022795703868424506,0.206,0.007615873015873005
9,20260823,28,permute_both_renormalized,8,early,97,all_pair_product,500,0,500,256.0,0.836390625,0.33639062500000005,0.23890796106968992,0.56,0.168475
9,20260823,28,permute_both_renormalized,8,early,97,minimum_max_pressure,500,0,500,256.0,0.72112890625,0.22112890625000003,0.05127704417889965,0.192,0.02812004890279555
9,20260823,28,catalog,8,middle,97,random_order,500,0,500,189.862,0.5,0.0,0.011385698173893812,0.0,0.005729500157101606
9,20260823,28,catalog,8,middle,97,balance_only,500,0,500,189.862,0.6355077738248982,0.1355077738248982,0.021691724680835328,0.004,0.00872073147293832
9,20260823,28,catalog,8,middle,97,balance_random_pair,500,0,500,189.862,0.6847454254557355,0.18474542545573547,0.035254996147099274,0.232,0.012900719225146537
9,20260823,28,catalog,8,middle,97,balance_pressured_pair,500,0,500,189.862,0.7088718584246739,0.20887185842467393,0.04219523404324893,0.322,0.01579491005621916
9,20260823,28,catalog,8,middle,97,all_pair_product,500,0,500,189.862,0.9249335643445348,0.4249335643445348,0.44548297286997757,0.766,0.3468964285714285
9,20260823,28,catalog,8,middle,97,minimum_max_pressure,500,0,500,189.862,0.8264376848915224,0.32643768489152236,0.12939482533257957,0.426,0.08993922559541814
9,20260823,28,permute_both_fixed_anchor,8,middle,97,random_order,500,0,500,195.994,0.5,0.0,0.010582417941940873,0.0,0.005320744359781764
9,20260823,28,permute_both_fixed_anchor,8,middle,97,balance_only,500,0,500,195.994,0.6225764942962451,0.12257649429624506,0.020104829396107186,0.016,0.007895617821828807
9,20260823,28,permute_both_fixed_anchor,8,middle,97,balance_random_pair,500,0,500,195.994,0.6893576930066913,0.18935769300669125,0.0320587392028465,0.214,0.01137811904371764
9,20260823,28,permute_both_fixed_anchor,8,middle,97,balance_pressured_pair,500,0,500,195.994,0.7319696567620799,0.23196965676207992,0.03894803584382195,0.29,0.01439543938429846
9,20260823,28,permute_both_fixed_anchor,8,middle,97,all_pair_product,500,0,500,195.994,0.9282356610398493,0.42823566103984934,0.4559834394943896,0.786,0.3574413190513191
9,20260823,28,permute_both_fixed_anchor,8,middle,97,minimum_max_pressure,500,0,500,195.994,0.8545571301063875,0.35455713010638745,0.19560955624835716,0.516,0.14931749650635195
9,20260823,28,permute_both_renormalized,8,middle,97,random_order,500,0,500,197.418,0.5,0.0,0.010451804579331526,0.0,0.005254465850374455
9,20260823,28,permute_both_renormalized,8,middle,97,balance_only,500,0,500,197.418,0.6256693928761686,0.12566939287616863,0.02066413100231745,0.03,0.00845523634201219
9,20260823,28,permute_both_renormalized,8,middle,97,balance_random_pair,500,0,500,197.418,0.691793566633352,0.191793566633352,0.03292996087003661,0.208,0.011944056089392831
9,20260823,28,permute_both_renormalized,8,middle,97,balance_pressured_pair,500,0,500,197.418,0.7290513001141936,0.2290513001141936,0.03969792120681711,0.32,0.015458400416999548
9,20260823,28,permute_both_renormalized,8,middle,97,all_pair_product,500,0,500,197.418,0.9309335619824649,0.4309335619824649,0.4729528105387486,0.784,0.390179299719888
9,20260823,28,permute_both_renormalized,8,middle,97,minimum_max_pressure,500,0,500,197.418,0.8694605015820398,0.3694605015820398,0.19972782196936303,0.548,0.15020209045310204
10,20260824,24,catalog,2,early,12,random_order,500,0,500,4.0,0.5,0.0,0.4000000000000035,0.0,0.25
10,20260824,24,catalog,2,early,12,balance_only,500,0,500,4.0,0.54225,0.04225000000000001,0.5035952380952363,0.0,0.277
10,20260824,24,catalog,2,early,12,balance_random_pair,500,0,500,4.0,0.52425,0.024249999999999994,0.5092857142857135,0.096,0.2955
10,20260824,24,catalog,2,early,12,balance_pressured_pair,500,0,500,4.0,0.478,-0.02200000000000002,0.5236523809523813,0.25,0.322
10,20260824,24,catalog,2,early,12,all_pair_product,500,0,500,4.0,0.58975,0.08975,0.607142857142857,0.336,0.39
10,20260824,24,catalog,2,early,12,minimum_max_pressure,500,0,500,4.0,0.44975,-0.05025000000000002,0.4980285714285706,0.242,0.30616666666666653
10,20260824,24,permute_both_fixed_anchor,2,early,12,random_order,500,0,500,4.0,0.5,0.0,0.4000000000000035,0.0,0.25
10,20260824,24,permute_both_fixed_anchor,2,early,12,balance_only,500,0,500,4.0,0.51475,0.01475000000000004,0.4857619047619031,0.0,0.257
10,20260824,24,permute_both_fixed_anchor,2,early,12,balance_random_pair,500,0,500,4.0,0.52725,0.027249999999999996,0.49665714285714263,0.08,0.256
10,20260824,24,permute_both_fixed_anchor,2,early,12,balance_pressured_pair,500,0,500,4.0,0.56025,0.060250000000000026,0.5353238095238089,0.124,0.2905
10,20260824,24,permute_both_fixed_anchor,2,early,12,all_pair_product,500,0,500,4.0,0.672,0.17200000000000004,0.7032095238095235,0.474,0.5251666666666667
10,20260824,24,permute_both_fixed_anchor,2,early,12,minimum_max_pressure,500,0,500,4.0,0.59,0.08999999999999997,0.5500809523809514,0.148,0.3616666666666668
10,20260824,24,permute_both_renormalized,2,early,12,random_order,500,0,500,4.0,0.5,0.0,0.4000000000000035,0.0,0.25
10,20260824,24,permute_both_renormalized,2,early,12,balance_only,500,0,500,4.0,0.5195,0.019499999999999962,0.48899999999999816,0.0,0.261
10,20260824,24,permute_both_renormalized,2,early,12,balance_random_pair,500,0,500,4.0,0.5535,0.05349999999999999,0.5222047619047615,0.096,0.2955
10,20260824,24,permute_both_renormalized,2,early,12,balance_pressured_pair,500,0,500,4.0,0.56975,0.06974999999999998,0.549409523809523,0.154,0.3115
10,20260824,24,permute_both_renormalized,2,early,12,all_pair_product,500,0,500,4.0,0.6535,0.15349999999999997,0.683333333333333,0.45,0.5006666666666667
10,20260824,24,permute_both_renormalized,2,early,12,minimum_max_pressure,500,0,500,4.0,0.58025,0.08025000000000004,0.5359952380952377,0.124,0.3441666666666668
10,20260824,24,catalog,2,middle,12,random_order,500,32,468,4.0,0.5,0.0,0.40000000000000335,0.0,0.25
10,20260824,24,catalog,2,middle,12,balance_only,500,32,468,4.0,0.5488782051282052,0.04887820512820518,0.5073768823768812,0.010683760683760684,0.28027065527065526
10,20260824,24,catalog,2,middle,12,balance_random_pair,500,32,468,4.0,0.5566239316239316,0.056623931623931645,0.5394739519739512,0.1282051282051282,0.33653846153846156
10,20260824,24,catalog,2,middle,12,balance_pressured_pair,500,32,468,4.0,0.5504807692307693,0.050480769230769273,0.5821275946275949,0.29914529914529914,0.3942307692307692
10,20260824,24,catalog,2,middle,12,all_pair_product,500,32,468,4.0,0.6279380341880342,0.12793803418803418,0.6608516483516478,0.42735042735042733,0.4780982905982906
10,20260824,24,catalog,2,middle,12,minimum_max_pressure,500,32,468,4.0,0.594017094017094,0.09401709401709402,0.642556980056979,0.41239316239316237,0.5035612535612537
10,20260824,24,permute_both_fixed_anchor,2,middle,12,random_order,500,0,500,3.99,0.5,0.0,0.40100000000000346,0.0,0.2508333333333333
10,20260824,24,permute_both_fixed_anchor,2,middle,12,balance_only,500,0,500,3.99,0.5459166666666666,0.045916666666666606,0.5089523809523795,0.018,0.2869999999999999
10,20260824,24,permute_both_fixed_anchor,2,middle,12,balance_random_pair,500,0,500,3.99,0.5740833333333333,0.07408333333333328,0.5501095238095234,0.138,0.3323333333333333
10,20260824,24,permute_both_fixed_anchor,2,middle,12,balance_pressured_pair,500,0,500,3.99,0.6193333333333333,0.11933333333333329,0.60847619047619,0.238,0.4053333333333334
10,20260824,24,permute_both_fixed_anchor,2,middle,12,all_pair_product,500,0,500,3.99,0.7226666666666667,0.22266666666666668,0.768628571428571,0.574,0.626
10,20260824,24,permute_both_fixed_anchor,2,middle,12,minimum_max_pressure,500,0,500,3.99,0.6575833333333332,0.1575833333333332,0.6457285714285707,0.316,0.492000000000001
10,20260824,24,permute_both_renormalized,2,middle,12,random_order,500,0,500,3.986,0.5,0.0,0.4014000000000035,0.0,0.25116666666666665
10,20260824,24,permute_both_renormalized,2,middle,12,balance_only,500,0,500,3.986,0.5375833333333333,0.0375833333333333,0.5035666666666655,0.022,0.2799999999999999
10,20260824,24,permute_both_renormalized,2,middle,12,balance_random_pair,500,0,500,3.986,0.5834999999999999,0.08349999999999991,0.5614666666666663,0.146,0.3498333333333334
10,20260824,24,permute_both_renormalized,2,middle,12,balance_pressured_pair,500,0,500,3.986,0.6019166666666665,0.10191666666666654,0.5953619047619042,0.242,0.38033333333333336
10,20260824,24,permute_both_renormalized,2,middle,12,all_pair_product,500,0,500,3.986,0.7260833333333333,0.2260833333333333,0.7714571428571417,0.59,0.622
10,20260824,24,permute_both_renormalized,2,middle,12,minimum_max_pressure,500,0,500,3.986,0.6224166666666665,0.12241666666666651,0.6007857142857136,0.252,0.4301666666666673
10,20260824,24,catalog,4,early,12,random_order,264,0,264,16.0,0.5,0.0,0.11764705882352905,0.0,0.0625
10,20260824,24,catalog,4,early,12,balance_only,264,0,264,16.0,0.6317471590909091,0.13174715909090906,0.2201078580259079,0.0,0.11174242424242452
10,20260824,24,catalog,4,early,12,balance_random_pair,264,0,264,16.0,0.5930397727272727,0.09303977272727271,0.22631072018554546,0.03409090909090909,0.1095328282828284
10,20260824,24,catalog,4,early,12,balance_pressured_pair,264,0,264,16.0,0.5400094696969697,0.040009469696969724,0.21217065820739328,0.03787878787878788,0.09722222222222228
10,20260824,24,catalog,4,early,12,all_pair_product,264,0,264,16.0,0.6392045454545454,0.13920454545454541,0.3991905135394323,0.35984848484848486,0.2506313131313131
10,20260824,24,catalog,4,early,12,minimum_max_pressure,264,0,264,16.0,0.4959753787878788,-0.0040246212121212155,0.20351846848260632,0.07575757575757576,0.0933952621452621
10,20260824,24,permute_both_fixed_anchor,4,early,12,random_order,264,0,264,16.0,0.5,0.0,0.11764705882352905,0.0,0.0625
10,20260824,24,permute_both_fixed_anchor,4,early,12,balance_only,264,0,264,16.0,0.5321969696969697,0.032196969696969724,0.17080048502783274,0.0,0.06628787878787873
10,20260824,24,permute_both_fixed_anchor,4,early,12,balance_random_pair,264,0,264,16.0,0.5718513257575758,0.0718513257575758,0.19861370537843293,0.08712121212121213,0.0773358585858586
10,20260824,24,permute_both_fixed_anchor,4,early,12,balance_pressured_pair,264,0,264,16.0,0.5800189393939394,0.08001893939393945,0.2061361049399261,0.0946969696969697,0.07733585858585859
10,20260824,24,permute_both_fixed_anchor,4,early,12,all_pair_product,264,0,264,16.0,0.7534327651515151,0.25343276515151514,0.4627548083705046,0.4090909090909091,0.3041035353535354
10,20260824,24,permute_both_fixed_anchor,4,early,12,minimum_max_pressure,264,0,264,16.0,0.6598011363636364,0.15980113636363635,0.27075913705385063,0.18181818181818182,0.14989778739778747
10,20260824,24,permute_both_renormalized,4,early,12,random_order,264,0,264,16.0,0.5,0.0,0.11764705882352905,0.0,0.0625
10,20260824,24,permute_both_renormalized,4,early,12,balance_only,264,0,264,16.0,0.5406013257575758,0.0406013257575758,0.175363350741078,0.0,0.07070707070707069
10,20260824,24,permute_both_renormalized,4,early,12,balance_random_pair,264,0,264,16.0,0.5565814393939394,0.05658143939393945,0.19696661700003082,0.05303030303030303,0.08112373737373735
10,20260824,24,permute_both_renormalized,4,early,12,balance_pressured_pair,264,0,264,16.0,0.5777698863636364,0.07776988636363635,0.20810373041548222,0.09090909090909091,0.08143939393939396
10,20260824,24,permute_both_renormalized,4,early,12,all_pair_product,264,0,264,16.0,0.7553267045454546,0.2553267045454546,0.44930692106639214,0.39015151515151514,0.2815656565656566
10,20260824,24,permute_both_renormalized,4,early,12,minimum_max_pressure,264,0,264,16.0,0.6366003787878788,0.13660037878787878,0.24859083940702695,0.14393939393939395,0.12910161177206636
10,20260824,24,catalog,4,middle,12,random_order,500,29,471,15.777070063694268,0.5,0.0,0.11978477165813205,0.0,0.06373700609369395
10,20260824,24,catalog,4,middle,12,balance_only,500,29,471,15.777070063694268,0.649564974127076,0.14956497412707603,0.22290440102227252,0.004246284501061571,0.10997876857749432
10,20260824,24,catalog,4,middle,12,balance_random_pair,500,29,471,15.777070063694268,0.6344946278067296,0.1344946278067296,0.2456230273000125,0.059447983014861996,0.12436305732484063
10,20260824,24,catalog,4,middle,12,balance_pressured_pair,500,29,471,15.777070063694268,0.6048069985569988,0.10480699855699882,0.24366884265133867,0.11464968152866242,0.11588818117480526
10,20260824,24,catalog,4,middle,12,all_pair_product,500,29,471,15.777070063694268,0.7112304804183786,0.21123048041837855,0.4718521816961868,0.445859872611465,0.32784854918612877
10,20260824,24,catalog,4,middle,12,minimum_max_pressure,500,29,471,15.777070063694268,0.6547736808485216,0.1547736808485216,0.38634754245264497,0.28874734607218683,0.2875603165412085
10,20260824,24,permute_both_fixed_anchor,4,middle,12,random_order,500,0,500,15.632,0.5,0.0,0.12075280112044783,0.0,0.0642802031302031
10,20260824,24,permute_both_fixed_anchor,4,middle,12,balance_only,500,0,500,15.632,0.5846100399600401,0.08461003996004013,0.20242371096855735,0.012,0.08823333333333326
10,20260824,24,permute_both_fixed_anchor,4,middle,12,balance_random_pair,500,0,500,15.632,0.6182910797535798,0.11829107975357978,0.23760575541012843,0.144,0.10604696969696975
10,20260824,24,permute_both_fixed_anchor,4,middle,12,balance_pressured_pair,500,0,500,15.632,0.6590422244422246,0.1590422244422246,0.2725565413982655,0.234,0.1271666666666668
10,20260824,24,permute_both_fixed_anchor,4,middle,12,all_pair_product,500,0,500,15.632,0.8186459915084903,0.31864599150849027,0.5847009336173435,0.582,0.4283333333333333
10,20260824,24,permute_both_fixed_anchor,4,middle,12,minimum_max_pressure,500,0,500,15.632,0.7370901931401924,0.23709019314019242,0.3887298259215374,0.32,0.27447775002775004
10,20260824,24,permute_both_renormalized,4,middle,12,random_order,500,0,500,15.676,0.5,0.0,0.12032254901960751,0.0,0.06403095238095236
10,20260824,24,permute_both_renormalized,4,middle,12,balance_only,500,0,500,15.676,0.5692817640692642,0.06928176406926423,0.19380844840946457,0.014,0.07966666666666665
10,20260824,24,permute_both_renormalized,4,middle,12,balance_random_pair,500,0,500,15.676,0.6186608766233764,0.11866087662337643,0.23702352665567236,0.172,0.10240000000000007
10,20260824,24,permute_both_renormalized,4,middle,12,balance_pressured_pair,500,0,500,15.676,0.6508475108225107,0.1508475108225107,0.25836381250975105,0.208,0.1103333333333334
10,20260824,24,permute_both_renormalized,4,middle,12,all_pair_product,500,0,500,15.676,0.834040530303029,0.33404053030302905,0.6201038359391932,0.598,0.48100000000000004
10,20260824,24,permute_both_renormalized,4,middle,12,minimum_max_pressure,500,0,500,15.676,0.7301071428571427,0.23010714285714273,0.37459516690238903,0.312,0.25872414252414255
10,20260824,24,catalog,8,early,12,random_order,264,0,264,256.0,0.5,0.0,0.007782101167315151,0.0,0.00390625
10,20260824,24,catalog,8,early,12,balance_only,264,0,264,256.0,0.7288485440340909,0.22884854403409094,0.021020002527862503,0.0,0.009145021645021621
10,20260824,24,catalog,8,early,12,balance_random_pair,264,0,264,256.0,0.7227746212121212,0.22277462121212122,0.030960552472901137,0.42424242424242425,0.013400372775372756
10,20260824,24,catalog,8,early,12,balance_pressured_pair,264,0,264,256.0,0.651907256155303,0.15190725615530298,0.02658893110485862,0.3522727272727273,0.01076088263588262
10,20260824,24,catalog,8,early,12,all_pair_product,264,0,264,256.0,0.7407892400568182,0.24078924005681823,0.255961372655655,0.5340909090909091,0.1829492845117845
10,20260824,24,catalog,8,early,12,minimum_max_pressure,264,0,264,256.0,0.7135564630681818,0.21355646306818177,0.09559129604096894,0.4128787878787879,0.06565718826884169
10,20260824,24,permute_both_fixed_anchor,8,early,12,random_order,264,0,264,256.0,0.5,0.0,0.007782101167315151,0.0,0.00390625
10,20260824,24,permute_both_fixed_anchor,8,early,12,balance_only,264,0,264,256.0,0.5969312263257576,0.09693122632575757,0.015705732224985784,0.0,0.005654761904761893
10,20260824,24,permute_both_fixed_anchor,8,early,12,balance_random_pair,264,0,264,256.0,0.6236535274621212,0.12365352746212122,0.019073631372207366,0.16287878787878787,0.00565025252525252
10,20260824,24,permute_both_fixed_anchor,8,early,12,balance_pressured_pair,264,0,264,256.0,0.645211884469697,0.14521188446969702,0.022291834837042723,0.20454545454545456,0.00698953823953824
10,20260824,24,permute_both_fixed_anchor,8,early,12,all_pair_product,264,0,264,256.0,0.8708274147727273,0.3708274147727273,0.2928188594077852,0.6477272727272727,0.2055345117845118
10,20260824,24,permute_both_fixed_anchor,8,early,12,minimum_max_pressure,264,0,264,256.0,0.7723943536931818,0.27239435369318177,0.11222996999188868,0.3371212121212121,0.08085938813825365
10,20260824,24,permute_both_renormalized,8,early,12,random_order,264,0,264,256.0,0.5,0.0,0.007782101167315151,0.0,0.00390625
10,20260824,24,permute_both_renormalized,8,early,12,balance_only,264,0,264,256.0,0.5789683948863636,0.07896839488636365,0.014632415079314617,0.0,0.004870129870129861
10,20260824,24,permute_both_renormalized,8,early,12,balance_random_pair,264,0,264,256.0,0.6268717447916666,0.12687174479166663,0.020118297688927412,0.17803030303030304,0.006585197210197211
10,20260824,24,permute_both_renormalized,8,early,12,balance_pressured_pair,264,0,264,256.0,0.6580625591856061,0.15806255918560608,0.02166958281340648,0.1893939393939394,0.006482984607984611
10,20260824,24,permute_both_renormalized,8,early,12,all_pair_product,264,0,264,256.0,0.883108428030303,0.383108428030303,0.26602211917404633,0.6590909090909091,0.16872571872571873
10,20260824,24,permute_both_renormalized,8,early,12,minimum_max_pressure,264,0,264,256.0,0.7794004498106061,0.2794004498106061,0.08453506365980096,0.3333333333333333,0.05038238991042106
10,20260824,24,catalog,8,middle,12,random_order,264,36,228,65.85087719298245,0.5,0.0,0.09900823750971503,0.0,0.05768706308017737
10,20260824,24,catalog,8,middle,12,balance_only,264,36,228,65.85087719298245,0.6452248392770441,0.1452248392770441,0.1736106043038215,0.06140350877192982,0.10569643908983753
10,20260824,24,catalog,8,middle,12,balance_random_pair,264,36,228,65.85087719298245,0.710425179433648,0.21042517943364802,0.24270565854996107,0.25,0.16317971067591316
10,20260824,24,catalog,8,middle,12,balance_pressured_pair,264,36,228,65.85087719298245,0.6781028438830012,0.17810284388300124,0.24782488780050038,0.29385964912280704,0.15572729823518755
10,20260824,24,catalog,8,middle,12,all_pair_product,264,36,228,65.85087719298245,0.8033151576165716,0.3033151576165716,0.5031386551687941,0.6271929824561403,0.4321350250626566
10,20260824,24,catalog,8,middle,12,minimum_max_pressure,264,36,228,65.85087719298245,0.5859576230348919,0.08595762303489185,0.2116688464630262,0.2149122807017544,0.15572117521711137
10,20260824,24,permute_both_fixed_anchor,8,middle,12,random_order,264,5,259,40.19305019305019,0.5,0.0,0.19068054052728203,0.0,0.1177517961875949
10,20260824,24,permute_both_fixed_anchor,8,middle,12,balance_only,264,5,259,40.19305019305019,0.6266472751892882,0.1266472751892882,0.3331679391767515,0.22007722007722008,0.2154876825876687
10,20260824,24,permute_both_fixed_anchor,8,middle,12,balance_random_pair,264,5,259,40.19305019305019,0.6695363467113411,0.1695363467113411,0.3551998864554109,0.2548262548262548,0.22506927205691443
10,20260824,24,permute_both_fixed_anchor,8,middle,12,balance_pressured_pair,264,5,259,40.19305019305019,0.6380933770766295,0.1380933770766295,0.3558484570886505,0.2972972972972973,0.2384092273696737
10,20260824,24,permute_both_fixed_anchor,8,middle,12,all_pair_product,264,5,259,40.19305019305019,0.8530827367974642,0.35308273679746416,0.6481870473775979,0.7027027027027027,0.5852941717227431
10,20260824,24,permute_both_fixed_anchor,8,middle,12,minimum_max_pressure,264,5,259,40.19305019305019,0.6091514554107496,0.10915145541074955,0.2972270309380767,0.1969111969111969,0.21228894260358483
10,20260824,24,permute_both_renormalized,8,middle,12,random_order,264,7,257,40.63424124513619,0.5,0.0,0.18319960308923558,0.0,0.11256035683078411
10,20260824,24,permute_both_renormalized,8,middle,12,balance_only,264,7,257,40.63424124513619,0.6269988221076831,0.1269988221076831,0.33025612934879567,0.2140077821011673,0.22696202026460263
10,20260824,24,permute_both_renormalized,8,middle,12,balance_random_pair,264,7,257,40.63424124513619,0.6840877277832531,0.1840877277832531,0.3471551893894018,0.26848249027237353,0.23491859538511625
10,20260824,24,permute_both_renormalized,8,middle,12,balance_pressured_pair,264,7,257,40.63424124513619,0.6504677409701423,0.15046774097014226,0.33690496471114373,0.2607003891050584,0.215403072486097
10,20260824,24,permute_both_renormalized,8,middle,12,all_pair_product,264,7,257,40.63424124513619,0.8632833485009391,0.36328334850093913,0.6481248832302615,0.7354085603112841,0.5800089555926131
10,20260824,24,permute_both_renormalized,8,middle,12,minimum_max_pressure,264,7,257,40.63424124513619,0.6082654685567057,0.10826546855670571,0.2825730577031631,0.19455252918287938,0.19985988908560576
10,20260824,28,catalog,2,early,97,random_order,500,0,500,4.0,0.5,0.0,0.4000000000000035,0.0,0.25
10,20260824,28,catalog,2,early,97,balance_only,500,0,500,4.0,0.517,0.017000000000000015,0.4847380952380938,0.0,0.252
10,20260824,28,catalog,2,early,97,balance_random_pair,500,0,500,4.0,0.53275,0.032749999999999946,0.5125904761904756,0.094,0.279
10,20260824,28,catalog,2,early,97,balance_pressured_pair,500,0,500,4.0,0.5515,0.05149999999999999,0.5376809523809523,0.148,0.293
10,20260824,28,catalog,2,early,97,all_pair_product,500,0,500,4.0,0.611,0.11099999999999999,0.6346047619047618,0.39,0.4275
10,20260824,28,catalog,2,early,97,minimum_max_pressure,500,0,500,4.0,0.556,0.05600000000000005,0.5099761904761904,0.096,0.31650000000000006
10,20260824,28,permute_both_fixed_anchor,2,early,97,random_order,500,0,500,4.0,0.5,0.0,0.4000000000000035,0.0,0.25
10,20260824,28,permute_both_fixed_anchor,2,early,97,balance_only,500,0,500,4.0,0.52175,0.021750000000000047,0.490380952380951,0.0,0.262
10,20260824,28,permute_both_fixed_anchor,2,early,97,balance_random_pair,500,0,500,4.0,0.5455,0.045499999999999985,0.5180619047619045,0.1,0.29
10,20260824,28,permute_both_fixed_anchor,2,early,97,balance_pressured_pair,500,0,500,4.0,0.564,0.06399999999999995,0.5468285714285711,0.146,0.3135
10,20260824,28,permute_both_fixed_anchor,2,early,97,all_pair_product,500,0,500,4.0,0.66775,0.16774999999999995,0.7039142857142848,0.484,0.532
10,20260824,28,permute_both_fixed_anchor,2,early,97,minimum_max_pressure,500,0,500,4.0,0.578,0.07799999999999996,0.5482380952380951,0.168,0.36083333333333356
10,20260824,28,permute_both_renormalized,2,early,97,random_order,500,0,500,4.0,0.5,0.0,0.4000000000000035,0.0,0.25
10,20260824,28,permute_both_renormalized,2,early,97,balance_only,500,0,500,4.0,0.54,0.040000000000000036,0.5056190476190457,0.004,0.283
10,20260824,28,permute_both_renormalized,2,early,97,balance_random_pair,500,0,500,4.0,0.54625,0.04625000000000001,0.5216095238095234,0.1,0.297
10,20260824,28,permute_both_renormalized,2,early,97,balance_pressured_pair,500,0,500,4.0,0.55875,0.05874999999999997,0.5366857142857139,0.122,0.295
10,20260824,28,permute_both_renormalized,2,early,97,all_pair_product,500,0,500,4.0,0.63675,0.13675000000000004,0.6579095238095232,0.408,0.4555
10,20260824,28,permute_both_renormalized,2,early,97,minimum_max_pressure,500,0,500,4.0,0.5585,0.058499999999999996,0.5127428571428573,0.102,0.30749999999999994
10,20260824,28,catalog,2,middle,97,random_order,500,13,487,3.965092402464066,0.5,0.0,0.4034907597535969,0.0,0.2529089664613278
10,20260824,28,catalog,2,middle,97,balance_only,500,13,487,3.965092402464066,0.5385010266940451,0.03850102669404509,0.5006795736775185,0.004106776180698152,0.2676249144421629
10,20260824,28,catalog,2,middle,97,balance_random_pair,500,13,487,3.965092402464066,0.5795687885010266,0.07956878850102655,0.5643297154590785,0.162217659137577,0.35540725530458595
10,20260824,28,catalog,2,middle,97,balance_pressured_pair,500,13,487,3.965092402464066,0.5945414099931554,0.09454140999315541,0.5928131416837779,0.2464065708418891,0.36960985626283366
10,20260824,28,catalog,2,middle,97,all_pair_product,500,13,487,3.965092402464066,0.7357118412046544,0.23571184120465438,0.7861396303901433,0.6057494866529775,0.6485284052019165
10,20260824,28,catalog,2,middle,97,minimum_max_pressure,500,13,487,3.965092402464066,0.6125941136208076,0.11259411362080762,0.5981470616994228,0.25256673511293637,0.41735112936345015
10,20260824,28,permute_both_fixed_anchor,2,middle,97,random_order,500,1,499,3.9859719438877756,0.5,0.0,0.40140280561122593,0.0,0.25116900467601866
10,20260824,28,permute_both_fixed_anchor,2,middle,97,balance_only,500,1,499,3.9859719438877756,0.5146125584502338,0.014612558450233792,0.4861437160034342,0.026052104208416832,0.25484301937207743
10,20260824,28,permute_both_fixed_anchor,2,middle,97,balance_random_pair,500,1,499,3.9859719438877756,0.5722277889111558,0.07222778891115578,0.5570140280561119,0.17034068136272545,0.33750835003340013
10,20260824,28,permute_both_fixed_anchor,2,middle,97,balance_pressured_pair,500,1,499,3.9859719438877756,0.602371409485638,0.10237140948563805,0.6031109838725071,0.2785571142284569,0.38894455577822307
10,20260824,28,permute_both_fixed_anchor,2,middle,97,all_pair_product,500,1,499,3.9859719438877756,0.7108383433533733,0.21083834335337326,0.7580780608836716,0.5831663326653307,0.6052104208416834
10,20260824,28,permute_both_fixed_anchor,2,middle,97,minimum_max_pressure,500,1,499,3.9859719438877756,0.6396960587842352,0.1396960587842352,0.6181649012310335,0.27054108216432865,0.45424181696726834
10,20260824,28,permute_both_renormalized,2,middle,97,random_order,500,0,500,3.988,0.5,0.0,0.4012000000000035,0.0,0.251
10,20260824,28,permute_both_renormalized,2,middle,97,balance_only,500,0,500,3.988,0.5366666666666666,0.036666666666666625,0.5001571428571414,0.014,0.2753333333333333
10,20260824,28,permute_both_renormalized,2,middle,97,balance_random_pair,500,0,500,3.988,0.5694166666666667,0.06941666666666668,0.5472380952380946,0.142,0.325
10,20260824,28,permute_both_renormalized,2,middle,97,balance_pressured_pair,500,0,500,3.988,0.6135,0.11350000000000005,0.606109523809524,0.258,0.3928333333333333
10,20260824,28,permute_both_renormalized,2,middle,97,all_pair_product,500,0,500,3.988,0.74575,0.24575000000000002,0.8000761904761899,0.634,0.6696666666666666
10,20260824,28,permute_both_renormalized,2,middle,97,minimum_max_pressure,500,0,500,3.988,0.65175,0.15175000000000005,0.6289619047619049,0.272,0.4706666666666677
10,20260824,28,catalog,4,early,97,random_order,500,0,500,16.0,0.5,0.0,0.11764705882352902,0.0,0.0625
10,20260824,28,catalog,4,early,97,balance_only,500,0,500,16.0,0.579,0.07899999999999996,0.1914354847745565,0.0,0.08199999999999996
10,20260824,28,catalog,4,early,97,balance_random_pair,500,0,500,16.0,0.5596875,0.059687500000000004,0.2090745095329292,0.094,0.08583333333333337
10,20260824,28,catalog,4,early,97,balance_pressured_pair,500,0,500,16.0,0.569125,0.06912499999999999,0.2246487245340697,0.156,0.09366666666666676
10,20260824,28,catalog,4,early,97,all_pair_product,500,0,500,16.0,0.7054375,0.20543750000000005,0.39583377196446723,0.352,0.21149999999999994
10,20260824,28,catalog,4,early,97,minimum_max_pressure,500,0,500,16.0,0.5921875,0.09218749999999998,0.23843332031055048,0.118,0.13123534243534266
10,20260824,28,permute_both_fixed_anchor,4,early,97,random_order,500,0,500,16.0,0.5,0.0,0.11764705882352902,0.0,0.0625
10,20260824,28,permute_both_fixed_anchor,4,early,97,balance_only,500,0,500,16.0,0.548375,0.048374999999999946,0.17868126292745948,0.0,0.07300000000000006
10,20260824,28,permute_both_fixed_anchor,4,early,97,balance_random_pair,500,0,500,16.0,0.5724375,0.07243750000000004,0.20516213429011643,0.094,0.0841666666666667
10,20260824,28,permute_both_fixed_anchor,4,early,97,balance_pressured_pair,500,0,500,16.0,0.5868125,0.08681249999999996,0.22163260159749656,0.156,0.09283333333333338
10,20260824,28,permute_both_fixed_anchor,4,early,97,all_pair_product,500,0,500,16.0,0.72,0.21999999999999997,0.4333636637022831,0.374,0.2763333333333334
10,20260824,28,permute_both_fixed_anchor,4,early,97,minimum_max_pressure,500,0,500,16.0,0.6334375,0.1334375,0.2598572535062137,0.14,0.14843974358974385
10,20260824,28,permute_both_renormalized,4,early,97,random_order,500,0,500,16.0,0.5,0.0,0.11764705882352902,0.0,0.0625
10,20260824,28,permute_both_renormalized,4,early,97,balance_only,500,0,500,16.0,0.538625,0.03862500000000002,0.17297320109927394,0.0,0.0671666666666668
10,20260824,28,permute_both_renormalized,4,early,97,balance_random_pair,500,0,500,16.0,0.5790625,0.07906250000000004,0.2030376883441124,0.088,0.08183333333333327
10,20260824,28,permute_both_renormalized,4,early,97,balance_pressured_pair,500,0,500,16.0,0.57525,0.07525000000000004,0.21522314487439953,0.142,0.08533333333333337
10,20260824,28,permute_both_renormalized,4,early,97,all_pair_product,500,0,500,16.0,0.735625,0.23562499999999997,0.45091193638733834,0.388,0.29066666666666663
10,20260824,28,permute_both_renormalized,4,early,97,minimum_max_pressure,500,0,500,16.0,0.65175,0.15175000000000005,0.275339537530682,0.178,0.15896281496281509
10,20260824,28,catalog,4,middle,97,random_order,500,7,493,15.279918864097363,0.5,0.0,0.12599356356962815,0.0,0.06753878305602443
10,20260824,28,catalog,4,middle,97,balance_only,500,7,493,15.279918864097363,0.5844583112965469,0.0844583112965469,0.20513844701606662,0.010141987829614604,0.09222447599729533
10,20260824,28,catalog,4,middle,97,balance_random_pair,500,7,493,15.279918864097363,0.598986565327843,0.098986565327843,0.24267135695981906,0.15415821501014199,0.1095795685045179
10,20260824,28,catalog,4,middle,97,balance_pressured_pair,500,7,493,15.279918864097363,0.6380790988929941,0.13807909889299408,0.279800817000939,0.21095334685598377,0.13184584178498998
10,20260824,28,catalog,4,middle,97,all_pair_product,500,7,493,15.279918864097363,0.8357062984344915,0.3357062984344915,0.608724265367267,0.5679513184584178,0.4575726842461123
10,20260824,28,catalog,4,middle,97,minimum_max_pressure,500,7,493,15.279918864097363,0.6998043411963286,0.19980434119632862,0.34445183322163203,0.2616632860040568,0.22480367277527522
10,20260824,28,permute_both_fixed_anchor,4,middle,97,random_order,500,0,500,15.47,0.5,0.0,0.1225973898650366,0.0,0.06539237429237427
10,20260824,28,permute_both_fixed_anchor,4,middle,97,balance_only,500,0,500,15.47,0.5856460705960709,0.08564607059607088,0.2041200383070903,0.022,0.08709999999999997
10,20260824,28,permute_both_fixed_anchor,4,middle,97,balance_random_pair,500,0,500,15.47,0.6304074342324347,0.13040743423243473,0.24870568473412777,0.166,0.11184848484848489
10,20260824,28,permute_both_fixed_anchor,4,middle,97,balance_pressured_pair,500,0,500,15.47,0.6818838078588083,0.1818838078588083,0.29303171414956214,0.276,0.1395000000000001
10,20260824,28,permute_both_fixed_anchor,4,middle,97,all_pair_product,500,0,500,15.47,0.8445017565767552,0.3445017565767552,0.6394069000665258,0.634,0.4968333333333333
10,20260824,28,permute_both_fixed_anchor,4,middle,97,minimum_max_pressure,500,0,500,15.47,0.7688751290376287,0.26887512903762867,0.40836638892278326,0.324,0.29028903318903304
10,20260824,28,permute_both_renormalized,4,middle,97,random_order,500,0,500,15.484,0.5,0.0,0.12206023682200119,0.0,0.06503248418248418
10,20260824,28,permute_both_renormalized,4,middle,97,balance_only,500,0,500,15.484,0.573475890775891,0.073475890775891,0.20154163211221668,0.01,0.08573333333333323
10,20260824,28,permute_both_renormalized,4,middle,97,balance_random_pair,500,0,500,15.484,0.6071638236763236,0.1071638236763236,0.23536908100356807,0.142,0.10330101010101016
10,20260824,28,permute_both_renormalized,4,middle,97,balance_pressured_pair,500,0,500,15.484,0.6745018939393941,0.17450189393939408,0.2893744427730168,0.276,0.13416666666666677
10,20260824,28,permute_both_renormalized,4,middle,97,all_pair_product,500,0,500,15.484,0.8424183358308348,0.3424183358308348,0.6375950821306683,0.64,0.4971666666666667
10,20260824,28,permute_both_renormalized,4,middle,97,minimum_max_pressure,500,0,500,15.484,0.7418893648018645,0.24188936480186451,0.3706568473363543,0.268,0.2492683982683982
10,20260824,28,catalog,8,early,97,random_order,500,0,500,256.0,0.5,0.0,0.007782101167315149,0.0,0.00390625
10,20260824,28,catalog,8,early,97,balance_only,500,0,500,256.0,0.64365234375,0.14365234375000002,0.016530792651694264,0.0,0.0059571428571428406
10,20260824,28,catalog,8,early,97,balance_random_pair,500,0,500,256.0,0.6427734375,0.14277343750000004,0.02085273018591097,0.17,0.006922222222222208
10,20260824,28,catalog,8,early,97,balance_pressured_pair,500,0,500,256.0,0.67770703125,0.17770703124999998,0.024579945748985896,0.202,0.00843412698412697
10,20260824,28,catalog,8,early,97,all_pair_product,500,0,500,256.0,0.83665625,0.33665625,0.15949309301824752,0.558,0.09651807081807086
10,20260824,28,catalog,8,early,97,minimum_max_pressure,500,0,500,256.0,0.696828125,0.19682812500000002,0.058019358107804446,0.216,0.03765333451482245
10,20260824,28,permute_both_fixed_anchor,8,early,97,random_order,500,0,500,256.0,0.5,0.0,0.007782101167315149,0.0,0.00390625
10,20260824,28,permute_both_fixed_anchor,8,early,97,balance_only,500,0,500,256.0,0.5703046875,0.07030468749999996,0.014520256141439291,0.0,0.0048714285714285595
10,20260824,28,permute_both_fixed_anchor,8,early,97,balance_random_pair,500,0,500,256.0,0.60108984375,0.10108984374999996,0.018003088675301752,0.14,0.005325396825396819
10,20260824,28,permute_both_fixed_anchor,8,early,97,balance_pressured_pair,500,0,500,256.0,0.64937109375,0.14937109375000002,0.02299531574664853,0.2,0.007490476190476179
10,20260824,28,permute_both_fixed_anchor,8,early,97,all_pair_product,500,0,500,256.0,0.8571015625,0.3571015625,0.24560522456925318,0.594,0.15222738095238098
10,20260824,28,permute_both_fixed_anchor,8,early,97,minimum_max_pressure,500,0,500,256.0,0.73947265625,0.23947265625000003,0.06502632106609826,0.22,0.03946166671612849
10,20260824,28,permute_both_renormalized,8,early,97,random_order,500,0,500,256.0,0.5,0.0,0.007782101167315149,0.0,0.00390625
10,20260824,28,permute_both_renormalized,8,early,97,balance_only,500,0,500,256.0,0.5485,0.04849999999999999,0.0138184715899781,0.0,0.004478571428571417
10,20260824,28,permute_both_renormalized,8,early,97,balance_random_pair,500,0,500,256.0,0.58941796875,0.08941796874999997,0.017199742253192835,0.124,0.005055555555555549
10,20260824,28,permute_both_renormalized,8,early,97,balance_pressured_pair,500,0,500,256.0,0.61203125,0.11203125000000003,0.020316252165870654,0.158,0.005969841269841264
10,20260824,28,permute_both_renormalized,8,early,97,all_pair_product,500,0,500,256.0,0.8515,0.35150000000000003,0.2342182948806458,0.598,0.1555984126984127
10,20260824,28,permute_both_renormalized,8,early,97,minimum_max_pressure,500,0,500,256.0,0.7400546875,0.24005468750000003,0.06449654049654932,0.23,0.037687268541272516
10,20260824,28,catalog,8,middle,97,random_order,500,0,500,186.462,0.5,0.0,0.01175060672979495,0.0,0.005914882107490967
10,20260824,28,catalog,8,middle,97,balance_only,500,0,500,186.462,0.6427546272593649,0.14275462725936494,0.022366804589293455,0.006,0.009062967339706572
10,20260824,28,catalog,8,middle,97,balance_random_pair,500,0,500,186.462,0.6922803852848127,0.19228038528481273,0.03509277272963905,0.214,0.012491491882666154
10,20260824,28,catalog,8,middle,97,balance_pressured_pair,500,0,500,186.462,0.7177499992387606,0.2177499992387606,0.044226410832791094,0.314,0.016650052175076976
10,20260824,28,catalog,8,middle,97,all_pair_product,500,0,500,186.462,0.9269652050121822,0.42696520501218216,0.4631040522020098,0.78,0.37182738095238094
10,20260824,28,catalog,8,middle,97,minimum_max_pressure,500,0,500,186.462,0.8269239986140707,0.32692399861407073,0.12557674912567204,0.412,0.08684570589404227
10,20260824,28,permute_both_fixed_anchor,8,middle,97,random_order,500,0,500,195.072,0.5,0.0,0.010633263231973685,0.0,0.005346456427537008
10,20260824,28,permute_both_fixed_anchor,8,middle,97,balance_only,500,0,500,195.072,0.6396865676223671,0.13968656762236709,0.02132746017478639,0.02,0.008584487051875422
10,20260824,28,permute_both_fixed_anchor,8,middle,97,balance_random_pair,500,0,500,195.072,0.7118690080888481,0.21186900808884812,0.03547899204469565,0.24,0.013164112496340877
10,20260824,28,permute_both_fixed_anchor,8,middle,97,balance_pressured_pair,500,0,500,195.072,0.7377050081119771,0.23770500811197715,0.039928239043038376,0.304,0.014930008391620486
10,20260824,28,permute_both_fixed_anchor,8,middle,97,all_pair_product,500,0,500,195.072,0.9234438101420804,0.42344381014208043,0.49940796267103693,0.778,0.4106392921492921
10,20260824,28,permute_both_fixed_anchor,8,middle,97,minimum_max_pressure,500,0,500,195.072,0.855047887713457,0.35504788771345697,0.1868510728787556,0.52,0.1421682825933944
10,20260824,28,permute_both_renormalized,8,middle,97,random_order,500,0,500,195.482,0.5,0.0,0.010643651500465723,0.0,0.005351864799252099
10,20260824,28,permute_both_renormalized,8,middle,97,balance_only,500,0,500,195.482,0.6329053277577134,0.13290532775771335,0.02071461540840851,0.018,0.008298968015395406
10,20260824,28,permute_both_renormalized,8,middle,97,balance_random_pair,500,0,500,195.482,0.7137000447723231,0.21370004477232307,0.034732769194609305,0.226,0.012727306426828098
10,20260824,28,permute_both_renormalized,8,middle,97,balance_pressured_pair,500,0,500,195.482,0.7484485402515473,0.24844854025154728,0.04065528956439398,0.304,0.015330401521799885
10,20260824,28,permute_both_renormalized,8,middle,97,all_pair_product,500,0,500,195.482,0.9367919791836277,0.43679197918362767,0.5111001364309256,0.792,0.4255594017094016
10,20260824,28,permute_both_renormalized,8,middle,97,minimum_max_pressure,500,0,500,195.482,0.8711482190095258,0.37114821900952577,0.2220789779666508,0.558,0.1767983409775506
11,20260825,24,catalog,2,early,12,random_order,500,0,500,4.0,0.5,0.0,0.4000000000000035,0.0,0.25
11,20260825,24,catalog,2,early,12,balance_only,500,0,500,4.0,0.53675,0.03674999999999995,0.5000952380952363,0.0,0.273
11,20260825,24,catalog,2,early,12,balance_random_pair,500,0,500,4.0,0.51375,0.01375000000000004,0.5090761904761897,0.114,0.297
11,20260825,24,catalog,2,early,12,balance_pressured_pair,500,0,500,4.0,0.4575,-0.04249999999999998,0.5089904761904765,0.244,0.305
11,20260825,24,catalog,2,early,12,all_pair_product,500,0,500,4.0,0.5705,0.07050000000000001,0.5830714285714284,0.3,0.348
11,20260825,24,catalog,2,early,12,minimum_max_pressure,500,0,500,4.0,0.419,-0.08100000000000002,0.47946666666666604,0.236,0.2835
11,20260825,24,permute_both_fixed_anchor,2,early,12,random_order,500,0,500,4.0,0.5,0.0,0.4000000000000035,0.0,0.25
11,20260825,24,permute_both_fixed_anchor,2,early,12,balance_only,500,0,500,4.0,0.524,0.02400000000000002,0.4923333333333316,0.0,0.265
11,20260825,24,permute_both_fixed_anchor,2,early,12,balance_random_pair,500,0,500,4.0,0.54,0.040000000000000036,0.5172476190476188,0.104,0.2955
11,20260825,24,permute_both_fixed_anchor,2,early,12,balance_pressured_pair,500,0,500,4.0,0.57,0.06999999999999995,0.5520428571428566,0.156,0.3245
11,20260825,24,permute_both_fixed_anchor,2,early,12,all_pair_product,500,0,500,4.0,0.63675,0.13675000000000004,0.662109523809523,0.416,0.4715
11,20260825,24,permute_both_fixed_anchor,2,early,12,minimum_max_pressure,500,0,500,4.0,0.5935,0.09350000000000003,0.5487095238095239,0.132,0.36350000000000043
11,20260825,24,permute_both_renormalized,2,early,12,random_order,500,0,500,4.0,0.5,0.0,0.4000000000000035,0.0,0.25
11,20260825,24,permute_both_renormalized,2,early,12,balance_only,500,0,500,4.0,0.5205,0.020499999999999963,0.4894761904761888,0.0,0.261
11,20260825,24,permute_both_renormalized,2,early,12,balance_random_pair,500,0,500,4.0,0.53475,0.03474999999999995,0.5070571428571423,0.082,0.2815
11,20260825,24,permute_both_renormalized,2,early,12,balance_pressured_pair,500,0,500,4.0,0.53825,0.038250000000000006,0.5221666666666666,0.124,0.2815
11,20260825,24,permute_both_renormalized,2,early,12,all_pair_product,500,0,500,4.0,0.6425,0.14249999999999996,0.6671285714285713,0.422,0.4725
11,20260825,24,permute_both_renormalized,2,early,12,minimum_max_pressure,500,0,500,4.0,0.54525,0.04525000000000001,0.5024666666666665,0.092,0.30083333333333306
11,20260825,24,catalog,2,middle,12,random_order,500,44,456,4.0,0.5,0.0,0.4000000000000033,0.0,0.25
11,20260825,24,catalog,2,middle,12,balance_only,500,44,456,4.0,0.5408442982456141,0.040844298245614086,0.5000783208020032,0.0021929824561403508,0.2711988304093567
11,20260825,24,catalog,2,middle,12,balance_random_pair,500,44,456,4.0,0.5611293859649122,0.06112938596491224,0.5344350459482029,0.10307017543859649,0.3262061403508772
11,20260825,24,catalog,2,middle,12,balance_pressured_pair,500,44,456,4.0,0.5249451754385965,0.024945175438596534,0.5577276524644948,0.2719298245614035,0.3607456140350877
11,20260825,24,catalog,2,middle,12,all_pair_product,500,44,456,4.0,0.6398026315789473,0.13980263157894735,0.6738930659983294,0.44298245614035087,0.49908625730994155
11,20260825,24,catalog,2,middle,12,minimum_max_pressure,500,44,456,4.0,0.5973135964912281,0.09731359649122806,0.654349415204678,0.43859649122807015,0.5232090643274854
11,20260825,24,permute_both_fixed_anchor,2,middle,12,random_order,500,0,500,3.994,0.5,0.0,0.40060000000000356,0.0,0.2505
11,20260825,24,permute_both_fixed_anchor,2,middle,12,balance_only,500,0,500,3.994,0.5444166666666667,0.04441666666666666,0.5047999999999988,0.016,0.2809999999999999
11,20260825,24,permute_both_fixed_anchor,2,middle,12,balance_random_pair,500,0,500,3.994,0.5911666666666666,0.09116666666666662,0.5607238095238092,0.14,0.3401666666666666
11,20260825,24,permute_both_fixed_anchor,2,middle,12,balance_pressured_pair,500,0,500,3.994,0.6185833333333334,0.11858333333333337,0.5998523809523814,0.224,0.3821666666666667
11,20260825,24,permute_both_fixed_anchor,2,middle,12,all_pair_product,500,0,500,3.994,0.733,0.23299999999999998,0.782566666666667,0.598,0.6505
11,20260825,24,permute_both_fixed_anchor,2,middle,12,minimum_max_pressure,500,0,500,3.994,0.65875,0.15874999999999995,0.6387095238095234,0.302,0.48516666666666747
11,20260825,24,permute_both_renormalized,2,middle,12,random_order,500,0,500,3.99,0.5,0.0,0.40100000000000346,0.0,0.2508333333333333
11,20260825,24,permute_both_renormalized,2,middle,12,balance_only,500,0,500,3.99,0.5387500000000001,0.03875000000000006,0.5052142857142842,0.024,0.2816666666666666
11,20260825,24,permute_both_renormalized,2,middle,12,balance_random_pair,500,0,500,3.99,0.5760833333333334,0.07608333333333339,0.5527095238095234,0.13,0.33533333333333337
11,20260825,24,permute_both_renormalized,2,middle,12,balance_pressured_pair,500,0,500,3.99,0.6128333333333333,0.11283333333333334,0.6065809523809521,0.256,0.3975
11,20260825,24,permute_both_renormalized,2,middle,12,all_pair_product,500,0,500,3.99,0.7250833333333334,0.2250833333333334,0.7776333333333328,0.606,0.6406666666666667
11,20260825,24,permute_both_renormalized,2,middle,12,minimum_max_pressure,500,0,500,3.99,0.6475833333333334,0.1475833333333334,0.6310428571428572,0.294,0.4781666666666674
11,20260825,24,catalog,4,early,12,random_order,264,0,264,16.0,0.5,0.0,0.11764705882352905,0.0,0.0625
11,20260825,24,catalog,4,early,12,balance_only,264,0,264,16.0,0.6228693181818182,0.12286931818181823,0.2161049032271751,0.0,0.10795454545454569
11,20260825,24,catalog,4,early,12,balance_random_pair,264,0,264,16.0,0.5607244318181818,0.06072443181818177,0.22084493392743357,0.04924242424242424,0.1063762626262626
11,20260825,24,catalog,4,early,12,balance_pressured_pair,264,0,264,16.0,0.5284090909090909,0.02840909090909094,0.21091534885151372,0.03409090909090909,0.09690656565656565
11,20260825,24,catalog,4,early,12,all_pair_product,264,0,264,16.0,0.6173058712121212,0.11730587121212122,0.37545597088783417,0.32954545454545453,0.23074494949494945
11,20260825,24,catalog,4,early,12,minimum_max_pressure,264,0,264,16.0,0.45655776515151514,-0.04344223484848486,0.19414405506395818,0.07575757575757576,0.08868309720582444
11,20260825,24,permute_both_fixed_anchor,4,early,12,random_order,264,0,264,16.0,0.5,0.0,0.11764705882352905,0.0,0.0625
11,20260825,24,permute_both_fixed_anchor,4,early,12,balance_only,264,0,264,16.0,0.5419034090909091,0.04190340909090906,0.17870465549367312,0.0,0.0744949494949495
11,20260825,24,permute_both_fixed_anchor,4,early,12,balance_random_pair,264,0,264,16.0,0.5505445075757576,0.05054450757575757,0.19543503391067954,0.06060606060606061,0.07670454545454547
11,20260825,24,permute_both_fixed_anchor,4,early,12,balance_pressured_pair,264,0,264,16.0,0.5973011363636364,0.09730113636363635,0.22130693335062,0.12121212121212122,0.09311868686868686
11,20260825,24,permute_both_fixed_anchor,4,early,12,all_pair_product,264,0,264,16.0,0.7420691287878788,0.24206912878787878,0.43238011428863443,0.3787878787878788,0.25252525252525254
11,20260825,24,permute_both_fixed_anchor,4,early,12,minimum_max_pressure,264,0,264,16.0,0.6721117424242424,0.17211174242424243,0.27011529611664503,0.17045454545454544,0.147984349404804
11,20260825,24,permute_both_renormalized,4,early,12,random_order,264,0,264,16.0,0.5,0.0,0.11764705882352905,0.0,0.0625
11,20260825,24,permute_both_renormalized,4,early,12,balance_only,264,0,264,16.0,0.5239109848484849,0.023910984848484862,0.16667577869368627,0.0,0.06249999999999992
11,20260825,24,permute_both_renormalized,4,early,12,balance_random_pair,264,0,264,16.0,0.5744554924242424,0.07445549242424243,0.19638491502976463,0.06439393939393939,0.07828282828282826
11,20260825,24,permute_both_renormalized,4,early,12,balance_pressured_pair,264,0,264,16.0,0.5613162878787878,0.061316287878787845,0.19826408372524773,0.09090909090909091,0.0726010101010101
11,20260825,24,permute_both_renormalized,4,early,12,all_pair_product,264,0,264,16.0,0.7316524621212122,0.23165246212121215,0.4520610563004092,0.4166666666666667,0.2948232323232323
11,20260825,24,permute_both_renormalized,4,early,12,minimum_max_pressure,264,0,264,16.0,0.6000236742424242,0.1000236742424242,0.22641800922541114,0.13257575757575757,0.11165100682146131
11,20260825,24,catalog,4,middle,12,random_order,500,43,457,15.824945295404815,0.5,0.0,0.11936328141759948,0.0,0.06349462900338175
11,20260825,24,catalog,4,middle,12,balance_only,500,43,457,15.824945295404815,0.6422381639148597,0.14223816391485966,0.21739950984661294,0.0,0.10463165572574738
11,20260825,24,catalog,4,middle,12,balance_random_pair,500,43,457,15.824945295404815,0.629252038989457,0.12925203898945703,0.24218141204282906,0.07439824945295405,0.12091539022611232
11,20260825,24,catalog,4,middle,12,balance_pressured_pair,500,43,457,15.824945295404815,0.5809503680127314,0.08095036801273137,0.22302905956130356,0.08096280087527352,0.09719183078045218
11,20260825,24,catalog,4,middle,12,all_pair_product,500,43,457,15.824945295404815,0.7065471454147605,0.2065471454147605,0.4662521375500066,0.4179431072210066,0.33161925601750547
11,20260825,24,catalog,4,middle,12,minimum_max_pressure,500,43,457,15.824945295404815,0.6716791824149593,0.17167918241495927,0.42083972756666765,0.3479212253829322,0.327404199860436
11,20260825,24,permute_both_fixed_anchor,4,middle,12,random_order,500,0,500,15.722,0.5,0.0,0.11988235294117615,0.0,0.06377629870129868
11,20260825,24,permute_both_fixed_anchor,4,middle,12,balance_only,500,0,500,15.722,0.5744156926406928,0.07441569264069281,0.19467787621206256,0.008,0.08103333333333326
11,20260825,24,permute_both_fixed_anchor,4,middle,12,balance_random_pair,500,0,500,15.722,0.6223529761904761,0.12235297619047614,0.2318253760000626,0.14,0.09834545454545454
11,20260825,24,permute_both_fixed_anchor,4,middle,12,balance_pressured_pair,500,0,500,15.722,0.6577139069264069,0.15771390692640685,0.2639757295504557,0.218,0.11683333333333344
11,20260825,24,permute_both_fixed_anchor,4,middle,12,all_pair_product,500,0,500,15.722,0.8269481060606048,0.32694810606060476,0.589935771962993,0.572,0.4376666666666667
11,20260825,24,permute_both_fixed_anchor,4,middle,12,minimum_max_pressure,500,0,500,15.722,0.750104112554112,0.250104112554112,0.39666708055537386,0.328,0.28510269175269176
11,20260825,24,permute_both_renormalized,4,middle,12,random_order,500,0,500,15.682,0.5,0.0,0.12025392156862712,0.0,0.06399080086580083
11,20260825,24,permute_both_renormalized,4,middle,12,balance_only,500,0,500,15.682,0.5726514069264073,0.07265140692640726,0.1957157101803479,0.01,0.08319999999999991
11,20260825,24,permute_both_renormalized,4,middle,12,balance_random_pair,500,0,500,15.682,0.612861038961039,0.11286103896103905,0.2363384053930298,0.142,0.10691363636363638
11,20260825,24,permute_both_renormalized,4,middle,12,balance_pressured_pair,500,0,500,15.682,0.671013798701299,0.17101379870129896,0.28561315624568945,0.282,0.1393333333333334
11,20260825,24,permute_both_renormalized,4,middle,12,all_pair_product,500,0,500,15.682,0.8321448593073583,0.33214485930735826,0.5957333379745531,0.588,0.4386666666666667
11,20260825,24,permute_both_renormalized,4,middle,12,minimum_max_pressure,500,0,500,15.682,0.7464751082251078,0.24647510822510776,0.4029089519186471,0.344,0.29137582972582976
11,20260825,24,catalog,8,early,12,random_order,264,0,264,256.0,0.5,0.0,0.007782101167315151,0.0,0.00390625
11,20260825,24,catalog,8,early,12,balance_only,264,0,264,256.0,0.7246019767992424,0.22460197679924243,0.020850888249470647,0.0,0.008982683982683958
11,20260825,24,catalog,8,early,12,balance_random_pair,264,0,264,256.0,0.6955196496212122,0.19551964962121215,0.03188726438504162,0.4583333333333333,0.014159451659451627
11,20260825,24,catalog,8,early,12,balance_pressured_pair,264,0,264,256.0,0.6362230705492424,0.13622307054924243,0.02602639822188754,0.3560606060606061,0.010383597883597866
11,20260825,24,catalog,8,early,12,all_pair_product,264,0,264,256.0,0.7243356415719697,0.22433564157196972,0.26720632903982056,0.5227272727272727,0.2028882575757576
11,20260825,24,catalog,8,early,12,minimum_max_pressure,264,0,264,256.0,0.6848070549242424,0.18480705492424243,0.12472637003111815,0.4015151515151515,0.09535388529474645
11,20260825,24,permute_both_fixed_anchor,8,early,12,random_order,264,0,264,256.0,0.5,0.0,0.007782101167315151,0.0,0.00390625
11,20260825,24,permute_both_fixed_anchor,8,early,12,balance_only,264,0,264,256.0,0.5874097419507576,0.08740974195075757,0.014970998933344814,0.0,0.005154220779220769
11,20260825,24,permute_both_fixed_anchor,8,early,12,balance_random_pair,264,0,264,256.0,0.6357495857007576,0.13574958570075757,0.020931136177755775,0.19696969696969696,0.006879810004810002
11,20260825,24,permute_both_fixed_anchor,8,early,12,balance_pressured_pair,264,0,264,256.0,0.6599786931818182,0.15997869318181823,0.02248207315875579,0.20075757575757575,0.007051166426166425
11,20260825,24,permute_both_fixed_anchor,8,early,12,all_pair_product,264,0,264,256.0,0.8777299360795454,0.3777299360795454,0.28686459978233647,0.6325757575757576,0.20203899110149112
11,20260825,24,permute_both_fixed_anchor,8,early,12,minimum_max_pressure,264,0,264,256.0,0.7943670099431818,0.29436700994318177,0.09854970536686258,0.35984848484848486,0.06670853622093342
11,20260825,24,permute_both_renormalized,8,early,12,random_order,264,0,264,256.0,0.5,0.0,0.007782101167315151,0.0,0.00390625
11,20260825,24,permute_both_renormalized,8,early,12,balance_only,264,0,264,256.0,0.5996685606060606,0.09966856060606055,0.01590148818089733,0.0,0.005776515151515139
11,20260825,24,permute_both_renormalized,8,early,12,balance_random_pair,264,0,264,256.0,0.6550884824810606,0.15508848248106055,0.02288322424573238,0.23863636363636365,0.00815446127946127
11,20260825,24,permute_both_renormalized,8,early,12,balance_pressured_pair,264,0,264,256.0,0.6629231770833334,0.16292317708333337,0.024700792204371522,0.23484848484848486,0.008534752284752284
11,20260825,24,permute_both_renormalized,8,early,12,all_pair_product,264,0,264,256.0,0.87060546875,0.37060546875,0.28799474447244355,0.6212121212121212,0.19127555315055317
11,20260825,24,permute_both_renormalized,8,early,12,minimum_max_pressure,264,0,264,256.0,0.7798073508522727,0.2798073508522727,0.11500521513285397,0.35984848484848486,0.08297094201395717
11,20260825,24,catalog,8,middle,12,random_order,264,49,215,66.04651162790698,0.5,0.0,0.10608898971885822,0.0,0.0631241040027648
11,20260825,24,catalog,8,middle,12,balance_only,264,49,215,66.04651162790698,0.6418752971587007,0.14187529715870073,0.17596520239972768,0.06976744186046512,0.1072305825260182
11,20260825,24,catalog,8,middle,12,balance_random_pair,264,49,215,66.04651162790698,0.7139424953252594,0.21394249532525944,0.23629080328845023,0.2558139534883721,0.1511831747138299
11,20260825,24,catalog,8,middle,12,balance_pressured_pair,264,49,215,66.04651162790698,0.7129842954667873,0.21298429546678732,0.2540320568849952,0.27906976744186046,0.15584123740923067
11,20260825,24,catalog,8,middle,12,all_pair_product,264,49,215,66.04651162790698,0.8429909316121198,0.3429909316121198,0.5170069059829419,0.7209302325581395,0.4389784053156146
11,20260825,24,catalog,8,middle,12,minimum_max_pressure,264,49,215,66.04651162790698,0.6181752261778526,0.11817522617785259,0.2435182108365621,0.26046511627906976,0.18712398720608844
11,20260825,24,permute_both_fixed_anchor,8,middle,12,random_order,264,2,262,41.29770992366412,0.5,0.0,0.18264634377387742,0.0,0.11146638198845348
11,20260825,24,permute_both_fixed_anchor,8,middle,12,balance_only,264,2,262,41.29770992366412,0.6231083988823203,0.12310839888232028,0.3292912861052819,0.21374045801526717,0.2261631649940425
11,20260825,24,permute_both_fixed_anchor,8,middle,12,balance_random_pair,264,2,262,41.29770992366412,0.6705247569005108,0.17052475690051083,0.3615683330624621,0.3015267175572519,0.24806360541754854
11,20260825,24,permute_both_fixed_anchor,8,middle,12,balance_pressured_pair,264,2,262,41.29770992366412,0.659610332100212,0.15961033210021203,0.3497026244072077,0.2862595419847328,0.24004688336572164
11,20260825,24,permute_both_fixed_anchor,8,middle,12,all_pair_product,264,2,262,41.29770992366412,0.8626929090276735,0.3626929090276735,0.6458394259160317,0.7519083969465649,0.566569429298437
11,20260825,24,permute_both_fixed_anchor,8,middle,12,minimum_max_pressure,264,2,262,41.29770992366412,0.6026904898681075,0.10269048986810747,0.2797377075008504,0.20610687022900764,0.19258491092227079
11,20260825,24,permute_both_renormalized,8,middle,12,random_order,264,3,261,41.842911877394634,0.5,0.0,0.17182130214342853,0.0,0.10531086134026815
11,20260825,24,permute_both_renormalized,8,middle,12,balance_only,264,3,261,41.842911877394634,0.6272186204668633,0.12721862046686327,0.2800269181842936,0.15708812260536398,0.16443745185481473
11,20260825,24,permute_both_renormalized,8,middle,12,balance_random_pair,264,3,261,41.842911877394634,0.6568491528167778,0.1568491528167778,0.3027769010706505,0.24904214559386972,0.17424833163846631
11,20260825,24,permute_both_renormalized,8,middle,12,balance_pressured_pair,264,3,261,41.842911877394634,0.6440397393354779,0.14403973933547787,0.30988789045740783,0.2796934865900383,0.17452654937014592
11,20260825,24,permute_both_renormalized,8,middle,12,all_pair_product,264,3,261,41.842911877394634,0.8565621872025073,0.3565621872025073,0.6347820362866832,0.7241379310344828,0.5520061728395063
11,20260825,24,permute_both_renormalized,8,middle,12,minimum_max_pressure,264,3,261,41.842911877394634,0.5972202640502345,0.09722026405023454,0.2753390189783993,0.19157088122605365,0.1960853932207064
11,20260825,28,catalog,2,early,97,random_order,500,0,500,4.0,0.5,0.0,0.4000000000000035,0.0,0.25
11,20260825,28,catalog,2,early,97,balance_only,500,0,500,4.0,0.52525,0.025249999999999995,0.49138095238095114,0.0,0.261
11,20260825,28,catalog,2,early,97,balance_random_pair,500,0,500,4.0,0.54425,0.04425000000000001,0.5253809523809521,0.104,0.305
11,20260825,28,catalog,2,early,97,balance_pressured_pair,500,0,500,4.0,0.54725,0.047250000000000014,0.5405666666666659,0.156,0.306
11,20260825,28,catalog,2,early,97,all_pair_product,500,0,500,4.0,0.64775,0.14775000000000005,0.6713666666666659,0.428,0.477
11,20260825,28,catalog,2,early,97,minimum_max_pressure,500,0,500,4.0,0.552,0.052000000000000046,0.5105761904761902,0.108,0.31966666666666693
11,20260825,28,permute_both_fixed_anchor,2,early,97,random_order,500,0,500,4.0,0.5,0.0,0.4000000000000035,0.0,0.25
11,20260825,28,permute_both_fixed_anchor,2,early,97,balance_only,500,0,500,4.0,0.542,0.04200000000000004,0.5077142857142838,0.0,0.287
11,20260825,28,permute_both_fixed_anchor,2,early,97,balance_random_pair,500,0,500,4.0,0.5335,0.033499999999999974,0.5075571428571424,0.086,0.2745
11,20260825,28,permute_both_fixed_anchor,2,early,97,balance_pressured_pair,500,0,500,4.0,0.5765,0.07650000000000001,0.5642142857142849,0.176,0.3455
11,20260825,28,permute_both_fixed_anchor,2,early,97,all_pair_product,500,0,500,4.0,0.63675,0.13675000000000004,0.6626380952380945,0.424,0.471
11,20260825,28,permute_both_fixed_anchor,2,early,97,minimum_max_pressure,500,0,500,4.0,0.588,0.08799999999999997,0.5510380952380951,0.166,0.3570000000000004
11,20260825,28,permute_both_renormalized,2,early,97,random_order,500,0,500,4.0,0.5,0.0,0.4000000000000035,0.0,0.25
11,20260825,28,permute_both_renormalized,2,early,97,balance_only,500,0,500,4.0,0.534,0.03400000000000003,0.4991666666666651,0.0,0.273
11,20260825,28,permute_both_renormalized,2,early,97,balance_random_pair,500,0,500,4.0,0.54,0.040000000000000036,0.5165619047619042,0.102,0.2905
11,20260825,28,permute_both_renormalized,2,early,97,balance_pressured_pair,500,0,500,4.0,0.5675,0.0675,0.5501952380952372,0.158,0.3095
11,20260825,28,permute_both_renormalized,2,early,97,all_pair_product,500,0,500,4.0,0.66375,0.16374999999999995,0.6971999999999998,0.474,0.522
11,20260825,28,permute_both_renormalized,2,early,97,minimum_max_pressure,500,0,500,4.0,0.58225,0.08225000000000005,0.5382238095238094,0.138,0.3435000000000001
11,20260825,28,catalog,2,middle,97,random_order,500,10,490,3.9612244897959186,0.5,0.0,0.4038775510204116,0.0,0.2532312925170067
11,20260825,28,catalog,2,middle,97,balance_only,500,10,490,3.9612244897959186,0.5371598639455782,0.03715986394557824,0.5027259475218641,0.012244897959183673,0.27312925170068025
11,20260825,28,catalog,2,middle,97,balance_random_pair,500,10,490,3.9612244897959186,0.580952380952381,0.080952380952381,0.5673712342079684,0.16938775510204082,0.35816326530612247
11,20260825,28,catalog,2,middle,97,balance_pressured_pair,500,10,490,3.9612244897959186,0.5948979591836735,0.0948979591836735,0.5916618075801745,0.23673469387755103,0.3714285714285715
11,20260825,28,catalog,2,middle,97,all_pair_product,500,10,490,3.9612244897959186,0.7430272108843538,0.24302721088435375,0.7975558794946547,0.6244897959183674,0.6678571428571428
11,20260825,28,catalog,2,middle,97,minimum_max_pressure,500,10,490,3.9612244897959186,0.6249149659863945,0.12491496598639451,0.6167687074829924,0.2795918367346939,0.4500000000000005
11,20260825,28,permute_both_fixed_anchor,2,middle,97,random_order,500,1,499,3.975951903807615,0.5,0.0,0.4024048096192419,0.0,0.25200400801603196
11,20260825,28,permute_both_fixed_anchor,2,middle,97,balance_only,500,1,499,3.975951903807615,0.5478456913827656,0.04784569138276562,0.5120622196774487,0.026052104208416832,0.29124916499666004
11,20260825,28,permute_both_fixed_anchor,2,middle,97,balance_random_pair,500,1,499,3.975951903807615,0.5743987975951905,0.07439879759519052,0.553869644050004,0.14228456913827656,0.33600534402137605
11,20260825,28,permute_both_fixed_anchor,2,middle,97,balance_pressured_pair,500,1,499,3.975951903807615,0.6229959919839679,0.12299599198396793,0.619162133791392,0.27054108216432865,0.416499665998664
11,20260825,28,permute_both_fixed_anchor,2,middle,97,all_pair_product,500,1,499,3.975951903807615,0.7373079492317969,0.23730794923179688,0.7934249451283514,0.6332665330661322,0.6589846359385437
11,20260825,28,permute_both_fixed_anchor,2,middle,97,minimum_max_pressure,500,1,499,3.975951903807615,0.6610721442885772,0.1610721442885772,0.6411919076247727,0.28857715430861725,0.4898129592518379
11,20260825,28,permute_both_renormalized,2,middle,97,random_order,500,2,498,3.9879518072289155,0.5,0.0,0.40120481927711193,0.0,0.25100401606425704
11,20260825,28,permute_both_renormalized,2,middle,97,balance_only,500,2,498,3.9879518072289155,0.5188253012048193,0.01882530120481929,0.49208261617900045,0.028112449799196786,0.2647255689424363
11,20260825,28,permute_both_renormalized,2,middle,97,balance_random_pair,500,2,498,3.9879518072289155,0.5488621151271754,0.04886211512717542,0.5339931153184161,0.14056224899598393,0.3097389558232932
11,20260825,28,permute_both_renormalized,2,middle,97,balance_pressured_pair,500,2,498,3.9879518072289155,0.6039156626506024,0.10391566265060237,0.5978246318607765,0.25301204819277107,0.3781793842034806
11,20260825,28,permute_both_renormalized,2,middle,97,all_pair_product,500,2,498,3.9879518072289155,0.7279116465863456,0.22791164658634555,0.7767307324536238,0.6024096385542169,0.6295180722891566
11,20260825,28,permute_both_renormalized,2,middle,97,minimum_max_pressure,500,2,498,3.9879518072289155,0.6455823293172691,0.1455823293172691,0.6264438707209794,0.285140562248996,0.4641900937081666
11,20260825,28,catalog,4,early,97,random_order,500,0,500,16.0,0.5,0.0,0.11764705882352902,0.0,0.0625
11,20260825,28,catalog,4,early,97,balance_only,500,0,500,16.0,0.5856875,0.08568750000000003,0.1963050058733186,0.0,0.08716666666666653
11,20260825,28,catalog,4,early,97,balance_random_pair,500,0,500,16.0,0.5579375,0.057937499999999975,0.20764772686700744,0.07,0.08766666666666664
11,20260825,28,catalog,4,early,97,balance_pressured_pair,500,0,500,16.0,0.5841875,0.08418749999999997,0.23853414907500592,0.182,0.10700000000000012
11,20260825,28,catalog,4,early,97,all_pair_product,500,0,500,16.0,0.714,0.21399999999999997,0.4049328232092916,0.348,0.22099999999999995
11,20260825,28,catalog,4,early,97,minimum_max_pressure,500,0,500,16.0,0.5913125,0.09131250000000002,0.21490583256344262,0.078,0.10285640470640496
11,20260825,28,permute_both_fixed_anchor,4,early,97,random_order,500,0,500,16.0,0.5,0.0,0.11764705882352902,0.0,0.0625
11,20260825,28,permute_both_fixed_anchor,4,early,97,balance_only,500,0,500,16.0,0.5510625,0.05106250000000001,0.17846475890649607,0.0,0.07200000000000005
11,20260825,28,permute_both_fixed_anchor,4,early,97,balance_random_pair,500,0,500,16.0,0.561125,0.061124999999999985,0.1977075606291472,0.074,0.07749999999999999
11,20260825,28,permute_both_fixed_anchor,4,early,97,balance_pressured_pair,500,0,500,16.0,0.5715625,0.07156249999999997,0.20970338292158136,0.114,0.08049999999999996
11,20260825,28,permute_both_fixed_anchor,4,early,97,all_pair_product,500,0,500,16.0,0.752625,0.252625,0.4693412511925056,0.404,0.312
11,20260825,28,permute_both_fixed_anchor,4,early,97,minimum_max_pressure,500,0,500,16.0,0.6386875,0.13868749999999996,0.2558809598035453,0.146,0.1399587190587193
11,20260825,28,permute_both_renormalized,4,early,97,random_order,500,0,500,16.0,0.5,0.0,0.11764705882352902,0.0,0.0625
11,20260825,28,permute_both_renormalized,4,early,97,balance_only,500,0,500,16.0,0.5189375,0.01893750000000005,0.16600125207072144,0.0,0.06166666666666683
11,20260825,28,permute_both_renormalized,4,early,97,balance_random_pair,500,0,500,16.0,0.558375,0.058374999999999955,0.19835007761774293,0.088,0.07816666666666672
11,20260825,28,permute_both_renormalized,4,early,97,balance_pressured_pair,500,0,500,16.0,0.5825625,0.08256249999999998,0.2094761767941514,0.118,0.08033333333333328
11,20260825,28,permute_both_renormalized,4,early,97,all_pair_product,500,0,500,16.0,0.74875,0.24875000000000003,0.4738067809043628,0.408,0.32223333333333326
11,20260825,28,permute_both_renormalized,4,early,97,minimum_max_pressure,500,0,500,16.0,0.6469375,0.14693750000000005,0.26540996885829726,0.15,0.15150331335331366
11,20260825,28,catalog,4,middle,97,random_order,500,12,488,15.190573770491802,0.5,0.0,0.1276746186552114,0.0,0.06859753122560502
11,20260825,28,catalog,4,middle,97,balance_only,500,12,488,15.190573770491802,0.588990146636151,0.08899014663615101,0.20892493070453125,0.00819672131147541,0.09426229508196711
11,20260825,28,catalog,4,middle,97,balance_random_pair,500,12,488,15.190573770491802,0.6017146361152509,0.10171463611525089,0.25015359742070953,0.1721311475409836,0.11417039244908106
11,20260825,28,catalog,4,middle,97,balance_pressured_pair,500,12,488,15.190573770491802,0.6355444077780144,0.13554440777801435,0.2908279709628377,0.21106557377049182,0.14617486338797822
11,20260825,28,catalog,4,middle,97,all_pair_product,500,12,488,15.190573770491802,0.8284492872223395,0.32844928722233946,0.5762502833328821,0.5491803278688525,0.4021516393442623
11,20260825,28,catalog,4,middle,97,minimum_max_pressure,500,12,488,15.190573770491802,0.6862726540877155,0.18627265408771554,0.3323152991284093,0.23565573770491804,0.21269856054692127
11,20260825,28,permute_both_fixed_anchor,4,middle,97,random_order,500,0,500,15.528,0.5,0.0,0.12163847720906512,0.0,0.06478826173826176
11,20260825,28,permute_both_fixed_anchor,4,middle,97,balance_only,500,0,500,15.528,0.5684802031302033,0.06848020313020331,0.1970142127184319,0.012,0.08193333333333329
11,20260825,28,permute_both_fixed_anchor,4,middle,97,balance_random_pair,500,0,500,15.528,0.6126203088578092,0.11262030885780916,0.231711823005577,0.154,0.09819090909090915
11,20260825,28,permute_both_fixed_anchor,4,middle,97,balance_pressured_pair,500,0,500,15.528,0.6531809482184487,0.15318094821844874,0.2729803757705353,0.262,0.12550000000000008
11,20260825,28,permute_both_fixed_anchor,4,middle,97,all_pair_product,500,0,500,15.528,0.834147806360306,0.33414780636030605,0.6061797407352624,0.592,0.453
11,20260825,28,permute_both_fixed_anchor,4,middle,97,minimum_max_pressure,500,0,500,15.528,0.7526325466200467,0.25263254662004675,0.3844240367063301,0.28,0.2659447330447331
11,20260825,28,permute_both_renormalized,4,middle,97,random_order,500,0,500,15.474,0.5,0.0,0.12258800611153521,0.0,0.06538788711288711
11,20260825,28,permute_both_renormalized,4,middle,97,balance_only,500,0,500,15.474,0.5799624042624044,0.07996240426240442,0.20210338467472944,0.008,0.08626666666666662
11,20260825,28,permute_both_renormalized,4,middle,97,balance_random_pair,500,0,500,15.474,0.6287894480519481,0.12878944805194814,0.2413529299507757,0.152,0.10582272727272732
11,20260825,28,permute_both_renormalized,4,middle,97,balance_pressured_pair,500,0,500,15.474,0.6702353271728276,0.17023532717282763,0.27841055662517133,0.242,0.12300000000000008
11,20260825,28,permute_both_renormalized,4,middle,97,all_pair_product,500,0,500,15.474,0.8502078962703953,0.3502078962703953,0.6368219217033312,0.654,0.48150000000000004
11,20260825,28,permute_both_renormalized,4,middle,97,minimum_max_pressure,500,0,500,15.474,0.7481018731268733,0.24810187312687326,0.38470026429989973,0.29,0.2672629148629147
11,20260825,28,catalog,8,early,97,random_order,500,0,500,256.0,0.5,0.0,0.007782101167315149,0.0,0.00390625
11,20260825,28,catalog,8,early,97,balance_only,500,0,500,256.0,0.6319140625,0.13191406250000004,0.016401091550928143,0.0,0.005921428571428555
11,20260825,28,catalog,8,early,97,balance_random_pair,500,0,500,256.0,0.6355703125,0.13557031249999996,0.020928072119521926,0.166,0.007055555555555542
11,20260825,28,catalog,8,early,97,balance_pressured_pair,500,0,500,256.0,0.65423828125,0.15423828125000005,0.02429329182993698,0.204,0.008477777777777763
11,20260825,28,catalog,8,early,97,all_pair_product,500,0,500,256.0,0.824734375,0.324734375,0.1585138002944399,0.528,0.0946660561660562
11,20260825,28,catalog,8,early,97,minimum_max_pressure,500,0,500,256.0,0.69419140625,0.19419140624999998,0.07596576134661816,0.232,0.0535347049760846
11,20260825,28,permute_both_fixed_anchor,8,early,97,random_order,500,0,500,256.0,0.5,0.0,0.007782101167315149,0.0,0.00390625
11,20260825,28,permute_both_fixed_anchor,8,early,97,balance_only,500,0,500,256.0,0.5634140625,0.06341406250000003,0.014304738049222842,0.0,0.004728571428571417
11,20260825,28,permute_both_fixed_anchor,8,early,97,balance_random_pair,500,0,500,256.0,0.5937578125,0.09375781250000004,0.01916597200549528,0.17,0.006245238095238085
11,20260825,28,permute_both_fixed_anchor,8,early,97,balance_pressured_pair,500,0,500,256.0,0.61693359375,0.11693359375000001,0.0218148976745309,0.18,0.0071277777777777685
11,20260825,28,permute_both_fixed_anchor,8,early,97,all_pair_product,500,0,500,256.0,0.85397265625,0.35397265624999996,0.2593159638593152,0.62,0.16819338624338623
11,20260825,28,permute_both_fixed_anchor,8,early,97,minimum_max_pressure,500,0,500,256.0,0.73858984375,0.23858984375000003,0.06530760621739756,0.222,0.03887859628620238
11,20260825,28,permute_both_renormalized,8,early,97,random_order,500,0,500,256.0,0.5,0.0,0.007782101167315149,0.0,0.00390625
11,20260825,28,permute_both_renormalized,8,early,97,balance_only,500,0,500,256.0,0.54975,0.04974999999999996,0.013787130450127338,0.0,0.004457142857142847
11,20260825,28,permute_both_renormalized,8,early,97,balance_random_pair,500,0,500,256.0,0.58992578125,0.08992578124999995,0.017092740956854025,0.124,0.004976190476190471
11,20260825,28,permute_both_renormalized,8,early,97,balance_pressured_pair,500,0,500,256.0,0.63251171875,0.13251171875,0.02191201252101311,0.186,0.006885714285714278
11,20260825,28,permute_both_renormalized,8,early,97,all_pair_product,500,0,500,256.0,0.8502421875,0.3502421875,0.25189838561014305,0.59,0.1618638888888889
11,20260825,28,permute_both_renormalized,8,early,97,minimum_max_pressure,500,0,500,256.0,0.72833984375,0.22833984375000005,0.06085847539063856,0.202,0.03656203595075868
11,20260825,28,catalog,8,middle,97,random_order,500,0,500,185.76,0.5,0.0,0.011748211617182532,0.0,0.005913688580965571
11,20260825,28,catalog,8,middle,97,balance_only,500,0,500,185.76,0.6207264393427592,0.12072643934275917,0.02047807503471431,0.0,0.0076818133272041605
11,20260825,28,catalog,8,middle,97,balance_random_pair,500,0,500,185.76,0.6759513921429852,0.17595139214298516,0.0320666439957735,0.196,0.01055148553449414
11,20260825,28,catalog,8,middle,97,balance_pressured_pair,500,0,500,185.76,0.7187595317655343,0.2187595317655343,0.04075871504773722,0.304,0.014155458097785846
11,20260825,28,catalog,8,middle,97,all_pair_product,500,0,500,185.76,0.9355790029160372,0.43557900291603724,0.45862454760695953,0.794,0.35764404761904756
11,20260825,28,catalog,8,middle,97,minimum_max_pressure,500,0,500,185.76,0.8271123399494089,0.3271123399494089,0.1355862949830436,0.46,0.09304417211596516
11,20260825,28,permute_both_fixed_anchor,8,middle,97,random_order,500,0,500,190.724,0.5,0.0,0.010992270536251927,0.0,0.005529142603502334
11,20260825,28,permute_both_fixed_anchor,8,middle,97,balance_only,500,0,500,190.724,0.6179008842526769,0.11790088425267686,0.020637105091164284,0.012,0.007993895355381957
11,20260825,28,permute_both_fixed_anchor,8,middle,97,balance_random_pair,500,0,500,190.724,0.7115605709154954,0.2115605709154954,0.03541254730554785,0.212,0.012925145853442782
11,20260825,28,permute_both_fixed_anchor,8,middle,97,balance_pressured_pair,500,0,500,190.724,0.7282939580817283,0.22829395808172825,0.04024221427025366,0.262,0.014922289106163292
11,20260825,28,permute_both_fixed_anchor,8,middle,97,all_pair_product,500,0,500,190.724,0.9356648336395725,0.43566483363957254,0.5208297691272112,0.81,0.43423261183261186
11,20260825,28,permute_both_fixed_anchor,8,middle,97,minimum_max_pressure,500,0,500,190.724,0.8572689317004033,0.3572689317004033,0.1867395524008787,0.556,0.13723112946361593
11,20260825,28,permute_both_renormalized,8,middle,97,random_order,500,0,500,194.88,0.5,0.0,0.010614627140564778,0.0,0.005336836597701873
11,20260825,28,permute_both_renormalized,8,middle,97,balance_only,500,0,500,194.88,0.6297399004737355,0.12973990047373551,0.02111795039813861,0.028,0.008521919037860922
11,20260825,28,permute_both_renormalized,8,middle,97,balance_random_pair,500,0,500,194.88,0.703018000146474,0.20301800014647398,0.033725208918672395,0.226,0.012412242924101083
11,20260825,28,permute_both_renormalized,8,middle,97,balance_pressured_pair,500,0,500,194.88,0.7336421916225123,0.23364219162251232,0.04161992288791594,0.312,0.016005460065421147
11,20260825,28,permute_both_renormalized,8,middle,97,all_pair_product,500,0,500,194.88,0.9320160298901209,0.4320160298901209,0.5082353390386474,0.818,0.4189252380952381
11,20260825,28,permute_both_renormalized,8,middle,97,minimum_max_pressure,500,0,500,194.88,0.8735646203743322,0.37356462037433225,0.23051416527504964,0.596,0.1776325497347244
12,20260826,24,catalog,2,early,12,random_order,500,0,500,4.0,0.5,0.0,0.4000000000000035,0.0,0.25
12,20260826,24,catalog,2,early,12,balance_only,500,0,500,4.0,0.53325,0.03325,0.497666666666665,0.0,0.27
12,20260826,24,catalog,2,early,12,balance_random_pair,500,0,500,4.0,0.51775,0.017750000000000044,0.5011428571428562,0.072,0.2865
12,20260826,24,catalog,2,early,12,balance_pressured_pair,500,0,500,4.0,0.4745,-0.025500000000000023,0.5212952380952383,0.256,0.32
12,20260826,24,catalog,2,early,12,all_pair_product,500,0,500,4.0,0.58075,0.08074999999999999,0.5954523809523806,0.318,0.374
12,20260826,24,catalog,2,early,12,minimum_max_pressure,500,0,500,4.0,0.444,-0.055999999999999994,0.4954857142857139,0.248,0.30133333333333323
12,20260826,24,permute_both_fixed_anchor,2,early,12,random_order,500,0,500,4.0,0.5,0.0,0.4000000000000035,0.0,0.25
12,20260826,24,permute_both_fixed_anchor,2,early,12,balance_only,500,0,500,4.0,0.521,0.02100000000000002,0.4896904761904745,0.0,0.261
12,20260826,24,permute_both_fixed_anchor,2,early,12,balance_random_pair,500,0,500,4.0,0.535,0.03500000000000003,0.5069619047619047,0.09,0.275
12,20260826,24,permute_both_fixed_anchor,2,early,12,balance_pressured_pair,500,0,500,4.0,0.553,0.05300000000000005,0.5357857142857142,0.142,0.2935
12,20260826,24,permute_both_fixed_anchor,2,early,12,all_pair_product,500,0,500,4.0,0.65225,0.15225,0.6766761904761899,0.424,0.4925
12,20260826,24,permute_both_fixed_anchor,2,early,12,minimum_max_pressure,500,0,500,4.0,0.58325,0.08325000000000005,0.5432999999999996,0.134,0.3571666666666671
12,20260826,24,permute_both_renormalized,2,early,12,random_order,500,0,500,4.0,0.5,0.0,0.4000000000000035,0.0,0.25
12,20260826,24,permute_both_renormalized,2,early,12,balance_only,500,0,500,4.0,0.51475,0.01475000000000004,0.4854761904761889,0.0,0.256
12,20260826,24,permute_both_renormalized,2,early,12,balance_random_pair,500,0,500,4.0,0.5515,0.05149999999999999,0.5271142857142854,0.12,0.307
12,20260826,24,permute_both_renormalized,2,early,12,balance_pressured_pair,500,0,500,4.0,0.5635,0.0635,0.5482047619047618,0.17,0.313
12,20260826,24,permute_both_renormalized,2,early,12,all_pair_product,500,0,500,4.0,0.657,0.15700000000000003,0.6897428571428565,0.462,0.5161666666666668
12,20260826,24,permute_both_renormalized,2,early,12,minimum_max_pressure,500,0,500,4.0,0.584,0.08399999999999996,0.5445857142857139,0.144,0.35416666666666685
12,20260826,24,catalog,2,middle,12,random_order,500,23,477,4.0,0.5,0.0,0.4000000000000034,0.0,0.25
12,20260826,24,catalog,2,middle,12,balance_only,500,23,477,4.0,0.5476939203354297,0.04769392033542974,0.5104821802934991,0.012578616352201259,0.28791055206149546
12,20260826,24,catalog,2,middle,12,balance_random_pair,500,23,477,4.0,0.5275157232704403,0.027515723270440273,0.5085854048118194,0.09224318658280922,0.2940251572327044
12,20260826,24,catalog,2,middle,12,balance_pressured_pair,500,23,477,4.0,0.5718029350104822,0.07180293501048218,0.6048317859638612,0.33752620545073375,0.4224318658280922
12,20260826,24,catalog,2,middle,12,all_pair_product,500,23,477,4.0,0.6438679245283019,0.14386792452830188,0.6746580812618546,0.4444444444444444,0.4979035639412998
12,20260826,24,catalog,2,middle,12,minimum_max_pressure,500,23,477,4.0,0.624475890985325,0.12447589098532497,0.6735399820305475,0.4570230607966457,0.5448986722571629
12,20260826,24,permute_both_fixed_anchor,2,middle,12,random_order,500,0,500,3.982,0.5,0.0,0.4018000000000035,0.0,0.25149999999999995
12,20260826,24,permute_both_fixed_anchor,2,middle,12,balance_only,500,0,500,3.982,0.53875,0.03874999999999995,0.5021428571428556,0.02,0.2776666666666666
12,20260826,24,permute_both_fixed_anchor,2,middle,12,balance_random_pair,500,0,500,3.982,0.5720833333333333,0.07208333333333328,0.5483809523809516,0.14,0.33116666666666666
12,20260826,24,permute_both_fixed_anchor,2,middle,12,balance_pressured_pair,500,0,500,3.982,0.6038333333333333,0.10383333333333333,0.5877142857142857,0.206,0.3681666666666667
12,20260826,24,permute_both_fixed_anchor,2,middle,12,all_pair_product,500,0,500,3.982,0.7114166666666667,0.2114166666666667,0.7544095238095236,0.558,0.6026666666666668
12,20260826,24,permute_both_fixed_anchor,2,middle,12,minimum_max_pressure,500,0,500,3.982,0.62375,0.12375000000000003,0.6027333333333332,0.254,0.4361666666666675
12,20260826,24,permute_both_renormalized,2,middle,12,random_order,500,0,500,3.984,0.5,0.0,0.40160000000000345,0.0,0.2513333333333333
12,20260826,24,permute_both_renormalized,2,middle,12,balance_only,500,0,500,3.984,0.53425,0.03425,0.5035904761904749,0.036,0.28066666666666656
12,20260826,24,permute_both_renormalized,2,middle,12,balance_random_pair,500,0,500,3.984,0.5754166666666667,0.07541666666666669,0.5537999999999993,0.152,0.3375
12,20260826,24,permute_both_renormalized,2,middle,12,balance_pressured_pair,500,0,500,3.984,0.6235833333333334,0.12358333333333338,0.617357142857142,0.27,0.409
12,20260826,24,permute_both_renormalized,2,middle,12,all_pair_product,500,0,500,3.984,0.7278333333333333,0.22783333333333333,0.7771999999999997,0.6,0.6375
12,20260826,24,permute_both_renormalized,2,middle,12,minimum_max_pressure,500,0,500,3.984,0.6643333333333333,0.16433333333333333,0.6517714285714282,0.312,0.5025000000000006
12,20260826,24,catalog,4,early,12,random_order,264,0,264,16.0,0.5,0.0,0.11764705882352905,0.0,0.0625
12,20260826,24,catalog,4,early,12,balance_only,264,0,264,16.0,0.6413352272727273,0.1413352272727273,0.22687936562699337,0.0,0.11868686868686901
12,20260826,24,catalog,4,early,12,balance_random_pair,264,0,264,16.0,0.5930397727272727,0.09303977272727271,0.22952989662226583,0.011363636363636364,0.11616161616161619
12,20260826,24,catalog,4,early,12,balance_pressured_pair,264,0,264,16.0,0.5307765151515151,0.030776515151515138,0.21090257141958568,0.030303030303030304,0.09880050505050507
12,20260826,24,catalog,4,early,12,all_pair_product,264,0,264,16.0,0.6222774621212122,0.12227746212121215,0.38389547845259825,0.3333333333333333,0.24305555555555552
12,20260826,24,catalog,4,early,12,minimum_max_pressure,264,0,264,16.0,0.4904119318181818,-0.009588068181818177,0.18498832071096552,0.05303030303030303,0.07302028779301505
12,20260826,24,permute_both_fixed_anchor,4,early,12,random_order,264,0,264,16.0,0.5,0.0,0.11764705882352905,0.0,0.0625
12,20260826,24,permute_both_fixed_anchor,4,early,12,balance_only,264,0,264,16.0,0.5356297348484849,0.03562973484848486,0.17049813583791246,0.0,0.06502525252525246
12,20260826,24,permute_both_fixed_anchor,4,early,12,balance_random_pair,264,0,264,16.0,0.5712594696969697,0.07125946969696972,0.2073563841747271,0.12878787878787878,0.08838383838383838
12,20260826,24,permute_both_fixed_anchor,4,early,12,balance_pressured_pair,264,0,264,16.0,0.5793087121212122,0.07930871212121215,0.21852006918267308,0.13636363636363635,0.09090909090909088
12,20260826,24,permute_both_fixed_anchor,4,early,12,all_pair_product,264,0,264,16.0,0.7350852272727273,0.2350852272727273,0.4412885984815026,0.39015151515151514,0.27758838383838386
12,20260826,24,permute_both_fixed_anchor,4,early,12,minimum_max_pressure,264,0,264,16.0,0.6459517045454546,0.14595170454545459,0.2610813011986796,0.14015151515151514,0.14189946206991663
12,20260826,24,permute_both_renormalized,4,early,12,random_order,264,0,264,16.0,0.5,0.0,0.11764705882352905,0.0,0.0625
12,20260826,24,permute_both_renormalized,4,early,12,balance_only,264,0,264,16.0,0.5214251893939394,0.021425189393939448,0.16646205292967586,0.0,0.06249999999999992
12,20260826,24,permute_both_renormalized,4,early,12,balance_random_pair,264,0,264,16.0,0.5572916666666666,0.05729166666666663,0.1942397580378378,0.08333333333333333,0.07638888888888888
12,20260826,24,permute_both_renormalized,4,early,12,balance_pressured_pair,264,0,264,16.0,0.583688446969697,0.08368844696969702,0.2110822724972591,0.10984848484848485,0.08270202020202018
12,20260826,24,permute_both_renormalized,4,early,12,all_pair_product,264,0,264,16.0,0.7296401515151515,0.2296401515151515,0.42875136064057545,0.35984848484848486,0.2724116161616162
12,20260826,24,permute_both_renormalized,4,early,12,minimum_max_pressure,264,0,264,16.0,0.6534090909090909,0.15340909090909094,0.2683072238593675,0.1553030303030303,0.1461784953262226
12,20260826,24,catalog,4,middle,12,random_order,500,18,482,15.782157676348548,0.5,0.0,0.11973598568057887,0.0,0.06370877566416984
12,20260826,24,catalog,4,middle,12,balance_only,500,18,482,15.782157676348548,0.6547008316717856,0.1547008316717856,0.2266318329590325,0.0,0.11320885200553216
12,20260826,24,catalog,4,middle,12,balance_random_pair,500,18,482,15.782157676348548,0.628864893750786,0.12886489375078602,0.24983487479433256,0.06431535269709543,0.1291017016639423
12,20260826,24,catalog,4,middle,12,balance_pressured_pair,500,18,482,15.782157676348548,0.6316350186811807,0.13163501868118066,0.2538988082450008,0.1016597510373444,0.12275242047026273
12,20260826,24,catalog,4,middle,12,all_pair_product,500,18,482,15.782157676348548,0.7137023203283572,0.21370232032835723,0.46852699019306837,0.42323651452282157,0.32541493775933605
12,20260826,24,catalog,4,middle,12,minimum_max_pressure,500,18,482,15.782157676348548,0.6740376497637909,0.17403764976379088,0.39394227893235606,0.3008298755186722,0.2930037631801116
12,20260826,24,permute_both_fixed_anchor,4,middle,12,random_order,500,0,500,15.596,0.5,0.0,0.12108039215686243,0.0,0.06446915584415581
12,20260826,24,permute_both_fixed_anchor,4,middle,12,balance_only,500,0,500,15.596,0.5730352272727274,0.07303522727272738,0.19821282155396383,0.008,0.08406666666666658
12,20260826,24,permute_both_fixed_anchor,4,middle,12,balance_random_pair,500,0,500,15.596,0.6301368506493509,0.13013685064935088,0.24205174557477702,0.154,0.11041212121212124
12,20260826,24,permute_both_fixed_anchor,4,middle,12,balance_pressured_pair,500,0,500,15.596,0.6613670454545455,0.1613670454545455,0.2787366838960323,0.238,0.13233333333333333
12,20260826,24,permute_both_fixed_anchor,4,middle,12,all_pair_product,500,0,500,15.596,0.8300659632034623,0.33006596320346226,0.5881262917105626,0.566,0.4305666666666666
12,20260826,24,permute_both_fixed_anchor,4,middle,12,minimum_max_pressure,500,0,500,15.596,0.7268378787878786,0.22683787878787864,0.3597947788110539,0.272,0.24165456765456775
12,20260826,24,permute_both_renormalized,4,middle,12,random_order,500,0,500,15.702,0.5,0.0,0.12007254901960752,0.0,0.06388636363636362
12,20260826,24,permute_both_renormalized,4,middle,12,balance_only,500,0,500,15.702,0.5612365800865804,0.061236580086580394,0.18846908253070302,0.008,0.07529999999999995
12,20260826,24,permute_both_renormalized,4,middle,12,balance_random_pair,500,0,500,15.702,0.6160490800865804,0.11604908008658044,0.23004666368227109,0.138,0.09786212121212123
12,20260826,24,permute_both_renormalized,4,middle,12,balance_pressured_pair,500,0,500,15.702,0.6526608766233767,0.15266087662337668,0.26284634306765486,0.218,0.11500000000000007
12,20260826,24,permute_both_renormalized,4,middle,12,all_pair_product,500,0,500,15.702,0.8379353896103884,0.3379353896103884,0.6042217923136177,0.58,0.45740000000000003
12,20260826,24,permute_both_renormalized,4,middle,12,minimum_max_pressure,500,0,500,15.702,0.756939069264069,0.25693906926406895,0.4070618241301828,0.356,0.29086493506493516
12,20260826,24,catalog,8,early,12,random_order,264,0,264,256.0,0.5,0.0,0.007782101167315151,0.0,0.00390625
12,20260826,24,catalog,8,early,12,balance_only,264,0,264,256.0,0.7226636482007576,0.22266364820075757,0.021411497948228886,0.0,0.009550865800865775
12,20260826,24,catalog,8,early,12,balance_random_pair,264,0,264,256.0,0.7075565222537878,0.20755652225378785,0.030143373308820647,0.42803030303030304,0.013149350649350619
12,20260826,24,catalog,8,early,12,balance_pressured_pair,264,0,264,256.0,0.6700402462121212,0.17004024621212122,0.027768970315427532,0.3787878787878788,0.011554533429533406
12,20260826,24,catalog,8,early,12,all_pair_product,264,0,264,256.0,0.7451541785037878,0.24515417850378785,0.22419779726993358,0.5378787878787878,0.14809027777777778
12,20260826,24,catalog,8,early,12,minimum_max_pressure,264,0,264,256.0,0.7427645596590909,0.24276455965909094,0.08212502088163515,0.3977272727272727,0.05353613625445875
12,20260826,24,permute_both_fixed_anchor,8,early,12,random_order,264,0,264,256.0,0.5,0.0,0.007782101167315151,0.0,0.00390625
12,20260826,24,permute_both_fixed_anchor,8,early,12,balance_only,264,0,264,256.0,0.581735321969697,0.08173532196969702,0.014997644742174004,0.0,0.005167748917748909
12,20260826,24,permute_both_fixed_anchor,8,early,12,balance_random_pair,264,0,264,256.0,0.6258803858901515,0.1258803858901515,0.020512815187905407,0.19696969696969696,0.0070120851370851335
12,20260826,24,permute_both_fixed_anchor,8,early,12,balance_pressured_pair,264,0,264,256.0,0.6517814867424242,0.1517814867424242,0.02413033736965646,0.22348484848484848,0.008519721019721016
12,20260826,24,permute_both_fixed_anchor,8,early,12,all_pair_product,264,0,264,256.0,0.8822502367424242,0.3822502367424242,0.28628335871289917,0.6325757575757576,0.20669191919191923
12,20260826,24,permute_both_fixed_anchor,8,early,12,minimum_max_pressure,264,0,264,256.0,0.764840790719697,0.264840790719697,0.08341295289528176,0.2916666666666667,0.05258168457003648
12,20260826,24,permute_both_renormalized,8,early,12,random_order,264,0,264,256.0,0.5,0.0,0.007782101167315151,0.0,0.00390625
12,20260826,24,permute_both_renormalized,8,early,12,balance_only,264,0,264,256.0,0.5757279829545454,0.07572798295454541,0.014040531900273974,0.0,0.004423701298701291
12,20260826,24,permute_both_renormalized,8,early,12,balance_random_pair,264,0,264,256.0,0.6299050071022727,0.1299050071022727,0.01882860013756586,0.14015151515151514,0.0056773088023088
12,20260826,24,permute_both_renormalized,8,early,12,balance_pressured_pair,264,0,264,256.0,0.6643288352272727,0.1643288352272727,0.02330160307366874,0.21212121212121213,0.007457010582010586
12,20260826,24,permute_both_renormalized,8,early,12,all_pair_product,264,0,264,256.0,0.8809999408143939,0.3809999408143939,0.303863680397299,0.6477272727272727,0.22324284511784512
12,20260826,24,permute_both_renormalized,8,early,12,minimum_max_pressure,264,0,264,256.0,0.7900390625,0.2900390625,0.0948497091556877,0.3712121212121212,0.06177060378049657
12,20260826,24,catalog,8,middle,12,random_order,264,21,243,58.36625514403292,0.5,0.0,0.10339466449801185,0.0,0.05993850713815088
12,20260826,24,catalog,8,middle,12,balance_only,264,21,243,58.36625514403292,0.6340911168538064,0.13409111685380637,0.172772276793535,0.0411522633744856,0.10296589009932353
12,20260826,24,catalog,8,middle,12,balance_random_pair,264,21,243,58.36625514403292,0.6987986946233127,0.19879869462331268,0.2464316632093139,0.24691358024691357,0.16779705108781795
12,20260826,24,catalog,8,middle,12,balance_pressured_pair,264,21,243,58.36625514403292,0.6857248083984417,0.18572480839844174,0.2610900766513283,0.3292181069958848,0.1698241319991391
12,20260826,24,catalog,8,middle,12,all_pair_product,264,21,243,58.36625514403292,0.7989816563571848,0.29898165635718477,0.5249927455173189,0.6666666666666666,0.44776520347508
12,20260826,24,catalog,8,middle,12,minimum_max_pressure,264,21,243,58.36625514403292,0.5726185120717325,0.07261851207173253,0.22304261107257883,0.20987654320987653,0.16833502397386668
12,20260826,24,permute_both_fixed_anchor,8,middle,12,random_order,264,5,259,40.94980694980695,0.5,0.0,0.18608052343613862,0.0,0.11439935636954764
12,20260826,24,permute_both_fixed_anchor,8,middle,12,balance_only,264,5,259,40.94980694980695,0.6050073190885079,0.10500731908850791,0.3132214810309705,0.20463320463320464,0.20631003999300923
12,20260826,24,permute_both_fixed_anchor,8,middle,12,balance_random_pair,264,5,259,40.94980694980695,0.6604192971094075,0.1604192971094075,0.335646213282199,0.2702702702702703,0.21719691469484842
12,20260826,24,permute_both_fixed_anchor,8,middle,12,balance_pressured_pair,264,5,259,40.94980694980695,0.6404205231017794,0.14042052310177944,0.34419667584888886,0.2625482625482625,0.2325603741944202
12,20260826,24,permute_both_fixed_anchor,8,middle,12,all_pair_product,264,5,259,40.94980694980695,0.8630981052783991,0.36309810527839914,0.6431889509809187,0.7413127413127413,0.5660185695899981
12,20260826,24,permute_both_fixed_anchor,8,middle,12,minimum_max_pressure,264,5,259,40.94980694980695,0.6064362908055384,0.1064362908055384,0.27909493970861743,0.21621621621621623,0.19158439693128562
12,20260826,24,permute_both_renormalized,8,middle,12,random_order,264,5,259,41.359073359073356,0.5,0.0,0.18101306123391947,0.0,0.11151394731854729
12,20260826,24,permute_both_renormalized,8,middle,12,balance_only,264,5,259,41.359073359073356,0.6190830869412168,0.11908308694121683,0.29700768217408186,0.17374517374517376,0.1711124612518067
12,20260826,24,permute_both_renormalized,8,middle,12,balance_random_pair,264,5,259,41.359073359073356,0.6825936551723608,0.1825936551723608,0.3441078223425777,0.2548262548262548,0.2237958311698991
12,20260826,24,permute_both_renormalized,8,middle,12,balance_pressured_pair,264,5,259,41.359073359073356,0.6465432008000945,0.14654320080009453,0.32093011018165496,0.25096525096525096,0.19332856320312494
12,20260826,24,permute_both_renormalized,8,middle,12,all_pair_product,264,5,259,41.359073359073356,0.8619705979368204,0.3619705979368204,0.6399643715907121,0.7258687258687259,0.5544521758807472
12,20260826,24,permute_both_renormalized,8,middle,12,minimum_max_pressure,264,5,259,41.359073359073356,0.6047608074912973,0.10476080749129735,0.2789074537188712,0.19305019305019305,0.19836079307061483
12,20260826,28,catalog,2,early,97,random_order,500,0,500,4.0,0.5,0.0,0.4000000000000035,0.0,0.25
12,20260826,28,catalog,2,early,97,balance_only,500,0,500,4.0,0.5325,0.03249999999999997,0.49666666666666487,0.0,0.268
12,20260826,28,catalog,2,early,97,balance_random_pair,500,0,500,4.0,0.52275,0.022750000000000048,0.5109714285714277,0.1,0.287
12,20260826,28,catalog,2,early,97,balance_pressured_pair,500,0,500,4.0,0.55875,0.05874999999999997,0.5535142857142851,0.176,0.328
12,20260826,28,catalog,2,early,97,all_pair_product,500,0,500,4.0,0.62225,0.12224999999999997,0.6440380952380946,0.396,0.436
12,20260826,28,catalog,2,early,97,minimum_max_pressure,500,0,500,4.0,0.55725,0.05725000000000002,0.5144428571428569,0.11,0.32650000000000023
12,20260826,28,permute_both_fixed_anchor,2,early,97,random_order,500,0,500,4.0,0.5,0.0,0.4000000000000035,0.0,0.25
12,20260826,28,permute_both_fixed_anchor,2,early,97,balance_only,500,0,500,4.0,0.50775,0.007750000000000035,0.48109523809523663,0.0,0.251
12,20260826,28,permute_both_fixed_anchor,2,early,97,balance_random_pair,500,0,500,4.0,0.5445,0.044499999999999984,0.5236999999999997,0.116,0.306
12,20260826,28,permute_both_fixed_anchor,2,early,97,balance_pressured_pair,500,0,500,4.0,0.54625,0.04625000000000001,0.5279761904761908,0.134,0.2835
12,20260826,28,permute_both_fixed_anchor,2,early,97,all_pair_product,500,0,500,4.0,0.644,0.14400000000000002,0.6750380952380949,0.446,0.48816666666666664
12,20260826,28,permute_both_fixed_anchor,2,early,97,minimum_max_pressure,500,0,500,4.0,0.57275,0.07274999999999998,0.5354809523809523,0.144,0.341166666666667
12,20260826,28,permute_both_renormalized,2,early,97,random_order,500,0,500,4.0,0.5,0.0,0.4000000000000035,0.0,0.25
12,20260826,28,permute_both_renormalized,2,early,97,balance_only,500,0,500,4.0,0.5055,0.005499999999999949,0.47857142857142704,0.0,0.247
12,20260826,28,permute_both_renormalized,2,early,97,balance_random_pair,500,0,500,4.0,0.52775,0.027750000000000052,0.5103333333333332,0.118,0.278
12,20260826,28,permute_both_renormalized,2,early,97,balance_pressured_pair,500,0,500,4.0,0.55075,0.05074999999999996,0.5382190476190475,0.154,0.3005
12,20260826,28,permute_both_renormalized,2,early,97,all_pair_product,500,0,500,4.0,0.63375,0.13375000000000004,0.6606428571428569,0.416,0.467
12,20260826,28,permute_both_renormalized,2,early,97,minimum_max_pressure,500,0,500,4.0,0.56175,0.06174999999999997,0.5264095238095238,0.142,0.3301666666666667
12,20260826,28,catalog,2,middle,97,random_order,500,6,494,3.9696356275303644,0.5,0.0,0.403036437246967,0.0,0.2525303643724696
12,20260826,28,catalog,2,middle,97,balance_only,500,6,494,3.9696356275303644,0.5282557354925776,0.02825573549257765,0.49371987661461186,0.008097165991902834,0.2597840755735492
12,20260826,28,catalog,2,middle,97,balance_random_pair,500,6,494,3.9696356275303644,0.5648616734143049,0.06486167341430493,0.5441632928475031,0.1437246963562753,0.3270917678812415
12,20260826,28,catalog,2,middle,97,balance_pressured_pair,500,6,494,3.9696356275303644,0.6127699055330635,0.11276990553306354,0.6153653364179681,0.2975708502024291,0.3964237516869095
12,20260826,28,catalog,2,middle,97,all_pair_product,500,6,494,3.9696356275303644,0.7553981106612685,0.2553981106612685,0.812246963562753,0.6518218623481782,0.6821862348178138
12,20260826,28,catalog,2,middle,97,minimum_max_pressure,500,6,494,3.9696356275303644,0.6308198380566802,0.13081983805668018,0.6116493155966838,0.2591093117408907,0.4414642375168696
12,20260826,28,permute_both_fixed_anchor,2,middle,97,random_order,500,0,500,3.99,0.5,0.0,0.40100000000000346,0.0,0.2508333333333333
12,20260826,28,permute_both_fixed_anchor,2,middle,97,balance_only,500,0,500,3.99,0.53275,0.032749999999999946,0.5013238095238086,0.034,0.277
12,20260826,28,permute_both_fixed_anchor,2,middle,97,balance_random_pair,500,0,500,3.99,0.5838333333333334,0.08383333333333343,0.5643428571428568,0.162,0.3496666666666666
12,20260826,28,permute_both_fixed_anchor,2,middle,97,balance_pressured_pair,500,0,500,3.99,0.6138333333333332,0.11383333333333323,0.6086238095238095,0.266,0.39016666666666666
12,20260826,28,permute_both_fixed_anchor,2,middle,97,all_pair_product,500,0,500,3.99,0.7401666666666666,0.24016666666666664,0.7949952380952382,0.632,0.6615
12,20260826,28,permute_both_fixed_anchor,2,middle,97,minimum_max_pressure,500,0,500,3.99,0.6438333333333334,0.14383333333333337,0.622733333333333,0.272,0.4615000000000009
12,20260826,28,permute_both_renormalized,2,middle,97,random_order,500,0,500,3.988,0.5,0.0,0.4012000000000035,0.0,0.25099999999999995
12,20260826,28,permute_both_renormalized,2,middle,97,balance_only,500,0,500,3.988,0.5194166666666666,0.019416666666666638,0.4832285714285701,0.01,0.24799999999999994
12,20260826,28,permute_both_renormalized,2,middle,97,balance_random_pair,500,0,500,3.988,0.57325,0.07325000000000004,0.5512476190476184,0.144,0.3295
12,20260826,28,permute_both_renormalized,2,middle,97,balance_pressured_pair,500,0,500,3.988,0.6046666666666668,0.1046666666666668,0.5923047619047617,0.236,0.36566666666666664
12,20260826,28,permute_both_renormalized,2,middle,97,all_pair_product,500,0,500,3.988,0.739,0.239,0.7945285714285709,0.636,0.663
12,20260826,28,permute_both_renormalized,2,middle,97,minimum_max_pressure,500,0,500,3.988,0.6475,0.14749999999999996,0.6249380952380944,0.272,0.4628333333333342
12,20260826,28,catalog,4,early,97,random_order,500,0,500,16.0,0.5,0.0,0.11764705882352902,0.0,0.0625
12,20260826,28,catalog,4,early,97,balance_only,500,0,500,16.0,0.5666875,0.06668750000000001,0.18888715550736562,0.0,0.08049999999999995
12,20260826,28,catalog,4,early,97,balance_random_pair,500,0,500,16.0,0.5599375,0.05993749999999998,0.21106530875050913,0.1,0.08900000000000007
12,20260826,28,catalog,4,early,97,balance_pressured_pair,500,0,500,16.0,0.5705625,0.07056249999999997,0.2287476759071633,0.162,0.0985000000000001
12,20260826,28,catalog,4,early,97,all_pair_product,500,0,500,16.0,0.7194375,0.21943749999999995,0.4146095267717448,0.366,0.2334999999999999
12,20260826,28,catalog,4,early,97,minimum_max_pressure,500,0,500,16.0,0.5889375,0.0889375,0.2152185833960433,0.086,0.10315637140637161
12,20260826,28,permute_both_fixed_anchor,4,early,97,random_order,500,0,500,16.0,0.5,0.0,0.11764705882352902,0.0,0.0625
12,20260826,28,permute_both_fixed_anchor,4,early,97,balance_only,500,0,500,16.0,0.5253125,0.02531249999999996,0.17117735653270835,0.0,0.06750000000000013
12,20260826,28,permute_both_fixed_anchor,4,early,97,balance_random_pair,500,0,500,16.0,0.5478125,0.047812500000000036,0.18945191312384624,0.068,0.06966666666666665
12,20260826,28,permute_both_fixed_anchor,4,early,97,balance_pressured_pair,500,0,500,16.0,0.5579375,0.057937499999999975,0.20186691201486712,0.11,0.07500000000000002
12,20260826,28,permute_both_fixed_anchor,4,early,97,all_pair_product,500,0,500,16.0,0.7409375,0.24093750000000003,0.4409177484048012,0.376,0.2748333333333333
12,20260826,28,permute_both_fixed_anchor,4,early,97,minimum_max_pressure,500,0,500,16.0,0.646875,0.14687499999999998,0.27673676348340104,0.162,0.16395350205350226
12,20260826,28,permute_both_renormalized,4,early,97,random_order,500,0,500,16.0,0.5,0.0,0.11764705882352902,0.0,0.0625
12,20260826,28,permute_both_renormalized,4,early,97,balance_only,500,0,500,16.0,0.547625,0.04762500000000003,0.17830724156264105,0.0,0.07250000000000005
12,20260826,28,permute_both_renormalized,4,early,97,balance_random_pair,500,0,500,16.0,0.577125,0.077125,0.2033046077889903,0.07,0.08299999999999999
12,20260826,28,permute_both_renormalized,4,early,97,balance_pressured_pair,500,0,500,16.0,0.5755625,0.07556249999999998,0.2144681467410227,0.116,0.0851666666666666
12,20260826,28,permute_both_renormalized,4,early,97,all_pair_product,500,0,500,16.0,0.7495,0.24950000000000006,0.4655397173313219,0.412,0.3053333333333333
12,20260826,28,permute_both_renormalized,4,early,97,minimum_max_pressure,500,0,500,16.0,0.641375,0.14137500000000003,0.2697206494003728,0.162,0.15814176379176392
12,20260826,28,catalog,4,middle,97,random_order,500,10,490,15.153061224489797,0.5,0.0,0.12853638858140626,0.0,0.06915019787468771
12,20260826,28,catalog,4,middle,97,balance_only,500,10,490,15.153061224489797,0.5867185068333027,0.08671850683330273,0.20476106314957784,0.006122448979591836,0.08884353741496595
12,20260826,28,catalog,4,middle,97,balance_random_pair,500,10,490,15.153061224489797,0.6078892012182829,0.10788920121828294,0.2588063864176581,0.17959183673469387,0.12426649880731526
12,20260826,28,catalog,4,middle,97,balance_pressured_pair,500,10,490,15.153061224489797,0.6438273631130778,0.14382736311307776,0.2985376452622846,0.22244897959183674,0.15034013605442184
12,20260826,28,catalog,4,middle,97,all_pair_product,500,10,490,15.153061224489797,0.8199024388310091,0.3199024388310091,0.5782033438539723,0.5428571428571428,0.4229591836734694
12,20260826,28,catalog,4,middle,97,minimum_max_pressure,500,10,490,15.153061224489797,0.6882361317820499,0.1882361317820499,0.33537552627775563,0.2693877551020408,0.21243199544219962
12,20260826,28,permute_both_fixed_anchor,4,middle,97,random_order,500,0,500,15.43,0.5,0.0,0.12275396172454965,0.0,0.06545710123210126
12,20260826,28,permute_both_fixed_anchor,4,middle,97,balance_only,500,0,500,15.43,0.5771445346320354,0.07714453463203541,0.20262843193382246,0.014,0.0848333333333333
12,20260826,28,permute_both_fixed_anchor,4,middle,97,balance_random_pair,500,0,500,15.43,0.6173290209790208,0.11732902097902076,0.24349270888375665,0.17,0.10486363636363633
12,20260826,28,permute_both_fixed_anchor,4,middle,97,balance_pressured_pair,500,0,500,15.43,0.6653884032634029,0.16538840326340287,0.2857482028697633,0.262,0.13413333333333344
12,20260826,28,permute_both_fixed_anchor,4,middle,97,all_pair_product,500,0,500,15.43,0.8219223151848144,0.3219223151848144,0.5977114476933549,0.598,0.44408333333333333
12,20260826,28,permute_both_fixed_anchor,4,middle,97,minimum_max_pressure,500,0,500,15.43,0.7293414751914752,0.22934147519147519,0.3618251449107646,0.27,0.24143686868686878
12,20260826,28,permute_both_renormalized,4,middle,97,random_order,500,0,500,15.47,0.5,0.0,0.12218142347848197,0.0,0.0651016983016983
12,20260826,28,permute_both_renormalized,4,middle,97,balance_only,500,0,500,15.47,0.5783898185148191,0.07838981851481908,0.20437000828718957,0.01,0.08799999999999988
12,20260826,28,permute_both_renormalized,4,middle,97,balance_random_pair,500,0,500,15.47,0.6301095321345321,0.13010953213453214,0.24715523485072236,0.172,0.11190404040404049
12,20260826,28,permute_both_renormalized,4,middle,97,balance_pressured_pair,500,0,500,15.47,0.6787444472194473,0.17874444721944727,0.29243976752175754,0.262,0.14349999999999993
12,20260826,28,permute_both_renormalized,4,middle,97,all_pair_product,500,0,500,15.47,0.8419762071262059,0.3419762071262059,0.6248362966304225,0.628,0.4778333333333333
12,20260826,28,permute_both_renormalized,4,middle,97,minimum_max_pressure,500,0,500,15.47,0.7749763444888444,0.27497634448884445,0.4240180373470772,0.34,0.3097642357642356
12,20260826,28,catalog,8,early,97,random_order,500,0,500,256.0,0.5,0.0,0.007782101167315149,0.0,0.00390625
12,20260826,28,catalog,8,early,97,balance_only,500,0,500,256.0,0.63284765625,0.13284765624999995,0.016192035895277946,0.0,0.005671428571428556
12,20260826,28,catalog,8,early,97,balance_random_pair,500,0,500,256.0,0.6171328125,0.11713281249999996,0.02044493691464634,0.154,0.0067626984126984
12,20260826,28,catalog,8,early,97,balance_pressured_pair,500,0,500,256.0,0.6635703125,0.16357031249999998,0.024294698997158574,0.188,0.008342063492063475
12,20260826,28,catalog,8,early,97,all_pair_product,500,0,500,256.0,0.8226171875,0.3226171875,0.1392683911310854,0.516,0.0795087912087912
12,20260826,28,catalog,8,early,97,minimum_max_pressure,500,0,500,256.0,0.67931640625,0.17931640625,0.057305918530484376,0.19,0.0377630275112413
12,20260826,28,permute_both_fixed_anchor,8,early,97,random_order,500,0,500,256.0,0.5,0.0,0.007782101167315149,0.0,0.00390625
12,20260826,28,permute_both_fixed_anchor,8,early,97,balance_only,500,0,500,256.0,0.5676875,0.06768750000000001,0.014450636272511348,0.0,0.0048714285714285595
12,20260826,28,permute_both_fixed_anchor,8,early,97,balance_random_pair,500,0,500,256.0,0.60846484375,0.10846484374999998,0.01857336112202633,0.158,0.005680158730158719
12,20260826,28,permute_both_fixed_anchor,8,early,97,balance_pressured_pair,500,0,500,256.0,0.63158203125,0.13158203125,0.020923064042017218,0.18,0.0062293650793650715
12,20260826,28,permute_both_fixed_anchor,8,early,97,all_pair_product,500,0,500,256.0,0.85802734375,0.35802734375,0.2569469121327076,0.592,0.17493333333333333
12,20260826,28,permute_both_fixed_anchor,8,early,97,minimum_max_pressure,500,0,500,256.0,0.75666796875,0.25666796875,0.068431770415761,0.21,0.04349332289486994
12,20260826,28,permute_both_renormalized,8,early,97,random_order,500,0,500,256.0,0.5,0.0,0.007782101167315149,0.0,0.00390625
12,20260826,28,permute_both_renormalized,8,early,97,balance_only,500,0,500,256.0,0.55903125,0.05903124999999998,0.014588676979048443,0.0,0.005007142857142844
12,20260826,28,permute_both_renormalized,8,early,97,balance_random_pair,500,0,500,256.0,0.60243359375,0.10243359375000005,0.018999998540772483,0.16,0.006186507936507928
12,20260826,28,permute_both_renormalized,8,early,97,balance_pressured_pair,500,0,500,256.0,0.604,0.10399999999999998,0.021336225923085275,0.19,0.006898412698412688
12,20260826,28,permute_both_renormalized,8,early,97,all_pair_product,500,0,500,256.0,0.86030078125,0.36030078125,0.25167450967427774,0.602,0.17026428571428573
12,20260826,28,permute_both_renormalized,8,early,97,minimum_max_pressure,500,0,500,256.0,0.75013671875,0.25013671875,0.07774196527480172,0.262,0.05152704415671726
12,20260826,28,catalog,8,middle,97,random_order,500,0,500,189.854,0.5,0.0,0.011457085312508893,0.0,0.005766227902536167
12,20260826,28,catalog,8,middle,97,balance_only,500,0,500,189.854,0.6453243070577246,0.1453243070577246,0.021518393821784856,0.002,0.008673318820470602
12,20260826,28,catalog,8,middle,97,balance_random_pair,500,0,500,189.854,0.684214235869029,0.18421423586902896,0.03341996805560475,0.216,0.0114153044466149
12,20260826,28,catalog,8,middle,97,balance_pressured_pair,500,0,500,189.854,0.7182203381274714,0.21822033812747144,0.040099227866942116,0.294,0.01401733916968133
12,20260826,28,catalog,8,middle,97,all_pair_product,500,0,500,189.854,0.9237713527334507,0.4237713527334507,0.4629828800440309,0.756,0.37150952380952373
12,20260826,28,catalog,8,middle,97,minimum_max_pressure,500,0,500,189.854,0.8284680831836645,0.3284680831836645,0.14282435271135785,0.424,0.10191066193959193
12,20260826,28,permute_both_fixed_anchor,8,middle,97,random_order,500,0,500,194.902,0.5,0.0,0.010726215963624322,0.0,0.005393884543173914
12,20260826,28,permute_both_fixed_anchor,8,middle,97,balance_only,500,0,500,194.902,0.6304252903235015,0.13042529032350147,0.020558475420168535,0.018,0.008238248952874777
12,20260826,28,permute_both_fixed_anchor,8,middle,97,balance_random_pair,500,0,500,194.902,0.7026024945947,0.20260249459470003,0.03419181143672302,0.214,0.012898704916310108
12,20260826,28,permute_both_fixed_anchor,8,middle,97,balance_pressured_pair,500,0,500,194.902,0.7312698661076609,0.23126986610766087,0.040699709579653714,0.294,0.015683970893947696
12,20260826,28,permute_both_fixed_anchor,8,middle,97,all_pair_product,500,0,500,194.902,0.9280017759540918,0.42800177595409183,0.48870205334996747,0.778,0.3964509240759241
12,20260826,28,permute_both_fixed_anchor,8,middle,97,minimum_max_pressure,500,0,500,194.902,0.8623722475877655,0.36237224758776554,0.20155189514358615,0.55,0.15356119150857742
12,20260826,28,permute_both_renormalized,8,middle,97,random_order,500,0,500,196.256,0.5,0.0,0.010579005915401781,0.0,0.0053190633772940326
12,20260826,28,permute_both_renormalized,8,middle,97,balance_only,500,0,500,196.256,0.6286205750318038,0.1286205750318038,0.0210757914878514,0.03,0.008460432362419845
12,20260826,28,permute_both_renormalized,8,middle,97,balance_random_pair,500,0,500,196.256,0.7046595583654702,0.20465955836547023,0.033992650025829935,0.202,0.01280164054984424
12,20260826,28,permute_both_renormalized,8,middle,97,balance_pressured_pair,500,0,500,196.256,0.7352069852422596,0.23520698524225958,0.03813846263429957,0.242,0.013658113006712927
12,20260826,28,permute_both_renormalized,8,middle,97,all_pair_product,500,0,500,196.256,0.9326171948063348,0.43261719480633476,0.4903738786678978,0.804,0.3954249592999593
12,20260826,28,permute_both_renormalized,8,middle,97,minimum_max_pressure,500,0,500,196.256,0.862620407903823,0.362620407903823,0.20169807987555227,0.534,0.15612290850014543
13,20260827,24,catalog,2,early,12,random_order,500,0,500,4.0,0.5,0.0,0.4000000000000035,0.0,0.25
13,20260827,24,catalog,2,early,12,balance_only,500,0,500,4.0,0.5395,0.03949999999999998,0.5014285714285694,0.0,0.274
13,20260827,24,catalog,2,early,12,balance_random_pair,500,0,500,4.0,0.512,0.01200000000000001,0.49412857142857053,0.076,0.2715
13,20260827,24,catalog,2,early,12,balance_pressured_pair,500,0,500,4.0,0.476,-0.02400000000000002,0.5199809523809522,0.238,0.316
13,20260827,24,catalog,2,early,12,all_pair_product,500,0,500,4.0,0.58725,0.08725000000000005,0.6034999999999999,0.326,0.382
13,20260827,24,catalog,2,early,12,minimum_max_pressure,500,0,500,4.0,0.43575,-0.06424999999999997,0.48888095238095197,0.242,0.2968333333333333
13,20260827,24,permute_both_fixed_anchor,2,early,12,random_order,500,0,500,4.0,0.5,0.0,0.4000000000000035,0.0,0.25
13,20260827,24,permute_both_fixed_anchor,2,early,12,balance_only,500,0,500,4.0,0.517,0.017000000000000015,0.4864999999999982,0.0,0.257
13,20260827,24,permute_both_fixed_anchor,2,early,12,balance_random_pair,500,0,500,4.0,0.54,0.040000000000000036,0.5125095238095232,0.096,0.287
13,20260827,24,permute_both_fixed_anchor,2,early,12,balance_pressured_pair,500,0,500,4.0,0.566,0.06599999999999995,0.5507619047619046,0.17,0.318
13,20260827,24,permute_both_fixed_anchor,2,early,12,all_pair_product,500,0,500,4.0,0.66625,0.16625,0.6992523809523806,0.48,0.525
13,20260827,24,permute_both_fixed_anchor,2,early,12,minimum_max_pressure,500,0,500,4.0,0.57925,0.07925000000000004,0.5425333333333329,0.15,0.3535000000000003
13,20260827,24,permute_both_renormalized,2,early,12,random_order,500,0,500,4.0,0.5,0.0,0.4000000000000035,0.0,0.25
13,20260827,24,permute_both_renormalized,2,early,12,balance_only,500,0,500,4.0,0.52,0.020000000000000018,0.48930952380952225,0.0,0.261
13,20260827,24,permute_both_renormalized,2,early,12,balance_random_pair,500,0,500,4.0,0.55425,0.05425000000000002,0.5230095238095235,0.09,0.3045
13,20260827,24,permute_both_renormalized,2,early,12,balance_pressured_pair,500,0,500,4.0,0.56125,0.06125000000000003,0.5443333333333333,0.148,0.3145
13,20260827,24,permute_both_renormalized,2,early,12,all_pair_product,500,0,500,4.0,0.6545,0.15449999999999997,0.6842476190476184,0.452,0.5055
13,20260827,24,permute_both_renormalized,2,early,12,minimum_max_pressure,500,0,500,4.0,0.58425,0.08425000000000005,0.5401190476190478,0.132,0.35100000000000037
13,20260827,24,catalog,2,middle,12,random_order,500,50,450,3.988888888888889,0.5,0.0,0.4011111111111143,0.0,0.25092592592592594
13,20260827,24,catalog,2,middle,12,balance_only,500,50,450,3.988888888888889,0.5366666666666666,0.036666666666666625,0.4975978835978823,0.008888888888888889,0.26666666666666655
13,20260827,24,catalog,2,middle,12,balance_random_pair,500,50,450,3.988888888888889,0.5539814814814814,0.05398148148148141,0.5340158730158723,0.12,0.3268518518518518
13,20260827,24,catalog,2,middle,12,balance_pressured_pair,500,50,450,3.988888888888889,0.5230555555555556,0.023055555555555607,0.5458095238095237,0.2311111111111111,0.3374074074074074
13,20260827,24,catalog,2,middle,12,all_pair_product,500,50,450,3.988888888888889,0.6308333333333334,0.13083333333333336,0.6612592592592592,0.42,0.475
13,20260827,24,catalog,2,middle,12,minimum_max_pressure,500,50,450,3.988888888888889,0.5809259259259261,0.08092592592592607,0.6246560846560838,0.37555555555555553,0.4751851851851853
13,20260827,24,permute_both_fixed_anchor,2,middle,12,random_order,500,0,500,3.998,0.5,0.0,0.4002000000000035,0.0,0.25016666666666665
13,20260827,24,permute_both_fixed_anchor,2,middle,12,balance_only,500,0,500,3.998,0.5284166666666668,0.028416666666666757,0.4942238095238082,0.02,0.267
13,20260827,24,permute_both_fixed_anchor,2,middle,12,balance_random_pair,500,0,500,3.998,0.5630833333333333,0.06308333333333327,0.5398285714285713,0.14,0.3153333333333333
13,20260827,24,permute_both_fixed_anchor,2,middle,12,balance_pressured_pair,500,0,500,3.998,0.6186666666666667,0.1186666666666667,0.5986476190476194,0.224,0.3751666666666667
13,20260827,24,permute_both_fixed_anchor,2,middle,12,all_pair_product,500,0,500,3.998,0.7176666666666668,0.21766666666666679,0.7598142857142857,0.566,0.6073333333333334
13,20260827,24,permute_both_fixed_anchor,2,middle,12,minimum_max_pressure,500,0,500,3.998,0.6496666666666667,0.14966666666666673,0.6231142857142855,0.27,0.459500000000001
13,20260827,24,permute_both_renormalized,2,middle,12,random_order,500,1,499,3.9919839679358717,0.5,0.0,0.4008016032064163,0.0,0.25066800267201067
13,20260827,24,permute_both_renormalized,2,middle,12,balance_only,500,1,499,3.9919839679358717,0.5240480961923847,0.024048096192384683,0.49018513216909887,0.018036072144288578,0.2611890447561789
13,20260827,24,permute_both_renormalized,2,middle,12,balance_random_pair,500,1,499,3.9919839679358717,0.5711422845691383,0.07114228456913829,0.5560501956293534,0.16432865731462926,0.3388443553774215
13,20260827,24,permute_both_renormalized,2,middle,12,balance_pressured_pair,500,1,499,3.9919839679358717,0.6013694054776219,0.10136940547762185,0.5913350510544895,0.23446893787575152,0.37090848363393447
13,20260827,24,permute_both_renormalized,2,middle,12,all_pair_product,500,1,499,3.9919839679358717,0.7338844355377421,0.23388443553774207,0.7870741482965925,0.6212424849699398,0.6508016032064128
13,20260827,24,permute_both_renormalized,2,middle,12,minimum_max_pressure,500,1,499,3.9919839679358717,0.6482130928523714,0.1482130928523714,0.6311384674110123,0.2925851703406814,0.47077488309953325
13,20260827,24,catalog,4,early,12,random_order,264,0,264,16.0,0.5,0.0,0.11764705882352905,0.0,0.0625
13,20260827,24,catalog,4,early,12,balance_only,264,0,264,16.0,0.6047585227272727,0.10475852272727271,0.20367011638477442,0.0,0.09532828282828298
13,20260827,24,catalog,4,early,12,balance_random_pair,264,0,264,16.0,0.5566998106060606,0.05669981060606055,0.21719485620257548,0.07954545454545454,0.10132575757575762
13,20260827,24,catalog,4,early,12,balance_pressured_pair,264,0,264,16.0,0.5336174242424242,0.0336174242424242,0.2131283592685668,0.07575757575757576,0.09469696969696972
13,20260827,24,catalog,4,early,12,all_pair_product,264,0,264,16.0,0.6407433712121212,0.14074337121212122,0.39793983564271257,0.36742424242424243,0.2525252525252525
13,20260827,24,catalog,4,early,12,minimum_max_pressure,264,0,264,16.0,0.4739583333333333,-0.026041666666666685,0.21896847957007776,0.11742424242424243,0.11796991939037386
13,20260827,24,permute_both_fixed_anchor,4,early,12,random_order,264,0,264,16.0,0.5,0.0,0.11764705882352905,0.0,0.0625
13,20260827,24,permute_both_fixed_anchor,4,early,12,balance_only,264,0,264,16.0,0.521780303030303,0.021780303030302983,0.16498986544764496,0.0,0.06060606060606052
13,20260827,24,permute_both_fixed_anchor,4,early,12,balance_random_pair,264,0,264,16.0,0.5793087121212122,0.07930871212121215,0.20775651776856174,0.09848484848484848,0.08617424242424235
13,20260827,24,permute_both_fixed_anchor,4,early,12,balance_pressured_pair,264,0,264,16.0,0.5861742424242424,0.08617424242424243,0.21086273639352315,0.0946969696969697,0.08112373737373738
13,20260827,24,permute_both_fixed_anchor,4,early,12,all_pair_product,264,0,264,16.0,0.7479876893939394,0.24798768939393945,0.45214648560188364,0.3787878787878788,0.2948232323232324
13,20260827,24,permute_both_fixed_anchor,4,early,12,minimum_max_pressure,264,0,264,16.0,0.6448863636363636,0.14488636363636365,0.2538110902621424,0.17803030303030304,0.1319398825080643
13,20260827,24,permute_both_renormalized,4,early,12,random_order,264,0,264,16.0,0.5,0.0,0.11764705882352905,0.0,0.0625
13,20260827,24,permute_both_renormalized,4,early,12,balance_only,264,0,264,16.0,0.5239109848484849,0.023910984848484862,0.16670141370331082,0.0,0.06249999999999992
13,20260827,24,permute_both_renormalized,4,early,12,balance_random_pair,264,0,264,16.0,0.5625,0.0625,0.19881577284714017,0.09090909090909091,0.07986111111111109
13,20260827,24,permute_both_renormalized,4,early,12,balance_pressured_pair,264,0,264,16.0,0.5726799242424242,0.0726799242424242,0.1985458088881427,0.08333333333333333,0.0716540404040404
13,20260827,24,permute_both_renormalized,4,early,12,all_pair_product,264,0,264,16.0,0.7470407196969697,0.24704071969696972,0.4456491162030781,0.38257575757575757,0.2796717171717171
13,20260827,24,permute_both_renormalized,4,early,12,minimum_max_pressure,264,0,264,16.0,0.6414535984848485,0.1414535984848485,0.25997806787759936,0.1553030303030303,0.14337849650349657
13,20260827,24,catalog,4,middle,12,random_order,500,49,451,15.7450110864745,0.5,0.0,0.1201469501326025,0.0,0.06394880064503122
13,20260827,24,catalog,4,middle,12,balance_only,500,49,451,15.7450110864745,0.6347384599879059,0.1347384599879059,0.21281874950629306,0.004434589800443459,0.09889135254988903
13,20260827,24,catalog,4,middle,12,balance_random_pair,500,49,451,15.7450110864745,0.6225055432372503,0.12250554323725027,0.2352043640122998,0.07982261640798226,0.11626016260162596
13,20260827,24,catalog,4,middle,12,balance_pressured_pair,500,49,451,15.7450110864745,0.567816468453941,0.06781646845394096,0.22302156407487955,0.08647450110864745,0.09848484848484845
13,20260827,24,catalog,4,middle,12,all_pair_product,500,49,451,15.7450110864745,0.7232727776657931,0.22327277766579312,0.48121573260035644,0.44789356984478934,0.34349593495934955
13,20260827,24,catalog,4,middle,12,minimum_max_pressure,500,49,451,15.7450110864745,0.6613271013908485,0.1613271013908485,0.4155074061829271,0.352549889135255,0.32055765126718516
13,20260827,24,permute_both_fixed_anchor,4,middle,12,random_order,500,0,500,15.688,0.5,0.0,0.12007086834733863,0.0,0.06387961205461203
13,20260827,24,permute_both_fixed_anchor,4,middle,12,balance_only,500,0,500,15.688,0.5683682983682982,0.06836829836829816,0.19027343698309304,0.002,0.07693333333333335
13,20260827,24,permute_both_fixed_anchor,4,middle,12,balance_random_pair,500,0,500,15.688,0.6150116175491177,0.1150116175491177,0.23236871147263782,0.132,0.1025146464646465
13,20260827,24,permute_both_fixed_anchor,4,middle,12,balance_pressured_pair,500,0,500,15.688,0.6659237512487511,0.16592375124875114,0.27607096427560107,0.242,0.13016666666666674
13,20260827,24,permute_both_fixed_anchor,4,middle,12,all_pair_product,500,0,500,15.688,0.8211595987345975,0.32115959873459754,0.6142032963435987,0.6,0.4783333333333334
13,20260827,24,permute_both_fixed_anchor,4,middle,12,minimum_max_pressure,500,0,500,15.688,0.7321192932067931,0.23211929320679314,0.3780255321713164,0.294,0.266866305916306
13,20260827,24,permute_both_renormalized,4,middle,12,random_order,500,0,500,15.618,0.5,0.0,0.1208774509803918,0.0,0.06435194805194802
13,20260827,24,permute_both_renormalized,4,middle,12,balance_only,500,0,500,15.618,0.5648360930735934,0.06483609307359339,0.19248474458345083,0.004,0.0794333333333334
13,20260827,24,permute_both_renormalized,4,middle,12,balance_random_pair,500,0,500,15.618,0.6039136904761907,0.1039136904761907,0.2264177227836053,0.154,0.09512878787878791
13,20260827,24,permute_both_renormalized,4,middle,12,balance_pressured_pair,500,0,500,15.618,0.6607214285714287,0.16072142857142868,0.27196874671363847,0.234,0.1252333333333334
13,20260827,24,permute_both_renormalized,4,middle,12,all_pair_product,500,0,500,15.618,0.8241916666666654,0.32419166666666543,0.5974120917235811,0.576,0.45883333333333326
13,20260827,24,permute_both_renormalized,4,middle,12,minimum_max_pressure,500,0,500,15.618,0.739558874458874,0.23955887445887403,0.38961980251565403,0.324,0.27447972582972585
13,20260827,24,catalog,8,early,12,random_order,264,0,264,256.0,0.5,0.0,0.007782101167315151,0.0,0.00390625
13,20260827,24,catalog,8,early,12,balance_only,264,0,264,256.0,0.7096576112689394,0.20965761126893945,0.01953782440253016,0.0,0.00790043290043288
13,20260827,24,catalog,8,early,12,balance_random_pair,264,0,264,256.0,0.6891719933712122,0.18917199337121215,0.03416636133031007,0.5113636363636364,0.015392015392015372
13,20260827,24,catalog,8,early,12,balance_pressured_pair,264,0,264,256.0,0.5973159327651515,0.09731593276515149,0.023459047601413353,0.30303030303030304,0.008874458874458868
13,20260827,24,catalog,8,early,12,all_pair_product,264,0,264,256.0,0.7439852627840909,0.24398526278409094,0.24643322298387402,0.5151515151515151,0.1760574494949495
13,20260827,24,catalog,8,early,12,minimum_max_pressure,264,0,264,256.0,0.6471132220643939,0.14711322206439392,0.12896881904258517,0.3787878787878788,0.10084242413029548
13,20260827,24,permute_both_fixed_anchor,8,early,12,random_order,264,0,264,256.0,0.5,0.0,0.007782101167315151,0.0,0.00390625
13,20260827,24,permute_both_fixed_anchor,8,early,12,balance_only,264,0,264,256.0,0.5775923295454546,0.07759232954545459,0.01486826546452911,0.0,0.005113636363636354
13,20260827,24,permute_both_fixed_anchor,8,early,12,balance_random_pair,264,0,264,256.0,0.6200949928977273,0.12009499289772729,0.019312883024115785,0.17424242424242425,0.006353715728715723
13,20260827,24,permute_both_fixed_anchor,8,early,12,balance_pressured_pair,264,0,264,256.0,0.6561316287878788,0.15613162878787878,0.02310939878913113,0.21212121212121213,0.007617845117845115
13,20260827,24,permute_both_fixed_anchor,8,early,12,all_pair_product,264,0,264,256.0,0.8621049360795454,0.3621049360795454,0.2916997632910729,0.6515151515151515,0.20628156565656564
13,20260827,24,permute_both_fixed_anchor,8,early,12,minimum_max_pressure,264,0,264,256.0,0.775827118844697,0.275827118844697,0.0955556256534635,0.32575757575757575,0.06461273308703432
13,20260827,24,permute_both_renormalized,8,early,12,random_order,264,0,264,256.0,0.5,0.0,0.007782101167315151,0.0,0.00390625
13,20260827,24,permute_both_renormalized,8,early,12,balance_only,264,0,264,256.0,0.5792717211174242,0.0792717211174242,0.014613408504016902,0.0,0.004856601731601723
13,20260827,24,permute_both_renormalized,8,early,12,balance_random_pair,264,0,264,256.0,0.6299715909090909,0.12997159090909094,0.01965159224538139,0.15151515151515152,0.006081649831649828
13,20260827,24,permute_both_renormalized,8,early,12,balance_pressured_pair,264,0,264,256.0,0.6354018702651515,0.1354018702651515,0.021302433969132523,0.17045454545454544,0.006418350168350169
13,20260827,24,permute_both_renormalized,8,early,12,all_pair_product,264,0,264,256.0,0.8796682646780303,0.3796682646780303,0.30434886732883143,0.6401515151515151,0.22621001683501685
13,20260827,24,permute_both_renormalized,8,early,12,minimum_max_pressure,264,0,264,256.0,0.7659135298295454,0.2659135298295454,0.09211185836343734,0.32575757575757575,0.060242533585222066
13,20260827,24,catalog,8,middle,12,random_order,264,59,205,69.50731707317073,0.5,0.0,0.09356334289687825,0.0,0.05383841822709728
13,20260827,24,catalog,8,middle,12,balance_only,264,59,205,69.50731707317073,0.650152006871735,0.15015200687173502,0.16813286207613723,0.06341463414634146,0.09502144589235748
13,20260827,24,catalog,8,middle,12,balance_random_pair,264,59,205,69.50731707317073,0.6933218355179799,0.19332183551797988,0.21111108678849472,0.21951219512195122,0.12411066646504214
13,20260827,24,catalog,8,middle,12,balance_pressured_pair,264,59,205,69.50731707317073,0.6937996778257521,0.19379967782575214,0.22317589313379074,0.22439024390243903,0.12522624625701212
13,20260827,24,catalog,8,middle,12,all_pair_product,264,59,205,69.50731707317073,0.8521878493669597,0.3521878493669597,0.490675901854376,0.6829268292682927,0.407781649245064
13,20260827,24,catalog,8,middle,12,minimum_max_pressure,264,59,205,69.50731707317073,0.6329044204749685,0.13290442047496853,0.22504132053916387,0.2780487804878049,0.16734373500099625
13,20260827,24,permute_both_fixed_anchor,8,middle,12,random_order,264,6,258,39.01937984496124,0.5,0.0,0.1840547427640688,0.0,0.11438094223891582
13,20260827,24,permute_both_fixed_anchor,8,middle,12,balance_only,264,6,258,39.01937984496124,0.618183917436977,0.11818391743697698,0.32465719593977566,0.2131782945736434,0.21912402067399314
13,20260827,24,permute_both_fixed_anchor,8,middle,12,balance_random_pair,264,6,258,39.01937984496124,0.6700939476124624,0.17009394761246244,0.34730582591285414,0.29069767441860467,0.2291550396977081
13,20260827,24,permute_both_fixed_anchor,8,middle,12,balance_pressured_pair,264,6,258,39.01937984496124,0.6724636276723787,0.17246362767237866,0.3564737749318425,0.313953488372093,0.24293074791236524
13,20260827,24,permute_both_fixed_anchor,8,middle,12,all_pair_product,264,6,258,39.01937984496124,0.844699782227713,0.344699782227713,0.6107267486707716,0.6937984496124031,0.5217325676046607
13,20260827,24,permute_both_fixed_anchor,8,middle,12,minimum_max_pressure,264,6,258,39.01937984496124,0.6094917525561683,0.10949175255616828,0.29705115853008973,0.2054263565891473,0.21540519016445672
13,20260827,24,permute_both_renormalized,8,middle,12,random_order,264,1,263,40.3041825095057,0.5,0.0,0.1881766884403402,0.0,0.114949057969555
13,20260827,24,permute_both_renormalized,8,middle,12,balance_only,264,1,263,40.3041825095057,0.6185810498763531,0.1185810498763531,0.3303137959469885,0.21292775665399238,0.21567130023357914
13,20260827,24,permute_both_renormalized,8,middle,12,balance_random_pair,264,1,263,40.3041825095057,0.6693608873604812,0.16936088736048116,0.35466484347215704,0.27756653992395436,0.23336762232475086
13,20260827,24,permute_both_renormalized,8,middle,12,balance_pressured_pair,264,1,263,40.3041825095057,0.6680071720033885,0.16800717200338855,0.36953026341096373,0.30798479087452474,0.2626851085401877
13,20260827,24,permute_both_renormalized,8,middle,12,all_pair_product,264,1,263,40.3041825095057,0.8629768795644019,0.36297687956440194,0.6524574300131786,0.7338403041825095,0.580923295124816
13,20260827,24,permute_both_renormalized,8,middle,12,minimum_max_pressure,264,1,263,40.3041825095057,0.6043770262556444,0.10437702625564438,0.28519977685952114,0.19011406844106463,0.19998163381050377
13,20260827,28,catalog,2,early,97,random_order,500,0,500,4.0,0.5,0.0,0.4000000000000035,0.0,0.25
13,20260827,28,catalog,2,early,97,balance_only,500,0,500,4.0,0.54075,0.04074999999999995,0.5045476190476169,0.0,0.28
13,20260827,28,catalog,2,early,97,balance_random_pair,500,0,500,4.0,0.54525,0.04525000000000001,0.5275333333333324,0.108,0.3115
13,20260827,28,catalog,2,early,97,balance_pressured_pair,500,0,500,4.0,0.55725,0.05725000000000002,0.5542047619047614,0.18,0.328
13,20260827,28,catalog,2,early,97,all_pair_product,500,0,500,4.0,0.63575,0.13575000000000004,0.6580619047619051,0.416,0.457
13,20260827,28,catalog,2,early,97,minimum_max_pressure,500,0,500,4.0,0.549,0.049000000000000044,0.5033857142857137,0.092,0.3101666666666663
13,20260827,28,permute_both_fixed_anchor,2,early,97,random_order,500,0,500,4.0,0.5,0.0,0.4000000000000035,0.0,0.25
13,20260827,28,permute_both_fixed_anchor,2,early,97,balance_only,500,0,500,4.0,0.51575,0.015750000000000042,0.48502380952380814,0.0,0.254
13,20260827,28,permute_both_fixed_anchor,2,early,97,balance_random_pair,500,0,500,4.0,0.542,0.04200000000000004,0.5166666666666663,0.096,0.291
13,20260827,28,permute_both_fixed_anchor,2,early,97,balance_pressured_pair,500,0,500,4.0,0.556,0.05600000000000005,0.5470190476190475,0.17,0.317
13,20260827,28,permute_both_fixed_anchor,2,early,97,all_pair_product,500,0,500,4.0,0.6605,0.16049999999999998,0.6866380952380952,0.454,0.5005
13,20260827,28,permute_both_fixed_anchor,2,early,97,minimum_max_pressure,500,0,500,4.0,0.5755,0.07550000000000001,0.5409523809523811,0.154,0.349166666666667
13,20260827,28,permute_both_renormalized,2,early,97,random_order,500,0,500,4.0,0.5,0.0,0.4000000000000035,0.0,0.25
13,20260827,28,permute_both_renormalized,2,early,97,balance_only,500,0,500,4.0,0.50725,0.007249999999999979,0.4809999999999988,0.0,0.251
13,20260827,28,permute_both_renormalized,2,early,97,balance_random_pair,500,0,500,4.0,0.522,0.02200000000000002,0.49931904761904755,0.094,0.262
13,20260827,28,permute_both_renormalized,2,early,97,balance_pressured_pair,500,0,500,4.0,0.54425,0.04425000000000001,0.5296285714285714,0.138,0.291
13,20260827,28,permute_both_renormalized,2,early,97,all_pair_product,500,0,500,4.0,0.642,0.14200000000000002,0.6692095238095233,0.43,0.477
13,20260827,28,permute_both_renormalized,2,early,97,minimum_max_pressure,500,0,500,4.0,0.56625,0.06625000000000003,0.5267190476190476,0.138,0.3310000000000002
13,20260827,28,catalog,2,middle,97,random_order,500,9,491,3.9592668024439917,0.5,0.0,0.4040733197556042,0.0,0.25339443312966725
13,20260827,28,catalog,2,middle,97,balance_only,500,9,491,3.9592668024439917,0.5331805838424981,0.03318058384249811,0.498380370478129,0.012219959266802444,0.2654446707399864
13,20260827,28,catalog,2,middle,97,balance_random_pair,500,9,491,3.9592668024439917,0.5819755600814664,0.08197556008146645,0.5630879643099601,0.15885947046843177,0.34894772572980315
13,20260827,28,catalog,2,middle,97,balance_pressured_pair,500,9,491,3.9592668024439917,0.6059063136456212,0.1059063136456212,0.6109979633401227,0.2830957230142566,0.3974881194840462
13,20260827,28,catalog,2,middle,97,all_pair_product,500,9,491,3.9592668024439917,0.7324338085539713,0.23243380855397133,0.7768402676752979,0.5804480651731161,0.6272912423625254
13,20260827,28,catalog,2,middle,97,minimum_max_pressure,500,9,491,3.9592668024439917,0.624405974202308,0.12440597420230803,0.6115604694016095,0.25865580448065173,0.4429735234215892
13,20260827,28,permute_both_fixed_anchor,2,middle,97,random_order,500,0,500,3.988,0.5,0.0,0.40120000000000344,0.0,0.25099999999999995
13,20260827,28,permute_both_fixed_anchor,2,middle,97,balance_only,500,0,500,3.988,0.5323333333333332,0.032333333333333214,0.4993619047619037,0.028,0.27333333333333326
13,20260827,28,permute_both_fixed_anchor,2,middle,97,balance_random_pair,500,0,500,3.988,0.5789999999999998,0.07899999999999985,0.5575904761904757,0.15,0.3426666666666667
13,20260827,28,permute_both_fixed_anchor,2,middle,97,balance_pressured_pair,500,0,500,3.988,0.6219999999999999,0.12199999999999989,0.6127476190476182,0.262,0.3988333333333334
13,20260827,28,permute_both_fixed_anchor,2,middle,97,all_pair_product,500,0,500,3.988,0.7419999999999999,0.24199999999999988,0.7963619047619047,0.63,0.6661666666666668
13,20260827,28,permute_both_fixed_anchor,2,middle,97,minimum_max_pressure,500,0,500,3.988,0.6559999999999999,0.15599999999999992,0.6323619047619046,0.274,0.47616666666666746
13,20260827,28,permute_both_renormalized,2,middle,97,random_order,500,0,500,3.982,0.5,0.0,0.4018000000000035,0.0,0.25149999999999995
13,20260827,28,permute_both_renormalized,2,middle,97,balance_only,500,0,500,3.982,0.54775,0.04774999999999996,0.5155714285714273,0.038,0.2953333333333334
13,20260827,28,permute_both_renormalized,2,middle,97,balance_random_pair,500,0,500,3.982,0.581,0.08099999999999996,0.5550142857142851,0.146,0.3326666666666666
13,20260827,28,permute_both_renormalized,2,middle,97,balance_pressured_pair,500,0,500,3.982,0.62625,0.12624999999999997,0.6229619047619045,0.284,0.41833333333333333
13,20260827,28,permute_both_renormalized,2,middle,97,all_pair_product,500,0,500,3.982,0.7469999999999999,0.2469999999999999,0.8010428571428571,0.636,0.6683333333333333
13,20260827,28,permute_both_renormalized,2,middle,97,minimum_max_pressure,500,0,500,3.982,0.6445,0.14449999999999996,0.6193142857142854,0.26,0.45383333333333425
13,20260827,28,catalog,4,early,97,random_order,500,0,500,16.0,0.5,0.0,0.11764705882352902,0.0,0.0625
13,20260827,28,catalog,4,early,97,balance_only,500,0,500,16.0,0.572875,0.07287500000000002,0.1892477536821195,0.0,0.08049999999999995
13,20260827,28,catalog,4,early,97,balance_random_pair,500,0,500,16.0,0.542,0.04200000000000004,0.199293901312842,0.07,0.08066666666666669
13,20260827,28,catalog,4,early,97,balance_pressured_pair,500,0,500,16.0,0.5625625,0.06256249999999997,0.22314763750721245,0.174,0.09150000000000007
13,20260827,28,catalog,4,early,97,all_pair_product,500,0,500,16.0,0.7038125,0.20381249999999995,0.41318432676301536,0.374,0.24349999999999997
13,20260827,28,catalog,4,early,97,minimum_max_pressure,500,0,500,16.0,0.5946875,0.09468750000000004,0.22494219090374512,0.108,0.11121982461982478
13,20260827,28,permute_both_fixed_anchor,4,early,97,random_order,500,0,500,16.0,0.5,0.0,0.11764705882352902,0.0,0.0625
13,20260827,28,permute_both_fixed_anchor,4,early,97,balance_only,500,0,500,16.0,0.5441875,0.044187500000000046,0.1769103687137947,0.0,0.0713333333333334
13,20260827,28,permute_both_fixed_anchor,4,early,97,balance_random_pair,500,0,500,16.0,0.562125,0.062124999999999986,0.2021263772251147,0.104,0.08166666666666665
13,20260827,28,permute_both_fixed_anchor,4,early,97,balance_pressured_pair,500,0,500,16.0,0.5695,0.0695,0.20925835410971028,0.12,0.08150000000000002
13,20260827,28,permute_both_fixed_anchor,4,early,97,all_pair_product,500,0,500,16.0,0.7423125,0.24231250000000004,0.4566863671920685,0.41,0.29383333333333334
13,20260827,28,permute_both_fixed_anchor,4,early,97,minimum_max_pressure,500,0,500,16.0,0.6434375,0.1434375,0.2638679461272811,0.158,0.1483335164835168
13,20260827,28,permute_both_renormalized,4,early,97,random_order,500,0,500,16.0,0.5,0.0,0.11764705882352902,0.0,0.0625
13,20260827,28,permute_both_renormalized,4,early,97,balance_only,500,0,500,16.0,0.5473125,0.04731249999999998,0.17942320404734163,0.0,0.07433333333333336
13,20260827,28,permute_both_renormalized,4,early,97,balance_random_pair,500,0,500,16.0,0.5595625,0.05956249999999996,0.2010995536455608,0.078,0.083
13,20260827,28,permute_both_renormalized,4,early,97,balance_pressured_pair,500,0,500,16.0,0.5855625,0.08556249999999999,0.21835917893605916,0.122,0.08949999999999997
13,20260827,28,permute_both_renormalized,4,early,97,all_pair_product,500,0,500,16.0,0.7399375,0.23993750000000003,0.44347111941783585,0.396,0.279
13,20260827,28,permute_both_renormalized,4,early,97,minimum_max_pressure,500,0,500,16.0,0.637375,0.13737500000000002,0.252088552379745,0.134,0.1342797369297371
13,20260827,28,catalog,4,middle,97,random_order,500,14,486,15.12962962962963,0.5,0.0,0.12849565003704402,0.0,0.06910043260351899
13,20260827,28,catalog,4,middle,97,balance_only,500,14,486,15.12962962962963,0.5748812901204878,0.07488129012048783,0.2001294385287697,0.00411522633744856,0.08470507544581624
13,20260827,28,catalog,4,middle,97,balance_random_pair,500,14,486,15.12962962962963,0.6004245682872222,0.10042456828722224,0.24210483292728743,0.14814814814814814,0.10755705200149657
13,20260827,28,catalog,4,middle,97,balance_pressured_pair,500,14,486,15.12962962962963,0.6344386509124166,0.13443865091241658,0.29645924873496116,0.2366255144032922,0.1491769547325104
13,20260827,28,catalog,4,middle,97,all_pair_product,500,14,486,15.12962962962963,0.8462936611856354,0.3462936611856354,0.644852809513303,0.6296296296296297,0.5017146776406036
13,20260827,28,catalog,4,middle,97,minimum_max_pressure,500,14,486,15.12962962962963,0.7033399285328292,0.20333992853282923,0.3716822022548278,0.30246913580246915,0.257605842945349
13,20260827,28,permute_both_fixed_anchor,4,middle,97,random_order,500,0,500,15.45,0.5,0.0,0.1226305449452505,0.0,0.06538959651459654
13,20260827,28,permute_both_fixed_anchor,4,middle,97,balance_only,500,0,500,15.45,0.5703412185037189,0.07034121850371888,0.19909158254117987,0.016,0.08343333333333328
13,20260827,28,permute_both_fixed_anchor,4,middle,97,balance_random_pair,500,0,500,15.45,0.6171174936174937,0.11711749361749368,0.23125502484509383,0.132,0.0959175324675325
13,20260827,28,permute_both_fixed_anchor,4,middle,97,balance_pressured_pair,500,0,500,15.45,0.6801610236985237,0.18016102369852371,0.28553744567134726,0.242,0.1325000000000001
13,20260827,28,permute_both_fixed_anchor,4,middle,97,all_pair_product,500,0,500,15.45,0.8606028749028736,0.36060287490287357,0.6636845463045152,0.668,0.5188333333333334
13,20260827,28,permute_both_fixed_anchor,4,middle,97,minimum_max_pressure,500,0,500,15.45,0.7610453560328557,0.2610453560328557,0.3808027211909398,0.27,0.2584986291486292
13,20260827,28,permute_both_renormalized,4,middle,97,random_order,500,0,500,15.392,0.5,0.0,0.12339416857652116,0.0,0.06585573870573873
13,20260827,28,permute_both_renormalized,4,middle,97,balance_only,500,0,500,15.392,0.5662075910200915,0.06620759102009155,0.1978408595909214,0.01,0.08126666666666667
13,20260827,28,permute_both_renormalized,4,middle,97,balance_random_pair,500,0,500,15.392,0.6137386349761352,0.11373863497613523,0.24031268737066072,0.152,0.10686363636363647
13,20260827,28,permute_both_renormalized,4,middle,97,balance_pressured_pair,500,0,500,15.392,0.6461984612609615,0.14619846126096148,0.27293719820862594,0.238,0.12433333333333339
13,20260827,28,permute_both_renormalized,4,middle,97,all_pair_product,500,0,500,15.392,0.8545545399045388,0.3545545399045388,0.6553069149057883,0.662,0.5139166666666667
13,20260827,28,permute_both_renormalized,4,middle,97,minimum_max_pressure,500,0,500,15.392,0.7376101509601506,0.2376101509601506,0.369566935771658,0.246,0.25363499278499285
13,20260827,28,catalog,8,early,97,random_order,500,0,500,256.0,0.5,0.0,0.007782101167315149,0.0,0.00390625
13,20260827,28,catalog,8,early,97,balance_only,500,0,500,256.0,0.61513671875,0.11513671874999998,0.015576048427771109,0.0,0.005342857142857128
13,20260827,28,catalog,8,early,97,balance_random_pair,500,0,500,256.0,0.62619921875,0.12619921874999995,0.020303633022684005,0.146,0.006749999999999988
13,20260827,28,catalog,8,early,97,balance_pressured_pair,500,0,500,256.0,0.6547421875,0.15474218750000002,0.022539540307647904,0.156,0.007046031746031735
13,20260827,28,catalog,8,early,97,all_pair_product,500,0,500,256.0,0.82890234375,0.32890234375000005,0.1431696423542509,0.564,0.07734664224664227
13,20260827,28,catalog,8,early,97,minimum_max_pressure,500,0,500,256.0,0.67612109375,0.17612109374999996,0.06156145428781496,0.202,0.0396343742986979
13,20260827,28,permute_both_fixed_anchor,8,early,97,random_order,500,0,500,256.0,0.5,0.0,0.007782101167315149,0.0,0.00390625
13,20260827,28,permute_both_fixed_anchor,8,early,97,balance_only,500,0,500,256.0,0.56926171875,0.06926171874999998,0.014491691408257765,0.0,0.004885714285714273
13,20260827,28,permute_both_fixed_anchor,8,early,97,balance_random_pair,500,0,500,256.0,0.62250390625,0.12250390624999996,0.019910021820679708,0.182,0.006574603174603164
13,20260827,28,permute_both_fixed_anchor,8,early,97,balance_pressured_pair,500,0,500,256.0,0.63186328125,0.13186328125000002,0.021612470109762052,0.19,0.006734920634920626
13,20260827,28,permute_both_fixed_anchor,8,early,97,all_pair_product,500,0,500,256.0,0.844578125,0.34457812499999996,0.2431237481005743,0.586,0.15772182539682544
13,20260827,28,permute_both_fixed_anchor,8,early,97,minimum_max_pressure,500,0,500,256.0,0.7343046875,0.2343046875,0.07595753195044738,0.22,0.04802435315980494
13,20260827,28,permute_both_renormalized,8,early,97,random_order,500,0,500,256.0,0.5,0.0,0.007782101167315149,0.0,0.00390625
13,20260827,28,permute_both_renormalized,8,early,97,balance_only,500,0,500,256.0,0.5542734375,0.05427343750000002,0.014170409991526765,0.0,0.004728571428571416
13,20260827,28,permute_both_renormalized,8,early,97,balance_random_pair,500,0,500,256.0,0.59745703125,0.09745703125000005,0.018220880574403426,0.14,0.0055769841269841195
13,20260827,28,permute_both_renormalized,8,early,97,balance_pressured_pair,500,0,500,256.0,0.60162890625,0.10162890624999998,0.02017729636000787,0.172,0.006199206349206345
13,20260827,28,permute_both_renormalized,8,early,97,all_pair_product,500,0,500,256.0,0.84772265625,0.34772265625,0.24166232695166118,0.588,0.16692626262626264
13,20260827,28,permute_both_renormalized,8,early,97,minimum_max_pressure,500,0,500,256.0,0.73433984375,0.23433984375000005,0.05875442213730107,0.196,0.034183832458094116
13,20260827,28,catalog,8,middle,97,random_order,500,0,500,187.224,0.5,0.0,0.011615689921347322,0.0,0.005846358427767757
13,20260827,28,catalog,8,middle,97,balance_only,500,0,500,187.224,0.6378969520804932,0.13789695208049324,0.021799174578027648,0.006,0.008741985408493606
13,20260827,28,catalog,8,middle,97,balance_random_pair,500,0,500,187.224,0.6886325190622223,0.18863251906222234,0.03457458004548988,0.214,0.012160307269668895
13,20260827,28,catalog,8,middle,97,balance_pressured_pair,500,0,500,187.224,0.7104030278599,0.21040302785989995,0.04014368645381495,0.306,0.014253215023448132
13,20260827,28,catalog,8,middle,97,all_pair_product,500,0,500,187.224,0.9366228513784719,0.4366228513784719,0.4746277528032769,0.79,0.3678202380952381
13,20260827,28,catalog,8,middle,97,minimum_max_pressure,500,0,500,187.224,0.8386771963946354,0.33867719639463545,0.15225692662279036,0.452,0.10814399812728635
13,20260827,28,permute_both_fixed_anchor,8,middle,97,random_order,500,0,500,194.988,0.5,0.0,0.010681304998585588,0.0,0.00537097672150604
13,20260827,28,permute_both_fixed_anchor,8,middle,97,balance_only,500,0,500,194.988,0.6357455607848029,0.13574556078480293,0.02127043502650094,0.018,0.008593776105473046
13,20260827,28,permute_both_fixed_anchor,8,middle,97,balance_random_pair,500,0,500,194.988,0.702596984293038,0.20259698429303796,0.034751350299016166,0.22,0.013036970249847919
13,20260827,28,permute_both_fixed_anchor,8,middle,97,balance_pressured_pair,500,0,500,194.988,0.7359124932337504,0.2359124932337504,0.04244328376699688,0.308,0.016581897696739813
13,20260827,28,permute_both_fixed_anchor,8,middle,97,all_pair_product,500,0,500,194.988,0.9277623153465528,0.42776231534655285,0.5150566452827969,0.79,0.4316812271062271
13,20260827,28,permute_both_fixed_anchor,8,middle,97,minimum_max_pressure,500,0,500,194.988,0.8596107523525077,0.3596107523525077,0.21037297560511273,0.538,0.16393303107127136
13,20260827,28,permute_both_renormalized,8,middle,97,random_order,500,0,500,194.412,0.5,0.0,0.010661294138508973,0.0,0.00536059184334976
13,20260827,28,permute_both_renormalized,8,middle,97,balance_only,500,0,500,194.412,0.637028745898455,0.13702874589845504,0.021599897676844244,0.03,0.008801990342312197
13,20260827,28,permute_both_renormalized,8,middle,97,balance_random_pair,500,0,500,194.412,0.699008265539486,0.19900826553948603,0.033758258280440094,0.21,0.012534732155876227
13,20260827,28,permute_both_renormalized,8,middle,97,balance_pressured_pair,500,0,500,194.412,0.7332764131224169,0.23327641312241687,0.04090087198103622,0.292,0.015505579630307038
13,20260827,28,permute_both_renormalized,8,middle,97,all_pair_product,500,0,500,194.412,0.9391744063418866,0.43917440634188665,0.5174296847904098,0.826,0.42431095959595955
13,20260827,28,permute_both_renormalized,8,middle,97,minimum_max_pressure,500,0,500,194.412,0.854420952692148,0.354420952692148,0.19692150704959974,0.542,0.1511344384042067
14,20260828,24,catalog,2,early,12,random_order,500,0,500,4.0,0.5,0.0,0.4000000000000035,0.0,0.25
14,20260828,24,catalog,2,early,12,balance_only,500,0,500,4.0,0.53875,0.03874999999999995,0.501166666666665,0.0,0.274
14,20260828,24,catalog,2,early,12,balance_random_pair,500,0,500,4.0,0.53525,0.035250000000000004,0.5186714285714281,0.096,0.306
14,20260828,24,catalog,2,early,12,balance_pressured_pair,500,0,500,4.0,0.4815,-0.018500000000000016,0.522547619047619,0.238,0.319
14,20260828,24,catalog,2,early,12,all_pair_product,500,0,500,4.0,0.58925,0.08925000000000005,0.6076190476190475,0.334,0.393
14,20260828,24,catalog,2,early,12,minimum_max_pressure,500,0,500,4.0,0.4585,-0.04149999999999998,0.5059380952380951,0.248,0.3181666666666669
14,20260828,24,permute_both_fixed_anchor,2,early,12,random_order,500,0,500,4.0,0.5,0.0,0.4000000000000035,0.0,0.25
14,20260828,24,permute_both_fixed_anchor,2,early,12,balance_only,500,0,500,4.0,0.5155,0.015499999999999958,0.48447619047618906,0.0,0.253
14,20260828,24,permute_both_fixed_anchor,2,early,12,balance_random_pair,500,0,500,4.0,0.55425,0.05425000000000002,0.5293571428571423,0.116,0.3055
14,20260828,24,permute_both_fixed_anchor,2,early,12,balance_pressured_pair,500,0,500,4.0,0.565,0.06499999999999995,0.5491428571428565,0.17,0.3085
14,20260828,24,permute_both_fixed_anchor,2,early,12,all_pair_product,500,0,500,4.0,0.662,0.16200000000000003,0.6965380952380953,0.476,0.5161666666666668
14,20260828,24,permute_both_fixed_anchor,2,early,12,minimum_max_pressure,500,0,500,4.0,0.58,0.07999999999999996,0.5454857142857138,0.156,0.3583333333333336
14,20260828,24,permute_both_renormalized,2,early,12,random_order,500,0,500,4.0,0.5,0.0,0.4000000000000035,0.0,0.25
14,20260828,24,permute_both_renormalized,2,early,12,balance_only,500,0,500,4.0,0.52775,0.027750000000000052,0.4940238095238078,0.0,0.266
14,20260828,24,permute_both_renormalized,2,early,12,balance_random_pair,500,0,500,4.0,0.547,0.04700000000000004,0.5220952380952375,0.1,0.298
14,20260828,24,permute_both_renormalized,2,early,12,balance_pressured_pair,500,0,500,4.0,0.5625,0.0625,0.5444238095238095,0.14,0.315
14,20260828,24,permute_both_renormalized,2,early,12,all_pair_product,500,0,500,4.0,0.6775,0.1775,0.7103571428571422,0.49,0.5425
14,20260828,24,permute_both_renormalized,2,early,12,minimum_max_pressure,500,0,500,4.0,0.57725,0.07725000000000004,0.5406380952380949,0.148,0.3528333333333338
14,20260828,24,catalog,2,middle,12,random_order,500,38,462,4.0,0.5,0.0,0.40000000000000335,0.0,0.25
14,20260828,24,catalog,2,middle,12,balance_only,500,38,462,4.0,0.5524891774891775,0.052489177489177474,0.5099979385693658,0.004329004329004329,0.284992784992785
14,20260828,24,catalog,2,middle,12,balance_random_pair,500,38,462,4.0,0.5511363636363636,0.051136363636363646,0.5328437435580285,0.12121212121212122,0.3268398268398268
14,20260828,24,catalog,2,middle,12,balance_pressured_pair,500,38,462,4.0,0.5587121212121212,0.058712121212121215,0.5844722737579878,0.2878787878787879,0.39285714285714285
14,20260828,24,catalog,2,middle,12,all_pair_product,500,38,462,4.0,0.6571969696969697,0.15719696969696972,0.7004071325499889,0.48268398268398266,0.5438311688311688
14,20260828,24,catalog,2,middle,12,minimum_max_pressure,500,38,462,4.0,0.6106601731601732,0.11066017316017318,0.6505462791177076,0.40476190476190477,0.512626262626263
14,20260828,24,permute_both_fixed_anchor,2,middle,12,random_order,500,0,500,3.992,0.5,0.0,0.40080000000000354,0.0,0.25066666666666665
14,20260828,24,permute_both_fixed_anchor,2,middle,12,balance_only,500,0,500,3.992,0.5445833333333333,0.04458333333333331,0.5066333333333319,0.018,0.2839999999999999
14,20260828,24,permute_both_fixed_anchor,2,middle,12,balance_random_pair,500,0,500,3.992,0.5736666666666668,0.07366666666666677,0.5498571428571422,0.142,0.333
14,20260828,24,permute_both_fixed_anchor,2,middle,12,balance_pressured_pair,500,0,500,3.992,0.5995,0.09950000000000003,0.5867428571428575,0.222,0.3648333333333334
14,20260828,24,permute_both_fixed_anchor,2,middle,12,all_pair_product,500,0,500,3.992,0.7244166666666667,0.2244166666666667,0.7740809523809521,0.596,0.6325
14,20260828,24,permute_both_fixed_anchor,2,middle,12,minimum_max_pressure,500,0,500,3.992,0.6449166666666667,0.1449166666666667,0.6252142857142852,0.276,0.46033333333333387
14,20260828,24,permute_both_renormalized,2,middle,12,random_order,500,0,500,3.984,0.5,0.0,0.4016000000000035,0.0,0.2513333333333333
14,20260828,24,permute_both_renormalized,2,middle,12,balance_only,500,0,500,3.984,0.5448333333333335,0.0448333333333335,0.5096095238095224,0.028,0.2896666666666667
14,20260828,24,permute_both_renormalized,2,middle,12,balance_random_pair,500,0,500,3.984,0.5662500000000001,0.06625000000000014,0.5457857142857139,0.148,0.3236666666666666
14,20260828,24,permute_both_renormalized,2,middle,12,balance_pressured_pair,500,0,500,3.984,0.6062500000000001,0.10625000000000007,0.5986047619047614,0.25,0.37799999999999995
14,20260828,24,permute_both_renormalized,2,middle,12,all_pair_product,500,0,500,3.984,0.7340833333333333,0.2340833333333333,0.7871047619047612,0.612,0.654
14,20260828,24,permute_both_renormalized,2,middle,12,minimum_max_pressure,500,0,500,3.984,0.6258333333333335,0.12583333333333346,0.6021619047619045,0.252,0.43166666666666736
14,20260828,24,catalog,4,early,12,random_order,264,0,264,16.0,0.5,0.0,0.11764705882352905,0.0,0.0625
14,20260828,24,catalog,4,early,12,balance_only,264,0,264,16.0,0.6201467803030303,0.12014678030303028,0.21466010830040683,0.0,0.10669191919191942
14,20260828,24,catalog,4,early,12,balance_random_pair,264,0,264,16.0,0.5794270833333334,0.07942708333333337,0.21982715075051534,0.04924242424242424,0.10385101010101014
14,20260828,24,catalog,4,early,12,balance_pressured_pair,264,0,264,16.0,0.5479403409090909,0.04794034090909094,0.2157726199723696,0.03787878787878788,0.09943181818181822
14,20260828,24,catalog,4,early,12,all_pair_product,264,0,264,16.0,0.6403882575757576,0.14038825757575757,0.39767005785510146,0.3484848484848485,0.25220959595959597
14,20260828,24,catalog,4,early,12,minimum_max_pressure,264,0,264,16.0,0.4991714015151515,-0.0008285984848485084,0.2098904794264883,0.09090909090909091,0.10025402837902836
14,20260828,24,permute_both_fixed_anchor,4,early,12,random_order,264,0,264,16.0,0.5,0.0,0.11764705882352905,0.0,0.0625
14,20260828,24,permute_both_fixed_anchor,4,early,12,balance_only,264,0,264,16.0,0.5406013257575758,0.0406013257575758,0.17377486062851297,0.0,0.06818181818181814
14,20260828,24,permute_both_fixed_anchor,4,early,12,balance_random_pair,264,0,264,16.0,0.5465198863636364,0.046519886363636354,0.19457154242382943,0.0946969696969697,0.07544191919191924
14,20260828,24,permute_both_fixed_anchor,4,early,12,balance_pressured_pair,264,0,264,16.0,0.5965909090909091,0.09659090909090906,0.2243818589549561,0.125,0.09280303030303029
14,20260828,24,permute_both_fixed_anchor,4,early,12,all_pair_product,264,0,264,16.0,0.7449100378787878,0.24491003787878785,0.4541827476592184,0.4015151515151515,0.29071969696969696
14,20260828,24,permute_both_fixed_anchor,4,early,12,minimum_max_pressure,264,0,264,16.0,0.6444128787878788,0.14441287878787878,0.28299132412984823,0.1893939393939394,0.1677777504482051
14,20260828,24,permute_both_renormalized,4,early,12,random_order,264,0,264,16.0,0.5,0.0,0.11764705882352905,0.0,0.0625
14,20260828,24,permute_both_renormalized,4,early,12,balance_only,264,0,264,16.0,0.5501893939393939,0.05018939393939392,0.17931623003551328,0.0,0.07386363636363637
14,20260828,24,permute_both_renormalized,4,early,12,balance_random_pair,264,0,264,16.0,0.5590672348484849,0.05906723484848486,0.19396195876773598,0.06060606060606061,0.07891414141414142
14,20260828,24,permute_both_renormalized,4,early,12,balance_pressured_pair,264,0,264,16.0,0.5727982954545454,0.07279829545454541,0.20919027249328292,0.10606060606060606,0.08459595959595956
14,20260828,24,permute_both_renormalized,4,early,12,all_pair_product,264,0,264,16.0,0.7574573863636364,0.25745738636363635,0.46608456000910375,0.4090909090909091,0.3023989898989899
14,20260828,24,permute_both_renormalized,4,early,12,minimum_max_pressure,264,0,264,16.0,0.6413352272727273,0.1413352272727273,0.2523213373278506,0.11742424242424243,0.13701776968822418
14,20260828,24,catalog,4,middle,12,random_order,500,36,464,15.78448275862069,0.5,0.0,0.11971137592968177,0.0,0.06369444133452752
14,20260828,24,catalog,4,middle,12,balance_only,500,36,464,15.78448275862069,0.6377576177414539,0.1377576177414539,0.21555486806340973,0.0,0.10276580459770095
14,20260828,24,catalog,4,middle,12,balance_random_pair,500,36,464,15.78448275862069,0.6392912538251977,0.1392912538251977,0.24939465770175975,0.08620689655172414,0.12717313218390805
14,20260828,24,catalog,4,middle,12,balance_pressured_pair,500,36,464,15.78448275862069,0.6020533031982388,0.1020533031982388,0.24336632634440328,0.14224137931034483,0.1135057471264368
14,20260828,24,catalog,4,middle,12,all_pair_product,500,36,464,15.78448275862069,0.7400771687005524,0.2400771687005524,0.5148326890968089,0.49353448275862066,0.37992097701149424
14,20260828,24,catalog,4,middle,12,minimum_max_pressure,500,36,464,15.78448275862069,0.6842564538550528,0.18425645385505285,0.4042775635795618,0.33405172413793105,0.3018060453674677
14,20260828,24,permute_both_fixed_anchor,4,middle,12,random_order,500,0,500,15.66,0.5,0.0,0.12042745098039183,0.0,0.06408961038961039
14,20260828,24,permute_both_fixed_anchor,4,middle,12,balance_only,500,0,500,15.66,0.5711484307359309,0.07114843073593091,0.19626848327648713,0.01,0.08299999999999998
14,20260828,24,permute_both_fixed_anchor,4,middle,12,balance_random_pair,500,0,500,15.66,0.6134721861471862,0.11347218614718624,0.2251371301959152,0.132,0.09455757575757573
14,20260828,24,permute_both_fixed_anchor,4,middle,12,balance_pressured_pair,500,0,500,15.66,0.657765367965368,0.157765367965368,0.2616257322636205,0.208,0.1136666666666667
14,20260828,24,permute_both_fixed_anchor,4,middle,12,all_pair_product,500,0,500,15.66,0.8301950216450206,0.33019502164502057,0.6012309211576502,0.568,0.4608333333333334
14,20260828,24,permute_both_fixed_anchor,4,middle,12,minimum_max_pressure,500,0,500,15.66,0.7515598484848484,0.25155984848484836,0.3941258802960005,0.336,0.27844778554778554
14,20260828,24,permute_both_renormalized,4,middle,12,random_order,500,0,500,15.576,0.5,0.0,0.12128039215686238,0.0,0.06458517316017315
14,20260828,24,permute_both_renormalized,4,middle,12,balance_only,500,0,500,15.576,0.5718872294372295,0.07188722943722947,0.1979142946349788,0.012,0.08496666666666661
14,20260828,24,permute_both_renormalized,4,middle,12,balance_random_pair,500,0,500,15.576,0.6002365800865801,0.1002365800865801,0.22803351749388545,0.13,0.09824848484848488
14,20260828,24,permute_both_renormalized,4,middle,12,balance_pressured_pair,500,0,500,15.576,0.6525156385281385,0.15251563852813854,0.2678859520353785,0.222,0.12400000000000008
14,20260828,24,permute_both_renormalized,4,middle,12,all_pair_product,500,0,500,15.576,0.8379433982683967,0.3379433982683967,0.6197000877226634,0.594,0.48723333333333335
14,20260828,24,permute_both_renormalized,4,middle,12,minimum_max_pressure,500,0,500,15.576,0.7346668831168826,0.23466688311688255,0.38241121821632,0.302,0.26482347097347103
14,20260828,24,catalog,8,early,12,random_order,264,0,264,256.0,0.5,0.0,0.007782101167315151,0.0,0.00390625
14,20260828,24,catalog,8,early,12,balance_only,264,0,264,256.0,0.7210804332386364,0.22108043323863635,0.020609195477540348,0.0,0.008820346320346298
14,20260828,24,catalog,8,early,12,balance_random_pair,264,0,264,256.0,0.7402935606060606,0.24029356060606055,0.033095029551499594,0.4696969696969697,0.014451058201058175
14,20260828,24,catalog,8,early,12,balance_pressured_pair,264,0,264,256.0,0.6409801136363636,0.14098011363636365,0.025816150739563216,0.3446969696969697,0.010084475709475701
14,20260828,24,catalog,8,early,12,all_pair_product,264,0,264,256.0,0.7483575994318182,0.24835759943181823,0.2789287582586399,0.5606060606060606,0.20608164983164987
14,20260828,24,catalog,8,early,12,minimum_max_pressure,264,0,264,256.0,0.7049745501893939,0.20497455018939392,0.09859167873336243,0.4090909090909091,0.06768741001449864
14,20260828,24,permute_both_fixed_anchor,8,early,12,random_order,264,0,264,256.0,0.5,0.0,0.007782101167315151,0.0,0.00390625
14,20260828,24,permute_both_fixed_anchor,8,early,12,balance_only,264,0,264,256.0,0.5774295691287878,0.07742956912878785,0.014855757661047344,0.0,0.005100108225108215
14,20260828,24,permute_both_fixed_anchor,8,early,12,balance_random_pair,264,0,264,256.0,0.6230172821969697,0.12301728219696972,0.019816291415009915,0.17803030303030304,0.006340187590187586
14,20260828,24,permute_both_fixed_anchor,8,early,12,balance_pressured_pair,264,0,264,256.0,0.6464029947916666,0.14640299479166663,0.022738840319054585,0.19318181818181818,0.007389369889369888
14,20260828,24,permute_both_fixed_anchor,8,early,12,all_pair_product,264,0,264,256.0,0.8716708096590909,0.37167080965909094,0.2997252022121115,0.6287878787878788,0.21851325757575757
14,20260828,24,permute_both_fixed_anchor,8,early,12,minimum_max_pressure,264,0,264,256.0,0.7788825757575758,0.2788825757575758,0.09469699614589994,0.3106060606060606,0.06297909947979632
14,20260828,24,permute_both_renormalized,8,early,12,random_order,264,0,264,256.0,0.5,0.0,0.007782101167315151,0.0,0.00390625
14,20260828,24,permute_both_renormalized,8,early,12,balance_only,264,0,264,256.0,0.5838290127840909,0.08382901278409094,0.014902619125268388,0.0,0.0050730519480519385
14,20260828,24,permute_both_renormalized,8,early,12,balance_random_pair,264,0,264,256.0,0.6435546875,0.1435546875,0.02062634988444841,0.1893939393939394,0.006893338143338137
14,20260828,24,permute_both_renormalized,8,early,12,balance_pressured_pair,264,0,264,256.0,0.6352834990530303,0.13528349905303028,0.021813723349939373,0.17803030303030304,0.006824194324194325
14,20260828,24,permute_both_renormalized,8,early,12,all_pair_product,264,0,264,256.0,0.8787212949810606,0.37872129498106055,0.2780621049511173,0.6477272727272727,0.1912605218855219
14,20260828,24,permute_both_renormalized,8,early,12,minimum_max_pressure,264,0,264,256.0,0.7566287878787878,0.25662878787878785,0.0900546971737136,0.3068181818181818,0.06115392769143163
14,20260828,24,catalog,8,middle,12,random_order,264,41,223,62.219730941704036,0.5,0.0,0.12017559101129391,0.0,0.07174308426866284
14,20260828,24,catalog,8,middle,12,balance_only,264,41,223,62.219730941704036,0.6499169298644566,0.1499169298644566,0.20433078103393235,0.08520179372197309,0.12411095680347338
14,20260828,24,catalog,8,middle,12,balance_random_pair,264,41,223,62.219730941704036,0.7135998200587068,0.2135998200587068,0.2711282272674066,0.2914798206278027,0.17716498349803084
14,20260828,24,catalog,8,middle,12,balance_pressured_pair,264,41,223,62.219730941704036,0.7067232891527424,0.2067232891527424,0.27390810755290834,0.2914798206278027,0.15214418194095466
14,20260828,24,catalog,8,middle,12,all_pair_product,264,41,223,62.219730941704036,0.8455522430675079,0.34555224306750787,0.5509017956052857,0.6771300448430493,0.4880302868531568
14,20260828,24,catalog,8,middle,12,minimum_max_pressure,264,41,223,62.219730941704036,0.6232170653799765,0.12321706537997645,0.25724527102478706,0.2600896860986547,0.19531319374312797
14,20260828,24,permute_both_fixed_anchor,8,middle,12,random_order,264,2,262,40.286259541984734,0.5,0.0,0.194958112120114,0.0,0.12268412320310434
14,20260828,24,permute_both_fixed_anchor,8,middle,12,balance_only,264,2,262,40.286259541984734,0.6298308490037963,0.12983084900379627,0.3405592270547256,0.22137404580152673,0.23315319002834342
14,20260828,24,permute_both_fixed_anchor,8,middle,12,balance_random_pair,264,2,262,40.286259541984734,0.6780885945935788,0.17808859459357884,0.36331646918590604,0.2900763358778626,0.24479095298030473
14,20260828,24,permute_both_fixed_anchor,8,middle,12,balance_pressured_pair,264,2,262,40.286259541984734,0.6253081352670586,0.12530813526705864,0.33449857721869614,0.2633587786259542,0.21871902781127636
14,20260828,24,permute_both_fixed_anchor,8,middle,12,all_pair_product,264,2,262,40.286259541984734,0.852355147900406,0.352355147900406,0.6386019646092262,0.7137404580152672,0.5697428207924391
14,20260828,24,permute_both_fixed_anchor,8,middle,12,minimum_max_pressure,264,2,262,40.286259541984734,0.604327320627076,0.10432732062707595,0.2903312152979525,0.1717557251908397,0.20693060817724593
14,20260828,24,permute_both_renormalized,8,middle,12,random_order,264,6,258,42.78294573643411,0.5,0.0,0.17606955065920785,0.0,0.10824022026651146
14,20260828,24,permute_both_renormalized,8,middle,12,balance_only,264,6,258,42.78294573643411,0.6247077272293443,0.12470772722934431,0.29254824804106144,0.17054263565891473,0.18453820876171773
14,20260828,24,permute_both_renormalized,8,middle,12,balance_random_pair,264,6,258,42.78294573643411,0.6776119444521589,0.1776119444521589,0.32080134824684275,0.24806201550387597,0.19422056102864513
14,20260828,24,permute_both_renormalized,8,middle,12,balance_pressured_pair,264,6,258,42.78294573643411,0.6405991663081532,0.14059916630815317,0.3127972033209281,0.2558139534883721,0.18627399501145805
14,20260828,24,permute_both_renormalized,8,middle,12,all_pair_product,264,6,258,42.78294573643411,0.8619459921471901,0.36194599214719014,0.6182988771217544,0.7403100775193798,0.5359216902821555
14,20260828,24,permute_both_renormalized,8,middle,12,minimum_max_pressure,264,6,258,42.78294573643411,0.5983619634320295,0.09836196343202952,0.2630877999446906,0.17829457364341086,0.1818652070587759
14,20260828,28,catalog,2,early,97,random_order,500,0,500,4.0,0.5,0.0,0.4000000000000035,0.0,0.25
14,20260828,28,catalog,2,early,97,balance_only,500,0,500,4.0,0.5245,0.024499999999999966,0.4919999999999983,0.0,0.263
14,20260828,28,catalog,2,early,97,balance_random_pair,500,0,500,4.0,0.5345,0.034499999999999975,0.5137333333333326,0.086,0.29
14,20260828,28,catalog,2,early,97,balance_pressured_pair,500,0,500,4.0,0.56,0.06000000000000005,0.5551047619047615,0.182,0.327
14,20260828,28,catalog,2,early,97,all_pair_product,500,0,500,4.0,0.643,0.14300000000000002,0.6747809523809518,0.446,0.488
14,20260828,28,catalog,2,early,97,minimum_max_pressure,500,0,500,4.0,0.55225,0.05225000000000002,0.5052047619047617,0.092,0.3098333333333332
14,20260828,28,permute_both_fixed_anchor,2,early,97,random_order,500,0,500,4.0,0.5,0.0,0.4000000000000035,0.0,0.25
14,20260828,28,permute_both_fixed_anchor,2,early,97,balance_only,500,0,500,4.0,0.529,0.029000000000000026,0.49692857142856955,0.0,0.272
14,20260828,28,permute_both_fixed_anchor,2,early,97,balance_random_pair,500,0,500,4.0,0.5285,0.02849999999999997,0.5056333333333332,0.086,0.277
14,20260828,28,permute_both_fixed_anchor,2,early,97,balance_pressured_pair,500,0,500,4.0,0.58075,0.08074999999999999,0.5667428571428569,0.184,0.339
14,20260828,28,permute_both_fixed_anchor,2,early,97,all_pair_product,500,0,500,4.0,0.6735,0.1735,0.6999999999999995,0.464,0.5146666666666667
14,20260828,28,permute_both_fixed_anchor,2,early,97,minimum_max_pressure,500,0,500,4.0,0.58025,0.08025000000000004,0.5463999999999999,0.168,0.35966666666666697
14,20260828,28,permute_both_renormalized,2,early,97,random_order,500,0,500,4.0,0.5,0.0,0.4000000000000035,0.0,0.25
14,20260828,28,permute_both_renormalized,2,early,97,balance_only,500,0,500,4.0,0.49475,-0.005249999999999977,0.4718333333333321,0.0,0.239
14,20260828,28,permute_both_renormalized,2,early,97,balance_random_pair,500,0,500,4.0,0.54025,0.04025000000000001,0.5241238095238091,0.12,0.306
14,20260828,28,permute_both_renormalized,2,early,97,balance_pressured_pair,500,0,500,4.0,0.545,0.04500000000000004,0.5230523809523808,0.126,0.2755
14,20260828,28,permute_both_renormalized,2,early,97,all_pair_product,500,0,500,4.0,0.6645,0.16449999999999998,0.696980952380952,0.474,0.519
14,20260828,28,permute_both_renormalized,2,early,97,minimum_max_pressure,500,0,500,4.0,0.577,0.07699999999999996,0.5345190476190473,0.136,0.34450000000000025
14,20260828,28,catalog,2,middle,97,random_order,500,12,488,3.973360655737705,0.5,0.0,0.40266393442623294,0.0,0.25221994535519127
14,20260828,28,catalog,2,middle,97,balance_only,500,12,488,3.973360655737705,0.5474726775956283,0.04747267759562834,0.507572209211552,0.010245901639344262,0.2780054644808744
14,20260828,28,catalog,2,middle,97,balance_random_pair,500,12,488,3.973360655737705,0.5814549180327869,0.08145491803278693,0.5639783372365336,0.17827868852459017,0.35023907103825136
14,20260828,28,catalog,2,middle,97,balance_pressured_pair,500,12,488,3.973360655737705,0.6034836065573771,0.1034836065573771,0.607450234192038,0.2848360655737705,0.39105191256830596
14,20260828,28,catalog,2,middle,97,all_pair_product,500,12,488,3.973360655737705,0.7310450819672131,0.23104508196721307,0.781532982045277,0.6086065573770492,0.6362704918032787
14,20260828,28,catalog,2,middle,97,minimum_max_pressure,500,12,488,3.973360655737705,0.63849043715847,0.13849043715846998,0.6348653395784537,0.3073770491803279,0.4757513661202191
14,20260828,28,permute_both_fixed_anchor,2,middle,97,random_order,500,0,500,3.984,0.5,0.0,0.4016000000000035,0.0,0.25133333333333335
14,20260828,28,permute_both_fixed_anchor,2,middle,97,balance_only,500,0,500,3.984,0.5234166666666668,0.023416666666666752,0.49352857142856993,0.022,0.26599999999999996
14,20260828,28,permute_both_fixed_anchor,2,middle,97,balance_random_pair,500,0,500,3.984,0.5609166666666667,0.06091666666666673,0.5444809523809518,0.152,0.3193333333333333
14,20260828,28,permute_both_fixed_anchor,2,middle,97,balance_pressured_pair,500,0,500,3.984,0.6186666666666667,0.1186666666666667,0.6102428571428566,0.264,0.39116666666666666
14,20260828,28,permute_both_fixed_anchor,2,middle,97,all_pair_product,500,0,500,3.984,0.7470833333333333,0.24708333333333332,0.8016476190476182,0.644,0.6655
14,20260828,28,permute_both_fixed_anchor,2,middle,97,minimum_max_pressure,500,0,500,3.984,0.6610833333333334,0.16108333333333336,0.640390476190476,0.29,0.48500000000000104
14,20260828,28,permute_both_renormalized,2,middle,97,random_order,500,0,500,3.99,0.5,0.0,0.40100000000000346,0.0,0.2508333333333333
14,20260828,28,permute_both_renormalized,2,middle,97,balance_only,500,0,500,3.99,0.5416666666666667,0.04166666666666674,0.5072142857142843,0.024,0.2853333333333333
14,20260828,28,permute_both_renormalized,2,middle,97,balance_random_pair,500,0,500,3.99,0.5877500000000001,0.0877500000000001,0.5675952380952375,0.16,0.35583333333333333
14,20260828,28,permute_both_renormalized,2,middle,97,balance_pressured_pair,500,0,500,3.99,0.6141666666666667,0.11416666666666675,0.6072523809523808,0.248,0.3990000000000001
14,20260828,28,permute_both_renormalized,2,middle,97,all_pair_product,500,0,500,3.99,0.7303333333333334,0.2303333333333334,0.7784809523809522,0.6,0.631
14,20260828,28,permute_both_renormalized,2,middle,97,minimum_max_pressure,500,0,500,3.99,0.6328333333333334,0.13283333333333336,0.6063190476190478,0.246,0.43366666666666737
14,20260828,28,catalog,4,early,97,random_order,500,0,500,16.0,0.5,0.0,0.11764705882352902,0.0,0.0625
14,20260828,28,catalog,4,early,97,balance_only,500,0,500,16.0,0.556625,0.056625000000000036,0.18671879009668518,0.0,0.07866666666666665
14,20260828,28,catalog,4,early,97,balance_random_pair,500,0,500,16.0,0.552125,0.05212499999999998,0.2123358236467765,0.11,0.09033333333333335
14,20260828,28,catalog,4,early,97,balance_pressured_pair,500,0,500,16.0,0.573375,0.07337499999999997,0.23304431148656948,0.188,0.10116666666666677
14,20260828,28,catalog,4,early,97,all_pair_product,500,0,500,16.0,0.739,0.239,0.43877827628980326,0.396,0.25583333333333336
14,20260828,28,catalog,4,early,97,minimum_max_pressure,500,0,500,16.0,0.5996875,0.09968750000000004,0.23858515468185879,0.118,0.13139129204129232
14,20260828,28,permute_both_fixed_anchor,4,early,97,random_order,500,0,500,16.0,0.5,0.0,0.11764705882352902,0.0,0.0625
14,20260828,28,permute_both_fixed_anchor,4,early,97,balance_only,500,0,500,16.0,0.5246875,0.024687499999999973,0.16971890511695134,0.0,0.06566666666666682
14,20260828,28,permute_both_fixed_anchor,4,early,97,balance_random_pair,500,0,500,16.0,0.5515,0.05149999999999999,0.19056913053676988,0.066,0.07066666666666664
14,20260828,28,permute_both_fixed_anchor,4,early,97,balance_pressured_pair,500,0,500,16.0,0.5670625,0.06706250000000002,0.20310840093667848,0.098,0.07633333333333331
14,20260828,28,permute_both_fixed_anchor,4,early,97,all_pair_product,500,0,500,16.0,0.759625,0.259625,0.48314622615576874,0.454,0.31939999999999996
14,20260828,28,permute_both_fixed_anchor,4,early,97,minimum_max_pressure,500,0,500,16.0,0.6664375,0.16643750000000002,0.29240242817970424,0.208,0.17757610167610174
14,20260828,28,permute_both_renormalized,4,early,97,random_order,500,0,500,16.0,0.5,0.0,0.11764705882352902,0.0,0.0625
14,20260828,28,permute_both_renormalized,4,early,97,balance_only,500,0,500,16.0,0.546875,0.046875,0.17763924628502514,0.0,0.0718333333333334
14,20260828,28,permute_both_renormalized,4,early,97,balance_random_pair,500,0,500,16.0,0.569625,0.06962500000000005,0.203151681493306,0.096,0.08233333333333331
14,20260828,28,permute_both_renormalized,4,early,97,balance_pressured_pair,500,0,500,16.0,0.575375,0.07537499999999997,0.2143985482168793,0.128,0.0863333333333333
14,20260828,28,permute_both_renormalized,4,early,97,all_pair_product,500,0,500,16.0,0.755625,0.255625,0.4698617034671713,0.42,0.3014
14,20260828,28,permute_both_renormalized,4,early,97,minimum_max_pressure,500,0,500,16.0,0.649625,0.149625,0.2786000121144616,0.19,0.16688947718947744
14,20260828,28,catalog,4,middle,97,random_order,500,12,488,15.19672131147541,0.5,0.0,0.1275201995850498,0.0,0.06850361046057764
14,20260828,28,catalog,4,middle,97,balance_only,500,12,488,15.19672131147541,0.5727563249591942,0.07275632495919415,0.20084706198575425,0.010245901639344262,0.08681693989071032
14,20260828,28,catalog,4,middle,97,balance_random_pair,500,12,488,15.19672131147541,0.5933832987367825,0.09338329873678253,0.2435864455001503,0.1557377049180328,0.11146764778936913
14,20260828,28,catalog,4,middle,97,balance_pressured_pair,500,12,488,15.19672131147541,0.6406603727556598,0.1406603727556598,0.28797634296975455,0.21311475409836064,0.14088114754098363
14,20260828,28,catalog,4,middle,97,all_pair_product,500,12,488,15.19672131147541,0.8360668489638772,0.3360668489638772,0.6115879374919871,0.5860655737704918,0.45969945355191255
14,20260828,28,catalog,4,middle,97,minimum_max_pressure,500,12,488,15.19672131147541,0.6981223054609323,0.19812230546093235,0.3323154308353103,0.2520491803278688,0.20866200056773834
14,20260828,28,permute_both_fixed_anchor,4,middle,97,random_order,500,0,500,15.436,0.5,0.0,0.122447491723962,0.0,0.06525358807858811
14,20260828,28,permute_both_fixed_anchor,4,middle,97,balance_only,500,0,500,15.436,0.5591523726273728,0.05915237262737283,0.19290918904966567,0.008,0.07759999999999997
14,20260828,28,permute_both_fixed_anchor,4,middle,97,balance_random_pair,500,0,500,15.436,0.6068395271395269,0.10683952713952694,0.22499291875130992,0.126,0.09007070707070708
14,20260828,28,permute_both_fixed_anchor,4,middle,97,balance_pressured_pair,500,0,500,15.436,0.661861813186813,0.16186181318681303,0.2815514344588934,0.246,0.1304000000000001
14,20260828,28,permute_both_fixed_anchor,4,middle,97,all_pair_product,500,0,500,15.436,0.8484069180819165,0.3484069180819165,0.6403348522693795,0.626,0.5027333333333334
14,20260828,28,permute_both_fixed_anchor,4,middle,97,minimum_max_pressure,500,0,500,15.436,0.7453764360639361,0.2453764360639361,0.378653504585091,0.28,0.2622326118326118
14,20260828,28,permute_both_renormalized,4,middle,97,random_order,500,0,500,15.306,0.5,0.0,0.12431776165011427,0.0,0.06639428904428905
14,20260828,28,permute_both_renormalized,4,middle,97,balance_only,500,0,500,15.306,0.5865524100899104,0.08655241008991044,0.2104313997519118,0.024,0.09139999999999994
14,20260828,28,permute_both_renormalized,4,middle,97,balance_random_pair,500,0,500,15.306,0.6262629245754247,0.12626292457542465,0.25097611445490403,0.182,0.11475086580086584
14,20260828,28,permute_both_renormalized,4,middle,97,balance_pressured_pair,500,0,500,15.306,0.6779671828171828,0.17796718281718282,0.29355476343651676,0.254,0.14173333333333338
14,20260828,28,permute_both_renormalized,4,middle,97,all_pair_product,500,0,500,15.306,0.8481390526140512,0.3481390526140512,0.6508571298670364,0.644,0.5181666666666668
14,20260828,28,permute_both_renormalized,4,middle,97,minimum_max_pressure,500,0,500,15.306,0.7628030136530134,0.2628030136530134,0.399365687038218,0.302,0.2792860028860028
14,20260828,28,catalog,8,early,97,random_order,500,0,500,256.0,0.5,0.0,0.007782101167315149,0.0,0.00390625
14,20260828,28,catalog,8,early,97,balance_only,500,0,500,256.0,0.642640625,0.14264062499999997,0.01674041206518365,0.0,0.0061357142857142695
14,20260828,28,catalog,8,early,97,balance_random_pair,500,0,500,256.0,0.63087109375,0.13087109374999994,0.02129229347197543,0.172,0.007317460317460304
14,20260828,28,catalog,8,early,97,balance_pressured_pair,500,0,500,256.0,0.673890625,0.17389062499999997,0.025715412389676305,0.232,0.009151587301587286
14,20260828,28,catalog,8,early,97,all_pair_product,500,0,500,256.0,0.8270078125,0.3270078125,0.1566747194097434,0.54,0.09298076923076926
14,20260828,28,catalog,8,early,97,minimum_max_pressure,500,0,500,256.0,0.6844453125,0.18444531249999996,0.0701103978499115,0.2,0.0496901520915396
14,20260828,28,permute_both_fixed_anchor,8,early,97,random_order,500,0,500,256.0,0.5,0.0,0.007782101167315149,0.0,0.00390625
14,20260828,28,permute_both_fixed_anchor,8,early,97,balance_only,500,0,500,256.0,0.56832421875,0.06832421875000005,0.014179613242196673,0.0,0.004585714285714275
14,20260828,28,permute_both_fixed_anchor,8,early,97,balance_random_pair,500,0,500,256.0,0.61771875,0.11771874999999998,0.02000573160950618,0.172,0.0064595238095238
14,20260828,28,permute_both_fixed_anchor,8,early,97,balance_pressured_pair,500,0,500,256.0,0.64430859375,0.14430859375000005,0.022463978825185367,0.19,0.00706904761904761
14,20260828,28,permute_both_fixed_anchor,8,early,97,all_pair_product,500,0,500,256.0,0.852640625,0.35264062500000004,0.25158912234928293,0.582,0.17303518518518518
14,20260828,28,permute_both_fixed_anchor,8,early,97,minimum_max_pressure,500,0,500,256.0,0.7387109375,0.23871093750000005,0.06546577319124418,0.23,0.03993290864897757
14,20260828,28,permute_both_renormalized,8,early,97,random_order,500,0,500,256.0,0.5,0.0,0.007782101167315149,0.0,0.00390625
14,20260828,28,permute_both_renormalized,8,early,97,balance_only,500,0,500,256.0,0.5614375,0.061437500000000034,0.014223367413901553,0.0,0.004721428571428559
14,20260828,28,permute_both_renormalized,8,early,97,balance_random_pair,500,0,500,256.0,0.60910546875,0.10910546875000005,0.018978522224761468,0.17,0.005981746031746021
14,20260828,28,permute_both_renormalized,8,early,97,balance_pressured_pair,500,0,500,256.0,0.60642578125,0.10642578125000002,0.019893941028942742,0.16,0.005680952380952377
14,20260828,28,permute_both_renormalized,8,early,97,all_pair_product,500,0,500,256.0,0.84908984375,0.34908984374999996,0.2511102454176791,0.578,0.16868440170940166
14,20260828,28,permute_both_renormalized,8,early,97,minimum_max_pressure,500,0,500,256.0,0.73090625,0.23090624999999998,0.07140141486595497,0.234,0.04561509840447812
14,20260828,28,catalog,8,middle,97,random_order,500,0,500,189.98,0.5,0.0,0.011493937064611017,0.0,0.005785000684099175
14,20260828,28,catalog,8,middle,97,balance_only,500,0,500,189.98,0.6361267724149966,0.1361267724149966,0.020996375482076512,0.004,0.008185432257666457
14,20260828,28,catalog,8,middle,97,balance_random_pair,500,0,500,189.98,0.6950644339880726,0.1950644339880726,0.034174261610253984,0.224,0.011855227271802838
14,20260828,28,catalog,8,middle,97,balance_pressured_pair,500,0,500,189.98,0.7100508700153241,0.21005087001532408,0.040235108060179645,0.296,0.014137163274441197
14,20260828,28,catalog,8,middle,97,all_pair_product,500,0,500,189.98,0.9275308088846096,0.4275308088846096,0.4539580797814341,0.79,0.3697535714285715
14,20260828,28,catalog,8,middle,97,minimum_max_pressure,500,0,500,189.98,0.8356859058524193,0.3356859058524193,0.13573634895263217,0.454,0.09154711871856633
14,20260828,28,permute_both_fixed_anchor,8,middle,97,random_order,500,0,500,195.592,0.5,0.0,0.010640466761779654,0.0,0.00535023969502266
14,20260828,28,permute_both_fixed_anchor,8,middle,97,balance_only,500,0,500,195.592,0.6284108515800076,0.12841085158000765,0.020927306730548365,0.03,0.008446728052463494
14,20260828,28,permute_both_fixed_anchor,8,middle,97,balance_random_pair,500,0,500,195.592,0.6978005721459963,0.19780057214599633,0.03341499101501082,0.206,0.012370481522535804
14,20260828,28,permute_both_fixed_anchor,8,middle,97,balance_pressured_pair,500,0,500,195.592,0.7141710110944928,0.21417101109449277,0.037646223366408736,0.254,0.013830031417829479
14,20260828,28,permute_both_fixed_anchor,8,middle,97,all_pair_product,500,0,500,195.592,0.9236586396425267,0.4236586396425267,0.4636348861115444,0.764,0.37061689016602795
14,20260828,28,permute_both_fixed_anchor,8,middle,97,minimum_max_pressure,500,0,500,195.592,0.8533084097427984,0.3533084097427984,0.17862886225112443,0.532,0.1308693212325021
14,20260828,28,permute_both_renormalized,8,middle,97,random_order,500,0,500,196.294,0.5,0.0,0.010607907204078034,0.0,0.005333795926132956
14,20260828,28,permute_both_renormalized,8,middle,97,balance_only,500,0,500,196.294,0.6104941899360528,0.11049418993605276,0.01974404228117273,0.016,0.007610384541054315
14,20260828,28,permute_both_renormalized,8,middle,97,balance_random_pair,500,0,500,196.294,0.6821379348834856,0.18213793488348562,0.03170979025279475,0.196,0.011096478423934734
14,20260828,28,permute_both_renormalized,8,middle,97,balance_pressured_pair,500,0,500,196.294,0.7315008228410016,0.2315008228410016,0.040870315557564006,0.286,0.015436652928670764
14,20260828,28,permute_both_renormalized,8,middle,97,all_pair_product,500,0,500,196.294,0.9256495281543823,0.4256495281543823,0.46222758207918446,0.778,0.3636628357753358
14,20260828,28,permute_both_renormalized,8,middle,97,minimum_max_pressure,500,0,500,196.294,0.8566213435839227,0.3566213435839227,0.17686420105336698,0.518,0.1320036137507976
15,20260829,24,catalog,2,early,12,random_order,500,0,500,4.0,0.5,0.0,0.4000000000000035,0.0,0.25
15,20260829,24,catalog,2,early,12,balance_only,500,0,500,4.0,0.53625,0.036250000000000004,0.49861904761904574,0.0,0.27
15,20260829,24,catalog,2,early,12,balance_random_pair,500,0,500,4.0,0.522,0.02200000000000002,0.5050190476190469,0.088,0.286
15,20260829,24,catalog,2,early,12,balance_pressured_pair,500,0,500,4.0,0.46725,-0.03275,0.5127190476190476,0.232,0.307
15,20260829,24,catalog,2,early,12,all_pair_product,500,0,500,4.0,0.5855,0.08550000000000002,0.6013571428571426,0.322,0.379
15,20260829,24,catalog,2,early,12,minimum_max_pressure,500,0,500,4.0,0.4385,-0.0615,0.4933666666666665,0.246,0.30450000000000005
15,20260829,24,permute_both_fixed_anchor,2,early,12,random_order,500,0,500,4.0,0.5,0.0,0.4000000000000035,0.0,0.25
15,20260829,24,permute_both_fixed_anchor,2,early,12,balance_only,500,0,500,4.0,0.5225,0.022499999999999964,0.4901666666666651,0.0,0.261
15,20260829,24,permute_both_fixed_anchor,2,early,12,balance_random_pair,500,0,500,4.0,0.55175,0.05174999999999996,0.5290238095238097,0.132,0.3115
15,20260829,24,permute_both_fixed_anchor,2,early,12,balance_pressured_pair,500,0,500,4.0,0.5445,0.044499999999999984,0.5340000000000003,0.158,0.2955
15,20260829,24,permute_both_fixed_anchor,2,early,12,all_pair_product,500,0,500,4.0,0.66925,0.16925,0.7023428571428568,0.48,0.5276666666666666
15,20260829,24,permute_both_fixed_anchor,2,early,12,minimum_max_pressure,500,0,500,4.0,0.57025,0.07025000000000003,0.5391952380952376,0.15,0.34433333333333355
15,20260829,24,permute_both_renormalized,2,early,12,random_order,500,0,500,4.0,0.5,0.0,0.4000000000000035,0.0,0.25
15,20260829,24,permute_both_renormalized,2,early,12,balance_only,500,0,500,4.0,0.52375,0.02375000000000005,0.49180952380952203,0.0,0.264
15,20260829,24,permute_both_renormalized,2,early,12,balance_random_pair,500,0,500,4.0,0.54125,0.04125000000000001,0.5139857142857139,0.088,0.29
15,20260829,24,permute_both_renormalized,2,early,12,balance_pressured_pair,500,0,500,4.0,0.55575,0.055749999999999966,0.5391857142857139,0.144,0.3065
15,20260829,24,permute_both_renormalized,2,early,12,all_pair_product,500,0,500,4.0,0.661,0.16100000000000003,0.6874904761904757,0.448,0.505
15,20260829,24,permute_both_renormalized,2,early,12,minimum_max_pressure,500,0,500,4.0,0.58475,0.08474999999999999,0.5469095238095231,0.142,0.3613333333333336
15,20260829,24,catalog,2,middle,12,random_order,500,46,454,3.9911894273127753,0.5,0.0,0.40088105726872575,0.0,0.250734214390602
15,20260829,24,catalog,2,middle,12,balance_only,500,46,454,3.9911894273127753,0.550385462555066,0.05038546255506604,0.5085798195930339,0.011013215859030838,0.28046989720998533
15,20260829,24,catalog,2,middle,12,balance_random_pair,500,46,454,3.9911894273127753,0.5694750367107195,0.06947503671071953,0.5526169498636452,0.14537444933920704,0.35389133627019087
15,20260829,24,catalog,2,middle,12,balance_pressured_pair,500,46,454,3.9911894273127753,0.547815712187959,0.04781571218795899,0.5747430249632897,0.2753303964757709,0.3799559471365639
15,20260829,24,catalog,2,middle,12,all_pair_product,500,46,454,3.9911894273127753,0.6421622613803231,0.14216226138032306,0.6783826305852737,0.44273127753303965,0.5055066079295154
15,20260829,24,catalog,2,middle,12,minimum_max_pressure,500,46,454,3.9911894273127753,0.5893906020558004,0.0893906020558004,0.6325256975036708,0.3854625550660793,0.4834801762114538
15,20260829,24,permute_both_fixed_anchor,2,middle,12,random_order,500,0,500,3.988,0.5,0.0,0.4012000000000035,0.0,0.25099999999999995
15,20260829,24,permute_both_fixed_anchor,2,middle,12,balance_only,500,0,500,3.988,0.5304166666666668,0.03041666666666676,0.4952190476190465,0.012,0.26933333333333326
15,20260829,24,permute_both_fixed_anchor,2,middle,12,balance_random_pair,500,0,500,3.988,0.57125,0.07125000000000004,0.5468095238095233,0.132,0.32683333333333336
15,20260829,24,permute_both_fixed_anchor,2,middle,12,balance_pressured_pair,500,0,500,3.988,0.5980833333333334,0.09808333333333341,0.5904523809523807,0.238,0.37083333333333335
15,20260829,24,permute_both_fixed_anchor,2,middle,12,all_pair_product,500,0,500,3.988,0.7275,0.22750000000000004,0.7783476190476187,0.604,0.6426666666666667
15,20260829,24,permute_both_fixed_anchor,2,middle,12,minimum_max_pressure,500,0,500,3.988,0.645,0.14500000000000002,0.6323952380952376,0.29,0.47850000000000076
15,20260829,24,permute_both_renormalized,2,middle,12,random_order,500,0,500,4.0,0.5,0.0,0.4000000000000035,0.0,0.25
15,20260829,24,permute_both_renormalized,2,middle,12,balance_only,500,0,500,4.0,0.5395,0.03949999999999998,0.500795238095237,0.016,0.2743333333333332
15,20260829,24,permute_both_renormalized,2,middle,12,balance_random_pair,500,0,500,4.0,0.56225,0.06225000000000003,0.5401190476190474,0.138,0.32083333333333336
15,20260829,24,permute_both_renormalized,2,middle,12,balance_pressured_pair,500,0,500,4.0,0.6035,0.10350000000000004,0.5883904761904764,0.226,0.3638333333333334
15,20260829,24,permute_both_renormalized,2,middle,12,all_pair_product,500,0,500,4.0,0.724,0.22399999999999998,0.7693523809523807,0.582,0.6255
15,20260829,24,permute_both_renormalized,2,middle,12,minimum_max_pressure,500,0,500,4.0,0.66,0.16000000000000003,0.640566666666667,0.298,0.48483333333333434
15,20260829,24,catalog,4,early,12,random_order,264,0,264,16.0,0.5,0.0,0.11764705882352905,0.0,0.0625
15,20260829,24,catalog,4,early,12,balance_only,264,0,264,16.0,0.607717803030303,0.10771780303030298,0.2045156250427831,0.0,0.09595959595959612
15,20260829,24,catalog,4,early,12,balance_random_pair,264,0,264,16.0,0.572561553030303,0.07256155303030298,0.2280604346220822,0.10606060606060606,0.11142676767676771
15,20260829,24,catalog,4,early,12,balance_pressured_pair,264,0,264,16.0,0.5306581439393939,0.030658143939393923,0.21274361590811097,0.07954545454545454,0.09469696969696972
15,20260829,24,catalog,4,early,12,all_pair_product,264,0,264,16.0,0.6412168560606061,0.14121685606060608,0.39779776057352983,0.3712121212121212,0.25126262626262624
15,20260829,24,catalog,4,early,12,minimum_max_pressure,264,0,264,16.0,0.4798768939393939,-0.020123106060606077,0.2229261445503475,0.125,0.12085765665311111
15,20260829,24,permute_both_fixed_anchor,4,early,12,random_order,264,0,264,16.0,0.5,0.0,0.11764705882352905,0.0,0.0625
15,20260829,24,permute_both_fixed_anchor,4,early,12,balance_only,264,0,264,16.0,0.5333806818181818,0.03338068181818177,0.17446832618677927,0.0,0.07070707070707069
15,20260829,24,permute_both_fixed_anchor,4,early,12,balance_random_pair,264,0,264,16.0,0.5782433712121212,0.07824337121212122,0.2129892359032204,0.10606060606060606,0.09374999999999996
15,20260829,24,permute_both_fixed_anchor,4,early,12,balance_pressured_pair,264,0,264,16.0,0.55078125,0.05078125,0.2020623423250828,0.10606060606060606,0.08017676767676768
15,20260829,24,permute_both_fixed_anchor,4,early,12,all_pair_product,264,0,264,16.0,0.7482244318181818,0.24822443181818177,0.4598710605864675,0.4090909090909091,0.3001893939393939
15,20260829,24,permute_both_fixed_anchor,4,early,12,minimum_max_pressure,264,0,264,16.0,0.6293797348484849,0.12937973484848486,0.270607012075383,0.20075757575757575,0.15444605899151354
15,20260829,24,permute_both_renormalized,4,early,12,random_order,264,0,264,16.0,0.5,0.0,0.11764705882352905,0.0,0.0625
15,20260829,24,permute_both_renormalized,4,early,12,balance_only,264,0,264,16.0,0.52734375,0.02734375,0.1692632503881314,0.0,0.06502525252525246
15,20260829,24,permute_both_renormalized,4,early,12,balance_random_pair,264,0,264,16.0,0.5652225378787878,0.06522253787878785,0.19658754572052847,0.07575757575757576,0.07922979797979803
15,20260829,24,permute_both_renormalized,4,early,12,balance_pressured_pair,264,0,264,16.0,0.5757575757575758,0.0757575757575758,0.2049950663453852,0.09848484848484848,0.0763888888888889
15,20260829,24,permute_both_renormalized,4,early,12,all_pair_product,264,0,264,16.0,0.7440814393939394,0.24408143939393945,0.45907382363281507,0.38636363636363635,0.3077651515151515
15,20260829,24,permute_both_renormalized,4,early,12,minimum_max_pressure,264,0,264,16.0,0.6616950757575758,0.1616950757575758,0.2613892268002923,0.1590909090909091,0.13964837771655955
15,20260829,24,catalog,4,middle,12,random_order,500,47,453,15.668874172185431,0.5,0.0,0.12089339046876983,0.0,0.06438139674894638
15,20260829,24,catalog,4,middle,12,balance_only,500,47,453,15.668874172185431,0.6371350090307042,0.1371350090307042,0.21536139658973635,0.004415011037527594,0.10114054451802784
15,20260829,24,catalog,4,middle,12,balance_random_pair,500,47,453,15.668874172185431,0.6353727674091912,0.13537276740919124,0.2448321085917263,0.11037527593818984,0.12408020603384844
15,20260829,24,catalog,4,middle,12,balance_pressured_pair,500,47,453,15.668874172185431,0.58439318683524,0.08439318683524,0.2479065673579198,0.12582781456953643,0.1254598969830758
15,20260829,24,catalog,4,middle,12,all_pair_product,500,47,453,15.668874172185431,0.7277556191049566,0.22775561910495656,0.4908844841438028,0.45916114790286977,0.35710080941869016
15,20260829,24,catalog,4,middle,12,minimum_max_pressure,500,47,453,15.668874172185431,0.6597556692755367,0.15975566927553675,0.404952028525428,0.33774834437086093,0.3080968945207353
15,20260829,24,permute_both_fixed_anchor,4,middle,12,random_order,500,0,500,15.656,0.5,0.0,0.12052450980392124,0.0,0.06414816017316015
15,20260829,24,permute_both_fixed_anchor,4,middle,12,balance_only,500,0,500,15.656,0.5742338744588749,0.07423387445887486,0.19814160637259254,0.008,0.08513333333333327
15,20260829,24,permute_both_fixed_anchor,4,middle,12,balance_random_pair,500,0,500,15.656,0.6139166125541127,0.11391661255411267,0.22801206474665595,0.112,0.09817878787878791
15,20260829,24,permute_both_fixed_anchor,4,middle,12,balance_pressured_pair,500,0,500,15.656,0.6519421536796541,0.15194215367965413,0.2714283223016535,0.216,0.12800000000000006
15,20260829,24,permute_both_fixed_anchor,4,middle,12,all_pair_product,500,0,500,15.656,0.834358712121211,0.33435871212121104,0.6042653283196997,0.586,0.4563333333333333
15,20260829,24,permute_both_fixed_anchor,4,middle,12,minimum_max_pressure,500,0,500,15.656,0.7452161255411253,0.24521612554112526,0.3847778243077883,0.316,0.2694965367965366
15,20260829,24,permute_both_renormalized,4,middle,12,random_order,500,0,500,15.702,0.5,0.0,0.1200705882352938,0.0,0.06388517316017313
15,20260829,24,permute_both_renormalized,4,middle,12,balance_only,500,0,500,15.702,0.5800994588744587,0.08009945887445868,0.2021012685074641,0.006,0.0880999999999999
15,20260829,24,permute_both_renormalized,4,middle,12,balance_random_pair,500,0,500,15.702,0.6273917207792208,0.12739172077922079,0.25140740952896357,0.18,0.12104545454545458
15,20260829,24,permute_both_renormalized,4,middle,12,balance_pressured_pair,500,0,500,15.702,0.6540386904761906,0.15403869047619057,0.2642954649721921,0.188,0.11883333333333336
15,20260829,24,permute_both_renormalized,4,middle,12,all_pair_product,500,0,500,15.702,0.8384947510822499,0.3384947510822499,0.6247900409135648,0.608,0.4828333333333333
15,20260829,24,permute_both_renormalized,4,middle,12,minimum_max_pressure,500,0,500,15.702,0.7518113095238091,0.25181130952380915,0.39968708386105756,0.342,0.28875762015762013
15,20260829,24,catalog,8,early,12,random_order,264,0,264,256.0,0.5,0.0,0.007782101167315151,0.0,0.00390625
15,20260829,24,catalog,8,early,12,balance_only,264,0,264,256.0,0.7113665956439394,0.21136659564393945,0.019549987992387833,0.0,0.00790043290043288
15,20260829,24,catalog,8,early,12,balance_random_pair,264,0,264,256.0,0.7139855587121212,0.21398555871212122,0.034525051508672466,0.5151515151515151,0.01533639971139969
15,20260829,24,catalog,8,early,12,balance_pressured_pair,264,0,264,256.0,0.6221368963068182,0.12213689630681823,0.02415752387454986,0.3068181818181818,0.009163059163059152
15,20260829,24,catalog,8,early,12,all_pair_product,264,0,264,256.0,0.7510727391098485,0.2510727391098485,0.2469909007189314,0.5227272727272727,0.174542297979798
15,20260829,24,catalog,8,early,12,minimum_max_pressure,264,0,264,256.0,0.6449529474431818,0.14495294744318177,0.1223566040816065,0.375,0.09490058480868674
15,20260829,24,permute_both_fixed_anchor,8,early,12,random_order,264,0,264,256.0,0.5,0.0,0.007782101167315151,0.0,0.00390625
15,20260829,24,permute_both_fixed_anchor,8,early,12,balance_only,264,0,264,256.0,0.5793678977272727,0.07936789772727271,0.014600477519385978,0.0,0.0048836580086580005
15,20260829,24,permute_both_fixed_anchor,8,early,12,balance_random_pair,264,0,264,256.0,0.6529430042613636,0.15294300426136365,0.02059632169383178,0.17803030303030304,0.006476972101972099
15,20260829,24,permute_both_fixed_anchor,8,early,12,balance_pressured_pair,264,0,264,256.0,0.6527506510416666,0.15275065104166663,0.022661797179889066,0.19318181818181818,0.007308201058201062
15,20260829,24,permute_both_fixed_anchor,8,early,12,all_pair_product,264,0,264,256.0,0.8785881273674242,0.3785881273674242,0.28887170342331453,0.6439393939393939,0.20834911616161617
15,20260829,24,permute_both_fixed_anchor,8,early,12,minimum_max_pressure,264,0,264,256.0,0.7922659209280303,0.2922659209280303,0.09550687269414808,0.3522727272727273,0.06191971931767724
15,20260829,24,permute_both_renormalized,8,early,12,random_order,264,0,264,256.0,0.5,0.0,0.007782101167315151,0.0,0.00390625
15,20260829,24,permute_both_renormalized,8,early,12,balance_only,264,0,264,256.0,0.5872839725378788,0.08728397253787878,0.015233866810296067,0.0,0.005330086580086569
15,20260829,24,permute_both_renormalized,8,early,12,balance_random_pair,264,0,264,256.0,0.6479788115530303,0.14797881155303028,0.019992281564964715,0.17045454545454544,0.0063762626262626266
15,20260829,24,permute_both_renormalized,8,early,12,balance_pressured_pair,264,0,264,256.0,0.6523807410037878,0.15238074100378785,0.022397231003031533,0.1856060606060606,0.007441979316979319
15,20260829,24,permute_both_renormalized,8,early,12,all_pair_product,264,0,264,256.0,0.8806966145833334,0.38069661458333337,0.3217898134665694,0.6401515151515151,0.2478395061728395
15,20260829,24,permute_both_renormalized,8,early,12,minimum_max_pressure,264,0,264,256.0,0.7858516808712122,0.28585168087121215,0.12613983022286304,0.36363636363636365,0.0922757757381858
15,20260829,24,catalog,8,middle,12,random_order,264,54,210,71.31428571428572,0.5,0.0,0.09253534394389686,0.0,0.05327272588418726
15,20260829,24,catalog,8,middle,12,balance_only,264,54,210,71.31428571428572,0.6519508182853316,0.15195081828533163,0.16117654859492364,0.05238095238095238,0.09034306741190115
15,20260829,24,catalog,8,middle,12,balance_random_pair,264,54,210,71.31428571428572,0.6867937889028136,0.18679378890281362,0.2065172037524856,0.20476190476190476,0.12517292718397025
15,20260829,24,catalog,8,middle,12,balance_pressured_pair,264,54,210,71.31428571428572,0.6831102862575362,0.18311028625753623,0.21313872441121837,0.23809523809523808,0.11464431832601314
15,20260829,24,catalog,8,middle,12,all_pair_product,264,54,210,71.31428571428572,0.8318470022875297,0.3318470022875297,0.48604187959415124,0.6523809523809524,0.407492441421013
15,20260829,24,catalog,8,middle,12,minimum_max_pressure,264,54,210,71.31428571428572,0.6142707804479048,0.11427078044790484,0.21297268277865572,0.24761904761904763,0.15850120057352085
15,20260829,24,permute_both_fixed_anchor,8,middle,12,random_order,264,2,262,42.030534351145036,0.5,0.0,0.19030417008369566,0.0,0.11878736734604796
15,20260829,24,permute_both_fixed_anchor,8,middle,12,balance_only,264,2,262,42.030534351145036,0.6141933454792933,0.11419334547929327,0.32028445038100184,0.2099236641221374,0.20632111501045927
15,20260829,24,permute_both_fixed_anchor,8,middle,12,balance_random_pair,264,2,262,42.030534351145036,0.6638027127980198,0.16380271279801983,0.3346569425835521,0.25190839694656486,0.21139068826650073
15,20260829,24,permute_both_fixed_anchor,8,middle,12,balance_pressured_pair,264,2,262,42.030534351145036,0.6472450201130842,0.14724502011308416,0.34317390131545994,0.29770992366412213,0.22611352597092965
15,20260829,24,permute_both_fixed_anchor,8,middle,12,all_pair_product,264,2,262,42.030534351145036,0.8651896623476766,0.3651896623476766,0.6552780127633016,0.7824427480916031,0.56735715938006
15,20260829,24,permute_both_fixed_anchor,8,middle,12,minimum_max_pressure,264,2,262,42.030534351145036,0.6062493735741815,0.10624937357418152,0.29103200118226746,0.1946564885496183,0.20878731951756793
15,20260829,24,permute_both_renormalized,8,middle,12,random_order,264,1,263,42.59315589353612,0.5,0.0,0.18701939519356636,0.0,0.11610924634773716
15,20260829,24,permute_both_renormalized,8,middle,12,balance_only,264,1,263,42.59315589353612,0.6216864402546763,0.12168644025467634,0.30926286720488205,0.19391634980988592,0.20529378699038153
15,20260829,24,permute_both_renormalized,8,middle,12,balance_random_pair,264,1,263,42.59315589353612,0.6822750105610864,0.18227501056108641,0.3405870711504244,0.2623574144486692,0.21719572402129006
15,20260829,24,permute_both_renormalized,8,middle,12,balance_pressured_pair,264,1,263,42.59315589353612,0.6459113276000399,0.1459113276000399,0.32644372578610276,0.23193916349809887,0.20516287270307082
15,20260829,24,permute_both_renormalized,8,middle,12,all_pair_product,264,1,263,42.59315589353612,0.8568457486372525,0.3568457486372525,0.6371109473274629,0.7376425855513308,0.5562450962641077
15,20260829,24,permute_both_renormalized,8,middle,12,minimum_max_pressure,264,1,263,42.59315589353612,0.6053729087771678,0.10537290877716776,0.2870352746636399,0.21292775665399238,0.20252159635192715
15,20260829,28,catalog,2,early,97,random_order,500,0,500,4.0,0.5,0.0,0.4000000000000035,0.0,0.25
15,20260829,28,catalog,2,early,97,balance_only,500,0,500,4.0,0.5315,0.03149999999999997,0.49704761904761735,0.0,0.27
15,20260829,28,catalog,2,early,97,balance_random_pair,500,0,500,4.0,0.5355,0.035499999999999976,0.5085952380952379,0.082,0.274
15,20260829,28,catalog,2,early,97,balance_pressured_pair,500,0,500,4.0,0.5495,0.04949999999999999,0.5378523809523803,0.14,0.301
15,20260829,28,catalog,2,early,97,all_pair_product,500,0,500,4.0,0.61775,0.11775000000000002,0.6386666666666665,0.388,0.4325
15,20260829,28,catalog,2,early,97,minimum_max_pressure,500,0,500,4.0,0.545,0.04500000000000004,0.49560952380952383,0.078,0.29783333333333323
15,20260829,28,permute_both_fixed_anchor,2,early,97,random_order,500,0,500,4.0,0.5,0.0,0.4000000000000035,0.0,0.25
15,20260829,28,permute_both_fixed_anchor,2,early,97,balance_only,500,0,500,4.0,0.547,0.04700000000000004,0.5097999999999978,0.0,0.288
15,20260829,28,permute_both_fixed_anchor,2,early,97,balance_random_pair,500,0,500,4.0,0.56325,0.06325000000000003,0.5329285714285708,0.104,0.3105
15,20260829,28,permute_both_fixed_anchor,2,early,97,balance_pressured_pair,500,0,500,4.0,0.5865,0.08650000000000002,0.5698285714285709,0.184,0.34
15,20260829,28,permute_both_fixed_anchor,2,early,97,all_pair_product,500,0,500,4.0,0.65125,0.15125,0.6805904761904757,0.452,0.4945
15,20260829,28,permute_both_fixed_anchor,2,early,97,minimum_max_pressure,500,0,500,4.0,0.589,0.08899999999999997,0.5455714285714289,0.144,0.3530000000000003
15,20260829,28,permute_both_renormalized,2,early,97,random_order,500,0,500,4.0,0.5,0.0,0.4000000000000035,0.0,0.25
15,20260829,28,permute_both_renormalized,2,early,97,balance_only,500,0,500,4.0,0.52575,0.02575000000000005,0.4904047619047603,0.0,0.259
15,20260829,28,permute_both_renormalized,2,early,97,balance_random_pair,500,0,500,4.0,0.5585,0.058499999999999996,0.5307714285714282,0.116,0.306
15,20260829,28,permute_both_renormalized,2,early,97,balance_pressured_pair,500,0,500,4.0,0.5645,0.0645,0.55377619047619,0.166,0.3265
15,20260829,28,permute_both_renormalized,2,early,97,all_pair_product,500,0,500,4.0,0.657,0.15700000000000003,0.6865095238095231,0.454,0.501
15,20260829,28,permute_both_renormalized,2,early,97,minimum_max_pressure,500,0,500,4.0,0.5775,0.07750000000000001,0.536295238095238,0.134,0.34633333333333355
15,20260829,28,catalog,2,middle,97,random_order,500,12,488,3.971311475409836,0.5,0.0,0.40286885245901977,0.0,0.2523907103825136
15,20260829,28,catalog,2,middle,97,balance_only,500,12,488,3.971311475409836,0.5482411202185793,0.04824112021857929,0.510704527712723,0.010245901639344262,0.2848360655737705
15,20260829,28,catalog,2,middle,97,balance_random_pair,500,12,488,3.971311475409836,0.5806864754098362,0.0806864754098362,0.5612265807962526,0.16598360655737704,0.34579918032786894
15,20260829,28,catalog,2,middle,97,balance_pressured_pair,500,12,488,3.971311475409836,0.6028859289617485,0.10288592896174853,0.6038641686182671,0.26229508196721313,0.3876366120218579
15,20260829,28,catalog,2,middle,97,all_pair_product,500,12,488,3.971311475409836,0.7363387978142075,0.23633879781420752,0.7875048790007808,0.6086065573770492,0.6465163934426229
15,20260829,28,catalog,2,middle,97,minimum_max_pressure,500,12,488,3.971311475409836,0.6171448087431693,0.11714480874316935,0.5964236924277907,0.23565573770491804,0.42025273224043785
15,20260829,28,permute_both_fixed_anchor,2,middle,97,random_order,500,0,500,3.986,0.5,0.0,0.4014000000000034,0.0,0.25116666666666665
15,20260829,28,permute_both_fixed_anchor,2,middle,97,balance_only,500,0,500,3.986,0.5069166666666667,0.006916666666666682,0.47967142857142797,0.018,0.24733333333333327
15,20260829,28,permute_both_fixed_anchor,2,middle,97,balance_random_pair,500,0,500,3.986,0.5570833333333334,0.057083333333333375,0.5346523809523803,0.128,0.313
15,20260829,28,permute_both_fixed_anchor,2,middle,97,balance_pressured_pair,500,0,500,3.986,0.5945833333333334,0.09458333333333335,0.5832952380952375,0.232,0.3551666666666667
15,20260829,28,permute_both_fixed_anchor,2,middle,97,all_pair_product,500,0,500,3.986,0.7206666666666667,0.22066666666666668,0.7743047619047614,0.608,0.6321666666666667
15,20260829,28,permute_both_fixed_anchor,2,middle,97,minimum_max_pressure,500,0,500,3.986,0.6414166666666666,0.14141666666666663,0.6165142857142847,0.258,0.45166666666666755
15,20260829,28,permute_both_renormalized,2,middle,97,random_order,500,0,500,3.992,0.5,0.0,0.40080000000000354,0.0,0.25066666666666665
15,20260829,28,permute_both_renormalized,2,middle,97,balance_only,500,0,500,3.992,0.5463333333333333,0.04633333333333334,0.5140761904761888,0.04,0.2953333333333333
15,20260829,28,permute_both_renormalized,2,middle,97,balance_random_pair,500,0,500,3.992,0.5680833333333333,0.06808333333333327,0.5409190476190471,0.132,0.3145
15,20260829,28,permute_both_renormalized,2,middle,97,balance_pressured_pair,500,0,500,3.992,0.6166666666666666,0.11666666666666659,0.6066761904761901,0.25,0.39
15,20260829,28,permute_both_renormalized,2,middle,97,all_pair_product,500,0,500,3.992,0.7455833333333334,0.24558333333333338,0.7997190476190474,0.634,0.667
15,20260829,28,permute_both_renormalized,2,middle,97,minimum_max_pressure,500,0,500,3.992,0.6426666666666666,0.1426666666666666,0.6135476190476189,0.244,0.4453333333333341
15,20260829,28,catalog,4,early,97,random_order,500,0,500,16.0,0.5,0.0,0.11764705882352902,0.0,0.0625
15,20260829,28,catalog,4,early,97,balance_only,500,0,500,16.0,0.5901875,0.09018749999999998,0.19657064019156215,0.0,0.08666666666666654
15,20260829,28,catalog,4,early,97,balance_random_pair,500,0,500,16.0,0.5866875,0.08668750000000003,0.22162522563671547,0.092,0.0976666666666667
15,20260829,28,catalog,4,early,97,balance_pressured_pair,500,0,500,16.0,0.600375,0.10037499999999999,0.24385333667671205,0.18,0.10866666666666676
15,20260829,28,catalog,4,early,97,all_pair_product,500,0,500,16.0,0.7246875,0.22468750000000004,0.4212470925895567,0.38,0.23716666666666664
15,20260829,28,catalog,4,early,97,minimum_max_pressure,500,0,500,16.0,0.5983125,0.09831250000000002,0.2398706736829645,0.118,0.12867932622932649
15,20260829,28,permute_both_fixed_anchor,4,early,97,random_order,500,0,500,16.0,0.5,0.0,0.11764705882352902,0.0,0.0625
15,20260829,28,permute_both_fixed_anchor,4,early,97,balance_only,500,0,500,16.0,0.541125,0.04112499999999997,0.17383210716544767,0.0,0.06766666666666679
15,20260829,28,permute_both_fixed_anchor,4,early,97,balance_random_pair,500,0,500,16.0,0.5705625,0.07056249999999997,0.2063963027087495,0.102,0.08616666666666663
15,20260829,28,permute_both_fixed_anchor,4,early,97,balance_pressured_pair,500,0,500,16.0,0.5855,0.08550000000000002,0.21770726492573578,0.138,0.08666666666666671
15,20260829,28,permute_both_fixed_anchor,4,early,97,all_pair_product,500,0,500,16.0,0.752,0.252,0.47944684514480934,0.432,0.322
15,20260829,28,permute_both_fixed_anchor,4,early,97,minimum_max_pressure,500,0,500,16.0,0.662625,0.16262500000000002,0.28063480105997174,0.18,0.16434134754134772
15,20260829,28,permute_both_renormalized,4,early,97,random_order,500,0,500,16.0,0.5,0.0,0.11764705882352902,0.0,0.0625
15,20260829,28,permute_both_renormalized,4,early,97,balance_only,500,0,500,16.0,0.5289375,0.02893749999999995,0.17058256098073069,0.0,0.06566666666666682
15,20260829,28,permute_both_renormalized,4,early,97,balance_random_pair,500,0,500,16.0,0.545625,0.04562500000000003,0.19317113010296227,0.09,0.07400000000000002
15,20260829,28,permute_both_renormalized,4,early,97,balance_pressured_pair,500,0,500,16.0,0.5909375,0.0909375,0.21487513638455769,0.128,0.08266666666666665
15,20260829,28,permute_both_renormalized,4,early,97,all_pair_product,500,0,500,16.0,0.75625,0.25625,0.47369367040897464,0.426,0.31616666666666665
15,20260829,28,permute_both_renormalized,4,early,97,minimum_max_pressure,500,0,500,16.0,0.6535,0.15349999999999997,0.27311056024957264,0.176,0.1550771395271396
15,20260829,28,catalog,4,middle,97,random_order,500,8,492,15.03048780487805,0.5,0.0,0.12944306510482953,0.0,0.06964648946356268
15,20260829,28,catalog,4,middle,97,balance_only,500,8,492,15.03048780487805,0.5884311473869399,0.08843114738693991,0.2060826305744233,0.01016260162601626,0.0884146341463414
15,20260829,28,catalog,4,middle,97,balance_random_pair,500,8,492,15.03048780487805,0.6249952903916324,0.12499529039163237,0.2551485539240129,0.16666666666666666,0.114586779525804
15,20260829,28,catalog,4,middle,97,balance_pressured_pair,500,8,492,15.03048780487805,0.6611120220114126,0.16111202201141261,0.30245594553689253,0.23373983739837398,0.1478658536585366
15,20260829,28,catalog,4,middle,97,all_pair_product,500,8,492,15.03048780487805,0.825877512843975,0.32587751284397504,0.6002315914663472,0.5894308943089431,0.4410569105691057
15,20260829,28,catalog,4,middle,97,minimum_max_pressure,500,8,492,15.03048780487805,0.7258636843621594,0.22586368436215942,0.38532708457130266,0.32113821138211385,0.2668523944438577
15,20260829,28,permute_both_fixed_anchor,4,middle,97,random_order,500,0,500,15.44,0.5,0.0,0.1226781257957725,0.0,0.06541468531468533
15,20260829,28,permute_both_fixed_anchor,4,middle,97,balance_only,500,0,500,15.44,0.57648016983017,0.07648016983017003,0.20079757309364726,0.012,0.08533333333333333
15,20260829,28,permute_both_fixed_anchor,4,middle,97,balance_random_pair,500,0,500,15.44,0.6310284132534133,0.1310284132534133,0.2524780108658059,0.184,0.11860909090909097
15,20260829,28,permute_both_fixed_anchor,4,middle,97,balance_pressured_pair,500,0,500,15.44,0.6813351315351317,0.1813351315351317,0.2912689384601863,0.268,0.14073333333333338
15,20260829,28,permute_both_fixed_anchor,4,middle,97,all_pair_product,500,0,500,15.44,0.8494070512820499,0.34940705128204985,0.640831527238708,0.634,0.5028333333333334
15,20260829,28,permute_both_fixed_anchor,4,middle,97,minimum_max_pressure,500,0,500,15.44,0.763454645354645,0.263454645354645,0.39155973210054335,0.3,0.2709160173160173
15,20260829,28,permute_both_renormalized,4,middle,97,random_order,500,0,500,15.478,0.5,0.0,0.12202909345556372,0.0,0.06501083083583083
15,20260829,28,permute_both_renormalized,4,middle,97,balance_only,500,0,500,15.478,0.5721952589077594,0.07219525890775935,0.1969804371689847,0.008,0.08259999999999995
15,20260829,28,permute_both_renormalized,4,middle,97,balance_random_pair,500,0,500,15.478,0.6276972444222445,0.1276972444222445,0.25267606145914556,0.176,0.11790086580086592
15,20260829,28,permute_both_renormalized,4,middle,97,balance_pressured_pair,500,0,500,15.478,0.6743014860139863,0.17430148601398632,0.29170327185196054,0.272,0.13816666666666674
15,20260829,28,permute_both_renormalized,4,middle,97,all_pair_product,500,0,500,15.478,0.8395424741924729,0.33954247419247285,0.6433842096023036,0.638,0.5083333333333334
15,20260829,28,permute_both_renormalized,4,middle,97,minimum_max_pressure,500,0,500,15.478,0.7582207334332333,0.25822073343323326,0.40017741982683513,0.3,0.2864486291486293
15,20260829,28,catalog,8,early,97,random_order,500,0,500,256.0,0.5,0.0,0.007782101167315149,0.0,0.00390625
15,20260829,28,catalog,8,early,97,balance_only,500,0,500,256.0,0.624625,0.12462499999999999,0.016062821073120147,0.0,0.005707142857142841
15,20260829,28,catalog,8,early,97,balance_random_pair,500,0,500,256.0,0.6359609375,0.13596093750000005,0.022146110997861207,0.19,0.007933333333333315
15,20260829,28,catalog,8,early,97,balance_pressured_pair,500,0,500,256.0,0.6396484375,0.1396484375,0.023039222618250428,0.184,0.007629365079365068
15,20260829,28,catalog,8,early,97,all_pair_product,500,0,500,256.0,0.8268125,0.32681249999999995,0.161310538821546,0.546,0.09822417582417588
15,20260829,28,catalog,8,early,97,minimum_max_pressure,500,0,500,256.0,0.6920234375,0.19202343749999995,0.07159727277189266,0.212,0.05175923144932555
15,20260829,28,permute_both_fixed_anchor,8,early,97,random_order,500,0,500,256.0,0.5,0.0,0.007782101167315149,0.0,0.00390625
15,20260829,28,permute_both_fixed_anchor,8,early,97,balance_only,500,0,500,256.0,0.56305078125,0.06305078124999997,0.014480512580742922,0.0,0.004878571428571415
15,20260829,28,permute_both_fixed_anchor,8,early,97,balance_random_pair,500,0,500,256.0,0.6077109375,0.10771093750000005,0.019970110146414782,0.182,0.006614285714285704
15,20260829,28,permute_both_fixed_anchor,8,early,97,balance_pressured_pair,500,0,500,256.0,0.6272265625,0.12722656249999997,0.02225521467685426,0.196,0.00708095238095237
15,20260829,28,permute_both_fixed_anchor,8,early,97,all_pair_product,500,0,500,256.0,0.8421640625,0.3421640625,0.24310598648354065,0.592,0.1685586691086691
15,20260829,28,permute_both_fixed_anchor,8,early,97,minimum_max_pressure,500,0,500,256.0,0.7367578125,0.23675781250000005,0.06719484289415602,0.232,0.04316858678779151
15,20260829,28,permute_both_renormalized,8,early,97,random_order,500,0,500,256.0,0.5,0.0,0.007782101167315149,0.0,0.00390625
15,20260829,28,permute_both_renormalized,8,early,97,balance_only,500,0,500,256.0,0.5599765625,0.05997656250000005,0.01429828593899309,0.0,0.004749999999999989
15,20260829,28,permute_both_renormalized,8,early,97,balance_random_pair,500,0,500,256.0,0.60951953125,0.10951953125000002,0.018345803522930648,0.144,0.005391269841269836
15,20260829,28,permute_both_renormalized,8,early,97,balance_pressured_pair,500,0,500,256.0,0.6295859375,0.12958593750000003,0.021547975347021856,0.178,0.006640476190476183
15,20260829,28,permute_both_renormalized,8,early,97,all_pair_product,500,0,500,256.0,0.84331640625,0.34331640625000004,0.25803600401342497,0.562,0.1874448412698413
15,20260829,28,permute_both_renormalized,8,early,97,minimum_max_pressure,500,0,500,256.0,0.74091796875,0.24091796875000004,0.07592247823713358,0.216,0.05207036610191897
15,20260829,28,catalog,8,middle,97,random_order,500,0,500,190.18,0.5,0.0,0.011370070378421417,0.0,0.005721649791007569
15,20260829,28,catalog,8,middle,97,balance_only,500,0,500,190.18,0.634848605016902,0.134848605016902,0.02125269609018308,0.004,0.008356970460351741
15,20260829,28,catalog,8,middle,97,balance_random_pair,500,0,500,190.18,0.6910153554969336,0.1910153554969336,0.034361178468227976,0.23,0.012178088069418294
15,20260829,28,catalog,8,middle,97,balance_pressured_pair,500,0,500,190.18,0.712787400486595,0.21278740048659495,0.04094541959211543,0.298,0.014642083479612886
15,20260829,28,catalog,8,middle,97,all_pair_product,500,0,500,190.18,0.9291096206917636,0.4291096206917636,0.4429694193658584,0.768,0.3466023809523809
15,20260829,28,catalog,8,middle,97,minimum_max_pressure,500,0,500,190.18,0.8435316227539562,0.3435316227539562,0.13994094049025677,0.458,0.09564528720636316
15,20260829,28,permute_both_fixed_anchor,8,middle,97,random_order,500,0,500,196.748,0.5,0.0,0.010579433436498161,0.0,0.005319412544651356
15,20260829,28,permute_both_fixed_anchor,8,middle,97,balance_only,500,0,500,196.748,0.6098576500648262,0.10985765006482617,0.02015085580209356,0.018,0.007871109355019598
15,20260829,28,permute_both_fixed_anchor,8,middle,97,balance_random_pair,500,0,500,196.748,0.682144465499268,0.182144465499268,0.03146630259080816,0.19,0.011262384757583508
15,20260829,28,permute_both_fixed_anchor,8,middle,97,balance_pressured_pair,500,0,500,196.748,0.7167250211909718,0.2167250211909718,0.036272383624159424,0.228,0.012388199486876049
15,20260829,28,permute_both_fixed_anchor,8,middle,97,all_pair_product,500,0,500,196.748,0.9329120925117815,0.43291209251178153,0.4800791500918,0.818,0.3806371287571288
15,20260829,28,permute_both_fixed_anchor,8,middle,97,minimum_max_pressure,500,0,500,196.748,0.8712858409925374,0.37128584099253736,0.2025495359559268,0.562,0.15118450913719275
15,20260829,28,permute_both_renormalized,8,middle,97,random_order,500,0,500,197.144,0.5,0.0,0.0105043856954455,0.0,0.005281159641184796
15,20260829,28,permute_both_renormalized,8,middle,97,balance_only,500,0,500,197.144,0.6259077604630069,0.1259077604630069,0.020411778948164032,0.036,0.00821919147992359
15,20260829,28,permute_both_renormalized,8,middle,97,balance_random_pair,500,0,500,197.144,0.708374924398809,0.208374924398809,0.03434043545645005,0.218,0.012850121462250017
15,20260829,28,permute_both_renormalized,8,middle,97,balance_pressured_pair,500,0,500,197.144,0.7268291311142709,0.22682913111427094,0.03974303846036844,0.286,0.015103523701835788
15,20260829,28,permute_both_renormalized,8,middle,97,all_pair_product,500,0,500,197.144,0.9248067977153889,0.4248067977153889,0.4758590733597787,0.786,0.38418571428571424
15,20260829,28,permute_both_renormalized,8,middle,97,minimum_max_pressure,500,0,500,197.144,0.8586613428252524,0.3586613428252524,0.20778690376531223,0.53,0.16129849457064402
16,20260830,24,catalog,2,early,12,random_order,500,0,500,4.0,0.5,0.0,0.4000000000000035,0.0,0.25
16,20260830,24,catalog,2,early,12,balance_only,500,0,500,4.0,0.53875,0.03874999999999995,0.5003333333333317,0.0,0.272
16,20260830,24,catalog,2,early,12,balance_random_pair,500,0,500,4.0,0.51875,0.018750000000000044,0.5015809523809518,0.078,0.2845
16,20260830,24,catalog,2,early,12,balance_pressured_pair,500,0,500,4.0,0.47625,-0.023749999999999993,0.5237761904761906,0.256,0.323
16,20260830,24,catalog,2,early,12,all_pair_product,500,0,500,4.0,0.58925,0.08925000000000005,0.605809523809523,0.332,0.388
16,20260830,24,catalog,2,early,12,minimum_max_pressure,500,0,500,4.0,0.44625,-0.05375000000000002,0.5002619047619045,0.254,0.3094999999999999
16,20260830,24,permute_both_fixed_anchor,2,early,12,random_order,500,0,500,4.0,0.5,0.0,0.4000000000000035,0.0,0.25
16,20260830,24,permute_both_fixed_anchor,2,early,12,balance_only,500,0,500,4.0,0.516,0.016000000000000014,0.48623809523809364,0.0,0.257
16,20260830,24,permute_both_fixed_anchor,2,early,12,balance_random_pair,500,0,500,4.0,0.533,0.03300000000000003,0.5122904761904757,0.116,0.285
16,20260830,24,permute_both_fixed_anchor,2,early,12,balance_pressured_pair,500,0,500,4.0,0.573,0.07299999999999995,0.553695238095238,0.158,0.3255
16,20260830,24,permute_both_fixed_anchor,2,early,12,all_pair_product,500,0,500,4.0,0.6615,0.16149999999999998,0.6863666666666665,0.448,0.4965
16,20260830,24,permute_both_fixed_anchor,2,early,12,minimum_max_pressure,500,0,500,4.0,0.5985,0.09850000000000003,0.5594428571428561,0.154,0.37500000000000056
16,20260830,24,permute_both_renormalized,2,early,12,random_order,500,0,500,4.0,0.5,0.0,0.4000000000000035,0.0,0.25
16,20260830,24,permute_both_renormalized,2,early,12,balance_only,500,0,500,4.0,0.52425,0.024249999999999994,0.49116666666666514,0.0,0.262
16,20260830,24,permute_both_renormalized,2,early,12,balance_random_pair,500,0,500,4.0,0.54475,0.044749999999999956,0.5144380952380946,0.078,0.2895
16,20260830,24,permute_both_renormalized,2,early,12,balance_pressured_pair,500,0,500,4.0,0.555,0.05500000000000005,0.5369999999999995,0.132,0.302
16,20260830,24,permute_both_renormalized,2,early,12,all_pair_product,500,0,500,4.0,0.66475,0.16474999999999995,0.6989809523809519,0.476,0.5241666666666667
16,20260830,24,permute_both_renormalized,2,early,12,minimum_max_pressure,500,0,500,4.0,0.58775,0.08775,0.5559809523809522,0.164,0.3760000000000004
16,20260830,24,catalog,2,middle,12,random_order,500,29,471,4.0,0.5,0.0,0.4000000000000034,0.0,0.25
16,20260830,24,catalog,2,middle,12,balance_only,500,29,471,4.0,0.5498938428874734,0.04989384288747345,0.5071782428470312,0.004246284501061571,0.27954706298655346
16,20260830,24,catalog,2,middle,12,balance_random_pair,500,29,471,4.0,0.5459129511677282,0.0459129511677282,0.5299514710342733,0.12526539278131635,0.3211252653927813
16,20260830,24,catalog,2,middle,12,balance_pressured_pair,500,29,471,4.0,0.5485668789808917,0.04856687898089174,0.5848599737134771,0.31422505307855625,0.3991507430997877
16,20260830,24,catalog,2,middle,12,all_pair_product,500,29,471,4.0,0.6388004246284501,0.1388004246284501,0.6748255990294199,0.4437367303609342,0.505307855626327
16,20260830,24,catalog,2,middle,12,minimum_max_pressure,500,29,471,4.0,0.5950106157112527,0.09501061571125269,0.6424072389040536,0.416135881104034,0.5040693559801841
16,20260830,24,permute_both_fixed_anchor,2,middle,12,random_order,500,0,500,4.0,0.5,0.0,0.4000000000000035,0.0,0.25
16,20260830,24,permute_both_fixed_anchor,2,middle,12,balance_only,500,0,500,4.0,0.53225,0.03225,0.4943761904761893,0.012,0.26799999999999996
16,20260830,24,permute_both_fixed_anchor,2,middle,12,balance_random_pair,500,0,500,4.0,0.57825,0.07825000000000004,0.5547714285714285,0.154,0.33516666666666667
16,20260830,24,permute_both_fixed_anchor,2,middle,12,balance_pressured_pair,500,0,500,4.0,0.596,0.09599999999999997,0.5774238095238092,0.202,0.3471666666666667
16,20260830,24,permute_both_fixed_anchor,2,middle,12,all_pair_product,500,0,500,4.0,0.72575,0.22575,0.7761142857142851,0.602,0.6361666666666667
16,20260830,24,permute_both_fixed_anchor,2,middle,12,minimum_max_pressure,500,0,500,4.0,0.6475,0.14749999999999996,0.6250809523809526,0.28,0.4630000000000004
16,20260830,24,permute_both_renormalized,2,middle,12,random_order,500,0,500,3.994,0.5,0.0,0.40060000000000356,0.0,0.25049999999999994
16,20260830,24,permute_both_renormalized,2,middle,12,balance_only,500,0,500,3.994,0.5304166666666668,0.03041666666666676,0.49506666666666527,0.014,0.27033333333333326
16,20260830,24,permute_both_renormalized,2,middle,12,balance_random_pair,500,0,500,3.994,0.5741666666666666,0.0741666666666666,0.5532238095238092,0.156,0.3386666666666666
16,20260830,24,permute_both_renormalized,2,middle,12,balance_pressured_pair,500,0,500,3.994,0.6050833333333333,0.1050833333333333,0.5891428571428569,0.218,0.3685
16,20260830,24,permute_both_renormalized,2,middle,12,all_pair_product,500,0,500,3.994,0.7475833333333333,0.24758333333333327,0.8068285714285709,0.65,0.6876666666666668
16,20260830,24,permute_both_renormalized,2,middle,12,minimum_max_pressure,500,0,500,3.994,0.63925,0.13924999999999998,0.6126571428571426,0.258,0.44266666666666754
16,20260830,24,catalog,4,early,12,random_order,264,0,264,16.0,0.5,0.0,0.11764705882352905,0.0,0.0625
16,20260830,24,catalog,4,early,12,balance_only,264,0,264,16.0,0.6357717803030303,0.13577178030303028,0.22065203659665197,0.0,0.11174242424242452
16,20260830,24,catalog,4,early,12,balance_random_pair,264,0,264,16.0,0.6183712121212122,0.11837121212121215,0.23678028875177154,0.045454545454545456,0.11868686868686876
16,20260830,24,catalog,4,early,12,balance_pressured_pair,264,0,264,16.0,0.5449810606060606,0.04498106060606055,0.215270388043253,0.03409090909090909,0.09974747474747478
16,20260830,24,catalog,4,early,12,all_pair_product,264,0,264,16.0,0.6435842803030303,0.14358428030303028,0.4095824003791859,0.36742424242424243,0.2664141414141414
16,20260830,24,catalog,4,early,12,minimum_max_pressure,264,0,264,16.0,0.49834280303030304,-0.0016571969696969613,0.20878614787748223,0.08333333333333333,0.09955056517556513
16,20260830,24,permute_both_fixed_anchor,4,early,12,random_order,264,0,264,16.0,0.5,0.0,0.11764705882352905,0.0,0.0625
16,20260830,24,permute_both_fixed_anchor,4,early,12,balance_only,264,0,264,16.0,0.5317234848484849,0.03172348484848486,0.17184165283904332,0.0,0.067550505050505
16,20260830,24,permute_both_fixed_anchor,4,early,12,balance_random_pair,264,0,264,16.0,0.5701941287878788,0.07019412878787878,0.199784736704026,0.08333333333333333,0.07891414141414144
16,20260830,24,permute_both_fixed_anchor,4,early,12,balance_pressured_pair,264,0,264,16.0,0.607717803030303,0.10771780303030298,0.22082756040753665,0.11363636363636363,0.08838383838383837
16,20260830,24,permute_both_fixed_anchor,4,early,12,all_pair_product,264,0,264,16.0,0.7459753787878788,0.24597537878787878,0.43975791562267946,0.38636363636363635,0.27178030303030304
16,20260830,24,permute_both_fixed_anchor,4,early,12,minimum_max_pressure,264,0,264,16.0,0.6712831439393939,0.17128314393939392,0.2873664989967904,0.19696969696969696,0.17049197645788577
16,20260830,24,permute_both_renormalized,4,early,12,random_order,264,0,264,16.0,0.5,0.0,0.11764705882352905,0.0,0.0625
16,20260830,24,permute_both_renormalized,4,early,12,balance_only,264,0,264,16.0,0.5493607954545454,0.049360795454545414,0.1778798523319392,0.0,0.07196969696969696
16,20260830,24,permute_both_renormalized,4,early,12,balance_random_pair,264,0,264,16.0,0.5640388257575758,0.0640388257575758,0.19708980036524995,0.07954545454545454,0.07733585858585858
16,20260830,24,permute_both_renormalized,4,early,12,balance_pressured_pair,264,0,264,16.0,0.5752840909090909,0.07528409090909094,0.21232292961757707,0.12121212121212122,0.08459595959595959
16,20260830,24,permute_both_renormalized,4,early,12,all_pair_product,264,0,264,16.0,0.7381628787878788,0.23816287878787878,0.4404815328539683,0.36363636363636365,0.2851641414141414
16,20260830,24,permute_both_renormalized,4,early,12,minimum_max_pressure,264,0,264,16.0,0.6455965909090909,0.14559659090909094,0.27367258976641984,0.19696969696969696,0.15458918186190915
16,20260830,24,catalog,4,middle,12,random_order,500,32,468,15.82905982905983,0.5,0.0,0.11932294285235427,0.0,0.06347125097125098
16,20260830,24,catalog,4,middle,12,balance_only,500,32,468,15.82905982905983,0.6558554292929294,0.1558554292929294,0.2237434531611496,0.0,0.11089743589743543
16,20260830,24,catalog,4,middle,12,balance_random_pair,500,32,468,15.82905982905983,0.639993686868687,0.13999368686868696,0.2516406753233793,0.09401709401709402,0.12868589743589748
16,20260830,24,catalog,4,middle,12,balance_pressured_pair,500,32,468,15.82905982905983,0.6120337995337998,0.11203379953379977,0.2506137034727818,0.12179487179487179,0.1232193732193732
16,20260830,24,catalog,4,middle,12,all_pair_product,500,32,468,15.82905982905983,0.71036081973582,0.21036081973582,0.47708164619966215,0.4423076923076923,0.34440883190883187
16,20260830,24,catalog,4,middle,12,minimum_max_pressure,500,32,468,15.82905982905983,0.6533665986790987,0.15336659867909874,0.37125542876212764,0.27564102564102566,0.26916682854182855
16,20260830,24,permute_both_fixed_anchor,4,middle,12,random_order,500,0,500,15.706,0.5,0.0,0.12002450980392126,0.0,0.06385811688311686
16,20260830,24,permute_both_fixed_anchor,4,middle,12,balance_only,500,0,500,15.706,0.5816530844155847,0.08165308441558472,0.1978149285959701,0.006,0.08429999999999993
16,20260830,24,permute_both_fixed_anchor,4,middle,12,balance_random_pair,500,0,500,15.706,0.6073536255411256,0.1073536255411256,0.22571004970159914,0.11,0.09671212121212118
16,20260830,24,permute_both_fixed_anchor,4,middle,12,balance_pressured_pair,500,0,500,15.706,0.6496469155844161,0.14964691558441612,0.2639415442200675,0.204,0.11983333333333338
16,20260830,24,permute_both_fixed_anchor,4,middle,12,all_pair_product,500,0,500,15.706,0.8233287337662324,0.3233287337662324,0.5926046371143565,0.592,0.4388333333333333
16,20260830,24,permute_both_fixed_anchor,4,middle,12,minimum_max_pressure,500,0,500,15.706,0.7336557359307357,0.23365573593073574,0.3651115765838149,0.29,0.24980213675213678
16,20260830,24,permute_both_renormalized,4,middle,12,random_order,500,0,500,15.658,0.5,0.0,0.12051218487394924,0.0,0.06414129204129203
16,20260830,24,permute_both_renormalized,4,middle,12,balance_only,500,0,500,15.658,0.5661542415917418,0.06615424159174177,0.19372126799360928,0.012,0.08056666666666668
16,20260830,24,permute_both_renormalized,4,middle,12,balance_random_pair,500,0,500,15.658,0.6014885905760908,0.10148859057609083,0.2251791956489364,0.132,0.09529949494949497
16,20260830,24,permute_both_renormalized,4,middle,12,balance_pressured_pair,500,0,500,15.658,0.6533240925740925,0.15332409257409252,0.2626702753256966,0.21,0.11916666666666671
16,20260830,24,permute_both_renormalized,4,middle,12,all_pair_product,500,0,500,15.658,0.8254683691308681,0.3254683691308681,0.5947091920536155,0.584,0.447
16,20260830,24,permute_both_renormalized,4,middle,12,minimum_max_pressure,500,0,500,15.658,0.740493469030969,0.24049346903096902,0.38444232542025486,0.312,0.268485642135642
16,20260830,24,catalog,8,early,12,random_order,264,0,264,256.0,0.5,0.0,0.007782101167315151,0.0,0.00390625
16,20260830,24,catalog,8,early,12,balance_only,264,0,264,256.0,0.7413810961174242,0.2413810961174242,0.021364139480258053,0.0,0.009307359307359283
16,20260830,24,catalog,8,early,12,balance_random_pair,264,0,264,256.0,0.7540838068181818,0.25408380681818177,0.03370097170537037,0.48484848484848486,0.014911014911014871
16,20260830,24,catalog,8,early,12,balance_pressured_pair,264,0,264,256.0,0.6508197206439394,0.15081972064393945,0.026090158361863534,0.3409090909090909,0.0104136604136604
16,20260830,24,catalog,8,early,12,all_pair_product,264,0,264,256.0,0.7455610795454546,0.24556107954545459,0.25664943480277685,0.5643939393939394,0.1784880050505051
16,20260830,24,catalog,8,early,12,minimum_max_pressure,264,0,264,256.0,0.7215687144886364,0.22156871448863635,0.09250067438106305,0.4431818181818182,0.06190474488162478
16,20260830,24,permute_both_fixed_anchor,8,early,12,random_order,264,0,264,256.0,0.5,0.0,0.007782101167315151,0.0,0.00390625
16,20260830,24,permute_both_fixed_anchor,8,early,12,balance_only,264,0,264,256.0,0.5688772490530303,0.06887724905303028,0.014456108328311594,0.0,0.0048295454545454475
16,20260830,24,permute_both_fixed_anchor,8,early,12,balance_random_pair,264,0,264,256.0,0.6034416429924242,0.1034416429924242,0.01684568738947149,0.12121212121212122,0.004679232804232804
16,20260830,24,permute_both_fixed_anchor,8,early,12,balance_pressured_pair,264,0,264,256.0,0.6667406486742424,0.16674064867424243,0.02286170977093681,0.1893939393939394,0.0073698292448292485
16,20260830,24,permute_both_fixed_anchor,8,early,12,all_pair_product,264,0,264,256.0,0.8707830255681818,0.37078302556818177,0.28650708748176507,0.6439393939393939,0.19144270081770082
16,20260830,24,permute_both_fixed_anchor,8,early,12,minimum_max_pressure,264,0,264,256.0,0.7815163352272727,0.2815163352272727,0.10077901779377946,0.3371212121212121,0.07010590507657669
16,20260830,24,permute_both_renormalized,8,early,12,random_order,264,0,264,256.0,0.5,0.0,0.007782101167315151,0.0,0.00390625
16,20260830,24,permute_both_renormalized,8,early,12,balance_only,264,0,264,256.0,0.5729610558712122,0.07296105587121215,0.01416103449458888,0.0,0.004464285714285708
16,20260830,24,permute_both_renormalized,8,early,12,balance_random_pair,264,0,264,256.0,0.6320356889204546,0.13203568892045459,0.020431274306828888,0.1856060606060606,0.006661856661856662
16,20260830,24,permute_both_renormalized,8,early,12,balance_pressured_pair,264,0,264,256.0,0.6536384351325758,0.1536384351325758,0.020784969425829112,0.1553030303030303,0.005997474747474751
16,20260830,24,permute_both_renormalized,8,early,12,all_pair_product,264,0,264,256.0,0.8779296875,0.3779296875,0.28641370438176045,0.6401515151515151,0.1970696548821549
16,20260830,24,permute_both_renormalized,8,early,12,minimum_max_pressure,264,0,264,256.0,0.7764411695075758,0.2764411695075758,0.1057016516832181,0.3371212121212121,0.07245752787778878
16,20260830,24,catalog,8,middle,12,random_order,264,36,228,68.28947368421052,0.5,0.0,0.09923757937532295,0.0,0.057862136618592165
16,20260830,24,catalog,8,middle,12,balance_only,264,36,228,68.28947368421052,0.644983490671846,0.14498349067184602,0.17136354241170917,0.05263157894736842,0.10248612811156053
16,20260830,24,catalog,8,middle,12,balance_random_pair,264,36,228,68.28947368421052,0.7021719200995369,0.20217192009953688,0.2297967455286154,0.25,0.1483272986657059
16,20260830,24,catalog,8,middle,12,balance_pressured_pair,264,36,228,68.28947368421052,0.6917654183159714,0.19176541831597138,0.25578012820952106,0.32456140350877194,0.1562528861949861
16,20260830,24,catalog,8,middle,12,all_pair_product,264,36,228,68.28947368421052,0.804711842870717,0.30471184287071695,0.5114277613720494,0.6403508771929824,0.4416588345864662
16,20260830,24,catalog,8,middle,12,minimum_max_pressure,264,36,228,68.28947368421052,0.583128812188042,0.08312881218804202,0.21877474345449874,0.2149122807017544,0.1672883792569217
16,20260830,24,permute_both_fixed_anchor,8,middle,12,random_order,264,4,260,40.66923076923077,0.5,0.0,0.19101242788371897,0.0,0.11954777850045405
16,20260830,24,permute_both_fixed_anchor,8,middle,12,balance_only,264,4,260,40.66923076923077,0.6295675034313157,0.12956750343131573,0.3379987416316767,0.22692307692307692,0.23028383745919703
16,20260830,24,permute_both_fixed_anchor,8,middle,12,balance_random_pair,264,4,260,40.66923076923077,0.6567747508224085,0.15677475082240855,0.3421194375306933,0.23461538461538461,0.2199651203016395
16,20260830,24,permute_both_fixed_anchor,8,middle,12,balance_pressured_pair,264,4,260,40.66923076923077,0.6463421040033479,0.1463421040033479,0.3554680646036744,0.2846153846153846,0.2369866220524116
16,20260830,24,permute_both_fixed_anchor,8,middle,12,all_pair_product,264,4,260,40.66923076923077,0.8593021740670901,0.3593021740670901,0.6601259815913598,0.7538461538461538,0.5860726495726496
16,20260830,24,permute_both_fixed_anchor,8,middle,12,minimum_max_pressure,264,4,260,40.66923076923077,0.6070664345013613,0.10706643450136133,0.2904482578289515,0.2,0.204835334898136
16,20260830,24,permute_both_renormalized,8,middle,12,random_order,264,7,257,41.68482490272373,0.5,0.0,0.18255280865893656,0.0,0.11352787039632879
16,20260830,24,permute_both_renormalized,8,middle,12,balance_only,264,7,257,41.68482490272373,0.6166568674859138,0.11665686748591375,0.3009579805667196,0.19455252918287938,0.19205388676651772
16,20260830,24,permute_both_renormalized,8,middle,12,balance_random_pair,264,7,257,41.68482490272373,0.6774805348682605,0.17748053486826054,0.32854353153891835,0.23346303501945526,0.2036679444705651
16,20260830,24,permute_both_renormalized,8,middle,12,balance_pressured_pair,264,7,257,41.68482490272373,0.6212568311357591,0.12125683113575914,0.3029036392052694,0.22568093385214008,0.18151946831421784
16,20260830,24,permute_both_renormalized,8,middle,12,all_pair_product,264,7,257,41.68482490272373,0.8424566141897433,0.34245661418974327,0.6361727049103318,0.7237354085603113,0.5582762028287321
16,20260830,24,permute_both_renormalized,8,middle,12,minimum_max_pressure,264,7,257,41.68482490272373,0.6086929897442084,0.10869298974420838,0.28309089969386114,0.20622568093385213,0.20195128408925128
16,20260830,28,catalog,2,early,97,random_order,500,0,500,4.0,0.5,0.0,0.4000000000000035,0.0,0.25
16,20260830,28,catalog,2,early,97,balance_only,500,0,500,4.0,0.529,0.029000000000000026,0.4918809523809511,0.0,0.259
16,20260830,28,catalog,2,early,97,balance_random_pair,500,0,500,4.0,0.53675,0.03674999999999995,0.5131571428571421,0.084,0.2875
16,20260830,28,catalog,2,early,97,balance_pressured_pair,500,0,500,4.0,0.56625,0.06625000000000003,0.5555571428571419,0.178,0.316
16,20260830,28,catalog,2,early,97,all_pair_product,500,0,500,4.0,0.6475,0.14749999999999996,0.6743619047619045,0.434,0.481
16,20260830,28,catalog,2,early,97,minimum_max_pressure,500,0,500,4.0,0.558,0.05800000000000005,0.5198666666666665,0.126,0.33066666666666705
16,20260830,28,permute_both_fixed_anchor,2,early,97,random_order,500,0,500,4.0,0.5,0.0,0.4000000000000035,0.0,0.25
16,20260830,28,permute_both_fixed_anchor,2,early,97,balance_only,500,0,500,4.0,0.52925,0.029249999999999998,0.49496666666666483,0.0,0.267
16,20260830,28,permute_both_fixed_anchor,2,early,97,balance_random_pair,500,0,500,4.0,0.54125,0.04125000000000001,0.5113428571428567,0.082,0.2765
16,20260830,28,permute_both_fixed_anchor,2,early,97,balance_pressured_pair,500,0,500,4.0,0.556,0.05600000000000005,0.5423666666666667,0.156,0.307
16,20260830,28,permute_both_fixed_anchor,2,early,97,all_pair_product,500,0,500,4.0,0.656,0.15600000000000003,0.6889238095238098,0.46,0.5126666666666667
16,20260830,28,permute_both_fixed_anchor,2,early,97,minimum_max_pressure,500,0,500,4.0,0.582,0.08199999999999996,0.5478904761904757,0.166,0.3650000000000005
16,20260830,28,permute_both_renormalized,2,early,97,random_order,500,0,500,4.0,0.5,0.0,0.4000000000000035,0.0,0.25
16,20260830,28,permute_both_renormalized,2,early,97,balance_only,500,0,500,4.0,0.50375,0.003750000000000031,0.47688095238095063,0.0,0.244
16,20260830,28,permute_both_renormalized,2,early,97,balance_random_pair,500,0,500,4.0,0.53125,0.03125,0.5062619047619041,0.094,0.2725
16,20260830,28,permute_both_renormalized,2,early,97,balance_pressured_pair,500,0,500,4.0,0.5575,0.057499999999999996,0.5429904761904757,0.164,0.305
16,20260830,28,permute_both_renormalized,2,early,97,all_pair_product,500,0,500,4.0,0.6595,0.15949999999999998,0.6955428571428568,0.486,0.5185
16,20260830,28,permute_both_renormalized,2,early,97,minimum_max_pressure,500,0,500,4.0,0.581,0.08099999999999996,0.5394047619047618,0.136,0.3501666666666669
16,20260830,28,catalog,2,middle,97,random_order,500,5,495,3.9474747474747476,0.5,0.0,0.4052525252525286,0.0,0.25437710437710426
16,20260830,28,catalog,2,middle,97,balance_only,500,5,495,3.9474747474747476,0.5356902356902357,0.03569023569023566,0.50114959114959,0.01818181818181818,0.267003367003367
16,20260830,28,catalog,2,middle,97,balance_random_pair,500,5,495,3.9474747474747476,0.5928451178451178,0.09284511784511784,0.5776142376142376,0.18181818181818182,0.37138047138047137
16,20260830,28,catalog,2,middle,97,balance_pressured_pair,500,5,495,3.9474747474747476,0.596043771043771,0.09604377104377104,0.5952332852332852,0.24646464646464647,0.3727272727272728
16,20260830,28,catalog,2,middle,97,all_pair_product,500,5,495,3.9474747474747476,0.7363636363636363,0.23636363636363633,0.7862433862433854,0.6121212121212121,0.6393939393939394
16,20260830,28,catalog,2,middle,97,minimum_max_pressure,500,5,495,3.9474747474747476,0.6235690235690237,0.12356902356902366,0.6167965367965368,0.28888888888888886,0.4461279461279464
16,20260830,28,permute_both_fixed_anchor,2,middle,97,random_order,500,1,499,3.9919839679358717,0.5,0.0,0.40080160320641633,0.0,0.25066800267201067
16,20260830,28,permute_both_fixed_anchor,2,middle,97,balance_only,500,1,499,3.9919839679358717,0.5437541750167001,0.04375417501670009,0.5063937398606723,0.014028056112224449,0.2839011356045423
16,20260830,28,permute_both_fixed_anchor,2,middle,97,balance_random_pair,500,1,499,3.9919839679358717,0.5652137608550435,0.06521376085504349,0.5482250214715145,0.15831663326653306,0.32915831663326656
16,20260830,28,permute_both_fixed_anchor,2,middle,97,balance_pressured_pair,500,1,499,3.9919839679358717,0.6115564462257849,0.11155644622578487,0.5973852466838444,0.22645290581162325,0.3769205076820307
16,20260830,28,permute_both_fixed_anchor,2,middle,97,all_pair_product,500,1,499,3.9919839679358717,0.7233633934535738,0.2233633934535738,0.7706746826987304,0.593186372745491,0.6202404809619239
16,20260830,28,permute_both_fixed_anchor,2,middle,97,minimum_max_pressure,500,1,499,3.9919839679358717,0.637191048764195,0.13719104876419497,0.6147390018131501,0.25851703406813625,0.44422177688710834
16,20260830,28,permute_both_renormalized,2,middle,97,random_order,500,0,500,3.992,0.5,0.0,0.40080000000000354,0.0,0.25066666666666665
16,20260830,28,permute_both_renormalized,2,middle,97,balance_only,500,0,500,3.992,0.4978333333333333,-0.0021666666666667056,0.4704761904761898,0.016,0.2353333333333332
16,20260830,28,permute_both_renormalized,2,middle,97,balance_random_pair,500,0,500,3.992,0.53975,0.03974999999999995,0.5221809523809526,0.124,0.292
16,20260830,28,permute_both_renormalized,2,middle,97,balance_pressured_pair,500,0,500,3.992,0.58925,0.08925000000000005,0.5752190476190473,0.216,0.3403333333333333
16,20260830,28,permute_both_renormalized,2,middle,97,all_pair_product,500,0,500,3.992,0.7310833333333334,0.23108333333333342,0.7845476190476188,0.616,0.6463333333333332
16,20260830,28,permute_both_renormalized,2,middle,97,minimum_max_pressure,500,0,500,3.992,0.6371666666666668,0.13716666666666677,0.6136571428571421,0.256,0.44366666666666754
16,20260830,28,catalog,4,early,97,random_order,500,0,500,16.0,0.5,0.0,0.11764705882352902,0.0,0.0625
16,20260830,28,catalog,4,early,97,balance_only,500,0,500,16.0,0.59425,0.09424999999999994,0.19840134453781683,0.0,0.08833333333333318
16,20260830,28,catalog,4,early,97,balance_random_pair,500,0,500,16.0,0.5888125,0.08881249999999996,0.22232912459789597,0.1,0.09833333333333343
16,20260830,28,catalog,4,early,97,balance_pressured_pair,500,0,500,16.0,0.6068125,0.10681249999999998,0.24818876587649566,0.196,0.11266666666666678
16,20260830,28,catalog,4,early,97,all_pair_product,500,0,500,16.0,0.7301875,0.2301875,0.4321709451319875,0.388,0.2521666666666666
16,20260830,28,catalog,4,early,97,minimum_max_pressure,500,0,500,16.0,0.60775,0.10775000000000001,0.236699523760452,0.11,0.1244737706737709
16,20260830,28,permute_both_fixed_anchor,4,early,97,random_order,500,0,500,16.0,0.5,0.0,0.11764705882352902,0.0,0.0625
16,20260830,28,permute_both_fixed_anchor,4,early,97,balance_only,500,0,500,16.0,0.5330625,0.033062499999999995,0.1710356911712233,0.0,0.06583333333333348
16,20260830,28,permute_both_fixed_anchor,4,early,97,balance_random_pair,500,0,500,16.0,0.579625,0.07962499999999995,0.20408613727020267,0.092,0.08199999999999999
16,20260830,28,permute_both_fixed_anchor,4,early,97,balance_pressured_pair,500,0,500,16.0,0.608375,0.108375,0.22299617571399283,0.142,0.08916666666666669
16,20260830,28,permute_both_fixed_anchor,4,early,97,all_pair_product,500,0,500,16.0,0.75325,0.25325,0.47888278866078965,0.416,0.3240666666666667
16,20260830,28,permute_both_fixed_anchor,4,early,97,minimum_max_pressure,500,0,500,16.0,0.656625,0.15662500000000001,0.2804759378967136,0.178,0.16379568209568243
16,20260830,28,permute_both_renormalized,4,early,97,random_order,500,0,500,16.0,0.5,0.0,0.11764705882352902,0.0,0.0625
16,20260830,28,permute_both_renormalized,4,early,97,balance_only,500,0,500,16.0,0.516625,0.016625,0.16842372964761088,0.0,0.06466666666666683
16,20260830,28,permute_both_renormalized,4,early,97,balance_random_pair,500,0,500,16.0,0.555125,0.05512499999999998,0.19762586602483279,0.092,0.07683333333333328
16,20260830,28,permute_both_renormalized,4,early,97,balance_pressured_pair,500,0,500,16.0,0.5850625,0.08506250000000004,0.21747631558518876,0.142,0.08733333333333329
16,20260830,28,permute_both_renormalized,4,early,97,all_pair_product,500,0,500,16.0,0.7455625,0.24556250000000002,0.463330550721426,0.42,0.30016666666666664
16,20260830,28,permute_both_renormalized,4,early,97,minimum_max_pressure,500,0,500,16.0,0.649375,0.14937500000000004,0.27579085570863177,0.182,0.1612990065490067
16,20260830,28,catalog,4,middle,97,random_order,500,4,496,15.112903225806452,0.5,0.0,0.12863412777134284,0.0,0.06917455864028449
16,20260830,28,catalog,4,middle,97,balance_only,500,4,496,15.112903225806452,0.5841047015820199,0.08410470158201988,0.20881930333861717,0.014112903225806451,0.09398521505376346
16,20260830,28,catalog,4,middle,97,balance_random_pair,500,4,496,15.112903225806452,0.6118966467000743,0.11189664670007426,0.2534041995097678,0.17137096774193547,0.11775568181818194
16,20260830,28,catalog,4,middle,97,balance_pressured_pair,500,4,496,15.112903225806452,0.650045342762077,0.15004534276207704,0.3047800204347139,0.23588709677419356,0.15944220430107534
16,20260830,28,catalog,4,middle,97,all_pair_product,500,4,496,15.112903225806452,0.834884075937502,0.334884075937502,0.6115273014572674,0.5967741935483871,0.4548051075268817
16,20260830,28,catalog,4,middle,97,minimum_max_pressure,500,4,496,15.112903225806452,0.706525107117344,0.20652510711734395,0.35972497268713094,0.28830645161290325,0.24161788592232156
16,20260830,28,permute_both_fixed_anchor,4,middle,97,random_order,500,0,500,15.472,0.5,0.0,0.12254481792717055,0.0,0.06536018981018982
16,20260830,28,permute_both_fixed_anchor,4,middle,97,balance_only,500,0,500,15.472,0.5828890276390278,0.08288902763902783,0.20659444682133804,0.012,0.09029999999999998
16,20260830,28,permute_both_fixed_anchor,4,middle,97,balance_random_pair,500,0,500,15.472,0.6205032176157176,0.12050321761571758,0.2558203748527882,0.212,0.12171212121212137
16,20260830,28,permute_both_fixed_anchor,4,middle,97,balance_pressured_pair,500,0,500,15.472,0.6718830752580751,0.1718830752580751,0.2935448987321309,0.28,0.1415000000000001
16,20260830,28,permute_both_fixed_anchor,4,middle,97,all_pair_product,500,0,500,15.472,0.8412358682983672,0.34123586829836716,0.6369437523089228,0.618,0.5053333333333333
16,20260830,28,permute_both_fixed_anchor,4,middle,97,minimum_max_pressure,500,0,500,15.472,0.7424188519813519,0.24241885198135193,0.38341042792478663,0.3,0.2649754190254189
16,20260830,28,permute_both_renormalized,4,middle,97,random_order,500,0,500,15.532,0.5,0.0,0.12181026424555802,0.0,0.06491235431235431
16,20260830,28,permute_both_renormalized,4,middle,97,balance_only,500,0,500,15.532,0.5836486596736601,0.08364865967366009,0.2018544589929492,0.004,0.0868333333333333
16,20260830,28,permute_both_renormalized,4,middle,97,balance_random_pair,500,0,500,15.532,0.6342167082917085,0.1342167082917085,0.2506107873058873,0.164,0.11663030303030314
16,20260830,28,permute_both_renormalized,4,middle,97,balance_pressured_pair,500,0,500,15.532,0.6746723151848154,0.1746723151848154,0.2848805638272149,0.242,0.13300000000000003
16,20260830,28,permute_both_renormalized,4,middle,97,all_pair_product,500,0,500,15.532,0.839070879120878,0.33907087912087797,0.6224946926116707,0.622,0.47733333333333333
16,20260830,28,permute_both_renormalized,4,middle,97,minimum_max_pressure,500,0,500,15.532,0.7597872169497171,0.25978721694971707,0.3983615430258756,0.318,0.28268593073593073
16,20260830,28,catalog,8,early,97,random_order,500,0,500,256.0,0.5,0.0,0.007782101167315149,0.0,0.00390625
16,20260830,28,catalog,8,early,97,balance_only,500,0,500,256.0,0.6364296875,0.13642968749999995,0.016214546388370905,0.0,0.005692857142857127
16,20260830,28,catalog,8,early,97,balance_random_pair,500,0,500,256.0,0.6468671875,0.14686718750000005,0.021893512243799797,0.174,0.007499999999999986
16,20260830,28,catalog,8,early,97,balance_pressured_pair,500,0,500,256.0,0.66965625,0.16965624999999995,0.02400152749600944,0.182,0.007928571428571413
16,20260830,28,catalog,8,early,97,all_pair_product,500,0,500,256.0,0.8264296875,0.3264296875,0.1607681343989503,0.534,0.09652869352869357
16,20260830,28,catalog,8,early,97,minimum_max_pressure,500,0,500,256.0,0.68334375,0.18334375000000003,0.06561991857887478,0.214,0.04572321878866681
16,20260830,28,permute_both_fixed_anchor,8,early,97,random_order,500,0,500,256.0,0.5,0.0,0.007782101167315149,0.0,0.00390625
16,20260830,28,permute_both_fixed_anchor,8,early,97,balance_only,500,0,500,256.0,0.5639921875,0.06399218750000002,0.014294227876105995,0.0,0.004728571428571417
16,20260830,28,permute_both_fixed_anchor,8,early,97,balance_random_pair,500,0,500,256.0,0.61855859375,0.11855859375,0.0201717392050033,0.188,0.006692063492063479
16,20260830,28,permute_both_fixed_anchor,8,early,97,balance_pressured_pair,500,0,500,256.0,0.63050390625,0.13050390624999997,0.022098004424165714,0.19,0.007115873015873005
16,20260830,28,permute_both_fixed_anchor,8,early,97,all_pair_product,500,0,500,256.0,0.83913671875,0.33913671874999995,0.2325403369410405,0.564,0.16568896103896105
16,20260830,28,permute_both_fixed_anchor,8,early,97,minimum_max_pressure,500,0,500,256.0,0.72782421875,0.22782421875000003,0.060720527466768974,0.23,0.035821463108705404
16,20260830,28,permute_both_renormalized,8,early,97,random_order,500,0,500,256.0,0.5,0.0,0.007782101167315149,0.0,0.00390625
16,20260830,28,permute_both_renormalized,8,early,97,balance_only,500,0,500,256.0,0.55543359375,0.05543359375000001,0.014127790159355998,0.0,0.0046785714285714165
16,20260830,28,permute_both_renormalized,8,early,97,balance_random_pair,500,0,500,256.0,0.59883984375,0.09883984374999999,0.018237715647447073,0.142,0.005638095238095232
16,20260830,28,permute_both_renormalized,8,early,97,balance_pressured_pair,500,0,500,256.0,0.60766015625,0.10766015625000003,0.020926065984123714,0.176,0.006538095238095229
16,20260830,28,permute_both_renormalized,8,early,97,all_pair_product,500,0,500,256.0,0.84419921875,0.34419921875000004,0.249990003708493,0.566,0.1685888888888889
16,20260830,28,permute_both_renormalized,8,early,97,minimum_max_pressure,500,0,500,256.0,0.74741015625,0.24741015624999996,0.07849353816463775,0.246,0.0507501586133884
16,20260830,28,catalog,8,middle,97,random_order,500,0,500,191.574,0.5,0.0,0.011283409991130325,0.0,0.005677851903591258
16,20260830,28,catalog,8,middle,97,balance_only,500,0,500,191.574,0.6566124276002518,0.15661242760025185,0.022504313144593734,0.012,0.009423322109749298
16,20260830,28,catalog,8,middle,97,balance_random_pair,500,0,500,191.574,0.6884105899764957,0.18841058997649573,0.035164267715432136,0.236,0.01290760169050333
16,20260830,28,catalog,8,middle,97,balance_pressured_pair,500,0,500,191.574,0.7246776361842354,0.22467763618423542,0.04502747463291345,0.362,0.017956610478616082
16,20260830,28,catalog,8,middle,97,all_pair_product,500,0,500,191.574,0.9332790567177611,0.4332790567177611,0.4585933977365345,0.818,0.36772619047619054
16,20260830,28,catalog,8,middle,97,minimum_max_pressure,500,0,500,191.574,0.8322645006568542,0.3322645006568542,0.14572354807756885,0.444,0.104053473686791
16,20260830,28,permute_both_fixed_anchor,8,middle,97,random_order,500,0,500,193.57,0.5,0.0,0.010750197800683235,0.0,0.0054056895094580296
16,20260830,28,permute_both_fixed_anchor,8,middle,97,balance_only,500,0,500,193.57,0.6330865761310626,0.13308657613106256,0.0210788789071388,0.02,0.00840841614062226
16,20260830,28,permute_both_fixed_anchor,8,middle,97,balance_random_pair,500,0,500,193.57,0.7067367244109185,0.2067367244109185,0.034691372571832545,0.198,0.012721100866185083
16,20260830,28,permute_both_fixed_anchor,8,middle,97,balance_pressured_pair,500,0,500,193.57,0.7669902145447594,0.26699021454475935,0.04557330928234596,0.34,0.018169159309496093
16,20260830,28,permute_both_fixed_anchor,8,middle,97,all_pair_product,500,0,500,193.57,0.9355392580300416,0.43553925803004157,0.497016459387101,0.84,0.4019003968253968
16,20260830,28,permute_both_fixed_anchor,8,middle,97,minimum_max_pressure,500,0,500,193.57,0.8698983044234346,0.36989830442343463,0.20465424588606895,0.582,0.15529910668667432
16,20260830,28,permute_both_renormalized,8,middle,97,random_order,500,0,500,193.348,0.5,0.0,0.010768029003180333,0.0,0.005414748773329603
16,20260830,28,permute_both_renormalized,8,middle,97,balance_only,500,0,500,193.348,0.6094748471938827,0.10947484719388267,0.019907915475497768,0.02,0.007653224499798024
16,20260830,28,permute_both_renormalized,8,middle,97,balance_random_pair,500,0,500,193.348,0.695254462655116,0.19525446265511603,0.033040333162996385,0.198,0.011803252899434
16,20260830,28,permute_both_renormalized,8,middle,97,balance_pressured_pair,500,0,500,193.348,0.7324172555592591,0.23241725555925907,0.04064984827309857,0.276,0.01520857008519577
16,20260830,28,permute_both_renormalized,8,middle,97,all_pair_product,500,0,500,193.348,0.9303059023313169,0.43030590233131694,0.5105977600178437,0.806,0.42251592407592403
16,20260830,28,permute_both_renormalized,8,middle,97,minimum_max_pressure,500,0,500,193.348,0.8637352476462624,0.3637352476462624,0.213730005804306,0.55,0.16698494519362472
17,20260831,24,catalog,2,early,12,random_order,500,0,500,4.0,0.5,0.0,0.4000000000000035,0.0,0.25
17,20260831,24,catalog,2,early,12,balance_only,500,0,500,4.0,0.53175,0.031749999999999945,0.4980476190476172,0.0,0.272
17,20260831,24,catalog,2,early,12,balance_random_pair,500,0,500,4.0,0.51825,0.01824999999999999,0.507147619047618,0.09,0.295
17,20260831,24,catalog,2,early,12,balance_pressured_pair,500,0,500,4.0,0.4695,-0.030500000000000027,0.5235523809523811,0.274,0.327
17,20260831,24,catalog,2,early,12,all_pair_product,500,0,500,4.0,0.5715,0.07150000000000001,0.5869761904761902,0.31,0.361
17,20260831,24,catalog,2,early,12,minimum_max_pressure,500,0,500,4.0,0.43375,-0.06624999999999998,0.49645238095238037,0.264,0.30549999999999994
17,20260831,24,permute_both_fixed_anchor,2,early,12,random_order,500,0,500,4.0,0.5,0.0,0.4000000000000035,0.0,0.25
17,20260831,24,permute_both_fixed_anchor,2,early,12,balance_only,500,0,500,4.0,0.51725,0.017249999999999988,0.48797619047618895,0.0,0.26
17,20260831,24,permute_both_fixed_anchor,2,early,12,balance_random_pair,500,0,500,4.0,0.537,0.03700000000000003,0.5130285714285713,0.108,0.2825
17,20260831,24,permute_both_fixed_anchor,2,early,12,balance_pressured_pair,500,0,500,4.0,0.56,0.06000000000000005,0.5498428571428572,0.178,0.3205
17,20260831,24,permute_both_fixed_anchor,2,early,12,all_pair_product,500,0,500,4.0,0.6565,0.15649999999999997,0.6870047619047609,0.456,0.5066666666666666
17,20260831,24,permute_both_fixed_anchor,2,early,12,minimum_max_pressure,500,0,500,4.0,0.5835,0.08350000000000002,0.549990476190476,0.164,0.3603333333333339
17,20260831,24,permute_both_renormalized,2,early,12,random_order,500,0,500,4.0,0.5,0.0,0.4000000000000035,0.0,0.25
17,20260831,24,permute_both_renormalized,2,early,12,balance_only,500,0,500,4.0,0.524,0.02400000000000002,0.49271428571428383,0.0,0.266
17,20260831,24,permute_both_renormalized,2,early,12,balance_random_pair,500,0,500,4.0,0.53825,0.038250000000000006,0.5153857142857134,0.094,0.2955
17,20260831,24,permute_both_renormalized,2,early,12,balance_pressured_pair,500,0,500,4.0,0.54525,0.04525000000000001,0.5326666666666662,0.132,0.301
17,20260831,24,permute_both_renormalized,2,early,12,all_pair_product,500,0,500,4.0,0.64625,0.14625,0.6717190476190469,0.432,0.478
17,20260831,24,permute_both_renormalized,2,early,12,minimum_max_pressure,500,0,500,4.0,0.5675,0.0675,0.5352095238095236,0.14,0.34516666666666695
17,20260831,24,catalog,2,middle,12,random_order,500,21,479,3.997912317327766,0.5,0.0,0.4002087682672268,0.0,0.2501739735560195
17,20260831,24,catalog,2,middle,12,balance_only,500,21,479,3.997912317327766,0.5441892832289491,0.044189283228949106,0.5059648076349522,0.016701461377870562,0.2804453723034098
17,20260831,24,catalog,2,middle,12,balance_random_pair,500,21,479,3.997912317327766,0.5307063326374392,0.03070633263743916,0.5133860224674414,0.10020876826722339,0.30062630480167013
17,20260831,24,catalog,2,middle,12,balance_pressured_pair,500,21,479,3.997912317327766,0.5429714683368129,0.04297146833681287,0.5741674122676216,0.29227557411273486,0.38100208768267224
17,20260831,24,catalog,2,middle,12,all_pair_product,500,21,479,3.997912317327766,0.6210855949895616,0.12108559498956162,0.6466100009941338,0.3945720250521921,0.4592901878914405
17,20260831,24,catalog,2,middle,12,minimum_max_pressure,500,21,479,3.997912317327766,0.5907272094641616,0.09072720946416157,0.6336961924644594,0.40292275574112735,0.4928670842032012
17,20260831,24,permute_both_fixed_anchor,2,middle,12,random_order,500,0,500,3.994,0.5,0.0,0.4006000000000035,0.0,0.2505
17,20260831,24,permute_both_fixed_anchor,2,middle,12,balance_only,500,0,500,3.994,0.5458333333333333,0.04583333333333328,0.5060523809523793,0.014,0.2836666666666666
17,20260831,24,permute_both_fixed_anchor,2,middle,12,balance_random_pair,500,0,500,3.994,0.5761666666666667,0.07616666666666672,0.5513476190476186,0.144,0.32816666666666666
17,20260831,24,permute_both_fixed_anchor,2,middle,12,balance_pressured_pair,500,0,500,3.994,0.6163333333333333,0.11633333333333329,0.6019857142857139,0.226,0.39016666666666666
17,20260831,24,permute_both_fixed_anchor,2,middle,12,all_pair_product,500,0,500,3.994,0.7194166666666666,0.2194166666666666,0.7686761904761905,0.584,0.6266666666666666
17,20260831,24,permute_both_fixed_anchor,2,middle,12,minimum_max_pressure,500,0,500,3.994,0.653,0.15300000000000002,0.6369285714285707,0.306,0.47516666666666724
17,20260831,24,permute_both_renormalized,2,middle,12,random_order,500,0,500,3.992,0.5,0.0,0.4008000000000035,0.0,0.25066666666666665
17,20260831,24,permute_both_renormalized,2,middle,12,balance_only,500,0,500,3.992,0.5350833333333334,0.035083333333333355,0.5020190476190463,0.02,0.27633333333333326
17,20260831,24,permute_both_renormalized,2,middle,12,balance_random_pair,500,0,500,3.992,0.5624166666666667,0.062416666666666676,0.5406714285714279,0.132,0.32166666666666666
17,20260831,24,permute_both_renormalized,2,middle,12,balance_pressured_pair,500,0,500,3.992,0.5946666666666667,0.09466666666666668,0.5830952380952374,0.212,0.3653333333333333
17,20260831,24,permute_both_renormalized,2,middle,12,all_pair_product,500,0,500,3.992,0.7189166666666666,0.21891666666666665,0.7671857142857139,0.58,0.6191666666666668
17,20260831,24,permute_both_renormalized,2,middle,12,minimum_max_pressure,500,0,500,3.992,0.6349166666666666,0.13491666666666657,0.6213142857142849,0.284,0.4561666666666674
17,20260831,24,catalog,4,early,12,random_order,264,0,264,16.0,0.5,0.0,0.11764705882352905,0.0,0.0625
17,20260831,24,catalog,4,early,12,balance_only,264,0,264,16.0,0.6431107954545454,0.14311079545454541,0.23020873121976024,0.0,0.12247474747474778
17,20260831,24,catalog,4,early,12,balance_random_pair,264,0,264,16.0,0.5363399621212122,0.036339962121212155,0.2148148273460853,0.011363636363636364,0.10606060606060608
17,20260831,24,catalog,4,early,12,balance_pressured_pair,264,0,264,16.0,0.5375236742424242,0.0375236742424242,0.21679612724527386,0.01893939393939394,0.10385101010101015
17,20260831,24,catalog,4,early,12,all_pair_product,264,0,264,16.0,0.6125710227272727,0.11257102272727271,0.38087685219251916,0.3371212121212121,0.2380050505050505
17,20260831,24,catalog,4,early,12,minimum_max_pressure,264,0,264,16.0,0.4681581439393939,-0.03184185606060608,0.18049023725590432,0.041666666666666664,0.06990754405527132
17,20260831,24,permute_both_fixed_anchor,4,early,12,random_order,264,0,264,16.0,0.5,0.0,0.11764705882352905,0.0,0.0625
17,20260831,24,permute_both_fixed_anchor,4,early,12,balance_only,264,0,264,16.0,0.5258049242424242,0.0258049242424242,0.16949049145562384,0.0,0.0656565656565656
17,20260831,24,permute_both_fixed_anchor,4,early,12,balance_random_pair,264,0,264,16.0,0.5581202651515151,0.05812026515151514,0.19917201016669214,0.10606060606060606,0.07954545454545457
17,20260831,24,permute_both_fixed_anchor,4,early,12,balance_pressured_pair,264,0,264,16.0,0.5765861742424242,0.0765861742424242,0.2113940160627009,0.13636363636363635,0.08396464646464646
17,20260831,24,permute_both_fixed_anchor,4,early,12,all_pair_product,264,0,264,16.0,0.755563446969697,0.255563446969697,0.46441054167915213,0.4128787878787879,0.3003156565656566
17,20260831,24,permute_both_fixed_anchor,4,early,12,minimum_max_pressure,264,0,264,16.0,0.6455965909090909,0.14559659090909094,0.278640442807955,0.19318181818181818,0.16359117523890263
17,20260831,24,permute_both_renormalized,4,early,12,random_order,264,0,264,16.0,0.5,0.0,0.11764705882352905,0.0,0.0625
17,20260831,24,permute_both_renormalized,4,early,12,balance_only,264,0,264,16.0,0.5526751893939394,0.05267518939393945,0.18163557162845545,0.0,0.07638888888888891
17,20260831,24,permute_both_renormalized,4,early,12,balance_random_pair,264,0,264,16.0,0.5606060606060606,0.06060606060606055,0.19278975352121344,0.045454545454545456,0.07638888888888888
17,20260831,24,permute_both_renormalized,4,early,12,balance_pressured_pair,264,0,264,16.0,0.5628551136363636,0.06285511363636365,0.19990840468446697,0.07575757575757576,0.0763888888888889
17,20260831,24,permute_both_renormalized,4,early,12,all_pair_product,264,0,264,16.0,0.74609375,0.24609375,0.45650475652690004,0.3977272727272727,0.2897727272727273
17,20260831,24,permute_both_renormalized,4,early,12,minimum_max_pressure,264,0,264,16.0,0.6258285984848485,0.1258285984848485,0.26064833948013355,0.18181818181818182,0.14448643738416467
17,20260831,24,catalog,4,middle,12,random_order,500,22,478,15.769874476987448,0.5,0.0,0.11990319140208339,0.0,0.0638075313807531
17,20260831,24,catalog,4,middle,12,balance_only,500,22,478,15.769874476987448,0.641754231647014,0.14175423164701395,0.22103700405425192,0.0,0.10693863319386307
17,20260831,24,catalog,4,middle,12,balance_random_pair,500,22,478,15.769874476987448,0.6168754754659566,0.11687547546595656,0.2388035318079115,0.058577405857740586,0.11748605299860525
17,20260831,24,catalog,4,middle,12,balance_pressured_pair,500,22,478,15.769874476987448,0.627139596804869,0.12713959680486897,0.24622227854512313,0.0794979079497908,0.11297071129707102
17,20260831,24,catalog,4,middle,12,all_pair_product,500,22,478,15.769874476987448,0.7288833682008368,0.22888336820083677,0.4852690376073697,0.4372384937238494,0.34295676429567634
17,20260831,24,catalog,4,middle,12,minimum_max_pressure,500,22,478,15.769874476987448,0.6969320559147965,0.19693205591479646,0.42207044333780547,0.34518828451882844,0.3233646235215269
17,20260831,24,permute_both_fixed_anchor,4,middle,12,random_order,500,0,500,15.688,0.5,0.0,0.12019117647058791,0.0,0.06395422077922078
17,20260831,24,permute_both_fixed_anchor,4,middle,12,balance_only,500,0,500,15.688,0.5640132575757575,0.06401325757575749,0.19155923550690188,0.008,0.07859999999999999
17,20260831,24,permute_both_fixed_anchor,4,middle,12,balance_random_pair,500,0,500,15.688,0.6126817640692644,0.11268176406926445,0.22946092135762097,0.15,0.09868181818181825
17,20260831,24,permute_both_fixed_anchor,4,middle,12,balance_pressured_pair,500,0,500,15.688,0.6532234848484852,0.15322348484848525,0.2717795459725648,0.242,0.1251666666666668
17,20260831,24,permute_both_fixed_anchor,4,middle,12,all_pair_product,500,0,500,15.688,0.8337573593073587,0.3337573593073587,0.607356014112854,0.582,0.4623333333333334
17,20260831,24,permute_both_fixed_anchor,4,middle,12,minimum_max_pressure,500,0,500,15.688,0.7404480519480517,0.24044805194805174,0.3875686160589937,0.316,0.2737850149850152
17,20260831,24,permute_both_renormalized,4,middle,12,random_order,500,0,500,15.68,0.5,0.0,0.12044411764705852,0.0,0.06412424242424242
17,20260831,24,permute_both_renormalized,4,middle,12,balance_only,500,0,500,15.68,0.5589808982683988,0.05898089826839881,0.1873960154046459,0.006,0.07440000000000002
17,20260831,24,permute_both_renormalized,4,middle,12,balance_random_pair,500,0,500,15.68,0.6145904220779222,0.11459042207792225,0.23363183641566965,0.15,0.10354242424242434
17,20260831,24,permute_both_renormalized,4,middle,12,balance_pressured_pair,500,0,500,15.68,0.6677044372294374,0.1677044372294374,0.277879983057167,0.246,0.13150000000000006
17,20260831,24,permute_both_renormalized,4,middle,12,all_pair_product,500,0,500,15.68,0.8380856060606048,0.3380856060606048,0.615409023187718,0.604,0.463
17,20260831,24,permute_both_renormalized,4,middle,12,minimum_max_pressure,500,0,500,15.68,0.744322294372294,0.24432229437229402,0.39832583938175786,0.334,0.2850480741480743
17,20260831,24,catalog,8,early,12,random_order,264,0,264,256.0,0.5,0.0,0.007782101167315151,0.0,0.00390625
17,20260831,24,catalog,8,early,12,balance_only,264,0,264,256.0,0.7161458333333334,0.21614583333333337,0.021451726233329887,0.0,0.009632034632034606
17,20260831,24,catalog,8,early,12,balance_random_pair,264,0,264,256.0,0.6626050544507576,0.16260505445075757,0.029573089642500362,0.45454545454545453,0.012979497354497323
17,20260831,24,catalog,8,early,12,balance_pressured_pair,264,0,264,256.0,0.6475053267045454,0.14750532670454541,0.02643267705795831,0.36742424242424243,0.010777417027417009
17,20260831,24,catalog,8,early,12,all_pair_product,264,0,264,256.0,0.7417140151515151,0.24171401515151514,0.23444822199450466,0.5340909090909091,0.16073232323232323
17,20260831,24,catalog,8,early,12,minimum_max_pressure,264,0,264,256.0,0.727834990530303,0.22783499053030298,0.09060467459233153,0.3712121212121212,0.06309189450356026
17,20260831,24,permute_both_fixed_anchor,8,early,12,random_order,264,0,264,256.0,0.5,0.0,0.007782101167315151,0.0,0.00390625
17,20260831,24,permute_both_fixed_anchor,8,early,12,balance_only,264,0,264,256.0,0.5809659090909091,0.08096590909090906,0.015211490066011716,0.0,0.0054112554112554015
17,20260831,24,permute_both_fixed_anchor,8,early,12,balance_random_pair,264,0,264,256.0,0.6354092684659091,0.13540926846590906,0.020305567992596908,0.1856060606060606,0.006555134680134678
17,20260831,24,permute_both_fixed_anchor,8,early,12,balance_pressured_pair,264,0,264,256.0,0.6474979285037878,0.14749792850378785,0.023216758512878095,0.21212121212121213,0.007831289081289083
17,20260831,24,permute_both_fixed_anchor,8,early,12,all_pair_product,264,0,264,256.0,0.8748372395833334,0.37483723958333337,0.2852260538844025,0.625,0.18913840788840788
17,20260831,24,permute_both_fixed_anchor,8,early,12,minimum_max_pressure,264,0,264,256.0,0.7910600142045454,0.2910600142045454,0.09200030661594517,0.3484848484848485,0.0573946041944365
17,20260831,24,permute_both_renormalized,8,early,12,random_order,264,0,264,256.0,0.5,0.0,0.007782101167315151,0.0,0.00390625
17,20260831,24,permute_both_renormalized,8,early,12,balance_only,264,0,264,256.0,0.5880385890151515,0.08803858901515149,0.014938043352745995,0.0,0.005045995670995662
17,20260831,24,permute_both_renormalized,8,early,12,balance_random_pair,264,0,264,256.0,0.6433919270833334,0.14339192708333337,0.020009030400173308,0.15151515151515152,0.006532587782587781
17,20260831,24,permute_both_renormalized,8,early,12,balance_pressured_pair,264,0,264,256.0,0.6841042258522727,0.1841042258522727,0.025317308823903477,0.24621212121212122,0.008851911976911974
17,20260831,24,permute_both_renormalized,8,early,12,all_pair_product,264,0,264,256.0,0.8754734848484849,0.37547348484848486,0.283114404522122,0.6742424242424242,0.1764895983645984
17,20260831,24,permute_both_renormalized,8,early,12,minimum_max_pressure,264,0,264,256.0,0.7829293915719697,0.2829293915719697,0.1091178730075292,0.3712121212121212,0.07468784298428022
17,20260831,24,catalog,8,middle,12,random_order,264,27,237,54.74683544303797,0.5,0.0,0.10632140821453517,0.0,0.060863764863380646
17,20260831,24,catalog,8,middle,12,balance_only,264,27,237,54.74683544303797,0.6409993973219734,0.14099939732197342,0.17982044839530517,0.04219409282700422,0.10082944121805577
17,20260831,24,catalog,8,middle,12,balance_random_pair,264,27,237,54.74683544303797,0.7012055207828067,0.20120552078280673,0.2364045005898233,0.22784810126582278,0.1406334203070133
17,20260831,24,catalog,8,middle,12,balance_pressured_pair,264,27,237,54.74683544303797,0.6778436275893744,0.17784362758937444,0.24817406540825512,0.2489451476793249,0.1407333732171187
17,20260831,24,catalog,8,middle,12,all_pair_product,264,27,237,54.74683544303797,0.8211831449596229,0.32118314495962286,0.5242033594530284,0.6371308016877637,0.44741226307682
17,20260831,24,catalog,8,middle,12,minimum_max_pressure,264,27,237,54.74683544303797,0.5935105899022685,0.09351058990226846,0.23785238495569797,0.2320675105485232,0.1756071552262122
17,20260831,24,permute_both_fixed_anchor,8,middle,12,random_order,264,7,257,41.43968871595331,0.5,0.0,0.18033602884218092,0.0,0.11077579769473068
17,20260831,24,permute_both_fixed_anchor,8,middle,12,balance_only,264,7,257,41.43968871595331,0.6314000338733118,0.13140003387331178,0.3148378043419692,0.1828793774319066,0.19869337861564124
17,20260831,24,permute_both_fixed_anchor,8,middle,12,balance_random_pair,264,7,257,41.43968871595331,0.6638959009147353,0.16389590091473527,0.3392546563025136,0.23735408560311283,0.21511230199789352
17,20260831,24,permute_both_fixed_anchor,8,middle,12,balance_pressured_pair,264,7,257,41.43968871595331,0.6502189807304044,0.1502189807304044,0.3413395333067863,0.2607003891050584,0.22429885334311123
17,20260831,24,permute_both_fixed_anchor,8,middle,12,all_pair_product,264,7,257,41.43968871595331,0.8476003668165419,0.34760036681654194,0.6298775518922535,0.7237354085603113,0.5506514777915555
17,20260831,24,permute_both_fixed_anchor,8,middle,12,minimum_max_pressure,264,7,257,41.43968871595331,0.6056255960306473,0.10562559603064725,0.284571832097799,0.20233463035019456,0.202272674866639
17,20260831,24,permute_both_renormalized,8,middle,12,random_order,264,4,260,41.22692307692308,0.5,0.0,0.17840714512929343,0.0,0.11085081721035098
17,20260831,24,permute_both_renormalized,8,middle,12,balance_only,264,4,260,41.22692307692308,0.6200700406779671,0.12007004067796712,0.29040120314125867,0.18076923076923077,0.17368657461828488
17,20260831,24,permute_both_renormalized,8,middle,12,balance_random_pair,264,4,260,41.22692307692308,0.690126159900012,0.19012615990001203,0.33668225652840467,0.27692307692307694,0.21230183040926334
17,20260831,24,permute_both_renormalized,8,middle,12,balance_pressured_pair,264,4,260,41.22692307692308,0.6825036722694232,0.1825036722694232,0.34991162746167737,0.3038461538461538,0.23288890715909366
17,20260831,24,permute_both_renormalized,8,middle,12,all_pair_product,264,4,260,41.22692307692308,0.8680299969386226,0.3680299969386226,0.6599918644936905,0.7615384615384615,0.5941559829059829
17,20260831,24,permute_both_renormalized,8,middle,12,minimum_max_pressure,264,4,260,41.22692307692308,0.6067696252125881,0.10676962521258815,0.29837876373265765,0.2153846153846154,0.21934460211093876
17,20260831,28,catalog,2,early,97,random_order,500,0,500,4.0,0.5,0.0,0.4000000000000035,0.0,0.25
17,20260831,28,catalog,2,early,97,balance_only,500,0,500,4.0,0.5305,0.03049999999999997,0.4955714285714267,0.0,0.267
17,20260831,28,catalog,2,early,97,balance_random_pair,500,0,500,4.0,0.5365,0.03649999999999998,0.5153952380952377,0.094,0.293
17,20260831,28,catalog,2,early,97,balance_pressured_pair,500,0,500,4.0,0.55425,0.05425000000000002,0.5404238095238094,0.148,0.3
17,20260831,28,catalog,2,early,97,all_pair_product,500,0,500,4.0,0.6375,0.13749999999999996,0.6601333333333331,0.416,0.4606666666666666
17,20260831,28,catalog,2,early,97,minimum_max_pressure,500,0,500,4.0,0.5645,0.0645,0.5200809523809522,0.108,0.3301666666666669
17,20260831,28,permute_both_fixed_anchor,2,early,97,random_order,500,0,500,4.0,0.5,0.0,0.4000000000000035,0.0,0.25
17,20260831,28,permute_both_fixed_anchor,2,early,97,balance_only,500,0,500,4.0,0.5315,0.03149999999999997,0.4978095238095217,0.0,0.272
17,20260831,28,permute_both_fixed_anchor,2,early,97,balance_random_pair,500,0,500,4.0,0.56225,0.06225000000000003,0.5330380952380943,0.11,0.306
17,20260831,28,permute_both_fixed_anchor,2,early,97,balance_pressured_pair,500,0,500,4.0,0.578,0.07799999999999996,0.5637190476190476,0.172,0.34
17,20260831,28,permute_both_fixed_anchor,2,early,97,all_pair_product,500,0,500,4.0,0.6695,0.16949999999999998,0.7088999999999999,0.502,0.5415
17,20260831,28,permute_both_fixed_anchor,2,early,97,minimum_max_pressure,500,0,500,4.0,0.58675,0.08675,0.553442857142857,0.176,0.36733333333333357
17,20260831,28,permute_both_renormalized,2,early,97,random_order,500,0,500,4.0,0.5,0.0,0.4000000000000035,0.0,0.25
17,20260831,28,permute_both_renormalized,2,early,97,balance_only,500,0,500,4.0,0.515,0.015000000000000013,0.48726190476190334,0.0,0.26
17,20260831,28,permute_both_renormalized,2,early,97,balance_random_pair,500,0,500,4.0,0.53475,0.03474999999999995,0.5122714285714283,0.104,0.2855
17,20260831,28,permute_both_renormalized,2,early,97,balance_pressured_pair,500,0,500,4.0,0.565,0.06499999999999995,0.5518428571428576,0.172,0.321
17,20260831,28,permute_both_renormalized,2,early,97,all_pair_product,500,0,500,4.0,0.65925,0.15925,0.6944619047619046,0.478,0.521
17,20260831,28,permute_both_renormalized,2,early,97,minimum_max_pressure,500,0,500,4.0,0.57425,0.07425000000000004,0.5396809523809525,0.156,0.34550000000000014
17,20260831,28,catalog,2,middle,97,random_order,500,8,492,3.9552845528455283,0.5,0.0,0.4044715447154505,0.0,0.25372628726287255
17,20260831,28,catalog,2,middle,97,balance_only,500,8,492,3.9552845528455283,0.5403963414634146,0.04039634146341464,0.5041569879984498,0.006097560975609756,0.2730352303523035
17,20260831,28,catalog,2,middle,97,balance_random_pair,500,8,492,3.9552845528455283,0.5795223577235775,0.07952235772357752,0.5642179636082073,0.16869918699186992,0.34891598915989164
17,20260831,28,catalog,2,middle,97,balance_pressured_pair,500,8,492,3.9552845528455283,0.6113651761517614,0.11136517615176145,0.6139663182346105,0.2804878048780488,0.39803523035230354
17,20260831,28,catalog,2,middle,97,all_pair_product,500,8,492,3.9552845528455283,0.7325542005420052,0.23255420054200515,0.7798296554394112,0.5934959349593496,0.633130081300813
17,20260831,28,catalog,2,middle,97,minimum_max_pressure,500,8,492,3.9552845528455283,0.6056063685636854,0.10560636856368544,0.589638985675571,0.24390243902439024,0.4051490514905154
17,20260831,28,permute_both_fixed_anchor,2,middle,97,random_order,500,0,500,3.978,0.5,0.0,0.4022000000000035,0.0,0.2518333333333333
17,20260831,28,permute_both_fixed_anchor,2,middle,97,balance_only,500,0,500,3.978,0.5443333333333332,0.044333333333333225,0.5116857142857129,0.034,0.2906666666666666
17,20260831,28,permute_both_fixed_anchor,2,middle,97,balance_random_pair,500,0,500,3.978,0.5768333333333333,0.07683333333333331,0.5532857142857137,0.14,0.3321666666666666
17,20260831,28,permute_both_fixed_anchor,2,middle,97,balance_pressured_pair,500,0,500,3.978,0.6099166666666667,0.10991666666666666,0.601861904761905,0.244,0.38316666666666666
17,20260831,28,permute_both_fixed_anchor,2,middle,97,all_pair_product,500,0,500,3.978,0.7388333333333332,0.23883333333333323,0.798328571428571,0.638,0.6776666666666666
17,20260831,28,permute_both_fixed_anchor,2,middle,97,minimum_max_pressure,500,0,500,3.978,0.6413333333333333,0.1413333333333333,0.6171333333333329,0.254,0.453000000000001
17,20260831,28,permute_both_renormalized,2,middle,97,random_order,500,1,499,3.9919839679358717,0.5,0.0,0.4008016032064163,0.0,0.25066800267201067
17,20260831,28,permute_both_renormalized,2,middle,97,balance_only,500,1,499,3.9919839679358717,0.5289746158984635,0.028974615898463507,0.49362534592995383,0.014028056112224449,0.2641950567802271
17,20260831,28,permute_both_renormalized,2,middle,97,balance_random_pair,500,1,499,3.9919839679358717,0.580076820307281,0.08007682030728103,0.5602872411489642,0.1623246492985972,0.342685370741483
17,20260831,28,permute_both_renormalized,2,middle,97,balance_pressured_pair,500,1,499,3.9919839679358717,0.6201569806279223,0.12015698062792235,0.610101154690333,0.2605210420841683,0.3884435537742152
17,20260831,28,permute_both_renormalized,2,middle,97,all_pair_product,500,1,499,3.9919839679358717,0.734635938543754,0.23463593854375397,0.7860387441549763,0.6132264529058116,0.6452905811623246
17,20260831,28,permute_both_renormalized,2,middle,97,minimum_max_pressure,500,1,499,3.9919839679358717,0.6512191048764193,0.15121910487641932,0.6245395553010782,0.2565130260521042,0.4659318637274558
17,20260831,28,catalog,4,early,97,random_order,500,0,500,16.0,0.5,0.0,0.11764705882352902,0.0,0.0625
17,20260831,28,catalog,4,early,97,balance_only,500,0,500,16.0,0.5800625,0.08006250000000004,0.19133414294750317,0.0,0.08183333333333327
17,20260831,28,catalog,4,early,97,balance_random_pair,500,0,500,16.0,0.56975,0.06974999999999998,0.2159918890730361,0.1,0.09300000000000004
17,20260831,28,catalog,4,early,97,balance_pressured_pair,500,0,500,16.0,0.5615625,0.061562499999999964,0.2231423109484029,0.162,0.09433333333333337
17,20260831,28,catalog,4,early,97,all_pair_product,500,0,500,16.0,0.696625,0.19662500000000005,0.39906220060112785,0.34,0.22516666666666665
17,20260831,28,catalog,4,early,97,minimum_max_pressure,500,0,500,16.0,0.5726875,0.07268750000000002,0.21633912651460913,0.102,0.10952260517260543
17,20260831,28,permute_both_fixed_anchor,4,early,97,random_order,500,0,500,16.0,0.5,0.0,0.11764705882352902,0.0,0.0625
17,20260831,28,permute_both_fixed_anchor,4,early,97,balance_only,500,0,500,16.0,0.5369375,0.036937499999999956,0.17242708263168505,0.0,0.06700000000000013
17,20260831,28,permute_both_fixed_anchor,4,early,97,balance_random_pair,500,0,500,16.0,0.5669375,0.06693749999999998,0.19917425193504454,0.072,0.07883333333333334
17,20260831,28,permute_both_fixed_anchor,4,early,97,balance_pressured_pair,500,0,500,16.0,0.5855,0.08550000000000002,0.21344132068858496,0.11,0.08266666666666667
17,20260831,28,permute_both_fixed_anchor,4,early,97,all_pair_product,500,0,500,16.0,0.74325,0.24324999999999997,0.45961648318497744,0.414,0.2988333333333334
17,20260831,28,permute_both_fixed_anchor,4,early,97,minimum_max_pressure,500,0,500,16.0,0.64075,0.14075000000000004,0.26259687806818865,0.162,0.1467676379176382
17,20260831,28,permute_both_renormalized,4,early,97,random_order,500,0,500,16.0,0.5,0.0,0.11764705882352902,0.0,0.0625
17,20260831,28,permute_both_renormalized,4,early,97,balance_only,500,0,500,16.0,0.5485,0.04849999999999999,0.17932950895053446,0.0,0.07383333333333336
17,20260831,28,permute_both_renormalized,4,early,97,balance_random_pair,500,0,500,16.0,0.557,0.05700000000000005,0.20022841122387622,0.066,0.08216666666666664
17,20260831,28,permute_both_renormalized,4,early,97,balance_pressured_pair,500,0,500,16.0,0.5953125,0.09531250000000002,0.22366731166652865,0.13,0.09416666666666673
17,20260831,28,permute_both_renormalized,4,early,97,all_pair_product,500,0,500,16.0,0.7321875,0.2321875,0.4371038136332007,0.36,0.2798333333333333
17,20260831,28,permute_both_renormalized,4,early,97,minimum_max_pressure,500,0,500,16.0,0.6395,0.13949999999999996,0.24647738159984325,0.136,0.13120513930513966
17,20260831,28,catalog,4,middle,97,random_order,500,9,491,15.195519348268839,0.5,0.0,0.12727966394852672,0.0,0.06833700074535108
17,20260831,28,catalog,4,middle,97,balance_only,500,9,491,15.195519348268839,0.5659326756068102,0.06593267560681015,0.19604748326373944,0.004073319755600814,0.08075356415478613
17,20260831,28,catalog,4,middle,97,balance_random_pair,500,9,491,15.195519348268839,0.5929928354062773,0.09299283540627734,0.24082688944464617,0.15682281059063136,0.10744152317472087
17,20260831,28,catalog,4,middle,97,balance_pressured_pair,500,9,491,15.195519348268839,0.6469655259879298,0.14696552598792978,0.2981817866938678,0.22810590631364563,0.14596062457569595
17,20260831,28,catalog,4,middle,97,all_pair_product,500,9,491,15.195519348268839,0.835199550958206,0.33519955095820597,0.6074185096752479,0.5906313645621182,0.451459606245757
17,20260831,28,catalog,4,middle,97,minimum_max_pressure,500,9,491,15.195519348268839,0.7005527313826696,0.2005527313826696,0.3531512214738606,0.2892057026476578,0.23145745406437868
17,20260831,28,permute_both_fixed_anchor,4,middle,97,random_order,500,0,500,15.52,0.5,0.0,0.1216439775910361,0.0,0.0647882117882118
17,20260831,28,permute_both_fixed_anchor,4,middle,97,balance_only,500,0,500,15.52,0.5664717282717285,0.06647172827172854,0.19628384215358363,0.014,0.08136666666666666
17,20260831,28,permute_both_fixed_anchor,4,middle,97,balance_random_pair,500,0,500,15.52,0.6081760198135199,0.10817601981351987,0.23569426294655474,0.17,0.10177878787878794
17,20260831,28,permute_both_fixed_anchor,4,middle,97,balance_pressured_pair,500,0,500,15.52,0.6709608474858477,0.17096084748584772,0.2832482593613499,0.26,0.13383333333333342
17,20260831,28,permute_both_fixed_anchor,4,middle,97,all_pair_product,500,0,500,15.52,0.8444128746253734,0.3444128746253734,0.6367497983925057,0.636,0.4979999999999999
17,20260831,28,permute_both_fixed_anchor,4,middle,97,minimum_max_pressure,500,0,500,15.52,0.7679193514818511,0.2679193514818511,0.40372927671739567,0.312,0.28804848484848494
17,20260831,28,permute_both_renormalized,4,middle,97,random_order,500,0,500,15.346,0.5,0.0,0.12386161191749398,0.0,0.0661279470529471
17,20260831,28,permute_both_renormalized,4,middle,97,balance_only,500,0,500,15.346,0.5759090700965707,0.07590907009657066,0.20538889327307722,0.018,0.08823333333333326
17,20260831,28,permute_both_renormalized,4,middle,97,balance_random_pair,500,0,500,15.346,0.6155302405927406,0.11553024059274064,0.2472052015617115,0.168,0.11059696969696972
17,20260831,28,permute_both_renormalized,4,middle,97,balance_pressured_pair,500,0,500,15.346,0.683243777056277,0.18324377705627704,0.29897014187211324,0.292,0.14350000000000002
17,20260831,28,permute_both_renormalized,4,middle,97,all_pair_product,500,0,500,15.346,0.837672823010322,0.337672823010322,0.6206754411904319,0.614,0.47583333333333333
17,20260831,28,permute_both_renormalized,4,middle,97,minimum_max_pressure,500,0,500,15.346,0.7588227189477179,0.2588227189477179,0.4153742840591598,0.34,0.30056279276279274
17,20260831,28,catalog,8,early,97,random_order,500,0,500,256.0,0.5,0.0,0.007782101167315149,0.0,0.00390625
17,20260831,28,catalog,8,early,97,balance_only,500,0,500,256.0,0.63951953125,0.13951953125000005,0.016534611183516897,0.0,0.005949999999999983
17,20260831,28,catalog,8,early,97,balance_random_pair,500,0,500,256.0,0.6457421875,0.1457421875,0.0219450358983507,0.176,0.007695238095238081
17,20260831,28,catalog,8,early,97,balance_pressured_pair,500,0,500,256.0,0.6705703125,0.1705703125,0.024357601155302937,0.194,0.008315873015873002
17,20260831,28,catalog,8,early,97,all_pair_product,500,0,500,256.0,0.82538671875,0.32538671875,0.15103568084911592,0.53,0.0871880341880342
17,20260831,28,catalog,8,early,97,minimum_max_pressure,500,0,500,256.0,0.69093359375,0.19093359374999996,0.07323119488039184,0.196,0.05316691414688617
17,20260831,28,permute_both_fixed_anchor,8,early,97,random_order,500,0,500,256.0,0.5,0.0,0.007782101167315149,0.0,0.00390625
17,20260831,28,permute_both_fixed_anchor,8,early,97,balance_only,500,0,500,256.0,0.57640234375,0.07640234374999999,0.014641793434462563,0.0,0.0049785714285714155
17,20260831,28,permute_both_fixed_anchor,8,early,97,balance_random_pair,500,0,500,256.0,0.62278125,0.12278124999999995,0.018887888945008282,0.144,0.0058373015873015785
17,20260831,28,permute_both_fixed_anchor,8,early,97,balance_pressured_pair,500,0,500,256.0,0.63316796875,0.13316796875000003,0.021447495305113994,0.178,0.0065563492063491985
17,20260831,28,permute_both_fixed_anchor,8,early,97,all_pair_product,500,0,500,256.0,0.85478515625,0.35478515624999996,0.2623716740802981,0.604,0.17938240740740738
17,20260831,28,permute_both_fixed_anchor,8,early,97,minimum_max_pressure,500,0,500,256.0,0.75148046875,0.25148046874999996,0.07346047812095234,0.238,0.04632632809315502
17,20260831,28,permute_both_renormalized,8,early,97,random_order,500,0,500,256.0,0.5,0.0,0.007782101167315149,0.0,0.00390625
17,20260831,28,permute_both_renormalized,8,early,97,balance_only,500,0,500,256.0,0.56009375,0.060093749999999946,0.014278431156486339,0.0,0.0047357142857142745
17,20260831,28,permute_both_renormalized,8,early,97,balance_random_pair,500,0,500,256.0,0.59910546875,0.09910546875000004,0.01919699398745234,0.17,0.006270634920634912
17,20260831,28,permute_both_renormalized,8,early,97,balance_pressured_pair,500,0,500,256.0,0.59701953125,0.09701953124999996,0.01974474501437589,0.164,0.006000793650793644
17,20260831,28,permute_both_renormalized,8,early,97,all_pair_product,500,0,500,256.0,0.84160546875,0.34160546875,0.26063375524417876,0.578,0.17727222222222228
17,20260831,28,permute_both_renormalized,8,early,97,minimum_max_pressure,500,0,500,256.0,0.738921875,0.23892187499999995,0.07243799887105735,0.218,0.048749599564450734
17,20260831,28,catalog,8,middle,97,random_order,500,0,500,186.594,0.5,0.0,0.011771471971581593,0.0,0.005925741957558043
17,20260831,28,catalog,8,middle,97,balance_only,500,0,500,186.594,0.6267507710869106,0.12675077108691057,0.021382739896017768,0.01,0.008270572471331882
17,20260831,28,catalog,8,middle,97,balance_random_pair,500,0,500,186.594,0.6910210167447454,0.19102101674474536,0.03556136546673223,0.23,0.012405600720466519
17,20260831,28,catalog,8,middle,97,balance_pressured_pair,500,0,500,186.594,0.7160260544347172,0.21602605443471723,0.04215233415471411,0.302,0.014964468149756494
17,20260831,28,catalog,8,middle,97,all_pair_product,500,0,500,186.594,0.9254871477973119,0.4254871477973119,0.478792056544436,0.772,0.38815476190476195
17,20260831,28,catalog,8,middle,97,minimum_max_pressure,500,0,500,186.594,0.8357762904539622,0.3357762904539622,0.14957529521764298,0.468,0.10551278059154956
17,20260831,28,permute_both_fixed_anchor,8,middle,97,random_order,500,0,500,192.556,0.5,0.0,0.010877124683348435,0.0,0.005470704184359014
17,20260831,28,permute_both_fixed_anchor,8,middle,97,balance_only,500,0,500,192.556,0.6243689532505237,0.12436895325052366,0.021120394523489343,0.03,0.008254622351615412
17,20260831,28,permute_both_fixed_anchor,8,middle,97,balance_random_pair,500,0,500,192.556,0.6888286533018705,0.18882865330187049,0.03401025462244357,0.196,0.012228878021715643
17,20260831,28,permute_both_fixed_anchor,8,middle,97,balance_pressured_pair,500,0,500,192.556,0.7276142990875395,0.2276142990875395,0.04055562572811685,0.274,0.014944018480168807
17,20260831,28,permute_both_fixed_anchor,8,middle,97,all_pair_product,500,0,500,192.556,0.9230564507039356,0.4230564507039356,0.47569520247194497,0.79,0.3883963064713065
17,20260831,28,permute_both_fixed_anchor,8,middle,97,minimum_max_pressure,500,0,500,192.556,0.8570886700519428,0.3570886700519428,0.21613745944691315,0.52,0.17341889143228237
17,20260831,28,permute_both_renormalized,8,middle,97,random_order,500,0,500,193.964,0.5,0.0,0.010830540010880107,0.0,0.005447462641339288
17,20260831,28,permute_both_renormalized,8,middle,97,balance_only,500,0,500,193.964,0.6323781717997919,0.13237817179979194,0.02120583686728557,0.024,0.008474780488427314
17,20260831,28,permute_both_renormalized,8,middle,97,balance_random_pair,500,0,500,193.964,0.7003957206542792,0.20039572065427924,0.03480159203674271,0.21,0.013045984405317103
17,20260831,28,permute_both_renormalized,8,middle,97,balance_pressured_pair,500,0,500,193.964,0.7230960153802197,0.22309601538021973,0.038983624163513794,0.268,0.014092435078005294
17,20260831,28,permute_both_renormalized,8,middle,97,all_pair_product,500,0,500,193.964,0.9311290566235251,0.4311290566235251,0.48953334577311935,0.804,0.40029511599511597
17,20260831,28,permute_both_renormalized,8,middle,97,minimum_max_pressure,500,0,500,193.964,0.8635392997494663,0.3635392997494663,0.19829314363161413,0.562,0.14749331504403876
18,20260832,24,catalog,2,early,12,random_order,500,0,500,4.0,0.5,0.0,0.4000000000000035,0.0,0.25
18,20260832,24,catalog,2,early,12,balance_only,500,0,500,4.0,0.53125,0.03125,0.49690476190475974,0.0,0.27
18,20260832,24,catalog,2,early,12,balance_random_pair,500,0,500,4.0,0.511,0.01100000000000001,0.49141428571428464,0.066,0.2775
18,20260832,24,catalog,2,early,12,balance_pressured_pair,500,0,500,4.0,0.489,-0.01100000000000001,0.528580952380952,0.242,0.329
18,20260832,24,catalog,2,early,12,all_pair_product,500,0,500,4.0,0.58175,0.08174999999999999,0.5987761904761907,0.322,0.381
18,20260832,24,catalog,2,early,12,minimum_max_pressure,500,0,500,4.0,0.45525,-0.04475000000000001,0.5028761904761904,0.248,0.31366666666666665
18,20260832,24,permute_both_fixed_anchor,2,early,12,random_order,500,0,500,4.0,0.5,0.0,0.4000000000000035,0.0,0.25
18,20260832,24,permute_both_fixed_anchor,2,early,12,balance_only,500,0,500,4.0,0.51375,0.01375000000000004,0.4839523809523795,0.0,0.253
18,20260832,24,permute_both_fixed_anchor,2,early,12,balance_random_pair,500,0,500,4.0,0.548,0.04800000000000004,0.5270333333333328,0.12,0.3115
18,20260832,24,permute_both_fixed_anchor,2,early,12,balance_pressured_pair,500,0,500,4.0,0.579,0.07899999999999996,0.5709666666666662,0.208,0.3455
18,20260832,24,permute_both_fixed_anchor,2,early,12,all_pair_product,500,0,500,4.0,0.65675,0.15674999999999994,0.6860142857142857,0.456,0.5075
18,20260832,24,permute_both_fixed_anchor,2,early,12,minimum_max_pressure,500,0,500,4.0,0.58,0.07999999999999996,0.5431571428571428,0.142,0.354666666666667
18,20260832,24,permute_both_renormalized,2,early,12,random_order,500,0,500,4.0,0.5,0.0,0.4000000000000035,0.0,0.25
18,20260832,24,permute_both_renormalized,2,early,12,balance_only,500,0,500,4.0,0.526,0.026000000000000023,0.4931428571428556,0.0,0.265
18,20260832,24,permute_both_renormalized,2,early,12,balance_random_pair,500,0,500,4.0,0.55425,0.05425000000000002,0.5292619047619044,0.11,0.3085
18,20260832,24,permute_both_renormalized,2,early,12,balance_pressured_pair,500,0,500,4.0,0.55875,0.05874999999999997,0.5496190476190469,0.17,0.322
18,20260832,24,permute_both_renormalized,2,early,12,all_pair_product,500,0,500,4.0,0.66375,0.16374999999999995,0.6916857142857138,0.456,0.5105
18,20260832,24,permute_both_renormalized,2,early,12,minimum_max_pressure,500,0,500,4.0,0.584,0.08399999999999996,0.5531190476190472,0.174,0.369166666666667
18,20260832,24,catalog,2,middle,12,random_order,500,30,470,4.0,0.5,0.0,0.4000000000000034,0.0,0.25
18,20260832,24,catalog,2,middle,12,balance_only,500,30,470,4.0,0.551063829787234,0.051063829787234005,0.5157801418439696,0.023404255319148935,0.2964539007092199
18,20260832,24,catalog,2,middle,12,balance_random_pair,500,30,470,4.0,0.5539893617021276,0.05398936170212765,0.5377963525835857,0.125531914893617,0.33421985815602834
18,20260832,24,catalog,2,middle,12,balance_pressured_pair,500,30,470,4.0,0.5364361702127659,0.036436170212765906,0.5673505572441744,0.2851063829787234,0.37198581560283683
18,20260832,24,catalog,2,middle,12,all_pair_product,500,30,470,4.0,0.638563829787234,0.13856382978723403,0.6667173252279635,0.4297872340425532,0.4824468085106383
18,20260832,24,catalog,2,middle,12,minimum_max_pressure,500,30,470,4.0,0.5885638297872341,0.0885638297872341,0.6296909827760886,0.3893617021276596,0.48528368794326265
18,20260832,24,permute_both_fixed_anchor,2,middle,12,random_order,500,0,500,3.998,0.5,0.0,0.4002000000000035,0.0,0.2501666666666667
18,20260832,24,permute_both_fixed_anchor,2,middle,12,balance_only,500,0,500,3.998,0.5455833333333334,0.04558333333333342,0.5104714285714269,0.03,0.2896666666666667
18,20260832,24,permute_both_fixed_anchor,2,middle,12,balance_random_pair,500,0,500,3.998,0.5781666666666666,0.0781666666666666,0.5538428571428567,0.146,0.3355
18,20260832,24,permute_both_fixed_anchor,2,middle,12,balance_pressured_pair,500,0,500,3.998,0.6139166666666667,0.11391666666666667,0.6031190476190476,0.24,0.3846666666666666
18,20260832,24,permute_both_fixed_anchor,2,middle,12,all_pair_product,500,0,500,3.998,0.7306666666666666,0.23066666666666658,0.778557142857142,0.598,0.637
18,20260832,24,permute_both_fixed_anchor,2,middle,12,minimum_max_pressure,500,0,500,3.998,0.6406666666666666,0.1406666666666666,0.6241476190476188,0.288,0.4620000000000005
18,20260832,24,permute_both_renormalized,2,middle,12,random_order,500,0,500,3.99,0.5,0.0,0.4010000000000035,0.0,0.2508333333333333
18,20260832,24,permute_both_renormalized,2,middle,12,balance_only,500,0,500,3.99,0.5255833333333334,0.025583333333333402,0.4957666666666652,0.028,0.2696666666666666
18,20260832,24,permute_both_renormalized,2,middle,12,balance_random_pair,500,0,500,3.99,0.5529166666666666,0.05291666666666661,0.5315047619047616,0.13,0.3086666666666667
18,20260832,24,permute_both_renormalized,2,middle,12,balance_pressured_pair,500,0,500,3.99,0.6046666666666668,0.1046666666666668,0.5939476190476187,0.246,0.37016666666666664
18,20260832,24,permute_both_renormalized,2,middle,12,all_pair_product,500,0,500,3.99,0.7313333333333334,0.2313333333333334,0.7820666666666661,0.602,0.6441666666666668
18,20260832,24,permute_both_renormalized,2,middle,12,minimum_max_pressure,500,0,500,3.99,0.6338333333333334,0.13383333333333336,0.6129571428571423,0.276,0.4460000000000007
18,20260832,24,catalog,4,early,12,random_order,264,0,264,16.0,0.5,0.0,0.11764705882352905,0.0,0.0625
18,20260832,24,catalog,4,early,12,balance_only,264,0,264,16.0,0.6164772727272727,0.11647727272727271,0.21357760308424412,0.0,0.10606060606060629
18,20260832,24,catalog,4,early,12,balance_random_pair,264,0,264,16.0,0.5817945075757576,0.08179450757575757,0.22143116666094104,0.045454545454545456,0.10606060606060601
18,20260832,24,catalog,4,early,12,balance_pressured_pair,264,0,264,16.0,0.5357481060606061,0.03574810606060608,0.21489448928065147,0.05303030303030303,0.09974747474747474
18,20260832,24,catalog,4,early,12,all_pair_product,264,0,264,16.0,0.6315104166666666,0.13151041666666663,0.37038517852536196,0.3106060606060606,0.21811868686868685
18,20260832,24,catalog,4,early,12,minimum_max_pressure,264,0,264,16.0,0.5035511363636364,0.0035511363636363535,0.20208579095417378,0.10227272727272728,0.09264989009307188
18,20260832,24,permute_both_fixed_anchor,4,early,12,random_order,264,0,264,16.0,0.5,0.0,0.11764705882352905,0.0,0.0625
18,20260832,24,permute_both_fixed_anchor,4,early,12,balance_only,264,0,264,16.0,0.5327888257575758,0.0327888257575758,0.17017025346306616,0.0,0.06502525252525246
18,20260832,24,permute_both_fixed_anchor,4,early,12,balance_random_pair,264,0,264,16.0,0.5768229166666666,0.07682291666666663,0.2050006550525651,0.08712121212121213,0.08080808080808077
18,20260832,24,permute_both_fixed_anchor,4,early,12,balance_pressured_pair,264,0,264,16.0,0.58203125,0.08203125,0.2078336171921612,0.10227272727272728,0.0754419191919192
18,20260832,24,permute_both_fixed_anchor,4,early,12,all_pair_product,264,0,264,16.0,0.7315340909090909,0.23153409090909094,0.4403039413884704,0.38257575757575757,0.2752525252525252
18,20260832,24,permute_both_fixed_anchor,4,early,12,minimum_max_pressure,264,0,264,16.0,0.6503314393939394,0.15033143939393945,0.2669186817170244,0.18181818181818182,0.14851285078557805
18,20260832,24,permute_both_renormalized,4,early,12,random_order,264,0,264,16.0,0.5,0.0,0.11764705882352905,0.0,0.0625
18,20260832,24,permute_both_renormalized,4,early,12,balance_only,264,0,264,16.0,0.5336174242424242,0.0336174242424242,0.17120834171889632,0.0,0.06628787878787873
18,20260832,24,permute_both_renormalized,4,early,12,balance_random_pair,264,0,264,16.0,0.5755208333333334,0.07552083333333337,0.20450998895669345,0.09090909090909091,0.08522727272727272
18,20260832,24,permute_both_renormalized,4,early,12,balance_pressured_pair,264,0,264,16.0,0.5864109848484849,0.08641098484848486,0.2167818358082368,0.12121212121212122,0.08712121212121207
18,20260832,24,permute_both_renormalized,4,early,12,all_pair_product,264,0,264,16.0,0.7531960227272727,0.2531960227272727,0.4519761969239176,0.4090909090909091,0.2815656565656566
18,20260832,24,permute_both_renormalized,4,early,12,minimum_max_pressure,264,0,264,16.0,0.6451231060606061,0.14512310606060608,0.26085589479750715,0.15151515151515152,0.14104163933709393
18,20260832,24,catalog,4,middle,12,random_order,500,26,474,15.641350210970463,0.5,0.0,0.12111566145445478,0.0,0.06450832922351907
18,20260832,24,catalog,4,middle,12,balance_only,500,26,474,15.641350210970463,0.6312761429850038,0.13127614298500379,0.21415019932444893,0.004219409282700422,0.09901547116736978
18,20260832,24,catalog,4,middle,12,balance_random_pair,500,26,474,15.641350210970463,0.6286126979560525,0.12861269795605246,0.24568636642492853,0.10759493670886076,0.12167721518987347
18,20260832,24,catalog,4,middle,12,balance_pressured_pair,500,26,474,15.641350210970463,0.6081806423183009,0.10818064231830093,0.2503558618249692,0.12869198312236288,0.11744022503516179
18,20260832,24,catalog,4,middle,12,all_pair_product,500,26,474,15.641350210970463,0.7392212701152573,0.2392212701152573,0.4930449856909923,0.46835443037974683,0.3425808720112518
18,20260832,24,catalog,4,middle,12,minimum_max_pressure,500,26,474,15.641350210970463,0.6573942978610702,0.15739429786107018,0.37847447613769203,0.3037974683544304,0.27365723235976397
18,20260832,24,permute_both_fixed_anchor,4,middle,12,random_order,500,0,500,15.66,0.5,0.0,0.12044019607843105,0.0,0.06409761904761901
18,20260832,24,permute_both_fixed_anchor,4,middle,12,balance_only,500,0,500,15.66,0.5795395562770566,0.07953955627705656,0.197681422669515,0.002,0.0837333333333333
18,20260832,24,permute_both_fixed_anchor,4,middle,12,balance_random_pair,500,0,500,15.66,0.6089974025974026,0.10899740259740265,0.22676426802815583,0.128,0.0951469696969697
18,20260832,24,permute_both_fixed_anchor,4,middle,12,balance_pressured_pair,500,0,500,15.66,0.6546060606060605,0.15460606060606052,0.2701866659963257,0.218,0.12333333333333342
18,20260832,24,permute_both_fixed_anchor,4,middle,12,all_pair_product,500,0,500,15.66,0.8419076298701288,0.3419076298701288,0.6236239989947534,0.616,0.47866666666666674
18,20260832,24,permute_both_fixed_anchor,4,middle,12,minimum_max_pressure,500,0,500,15.66,0.730598593073593,0.23059859307359298,0.380712140432224,0.32,0.2676489898989899
18,20260832,24,permute_both_renormalized,4,middle,12,random_order,500,0,500,15.7,0.5,0.0,0.12000686274509774,0.0,0.06384480519480519
18,20260832,24,permute_both_renormalized,4,middle,12,balance_only,500,0,500,15.7,0.5747902597402599,0.07479025974025988,0.19629951274550295,0.0,0.08356666666666662
18,20260832,24,permute_both_renormalized,4,middle,12,balance_random_pair,500,0,500,15.7,0.6074708333333333,0.1074708333333333,0.22751350251181926,0.124,0.09718030303030302
18,20260832,24,permute_both_renormalized,4,middle,12,balance_pressured_pair,500,0,500,15.7,0.6749331709956712,0.17493317099567118,0.28005030644310025,0.25,0.12983333333333347
18,20260832,24,permute_both_renormalized,4,middle,12,all_pair_product,500,0,500,15.7,0.8400035173160162,0.3400035173160162,0.6178424829630994,0.596,0.46856666666666674
18,20260832,24,permute_both_renormalized,4,middle,12,minimum_max_pressure,500,0,500,15.7,0.7357385281385277,0.2357385281385277,0.3729374833538772,0.308,0.25610211455211446
18,20260832,24,catalog,8,early,12,random_order,264,0,264,256.0,0.5,0.0,0.007782101167315151,0.0,0.00390625
18,20260832,24,catalog,8,early,12,balance_only,264,0,264,256.0,0.6872410629734849,0.18724106297348486,0.019660690104871016,0.0,0.008252164502164481
18,20260832,24,catalog,8,early,12,balance_random_pair,264,0,264,256.0,0.703125,0.203125,0.029922030720330128,0.4053030303030303,0.012534571909571886
18,20260832,24,catalog,8,early,12,balance_pressured_pair,264,0,264,256.0,0.6324869791666666,0.13248697916666663,0.025264226696010767,0.3371212121212121,0.009831950456950438
18,20260832,24,catalog,8,early,12,all_pair_product,264,0,264,256.0,0.7623106060606061,0.2623106060606061,0.25596020395972036,0.5454545454545454,0.17386889730639732
18,20260832,24,catalog,8,early,12,minimum_max_pressure,264,0,264,256.0,0.6803459398674242,0.1803459398674242,0.0882773182597488,0.3371212121212121,0.06101818046462761
18,20260832,24,permute_both_fixed_anchor,8,early,12,random_order,264,0,264,256.0,0.5,0.0,0.007782101167315151,0.0,0.00390625
18,20260832,24,permute_both_fixed_anchor,8,early,12,balance_only,264,0,264,256.0,0.5774295691287878,0.07742956912878785,0.01435324240870744,0.0,0.004653679653679645
18,20260832,24,permute_both_fixed_anchor,8,early,12,balance_random_pair,264,0,264,256.0,0.6430294152462122,0.14302941524621215,0.019764179301393472,0.16287878787878787,0.0058982683982684
18,20260832,24,permute_both_fixed_anchor,8,early,12,balance_pressured_pair,264,0,264,256.0,0.6554140033143939,0.15541400331439392,0.0238340623905077,0.2196969696969697,0.00797558922558923
18,20260832,24,permute_both_fixed_anchor,8,early,12,all_pair_product,264,0,264,256.0,0.8735129616477273,0.3735129616477273,0.2783338578129707,0.6401515151515151,0.20033895502645505
18,20260832,24,permute_both_fixed_anchor,8,early,12,minimum_max_pressure,264,0,264,256.0,0.776315400094697,0.276315400094697,0.10441758272115323,0.3371212121212121,0.06983602948756476
18,20260832,24,permute_both_renormalized,8,early,12,random_order,264,0,264,256.0,0.5,0.0,0.007782101167315151,0.0,0.00390625
18,20260832,24,permute_both_renormalized,8,early,12,balance_only,264,0,264,256.0,0.5872617779356061,0.08726177793560608,0.014954379176282423,0.0,0.005113636363636354
18,20260832,24,permute_both_renormalized,8,early,12,balance_random_pair,264,0,264,256.0,0.6518332741477273,0.1518332741477273,0.021744452630080145,0.22727272727272727,0.007536676286676285
18,20260832,24,permute_both_renormalized,8,early,12,balance_pressured_pair,264,0,264,256.0,0.6471872040719697,0.14718720407196972,0.02205332010528265,0.19696969696969696,0.006798641173641178
18,20260832,24,permute_both_renormalized,8,early,12,all_pair_product,264,0,264,256.0,0.8688225023674242,0.3688225023674242,0.2901794098380663,0.6098484848484849,0.2099461880711881
18,20260832,24,permute_both_renormalized,8,early,12,minimum_max_pressure,264,0,264,256.0,0.7818566524621212,0.2818566524621212,0.08807929839130381,0.32196969696969696,0.05750267433115376
18,20260832,24,catalog,8,middle,12,random_order,264,37,227,57.5726872246696,0.5,0.0,0.12259625096953217,0.0,0.072725611279464
18,20260832,24,catalog,8,middle,12,balance_only,264,37,227,57.5726872246696,0.6520190359206411,0.15201903592064114,0.21852563764282099,0.10572687224669604,0.14055070064550781
18,20260832,24,catalog,8,middle,12,balance_random_pair,264,37,227,57.5726872246696,0.7176295661776441,0.21762956617764406,0.26888254496955827,0.2555066079295154,0.171657339565964
18,20260832,24,catalog,8,middle,12,balance_pressured_pair,264,37,227,57.5726872246696,0.687173784061307,0.18717378406130702,0.2581060739441556,0.2687224669603524,0.15876626714921632
18,20260832,24,catalog,8,middle,12,all_pair_product,264,37,227,57.5726872246696,0.8357229917238569,0.3357229917238569,0.5303025275816727,0.6828193832599119,0.43371879588839946
18,20260832,24,catalog,8,middle,12,minimum_max_pressure,264,37,227,57.5726872246696,0.6183186838970787,0.11831868389707867,0.25413916594807967,0.24669603524229075,0.18900256708641988
18,20260832,24,permute_both_fixed_anchor,8,middle,12,random_order,264,4,260,41.396153846153844,0.5,0.0,0.1804757414985622,0.0,0.11089709772397205
18,20260832,24,permute_both_fixed_anchor,8,middle,12,balance_only,264,4,260,41.396153846153844,0.6276880692153655,0.12768806921536546,0.3042998821661978,0.18076923076923077,0.18510114391241794
18,20260832,24,permute_both_fixed_anchor,8,middle,12,balance_random_pair,264,4,260,41.396153846153844,0.6707372628004232,0.17073726280042323,0.3203141391730644,0.2230769230769231,0.18062337305264198
18,20260832,24,permute_both_fixed_anchor,8,middle,12,balance_pressured_pair,264,4,260,41.396153846153844,0.6525024658351763,0.15250246583517635,0.3410352982189999,0.27307692307692305,0.21450283831985004
18,20260832,24,permute_both_fixed_anchor,8,middle,12,all_pair_product,264,4,260,41.396153846153844,0.8671520914606274,0.36715209146062744,0.6554654345045712,0.7769230769230769,0.5755865893365893
18,20260832,24,permute_both_fixed_anchor,8,middle,12,minimum_max_pressure,264,4,260,41.396153846153844,0.6036969480913785,0.10369694809137853,0.2741047952642316,0.19615384615384615,0.18983830969144014
18,20260832,24,permute_both_renormalized,8,middle,12,random_order,264,2,262,41.55725190839695,0.5,0.0,0.1799091335022979,0.0,0.10996918101108477
18,20260832,24,permute_both_renormalized,8,middle,12,balance_only,264,2,262,41.55725190839695,0.6264535191191124,0.1264535191191124,0.31753581760050137,0.1717557251908397,0.207583697787951
18,20260832,24,permute_both_renormalized,8,middle,12,balance_random_pair,264,2,262,41.55725190839695,0.6935652535511518,0.19356525355115184,0.35720198543468457,0.2862595419847328,0.22335369867776267
18,20260832,24,permute_both_renormalized,8,middle,12,balance_pressured_pair,264,2,262,41.55725190839695,0.6734342210610986,0.17343422106109863,0.36822047947617026,0.33587786259541985,0.2586985860125175
18,20260832,24,permute_both_renormalized,8,middle,12,all_pair_product,264,2,262,41.55725190839695,0.8513495411289178,0.3513495411289178,0.6389646931023713,0.6946564885496184,0.5636900975402883
18,20260832,24,permute_both_renormalized,8,middle,12,minimum_max_pressure,264,2,262,41.55725190839695,0.6115807132301349,0.11158071323013485,0.28036796593094415,0.1946564885496183,0.19583161536956392
18,20260832,28,catalog,2,early,97,random_order,500,0,500,4.0,0.5,0.0,0.4000000000000035,0.0,0.25
18,20260832,28,catalog,2,early,97,balance_only,500,0,500,4.0,0.5335,0.033499999999999974,0.49469047619047507,0.0,0.262
18,20260832,28,catalog,2,early,97,balance_random_pair,500,0,500,4.0,0.56075,0.06074999999999997,0.5345523809523799,0.102,0.3105
18,20260832,28,catalog,2,early,97,balance_pressured_pair,500,0,500,4.0,0.564,0.06399999999999995,0.5506095238095235,0.16,0.311
18,20260832,28,catalog,2,early,97,all_pair_product,500,0,500,4.0,0.634,0.134,0.6636523809523811,0.434,0.476
18,20260832,28,catalog,2,early,97,minimum_max_pressure,500,0,500,4.0,0.5675,0.0675,0.523947619047619,0.124,0.335666666666667
18,20260832,28,permute_both_fixed_anchor,2,early,97,random_order,500,0,500,4.0,0.5,0.0,0.4000000000000035,0.0,0.25
18,20260832,28,permute_both_fixed_anchor,2,early,97,balance_only,500,0,500,4.0,0.5115,0.011499999999999955,0.4803333333333321,0.0,0.246
18,20260832,28,permute_both_fixed_anchor,2,early,97,balance_random_pair,500,0,500,4.0,0.54975,0.04974999999999996,0.5263285714285709,0.116,0.3025
18,20260832,28,permute_both_fixed_anchor,2,early,97,balance_pressured_pair,500,0,500,4.0,0.55175,0.05174999999999996,0.532952380952381,0.132,0.292
18,20260832,28,permute_both_fixed_anchor,2,early,97,all_pair_product,500,0,500,4.0,0.64875,0.14875000000000005,0.6766142857142852,0.444,0.49166666666666664
18,20260832,28,permute_both_fixed_anchor,2,early,97,minimum_max_pressure,500,0,500,4.0,0.56575,0.06574999999999998,0.5345857142857138,0.152,0.3386666666666669
18,20260832,28,permute_both_renormalized,2,early,97,random_order,500,0,500,4.0,0.5,0.0,0.4000000000000035,0.0,0.25
18,20260832,28,permute_both_renormalized,2,early,97,balance_only,500,0,500,4.0,0.51825,0.01824999999999999,0.48620476190476086,0.0,0.254
18,20260832,28,permute_both_renormalized,2,early,97,balance_random_pair,500,0,500,4.0,0.53575,0.03574999999999995,0.5186619047619044,0.122,0.294
18,20260832,28,permute_both_renormalized,2,early,97,balance_pressured_pair,500,0,500,4.0,0.55975,0.05974999999999997,0.5410190476190472,0.134,0.302
18,20260832,28,permute_both_renormalized,2,early,97,all_pair_product,500,0,500,4.0,0.63525,0.13524999999999998,0.6627999999999994,0.43,0.4665
18,20260832,28,permute_both_renormalized,2,early,97,minimum_max_pressure,500,0,500,4.0,0.561,0.061000000000000054,0.5168047619047618,0.108,0.3161666666666667
18,20260832,28,catalog,2,middle,97,random_order,500,4,496,3.963709677419355,0.5,0.0,0.40362903225806795,0.0,0.253024193548387
18,20260832,28,catalog,2,middle,97,balance_only,500,4,496,3.963709677419355,0.5591397849462364,0.059139784946236396,0.5198108678955435,0.008064516129032258,0.29704301075268824
18,20260832,28,catalog,2,middle,97,balance_random_pair,500,4,496,3.963709677419355,0.5822412634408601,0.08224126344086014,0.5650393625192011,0.16532258064516128,0.35651881720430106
18,20260832,28,catalog,2,middle,97,balance_pressured_pair,500,4,496,3.963709677419355,0.6257560483870966,0.12575604838709664,0.6365399385560679,0.31451612903225806,0.44522849462365593
18,20260832,28,catalog,2,middle,97,all_pair_product,500,4,496,3.963709677419355,0.7398353494623654,0.2398353494623654,0.7983342933947769,0.6391129032258065,0.6673387096774194
18,20260832,28,catalog,2,middle,97,minimum_max_pressure,500,4,496,3.963709677419355,0.6302923387096774,0.13029233870967738,0.6224222350230413,0.2862903225806452,0.4574932795698931
18,20260832,28,permute_both_fixed_anchor,2,middle,97,random_order,500,0,500,3.992,0.5,0.0,0.4008000000000035,0.0,0.25066666666666665
18,20260832,28,permute_both_fixed_anchor,2,middle,97,balance_only,500,0,500,3.992,0.5375,0.03749999999999998,0.500947619047618,0.014,0.2763333333333334
18,20260832,28,permute_both_fixed_anchor,2,middle,97,balance_random_pair,500,0,500,3.992,0.58125,0.08125000000000004,0.5645571428571422,0.17,0.35516666666666663
18,20260832,28,permute_both_fixed_anchor,2,middle,97,balance_pressured_pair,500,0,500,3.992,0.6140833333333332,0.1140833333333332,0.596819047619048,0.22,0.37650000000000006
18,20260832,28,permute_both_fixed_anchor,2,middle,97,all_pair_product,500,0,500,3.992,0.7324166666666666,0.2324166666666666,0.7867761904761903,0.622,0.6515
18,20260832,28,permute_both_fixed_anchor,2,middle,97,minimum_max_pressure,500,0,500,3.992,0.6529166666666666,0.1529166666666666,0.6260047619047621,0.264,0.4653333333333342
18,20260832,28,permute_both_renormalized,2,middle,97,random_order,500,0,500,3.988,0.5,0.0,0.4012000000000035,0.0,0.25099999999999995
18,20260832,28,permute_both_renormalized,2,middle,97,balance_only,500,0,500,3.988,0.55,0.050000000000000044,0.5090619047619035,0.018,0.28633333333333344
18,20260832,28,permute_both_renormalized,2,middle,97,balance_random_pair,500,0,500,3.988,0.5818333333333332,0.0818333333333332,0.5624714285714276,0.168,0.3456666666666667
18,20260832,28,permute_both_renormalized,2,middle,97,balance_pressured_pair,500,0,500,3.988,0.61375,0.11375000000000002,0.5991666666666658,0.226,0.3791666666666667
18,20260832,28,permute_both_renormalized,2,middle,97,all_pair_product,500,0,500,3.988,0.7260833333333334,0.2260833333333334,0.7734952380952377,0.598,0.6255
18,20260832,28,permute_both_renormalized,2,middle,97,minimum_max_pressure,500,0,500,3.988,0.6355,0.13549999999999995,0.6084523809523811,0.246,0.43533333333333396
18,20260832,28,catalog,4,early,97,random_order,500,0,500,16.0,0.5,0.0,0.11764705882352902,0.0,0.0625
18,20260832,28,catalog,4,early,97,balance_only,500,0,500,16.0,0.578375,0.07837499999999997,0.19440819056655087,0.0,0.08483333333333325
18,20260832,28,catalog,4,early,97,balance_random_pair,500,0,500,16.0,0.5656875,0.06568750000000001,0.21673195834490605,0.092,0.09400000000000006
18,20260832,28,catalog,4,early,97,balance_pressured_pair,500,0,500,16.0,0.607125,0.10712500000000003,0.24894311760618848,0.204,0.11266666666666679
18,20260832,28,catalog,4,early,97,all_pair_product,500,0,500,16.0,0.7245625,0.2245625,0.44332450877837537,0.398,0.2736666666666666
18,20260832,28,catalog,4,early,97,minimum_max_pressure,500,0,500,16.0,0.6249375,0.12493750000000003,0.26008515404948157,0.152,0.15080579420579437
18,20260832,28,permute_both_fixed_anchor,4,early,97,random_order,500,0,500,16.0,0.5,0.0,0.11764705882352902,0.0,0.0625
18,20260832,28,permute_both_fixed_anchor,4,early,97,balance_only,500,0,500,16.0,0.5270625,0.02706249999999999,0.1714075020832714,0.0,0.06733333333333345
18,20260832,28,permute_both_fixed_anchor,4,early,97,balance_random_pair,500,0,500,16.0,0.563375,0.06337499999999996,0.1986619960151874,0.076,0.07783333333333332
18,20260832,28,permute_both_fixed_anchor,4,early,97,balance_pressured_pair,500,0,500,16.0,0.5745625,0.07456249999999998,0.21436157852564752,0.14,0.08583333333333337
18,20260832,28,permute_both_fixed_anchor,4,early,97,all_pair_product,500,0,500,16.0,0.7530625,0.25306249999999997,0.4735723073439497,0.41,0.31975
18,20260832,28,permute_both_fixed_anchor,4,early,97,minimum_max_pressure,500,0,500,16.0,0.641375,0.14137500000000003,0.2603977043639469,0.15,0.14760385725385752
18,20260832,28,permute_both_renormalized,4,early,97,random_order,500,0,500,16.0,0.5,0.0,0.11764705882352902,0.0,0.0625
18,20260832,28,permute_both_renormalized,4,early,97,balance_only,500,0,500,16.0,0.5459375,0.045937499999999964,0.17661128116349287,0.0,0.07100000000000008
18,20260832,28,permute_both_renormalized,4,early,97,balance_random_pair,500,0,500,16.0,0.554,0.05400000000000005,0.19795809831088268,0.094,0.0766666666666667
18,20260832,28,permute_both_renormalized,4,early,97,balance_pressured_pair,500,0,500,16.0,0.6025625,0.1025625,0.2250059919036689,0.138,0.09350000000000003
18,20260832,28,permute_both_renormalized,4,early,97,all_pair_product,500,0,500,16.0,0.7628125,0.2628125,0.5027160162821056,0.452,0.3506666666666667
18,20260832,28,permute_both_renormalized,4,early,97,minimum_max_pressure,500,0,500,16.0,0.660125,0.16012499999999996,0.2793311663067172,0.164,0.16637128982128996
18,20260832,28,catalog,4,middle,97,random_order,500,18,482,15.174273858921161,0.5,0.0,0.12761570867502003,0.0,0.06854034623744168
18,20260832,28,catalog,4,middle,97,balance_only,500,18,482,15.174273858921161,0.5955235635733565,0.09552356357335645,0.20889881340803532,0.012448132780082987,0.09211618257261411
18,20260832,28,catalog,4,middle,97,balance_random_pair,500,18,482,15.174273858921161,0.6004763865111374,0.10047638651113744,0.24190142303239096,0.13278008298755187,0.10654784358103861
18,20260832,28,catalog,4,middle,97,balance_pressured_pair,500,18,482,15.174273858921161,0.6641347112431143,0.1641347112431143,0.3040694038799547,0.24273858921161826,0.15266251728907332
18,20260832,28,catalog,4,middle,97,all_pair_product,500,18,482,15.174273858921161,0.8249943003055027,0.3249943003055027,0.5871025569129109,0.5726141078838174,0.4196058091286307
18,20260832,28,catalog,4,middle,97,minimum_max_pressure,500,18,482,15.174273858921161,0.7000986738019925,0.20009867380199253,0.3504839793829138,0.27593360995850624,0.2312651041904155
18,20260832,28,permute_both_fixed_anchor,4,middle,97,random_order,500,0,500,15.426,0.5,0.0,0.12304346829640916,0.0,0.06565146520146517
18,20260832,28,permute_both_fixed_anchor,4,middle,97,balance_only,500,0,500,15.426,0.5850129786879786,0.08501297868797864,0.20742388753652913,0.012,0.09113333333333323
18,20260832,28,permute_both_fixed_anchor,4,middle,97,balance_random_pair,500,0,500,15.426,0.6230112762237768,0.12301127622377683,0.24282473605456467,0.158,0.10909393939393948
18,20260832,28,permute_both_fixed_anchor,4,middle,97,balance_pressured_pair,500,0,500,15.426,0.6824340326340328,0.1824340326340328,0.30025436790181476,0.288,0.151
18,20260832,28,permute_both_fixed_anchor,4,middle,97,all_pair_product,500,0,500,15.426,0.8446759990009977,0.34467599900099766,0.6493972392306098,0.65,0.5169
18,20260832,28,permute_both_fixed_anchor,4,middle,97,minimum_max_pressure,500,0,500,15.426,0.7573325466200459,0.2573325466200459,0.39210351677183747,0.296,0.2760915584415584
18,20260832,28,permute_both_renormalized,4,middle,97,random_order,500,0,500,15.406,0.5,0.0,0.12302485357779443,0.0,0.06561603396603395
18,20260832,28,permute_both_renormalized,4,middle,97,balance_only,500,0,500,15.406,0.5609748001998005,0.060974800199800505,0.19753645015091478,0.014,0.08156666666666665
18,20260832,28,permute_both_renormalized,4,middle,97,balance_random_pair,500,0,500,15.406,0.5980882742257746,0.0980882742257746,0.23327928095109304,0.154,0.10202813852813855
18,20260832,28,permute_both_renormalized,4,middle,97,balance_pressured_pair,500,0,500,15.406,0.6596828338328341,0.1596828338328341,0.2819198686677816,0.248,0.13150000000000006
18,20260832,28,permute_both_renormalized,4,middle,97,all_pair_product,500,0,500,15.406,0.8408383449883441,0.3408383449883441,0.6403586831709739,0.632,0.509
18,20260832,28,permute_both_renormalized,4,middle,97,minimum_max_pressure,500,0,500,15.406,0.756993976856477,0.25699397685647696,0.39844709130415046,0.296,0.2844406926406926
18,20260832,28,catalog,8,early,97,random_order,500,0,500,256.0,0.5,0.0,0.007782101167315149,0.0,0.00390625
18,20260832,28,catalog,8,early,97,balance_only,500,0,500,256.0,0.61715234375,0.11715234375000005,0.015610264679493906,0.0,0.005321428571428557
18,20260832,28,catalog,8,early,97,balance_random_pair,500,0,500,256.0,0.62031640625,0.12031640624999995,0.022000949230368137,0.188,0.007850793650793636
18,20260832,28,catalog,8,early,97,balance_pressured_pair,500,0,500,256.0,0.6434921875,0.14349218750000003,0.02275573964992527,0.158,0.007451587301587289
18,20260832,28,catalog,8,early,97,all_pair_product,500,0,500,256.0,0.8140546875,0.3140546875,0.15394431255367635,0.55,0.091591452991453
18,20260832,28,catalog,8,early,97,minimum_max_pressure,500,0,500,256.0,0.677046875,0.17704687500000005,0.07315803279167159,0.212,0.052778161623280966
18,20260832,28,permute_both_fixed_anchor,8,early,97,random_order,500,0,500,256.0,0.5,0.0,0.007782101167315149,0.0,0.00390625
18,20260832,28,permute_both_fixed_anchor,8,early,97,balance_only,500,0,500,256.0,0.55966796875,0.05966796875000002,0.014103224526505842,0.0,0.004614285714285703
18,20260832,28,permute_both_fixed_anchor,8,early,97,balance_random_pair,500,0,500,256.0,0.60560546875,0.10560546874999999,0.01761561886175397,0.128,0.0051190476190476125
18,20260832,28,permute_both_fixed_anchor,8,early,97,balance_pressured_pair,500,0,500,256.0,0.6274375,0.12743749999999998,0.0219384141679001,0.192,0.007160317460317451
18,20260832,28,permute_both_fixed_anchor,8,early,97,all_pair_product,500,0,500,256.0,0.85183203125,0.35183203124999995,0.24830981072583536,0.588,0.16162499999999996
18,20260832,28,permute_both_fixed_anchor,8,early,97,minimum_max_pressure,500,0,500,256.0,0.734234375,0.234234375,0.057923887063801804,0.204,0.032362710929769736
18,20260832,28,permute_both_renormalized,8,early,97,random_order,500,0,500,256.0,0.5,0.0,0.007782101167315149,0.0,0.00390625
18,20260832,28,permute_both_renormalized,8,early,97,balance_only,500,0,500,256.0,0.5611875,0.06118749999999995,0.014379806855641919,0.0,0.004821428571428559
18,20260832,28,permute_both_renormalized,8,early,97,balance_random_pair,500,0,500,256.0,0.60245703125,0.10245703125000005,0.019021038545566325,0.172,0.006088888888888879
18,20260832,28,permute_both_renormalized,8,early,97,balance_pressured_pair,500,0,500,256.0,0.6082265625,0.10822656249999996,0.021363498179949113,0.186,0.006806349206349198
18,20260832,28,permute_both_renormalized,8,early,97,all_pair_product,500,0,500,256.0,0.8406875,0.34068750000000003,0.23726685330621086,0.576,0.15773555555555555
18,20260832,28,permute_both_renormalized,8,early,97,minimum_max_pressure,500,0,500,256.0,0.72456640625,0.22456640625000002,0.04851580504275372,0.196,0.02466483617353759
18,20260832,28,catalog,8,middle,97,random_order,500,0,500,187.372,0.5,0.0,0.011636345514339605,0.0,0.00585701028508057
18,20260832,28,catalog,8,middle,97,balance_only,500,0,500,187.372,0.6339224050532146,0.13392240505321462,0.021739335271065016,0.004,0.008624311676178094
18,20260832,28,catalog,8,middle,97,balance_random_pair,500,0,500,187.372,0.679572064463689,0.179572064463689,0.03300809600658627,0.208,0.01150761452419792
18,20260832,28,catalog,8,middle,97,balance_pressured_pair,500,0,500,187.372,0.7134065492819043,0.21340654928190428,0.04317741122658674,0.328,0.01623503643347034
18,20260832,28,catalog,8,middle,97,all_pair_product,500,0,500,187.372,0.9321659290677625,0.4321659290677625,0.463731362015692,0.792,0.3627928571428571
18,20260832,28,catalog,8,middle,97,minimum_max_pressure,500,0,500,187.372,0.8280246002556695,0.3280246002556695,0.1414662217680001,0.44,0.09699210158240482
18,20260832,28,permute_both_fixed_anchor,8,middle,97,random_order,500,0,500,193.362,0.5,0.0,0.010762432880677098,0.0,0.0054118596100487725
18,20260832,28,permute_both_fixed_anchor,8,middle,97,balance_only,500,0,500,193.362,0.6354810708311298,0.1354810708311298,0.02100470275619423,0.026,0.00855096211454676
18,20260832,28,permute_both_fixed_anchor,8,middle,97,balance_random_pair,500,0,500,193.362,0.7099275033206865,0.20992750332068655,0.033979042546130836,0.204,0.01260225842130569
18,20260832,28,permute_both_fixed_anchor,8,middle,97,balance_pressured_pair,500,0,500,193.362,0.7370004631658106,0.23700046316581058,0.04004945679554137,0.292,0.01531991046376471
18,20260832,28,permute_both_fixed_anchor,8,middle,97,all_pair_product,500,0,500,193.362,0.9299537670226904,0.4299537670226904,0.5116861894181637,0.794,0.4207966949314776
18,20260832,28,permute_both_fixed_anchor,8,middle,97,minimum_max_pressure,500,0,500,193.362,0.872400952005737,0.372400952005737,0.19626656590783667,0.578,0.1463673896574261
18,20260832,28,permute_both_renormalized,8,middle,97,random_order,500,0,500,191.926,0.5,0.0,0.010888836643884185,0.0,0.005476043174745702
18,20260832,28,permute_both_renormalized,8,middle,97,balance_only,500,0,500,191.926,0.6163191999088519,0.11631919990885187,0.020216224882947456,0.022,0.007753839806790511
18,20260832,28,permute_both_renormalized,8,middle,97,balance_random_pair,500,0,500,191.926,0.708975786699017,0.20897578669901695,0.03457219090068431,0.196,0.012319792634991224
18,20260832,28,permute_both_renormalized,8,middle,97,balance_pressured_pair,500,0,500,191.926,0.7385798491954609,0.23857984919546094,0.03915480137311251,0.26,0.013800314827583787
18,20260832,28,permute_both_renormalized,8,middle,97,all_pair_product,500,0,500,191.926,0.9372968614421517,0.43729686144215174,0.49065890967306997,0.806,0.3908763858363859
18,20260832,28,permute_both_renormalized,8,middle,97,minimum_max_pressure,500,0,500,191.926,0.8653789628769201,0.36537896287692007,0.18311145234832762,0.534,0.13517427518692118
19,20260833,24,catalog,2,early,12,random_order,500,0,500,4.0,0.5,0.0,0.4000000000000035,0.0,0.25
19,20260833,24,catalog,2,early,12,balance_only,500,0,500,4.0,0.53875,0.03874999999999995,0.5010952380952364,0.0,0.274
19,20260833,24,catalog,2,early,12,balance_random_pair,500,0,500,4.0,0.52275,0.022750000000000048,0.5069999999999992,0.08,0.292
19,20260833,24,catalog,2,early,12,balance_pressured_pair,500,0,500,4.0,0.488,-0.01200000000000001,0.5308809523809526,0.246,0.334
19,20260833,24,catalog,2,early,12,all_pair_product,500,0,500,4.0,0.59775,0.09775,0.6182142857142852,0.348,0.412
19,20260833,24,catalog,2,early,12,minimum_max_pressure,500,0,500,4.0,0.46625,-0.03375,0.5167238095238095,0.268,0.33333333333333326
19,20260833,24,permute_both_fixed_anchor,2,early,12,random_order,500,0,500,4.0,0.5,0.0,0.4000000000000035,0.0,0.25
19,20260833,24,permute_both_fixed_anchor,2,early,12,balance_only,500,0,500,4.0,0.52,0.020000000000000018,0.4889285714285699,0.0,0.26
19,20260833,24,permute_both_fixed_anchor,2,early,12,balance_random_pair,500,0,500,4.0,0.5505,0.05049999999999999,0.5241809523809523,0.106,0.3
19,20260833,24,permute_both_fixed_anchor,2,early,12,balance_pressured_pair,500,0,500,4.0,0.55425,0.05425000000000002,0.5375190476190476,0.134,0.3015
19,20260833,24,permute_both_fixed_anchor,2,early,12,all_pair_product,500,0,500,4.0,0.66075,0.16074999999999995,0.699180952380952,0.48,0.5295
19,20260833,24,permute_both_fixed_anchor,2,early,12,minimum_max_pressure,500,0,500,4.0,0.56675,0.06674999999999998,0.5365761904761904,0.15,0.34450000000000025
19,20260833,24,permute_both_renormalized,2,early,12,random_order,500,0,500,4.0,0.5,0.0,0.4000000000000035,0.0,0.25
19,20260833,24,permute_both_renormalized,2,early,12,balance_only,500,0,500,4.0,0.52525,0.025249999999999995,0.4931428571428554,0.0,0.266
19,20260833,24,permute_both_renormalized,2,early,12,balance_random_pair,500,0,500,4.0,0.5465,0.046499999999999986,0.5210619047619038,0.104,0.2975
19,20260833,24,permute_both_renormalized,2,early,12,balance_pressured_pair,500,0,500,4.0,0.5755,0.07550000000000001,0.5554238095238095,0.152,0.324
19,20260833,24,permute_both_renormalized,2,early,12,all_pair_product,500,0,500,4.0,0.66325,0.16325,0.6890142857142851,0.444,0.5105
19,20260833,24,permute_both_renormalized,2,early,12,minimum_max_pressure,500,0,500,4.0,0.598,0.09799999999999998,0.5592142857142848,0.158,0.3785000000000008
19,20260833,24,catalog,2,middle,12,random_order,500,38,462,3.9956709956709955,0.5,0.0,0.40043290043290375,0.0,0.25036075036075034
19,20260833,24,catalog,2,middle,12,balance_only,500,38,462,3.9956709956709955,0.5665584415584416,0.0665584415584416,0.5227685013399286,0.015151515151515152,0.3012265512265513
19,20260833,24,catalog,2,middle,12,balance_random_pair,500,38,462,3.9956709956709955,0.5842352092352091,0.08423520923520911,0.5637600494743352,0.15151515151515152,0.36760461760461755
19,20260833,24,catalog,2,middle,12,balance_pressured_pair,500,38,462,3.9956709956709955,0.5393217893217893,0.03932178932178931,0.5675582354153786,0.2683982683982684,0.37012987012987014
19,20260833,24,catalog,2,middle,12,all_pair_product,500,38,462,3.9956709956709955,0.6561147186147186,0.1561147186147186,0.6904710368996079,0.4588744588744589,0.5183982683982684
19,20260833,24,catalog,2,middle,12,minimum_max_pressure,500,38,462,3.9956709956709955,0.5804473304473304,0.08044733044733043,0.6192331478045762,0.36796536796536794,0.4673520923520924
19,20260833,24,permute_both_fixed_anchor,2,middle,12,random_order,500,0,500,3.988,0.5,0.0,0.40120000000000344,0.0,0.25099999999999995
19,20260833,24,permute_both_fixed_anchor,2,middle,12,balance_only,500,0,500,3.988,0.5429166666666667,0.042916666666666714,0.50342857142857,0.012,0.2766666666666666
19,20260833,24,permute_both_fixed_anchor,2,middle,12,balance_random_pair,500,0,500,3.988,0.5900000000000001,0.09000000000000008,0.5592619047619047,0.138,0.3398333333333333
19,20260833,24,permute_both_fixed_anchor,2,middle,12,balance_pressured_pair,500,0,500,3.988,0.6205833333333334,0.12058333333333338,0.6102952380952382,0.248,0.40016666666666667
19,20260833,24,permute_both_fixed_anchor,2,middle,12,all_pair_product,500,0,500,3.988,0.7347499999999999,0.2347499999999999,0.7866714285714277,0.614,0.652
19,20260833,24,permute_both_fixed_anchor,2,middle,12,minimum_max_pressure,500,0,500,3.988,0.6655,0.16549999999999998,0.6548761904761894,0.332,0.5061666666666674
19,20260833,24,permute_both_renormalized,2,middle,12,random_order,500,0,500,3.99,0.5,0.0,0.40100000000000346,0.0,0.25083333333333335
19,20260833,24,permute_both_renormalized,2,middle,12,balance_only,500,0,500,3.99,0.53925,0.03925000000000001,0.5045095238095225,0.026,0.2816666666666666
19,20260833,24,permute_both_renormalized,2,middle,12,balance_random_pair,500,0,500,3.99,0.577,0.07699999999999996,0.558423809523809,0.164,0.3421666666666666
19,20260833,24,permute_both_renormalized,2,middle,12,balance_pressured_pair,500,0,500,3.99,0.6109166666666668,0.11091666666666677,0.595857142857142,0.224,0.37633333333333335
19,20260833,24,permute_both_renormalized,2,middle,12,all_pair_product,500,0,500,3.99,0.7194166666666666,0.2194166666666666,0.7681190476190474,0.582,0.625
19,20260833,24,permute_both_renormalized,2,middle,12,minimum_max_pressure,500,0,500,3.99,0.6483333333333333,0.14833333333333332,0.6299809523809519,0.29,0.4665000000000007
19,20260833,24,catalog,4,early,12,random_order,264,0,264,16.0,0.5,0.0,0.11764705882352905,0.0,0.0625
19,20260833,24,catalog,4,early,12,balance_only,264,0,264,16.0,0.6235795454545454,0.12357954545454541,0.21396261339335312,0.0,0.10542929292929315
19,20260833,24,catalog,4,early,12,balance_random_pair,264,0,264,16.0,0.5415482954545454,0.041548295454545414,0.20861898519959762,0.041666666666666664,0.09595959595959593
19,20260833,24,catalog,4,early,12,balance_pressured_pair,264,0,264,16.0,0.5488873106060606,0.04888731060606055,0.21673744697419967,0.05303030303030303,0.09911616161616163
19,20260833,24,catalog,4,early,12,all_pair_product,264,0,264,16.0,0.6606297348484849,0.16062973484848486,0.4031752929050963,0.3371212121212121,0.2512626262626262
19,20260833,24,catalog,4,early,12,minimum_max_pressure,264,0,264,16.0,0.525686553030303,0.025686553030302983,0.21716997007001695,0.11363636363636363,0.10592320663343383
19,20260833,24,permute_both_fixed_anchor,4,early,12,random_order,264,0,264,16.0,0.5,0.0,0.11764705882352905,0.0,0.0625
19,20260833,24,permute_both_fixed_anchor,4,early,12,balance_only,264,0,264,16.0,0.5253314393939394,0.025331439393939448,0.16988840954270232,0.0,0.06628787878787873
19,20260833,24,permute_both_fixed_anchor,4,early,12,balance_random_pair,264,0,264,16.0,0.5635653409090909,0.06356534090909094,0.19695734475740923,0.06060606060606061,0.07922979797979797
19,20260833,24,permute_both_fixed_anchor,4,early,12,balance_pressured_pair,264,0,264,16.0,0.5591856060606061,0.05918560606060608,0.20225375684461683,0.0946969696969697,0.07702020202020202
19,20260833,24,permute_both_fixed_anchor,4,early,12,all_pair_product,264,0,264,16.0,0.7386363636363636,0.23863636363636365,0.45045013494962294,0.3787878787878788,0.295770202020202
19,20260833,24,permute_both_fixed_anchor,4,early,12,minimum_max_pressure,264,0,264,16.0,0.6341145833333334,0.13411458333333337,0.26772404164994423,0.17045454545454544,0.15532374822147552
19,20260833,24,permute_both_renormalized,4,early,12,random_order,264,0,264,16.0,0.5,0.0,0.11764705882352905,0.0,0.0625
19,20260833,24,permute_both_renormalized,4,early,12,balance_only,264,0,264,16.0,0.5285274621212122,0.028527462121212155,0.17077636455364117,0.0,0.06691919191919186
19,20260833,24,permute_both_renormalized,4,early,12,balance_random_pair,264,0,264,16.0,0.5535037878787878,0.053503787878787845,0.1916394323195267,0.06060606060606061,0.07102272727272729
19,20260833,24,permute_both_renormalized,4,early,12,balance_pressured_pair,264,0,264,16.0,0.587594696969697,0.08759469696969702,0.21733638285836157,0.12878787878787878,0.08743686868686867
19,20260833,24,permute_both_renormalized,4,early,12,all_pair_product,264,0,264,16.0,0.7469223484848485,0.2469223484848485,0.46858097550685607,0.4166666666666667,0.3202020202020202
19,20260833,24,permute_both_renormalized,4,early,12,minimum_max_pressure,264,0,264,16.0,0.6691524621212122,0.16915246212121215,0.28559837121411724,0.21212121212121213,0.1687099621758714
19,20260833,24,catalog,4,middle,12,random_order,500,30,470,15.595744680851064,0.5,0.0,0.12161034626616558,0.0,0.0647969052224371
19,20260833,24,catalog,4,middle,12,balance_only,500,30,470,15.595744680851064,0.6367202611218572,0.1367202611218572,0.21523816374993407,0.00425531914893617,0.09985815602836855
19,20260833,24,catalog,4,middle,12,balance_random_pair,500,30,470,15.595744680851064,0.6345502901353967,0.13455029013539666,0.24779315026604729,0.11914893617021277,0.12343971631205684
19,20260833,24,catalog,4,middle,12,balance_pressured_pair,500,30,470,15.595744680851064,0.6169547872340432,0.11695478723404318,0.2664054250996785,0.17446808510638298,0.13404255319148942
19,20260833,24,catalog,4,middle,12,all_pair_product,500,30,470,15.595744680851064,0.7440582688588011,0.2440582688588011,0.5193122899595608,0.5191489361702127,0.3756382978723404
19,20260833,24,catalog,4,middle,12,minimum_max_pressure,500,30,470,15.595744680851064,0.6442637814313348,0.14426378143133478,0.3745131830753721,0.30638297872340425,0.2702798885511651
19,20260833,24,permute_both_fixed_anchor,4,middle,12,random_order,500,0,500,15.622,0.5,0.0,0.1217126050420165,0.0,0.06493637196137195
19,20260833,24,permute_both_fixed_anchor,4,middle,12,balance_only,500,0,500,15.622,0.5629195263070268,0.0629195263070268,0.19108201063244012,0.0,0.07726666666666668
19,20260833,24,permute_both_fixed_anchor,4,middle,12,balance_random_pair,500,0,500,15.622,0.6214602730602734,0.1214602730602734,0.24128474667596342,0.14,0.10840000000000005
19,20260833,24,permute_both_fixed_anchor,4,middle,12,balance_pressured_pair,500,0,500,15.622,0.670707917082917,0.170707917082917,0.2768551147389082,0.22,0.12483333333333338
19,20260833,24,permute_both_fixed_anchor,4,middle,12,all_pair_product,500,0,500,15.622,0.8456688270063257,0.34566882700632573,0.6219074841173995,0.634,0.4673333333333334
19,20260833,24,permute_both_fixed_anchor,4,middle,12,minimum_max_pressure,500,0,500,15.622,0.7508444055944052,0.25084440559440524,0.40112977317345727,0.318,0.2832414862914864
19,20260833,24,permute_both_renormalized,4,middle,12,random_order,500,0,500,15.668,0.5,0.0,0.12040784313725457,0.0,0.06408062770562771
19,20260833,24,permute_both_renormalized,4,middle,12,balance_only,500,0,500,15.668,0.5914010281385288,0.0914010281385288,0.208167117682764,0.012,0.09403333333333323
19,20260833,24,permute_both_renormalized,4,middle,12,balance_random_pair,500,0,500,15.668,0.6163954004329005,0.11639540043290053,0.23936443406113322,0.15,0.1080484848484849
19,20260833,24,permute_both_renormalized,4,middle,12,balance_pressured_pair,500,0,500,15.668,0.6679793290043292,0.16797932900432921,0.2817599324087141,0.25,0.1355
19,20260833,24,permute_both_renormalized,4,middle,12,all_pair_product,500,0,500,15.668,0.8276284090909077,0.32762840909090774,0.6163644072396935,0.606,0.4788333333333333
19,20260833,24,permute_both_renormalized,4,middle,12,minimum_max_pressure,500,0,500,15.668,0.7374064935064933,0.23740649350649334,0.3885355747596214,0.308,0.2723208236208235
19,20260833,24,catalog,8,early,12,random_order,264,0,264,256.0,0.5,0.0,0.007782101167315151,0.0,0.00390625
19,20260833,24,catalog,8,early,12,balance_only,264,0,264,256.0,0.7156205610795454,0.21562056107954541,0.020177762922342288,0.0,0.00844155844155842
19,20260833,24,catalog,8,early,12,balance_random_pair,264,0,264,256.0,0.6875443892045454,0.18754438920454541,0.03216119659234897,0.4621212121212121,0.013696488696488674
19,20260833,24,catalog,8,early,12,balance_pressured_pair,264,0,264,256.0,0.6432439630681818,0.14324396306818177,0.025879807217619743,0.3409090909090909,0.010052910052910044
19,20260833,24,catalog,8,early,12,all_pair_product,264,0,264,256.0,0.7679554332386364,0.26795543323863635,0.28055470147007994,0.5909090909090909,0.20262521043771045
19,20260833,24,catalog,8,early,12,minimum_max_pressure,264,0,264,256.0,0.6648910984848485,0.1648910984848485,0.0860468278842575,0.36742424242424243,0.05842320435793334
19,20260833,24,permute_both_fixed_anchor,8,early,12,random_order,264,0,264,256.0,0.5,0.0,0.007782101167315151,0.0,0.00390625
19,20260833,24,permute_both_fixed_anchor,8,early,12,balance_only,264,0,264,256.0,0.582467743844697,0.08246774384469702,0.014846684461890388,0.0,0.005086580086580076
19,20260833,24,permute_both_fixed_anchor,8,early,12,balance_random_pair,264,0,264,256.0,0.6465657552083334,0.14656575520833337,0.021076882750542425,0.1893939393939394,0.006896344396344395
19,20260833,24,permute_both_fixed_anchor,8,early,12,balance_pressured_pair,264,0,264,256.0,0.6587505918560606,0.15875059185606055,0.0228151256301548,0.20075757575757575,0.007177429052429056
19,20260833,24,permute_both_fixed_anchor,8,early,12,all_pair_product,264,0,264,256.0,0.8775745738636364,0.37757457386363635,0.2857014282656627,0.6515151515151515,0.19919733044733048
19,20260833,24,permute_both_fixed_anchor,8,early,12,minimum_max_pressure,264,0,264,256.0,0.780813506155303,0.280813506155303,0.1129729542096541,0.3333333333333333,0.07754943437816948
19,20260833,24,permute_both_renormalized,8,early,12,random_order,264,0,264,256.0,0.5,0.0,0.007782101167315151,0.0,0.00390625
19,20260833,24,permute_both_renormalized,8,early,12,balance_only,264,0,264,256.0,0.5866551254734849,0.08665512547348486,0.015353272990631639,0.0,0.005397727272727262
19,20260833,24,permute_both_renormalized,8,early,12,balance_random_pair,264,0,264,256.0,0.6421564275568182,0.14215642755681823,0.02059657990189032,0.18181818181818182,0.00638678451178451
19,20260833,24,permute_both_renormalized,8,early,12,balance_pressured_pair,264,0,264,256.0,0.6426077178030303,0.14260771780303028,0.02288785371620862,0.20454545454545456,0.007357804232804236
19,20260833,24,permute_both_renormalized,8,early,12,all_pair_product,264,0,264,256.0,0.8725216027462122,0.37252160274621215,0.3235130468623811,0.6477272727272727,0.2452756734006734
19,20260833,24,permute_both_renormalized,8,early,12,minimum_max_pressure,264,0,264,256.0,0.7804287997159091,0.28042879971590906,0.08976878451769578,0.32575757575757575,0.05578854847773138
19,20260833,24,catalog,8,middle,12,random_order,264,41,223,64.4035874439462,0.5,0.0,0.12154074941359091,0.0,0.07189629503476308
19,20260833,24,catalog,8,middle,12,balance_only,264,41,223,64.4035874439462,0.6536137465867945,0.1536137465867945,0.21706012285390627,0.08968609865470852,0.1333757619462754
19,20260833,24,catalog,8,middle,12,balance_random_pair,264,41,223,64.4035874439462,0.7029024050593724,0.2029024050593724,0.2651257063501743,0.25112107623318386,0.1793838514664467
19,20260833,24,catalog,8,middle,12,balance_pressured_pair,264,41,223,64.4035874439462,0.6703491687099615,0.17034916870996153,0.25355299031285555,0.242152466367713,0.1538330814577357
19,20260833,24,catalog,8,middle,12,all_pair_product,264,41,223,64.4035874439462,0.8369432859980582,0.33694328599805823,0.5335913142321124,0.6412556053811659,0.4539673642252118
19,20260833,24,catalog,8,middle,12,minimum_max_pressure,264,41,223,64.4035874439462,0.6095300426521353,0.10953004265213528,0.2500999098007723,0.21973094170403587,0.18880906572104436
19,20260833,24,permute_both_fixed_anchor,8,middle,12,random_order,264,6,258,41.33720930232558,0.5,0.0,0.19398347942166858,0.0,0.12167710993104815
19,20260833,24,permute_both_fixed_anchor,8,middle,12,balance_only,264,6,258,41.33720930232558,0.5995654737704782,0.0995654737704782,0.29631013374238896,0.1937984496124031,0.17184132538039712
19,20260833,24,permute_both_fixed_anchor,8,middle,12,balance_random_pair,264,6,258,41.33720930232558,0.673706873655715,0.17370687365571502,0.34329470843184906,0.2558139534883721,0.2155293364069175
19,20260833,24,permute_both_fixed_anchor,8,middle,12,balance_pressured_pair,264,6,258,41.33720930232558,0.6464394854106801,0.14643948541068008,0.3279756898291985,0.2248062015503876,0.20269088576512376
19,20260833,24,permute_both_fixed_anchor,8,middle,12,all_pair_product,264,6,258,41.33720930232558,0.86168895711102,0.36168895711102,0.6382177603828951,0.7248062015503876,0.5678519843636123
19,20260833,24,permute_both_fixed_anchor,8,middle,12,minimum_max_pressure,264,6,258,41.33720930232558,0.6049919782936078,0.10499197829360785,0.28656478412044656,0.1821705426356589,0.20145081526287223
19,20260833,24,permute_both_renormalized,8,middle,12,random_order,264,6,258,41.52713178294574,0.5,0.0,0.18435320793429547,0.0,0.11387945502826874
19,20260833,24,permute_both_renormalized,8,middle,12,balance_only,264,6,258,41.52713178294574,0.6196077755130797,0.11960777551307966,0.31533715573716653,0.20155038759689922,0.19975990281009015
19,20260833,24,permute_both_renormalized,8,middle,12,balance_random_pair,264,6,258,41.52713178294574,0.688488002744985,0.188488002744985,0.3683880104138541,0.313953488372093,0.2536947655839458
19,20260833,24,permute_both_renormalized,8,middle,12,balance_pressured_pair,264,6,258,41.52713178294574,0.6490891399101819,0.1490891399101819,0.34234266817599546,0.2751937984496124,0.20950881217391695
19,20260833,24,permute_both_renormalized,8,middle,12,all_pair_product,264,6,258,41.52713178294574,0.8575129386535948,0.3575129386535948,0.642565048191772,0.748062015503876,0.5693910256410256
19,20260833,24,permute_both_renormalized,8,middle,12,minimum_max_pressure,264,6,258,41.52713178294574,0.6082654938841568,0.10826549388415685,0.2882687122730964,0.19767441860465115,0.20229901929311436
19,20260833,28,catalog,2,early,97,random_order,500,0,500,4.0,0.5,0.0,0.4000000000000035,0.0,0.25
19,20260833,28,catalog,2,early,97,balance_only,500,0,500,4.0,0.51825,0.01824999999999999,0.48345238095237947,0.0,0.248
19,20260833,28,catalog,2,early,97,balance_random_pair,500,0,500,4.0,0.5405,0.04049999999999998,0.5255571428571425,0.124,0.306
19,20260833,28,catalog,2,early,97,balance_pressured_pair,500,0,500,4.0,0.57,0.06999999999999995,0.5513285714285712,0.156,0.31
19,20260833,28,catalog,2,early,97,all_pair_product,500,0,500,4.0,0.649,0.14900000000000002,0.6788523809523802,0.456,0.4876666666666667
19,20260833,28,catalog,2,early,97,minimum_max_pressure,500,0,500,4.0,0.57725,0.07725000000000004,0.5375380952380948,0.132,0.3518333333333337
19,20260833,28,permute_both_fixed_anchor,2,early,97,random_order,500,0,500,4.0,0.5,0.0,0.4000000000000035,0.0,0.25
19,20260833,28,permute_both_fixed_anchor,2,early,97,balance_only,500,0,500,4.0,0.5145,0.014499999999999957,0.4840476190476173,0.0,0.253
19,20260833,28,permute_both_fixed_anchor,2,early,97,balance_random_pair,500,0,500,4.0,0.5455,0.045499999999999985,0.5216,0.122,0.296
19,20260833,28,permute_both_fixed_anchor,2,early,97,balance_pressured_pair,500,0,500,4.0,0.57475,0.07474999999999998,0.5626047619047618,0.184,0.333
19,20260833,28,permute_both_fixed_anchor,2,early,97,all_pair_product,500,0,500,4.0,0.646,0.14600000000000002,0.6760238095238092,0.45,0.4876666666666667
19,20260833,28,permute_both_fixed_anchor,2,early,97,minimum_max_pressure,500,0,500,4.0,0.5755,0.07550000000000001,0.5406619047619046,0.144,0.3488333333333336
19,20260833,28,permute_both_renormalized,2,early,97,random_order,500,0,500,4.0,0.5,0.0,0.4000000000000035,0.0,0.25
19,20260833,28,permute_both_renormalized,2,early,97,balance_only,500,0,500,4.0,0.53125,0.03125,0.49621428571428416,0.0,0.268
19,20260833,28,permute_both_renormalized,2,early,97,balance_random_pair,500,0,500,4.0,0.53875,0.03874999999999995,0.512895238095238,0.098,0.2855
19,20260833,28,permute_both_renormalized,2,early,97,balance_pressured_pair,500,0,500,4.0,0.56025,0.060250000000000026,0.5474333333333328,0.156,0.318
19,20260833,28,permute_both_renormalized,2,early,97,all_pair_product,500,0,500,4.0,0.671,0.17100000000000004,0.709338095238095,0.504,0.544
19,20260833,28,permute_both_renormalized,2,early,97,minimum_max_pressure,500,0,500,4.0,0.5695,0.0695,0.5366047619047618,0.152,0.3448333333333336
19,20260833,28,catalog,2,middle,97,random_order,500,8,492,3.959349593495935,0.5,0.0,0.40406504065040993,0.0,0.2533875338753387
19,20260833,28,catalog,2,middle,97,balance_only,500,8,492,3.959349593495935,0.5330284552845529,0.03302845528455289,0.4989789005032893,0.01016260162601626,0.2669376693766937
19,20260833,28,catalog,2,middle,97,balance_random_pair,500,8,492,3.959349593495935,0.5597052845528455,0.05970528455284552,0.5453735965931087,0.14634146341463414,0.3231707317073171
19,20260833,28,catalog,2,middle,97,balance_pressured_pair,500,8,492,3.959349593495935,0.6035738482384824,0.10357384823848237,0.6058797909407662,0.2682926829268293,0.3902439024390244
19,20260833,28,catalog,2,middle,97,all_pair_product,500,8,492,3.959349593495935,0.7352642276422763,0.23526422764227628,0.7872048006194344,0.6097560975609756,0.6463414634146342
19,20260833,28,catalog,2,middle,97,minimum_max_pressure,500,8,492,3.959349593495935,0.612720189701897,0.11272018970189701,0.592407084785133,0.23577235772357724,0.414803523035231
19,20260833,28,permute_both_fixed_anchor,2,middle,97,random_order,500,0,500,3.988,0.5,0.0,0.4012000000000035,0.0,0.251
19,20260833,28,permute_both_fixed_anchor,2,middle,97,balance_only,500,0,500,3.988,0.5515,0.05149999999999999,0.5121571428571412,0.016,0.2899999999999999
19,20260833,28,permute_both_fixed_anchor,2,middle,97,balance_random_pair,500,0,500,3.988,0.5794166666666666,0.07941666666666658,0.555828571428571,0.146,0.335
19,20260833,28,permute_both_fixed_anchor,2,middle,97,balance_pressured_pair,500,0,500,3.988,0.6256666666666667,0.1256666666666667,0.618371428571428,0.266,0.4083333333333333
19,20260833,28,permute_both_fixed_anchor,2,middle,97,all_pair_product,500,0,500,3.988,0.7475,0.24750000000000005,0.8044571428571425,0.644,0.6765
19,20260833,28,permute_both_fixed_anchor,2,middle,97,minimum_max_pressure,500,0,500,3.988,0.651,0.15100000000000002,0.6287190476190478,0.276,0.46533333333333415
19,20260833,28,permute_both_renormalized,2,middle,97,random_order,500,0,500,3.978,0.5,0.0,0.40220000000000344,0.0,0.2518333333333333
19,20260833,28,permute_both_renormalized,2,middle,97,balance_only,500,0,500,3.978,0.5401666666666667,0.040166666666666684,0.5075999999999986,0.028,0.2866666666666667
19,20260833,28,permute_both_renormalized,2,middle,97,balance_random_pair,500,0,500,3.978,0.5815000000000001,0.08150000000000013,0.5605476190476185,0.156,0.3441666666666666
19,20260833,28,permute_both_renormalized,2,middle,97,balance_pressured_pair,500,0,500,3.978,0.6111666666666666,0.11116666666666664,0.6043095238095231,0.25,0.39583333333333337
19,20260833,28,permute_both_renormalized,2,middle,97,all_pair_product,500,0,500,3.978,0.74025,0.24024999999999996,0.7932999999999996,0.626,0.6573333333333333
19,20260833,28,permute_both_renormalized,2,middle,97,minimum_max_pressure,500,0,500,3.978,0.6401666666666666,0.14016666666666655,0.6158666666666666,0.26,0.45100000000000073
19,20260833,28,catalog,4,early,97,random_order,500,0,500,16.0,0.5,0.0,0.11764705882352902,0.0,0.0625
19,20260833,28,catalog,4,early,97,balance_only,500,0,500,16.0,0.5760625,0.07606250000000003,0.19339550284630141,0.0,0.0849999999999999
19,20260833,28,catalog,4,early,97,balance_random_pair,500,0,500,16.0,0.5535625,0.05356249999999996,0.21604711756053777,0.11,0.09550000000000003
19,20260833,28,catalog,4,early,97,balance_pressured_pair,500,0,500,16.0,0.562375,0.06237499999999996,0.2290008081967452,0.158,0.10033333333333344
19,20260833,28,catalog,4,early,97,all_pair_product,500,0,500,16.0,0.7263125,0.22631250000000003,0.43665094219785955,0.38,0.26666666666666666
19,20260833,28,catalog,4,early,97,minimum_max_pressure,500,0,500,16.0,0.582875,0.08287500000000003,0.21825652084447014,0.098,0.10862302142302163
19,20260833,28,permute_both_fixed_anchor,4,early,97,random_order,500,0,500,16.0,0.5,0.0,0.11764705882352902,0.0,0.0625
19,20260833,28,permute_both_fixed_anchor,4,early,97,balance_only,500,0,500,16.0,0.5169375,0.01693750000000005,0.16714022770398546,0.0,0.06316666666666683
19,20260833,28,permute_both_fixed_anchor,4,early,97,balance_random_pair,500,0,500,16.0,0.5553125,0.05531249999999999,0.20185227880019727,0.104,0.08300000000000003
19,20260833,28,permute_both_fixed_anchor,4,early,97,balance_pressured_pair,500,0,500,16.0,0.565875,0.06587500000000002,0.20514354068016752,0.104,0.07783333333333338
19,20260833,28,permute_both_fixed_anchor,4,early,97,all_pair_product,500,0,500,16.0,0.750625,0.250625,0.47746443221160934,0.41,0.3255
19,20260833,28,permute_both_fixed_anchor,4,early,97,minimum_max_pressure,500,0,500,16.0,0.6365625,0.13656250000000003,0.2566884859735297,0.132,0.1448369963369966
19,20260833,28,permute_both_renormalized,4,early,97,random_order,500,0,500,16.0,0.5,0.0,0.11764705882352902,0.0,0.0625
19,20260833,28,permute_both_renormalized,4,early,97,balance_only,500,0,500,16.0,0.517625,0.017625000000000002,0.16797072681271996,0.0,0.06416666666666686
19,20260833,28,permute_both_renormalized,4,early,97,balance_random_pair,500,0,500,16.0,0.5605625,0.060562499999999964,0.20051422788699774,0.098,0.07999999999999999
19,20260833,28,permute_both_renormalized,4,early,97,balance_pressured_pair,500,0,500,16.0,0.5804375,0.08043750000000005,0.21520302764364613,0.144,0.08533333333333332
19,20260833,28,permute_both_renormalized,4,early,97,all_pair_product,500,0,500,16.0,0.7306875,0.23068750000000005,0.4579351665959753,0.398,0.3077
19,20260833,28,permute_both_renormalized,4,early,97,minimum_max_pressure,500,0,500,16.0,0.6370625,0.13706249999999998,0.2617553177279162,0.156,0.14825799755799768
19,20260833,28,catalog,4,middle,97,random_order,500,10,490,15.144897959183673,0.5,0.0,0.12776129932492442,0.0,0.06861522830910584
19,20260833,28,catalog,4,middle,97,balance_only,500,10,490,15.144897959183673,0.5904846811351917,0.0904846811351917,0.21053725920090535,0.00816326530612245,0.0950680272108843
19,20260833,28,catalog,4,middle,97,balance_random_pair,500,10,490,15.144897959183673,0.608517931898034,0.10851793189803405,0.24800599806477394,0.15510204081632653,0.11299165120593696
19,20260833,28,catalog,4,middle,97,balance_pressured_pair,500,10,490,15.144897959183673,0.6653853204618518,0.16538532046185184,0.29903577571967743,0.20612244897959184,0.14183673469387761
19,20260833,28,catalog,4,middle,97,all_pair_product,500,10,490,15.144897959183673,0.845013600345232,0.345013600345232,0.6213216600353648,0.6326530612244898,0.46122448979591835
19,20260833,28,catalog,4,middle,97,minimum_max_pressure,500,10,490,15.144897959183673,0.7045238987203271,0.20452389872032706,0.3467757106832937,0.29183673469387755,0.22424603174603172
19,20260833,28,permute_both_fixed_anchor,4,middle,97,random_order,500,0,500,15.406,0.5,0.0,0.12316951871657725,0.0,0.06572175324675328
19,20260833,28,permute_both_fixed_anchor,4,middle,97,balance_only,500,0,500,15.406,0.5818975649350656,0.08189756493506561,0.2057748906613112,0.012,0.08886666666666658
19,20260833,28,permute_both_fixed_anchor,4,middle,97,balance_random_pair,500,0,500,15.406,0.6290035714285714,0.12900357142857144,0.25163064136817315,0.162,0.11631515151515158
19,20260833,28,permute_both_fixed_anchor,4,middle,97,balance_pressured_pair,500,0,500,15.406,0.6843767316017317,0.18437673160173174,0.29281175147881283,0.27,0.1376666666666668
19,20260833,28,permute_both_fixed_anchor,4,middle,97,all_pair_product,500,0,500,15.406,0.8552196428571417,0.3552196428571417,0.6499360898383609,0.644,0.5071666666666667
19,20260833,28,permute_both_fixed_anchor,4,middle,97,minimum_max_pressure,500,0,500,15.406,0.7718048160173155,0.27180481601731554,0.4114021544009177,0.316,0.2937731601731601
19,20260833,28,permute_both_renormalized,4,middle,97,random_order,500,0,500,15.41,0.5,0.0,0.12332606315253343,0.0,0.0658368048618049
19,20260833,28,permute_both_renormalized,4,middle,97,balance_only,500,0,500,15.41,0.5856635364635373,0.0856635364635373,0.2093331492896692,0.014,0.09249999999999986
19,20260833,28,permute_both_renormalized,4,middle,97,balance_random_pair,500,0,500,15.41,0.6219224567099569,0.12192245670995694,0.2511054994232082,0.186,0.11595757575757584
19,20260833,28,permute_both_renormalized,4,middle,97,balance_pressured_pair,500,0,500,15.41,0.668249637862138,0.16824963786213798,0.2885260939464968,0.266,0.14116666666666672
19,20260833,28,permute_both_renormalized,4,middle,97,all_pair_product,500,0,500,15.41,0.8494956668331659,0.3494956668331659,0.650047060395504,0.652,0.5095666666666666
19,20260833,28,permute_both_renormalized,4,middle,97,minimum_max_pressure,500,0,500,15.41,0.7597341325341317,0.2597341325341317,0.40060763021111606,0.312,0.28660014430014424
19,20260833,28,catalog,8,early,97,random_order,500,0,500,256.0,0.5,0.0,0.007782101167315149,0.0,0.00390625
19,20260833,28,catalog,8,early,97,balance_only,500,0,500,256.0,0.62713671875,0.12713671875,0.01615495632859544,0.0,0.005728571428571413
19,20260833,28,catalog,8,early,97,balance_random_pair,500,0,500,256.0,0.63625,0.13624999999999998,0.02222582095491359,0.188,0.007849999999999984
19,20260833,28,catalog,8,early,97,balance_pressured_pair,500,0,500,256.0,0.65270703125,0.15270703124999996,0.023366813902698173,0.18,0.007930158730158716
19,20260833,28,catalog,8,early,97,all_pair_product,500,0,500,256.0,0.82738671875,0.32738671875,0.15848731277700684,0.548,0.09568681318681323
19,20260833,28,catalog,8,early,97,minimum_max_pressure,500,0,500,256.0,0.69412109375,0.19412109374999997,0.07522802404183351,0.246,0.05290544708050036
19,20260833,28,permute_both_fixed_anchor,8,early,97,random_order,500,0,500,256.0,0.5,0.0,0.007782101167315149,0.0,0.00390625
19,20260833,28,permute_both_fixed_anchor,8,early,97,balance_only,500,0,500,256.0,0.5769375,0.07693749999999999,0.014423498146074833,0.0,0.004728571428571417
19,20260833,28,permute_both_fixed_anchor,8,early,97,balance_random_pair,500,0,500,256.0,0.62208984375,0.12208984374999998,0.019531622481471684,0.162,0.006361904761904752
19,20260833,28,permute_both_fixed_anchor,8,early,97,balance_pressured_pair,500,0,500,256.0,0.63058984375,0.13058984375000005,0.021360287705235473,0.178,0.006573015873015866
19,20260833,28,permute_both_fixed_anchor,8,early,97,all_pair_product,500,0,500,256.0,0.85249609375,0.35249609375,0.25929457423544555,0.584,0.17780277777777778
19,20260833,28,permute_both_fixed_anchor,8,early,97,minimum_max_pressure,500,0,500,256.0,0.72953515625,0.22953515624999998,0.06354913645004728,0.198,0.04079689124771762
19,20260833,28,permute_both_renormalized,8,early,97,random_order,500,0,500,256.0,0.5,0.0,0.007782101167315149,0.0,0.00390625
19,20260833,28,permute_both_renormalized,8,early,97,balance_only,500,0,500,256.0,0.57305859375,0.07305859375000001,0.014469246286202858,0.0,0.004785714285714274
19,20260833,28,permute_both_renormalized,8,early,97,balance_random_pair,500,0,500,256.0,0.60762890625,0.10762890624999999,0.017835718692055625,0.13,0.005099206349206342
19,20260833,28,permute_both_renormalized,8,early,97,balance_pressured_pair,500,0,500,256.0,0.6379921875,0.13799218749999997,0.021316395488817044,0.172,0.006354761904761898
19,20260833,28,permute_both_renormalized,8,early,97,all_pair_product,500,0,500,256.0,0.8472109375,0.3472109375,0.2513230596206333,0.566,0.17495952380952381
19,20260833,28,permute_both_renormalized,8,early,97,minimum_max_pressure,500,0,500,256.0,0.7344921875,0.2344921875,0.06404041103187556,0.21,0.038546759436126427
19,20260833,28,catalog,8,middle,97,random_order,500,0,500,188.502,0.5,0.0,0.011539992253813287,0.0,0.005808084861037097
19,20260833,28,catalog,8,middle,97,balance_only,500,0,500,188.502,0.6553619812060847,0.1553619812060847,0.023179127664611516,0.018,0.009679905177101062
19,20260833,28,catalog,8,middle,97,balance_random_pair,500,0,500,188.502,0.6777836261154403,0.1777836261154403,0.03442185373230991,0.226,0.012017533258913696
19,20260833,28,catalog,8,middle,97,balance_pressured_pair,500,0,500,188.502,0.7275062478651467,0.22750624786514673,0.042286544993120664,0.318,0.015630156762128738
19,20260833,28,catalog,8,middle,97,all_pair_product,500,0,500,188.502,0.9291282410125242,0.4291282410125242,0.4481364282724026,0.776,0.35270952380952375
19,20260833,28,catalog,8,middle,97,minimum_max_pressure,500,0,500,188.502,0.8371708714890123,0.33717087148901226,0.14780283952342677,0.468,0.10400018933268615
19,20260833,28,permute_both_fixed_anchor,8,middle,97,random_order,500,0,500,193.942,0.5,0.0,0.010772707638138637,0.0,0.005417270075094533
19,20260833,28,permute_both_fixed_anchor,8,middle,97,balance_only,500,0,500,193.942,0.5995315702107091,0.09953157021070913,0.020075150364270496,0.026,0.007817865210131322
19,20260833,28,permute_both_fixed_anchor,8,middle,97,balance_random_pair,500,0,500,193.942,0.692286518275447,0.19228651827544696,0.03290388083293285,0.2,0.01174724506936614
19,20260833,28,permute_both_fixed_anchor,8,middle,97,balance_pressured_pair,500,0,500,193.942,0.7170998869668009,0.21709988696680094,0.03874140211620394,0.258,0.01424542057432197
19,20260833,28,permute_both_fixed_anchor,8,middle,97,all_pair_product,500,0,500,193.942,0.9279432140475856,0.4279432140475856,0.49326994781387923,0.798,0.4084839282776047
19,20260833,28,permute_both_fixed_anchor,8,middle,97,minimum_max_pressure,500,0,500,193.942,0.8620556256312247,0.36205562563122473,0.2165303373101628,0.544,0.16847765722669333
19,20260833,28,permute_both_renormalized,8,middle,97,random_order,500,0,500,192.81,0.5,0.0,0.010766724427294974,0.0,0.005413912018098874
19,20260833,28,permute_both_renormalized,8,middle,97,balance_only,500,0,500,192.81,0.6311914215179816,0.13119142151798158,0.02147183839477129,0.028,0.008613637989734269
19,20260833,28,permute_both_renormalized,8,middle,97,balance_random_pair,500,0,500,192.81,0.7061192792501233,0.2061192792501233,0.034816002975429125,0.206,0.012879291219305937
19,20260833,28,permute_both_renormalized,8,middle,97,balance_pressured_pair,500,0,500,192.81,0.7357913636097528,0.23579136360975284,0.04037022226133068,0.302,0.015089582061246797
19,20260833,28,permute_both_renormalized,8,middle,97,all_pair_product,500,0,500,192.81,0.9325916946670338,0.43259169466703384,0.5045107811091735,0.802,0.41444862914862923
19,20260833,28,permute_both_renormalized,8,middle,97,minimum_max_pressure,500,0,500,192.81,0.8683414003734481,0.3683414003734481,0.2180382709461403,0.558,0.17189881190114784
