order,context_length,statistic,effect,left_variant,left_traversal,left_region,right_variant,right_traversal,right_region,repetitions,mean,standard_deviation,ci95_lower,ci95_upper
24,1,mean_gain,gain_over_fair,catalog,columns,all,fair_coin,columns,all,20,0.0,0.0,0.0,0.0
24,1,mean_gain,gain_over_fair,catalog,columns,exclude_first_column,fair_coin,columns,exclude_first_column,20,0.0018891684536325392,6.834394529092142e-17,0.0018891684536325114,0.001889168453632567
24,1,mean_gain,gain_over_fair,catalog,columns,exclude_first_row,fair_coin,columns,exclude_first_row,20,0.0,0.0,0.0,0.0
24,1,mean_gain,gain_over_fair,catalog,columns,interior,fair_coin,columns,interior,20,0.001979015764197256,4.55626784737404e-17,0.0019790157641972395,0.001979015764197278
24,1,mean_gain,gain_over_fair,catalog,rows,all,fair_coin,rows,all,20,0.0,0.0,0.0,0.0
24,1,mean_gain,gain_over_fair,catalog,rows,exclude_first_column,fair_coin,rows,exclude_first_column,20,0.0,0.0,0.0,0.0
24,1,mean_gain,gain_over_fair,catalog,rows,exclude_first_row,fair_coin,rows,exclude_first_row,20,0.0018891684536325392,7.725518398167185e-17,0.001889168453632506,0.0018891684536325726
24,1,mean_gain,gain_over_fair,catalog,rows,interior,fair_coin,rows,interior,20,0.0019790157641972617,4.932295220242625e-17,0.001979015764197245,0.0019790157641972838
24,1,mean_gain,gain_over_fair,permute_both_fixed_anchor,columns,all,fair_coin,columns,all,20,0.0,0.0,0.0,0.0
24,1,mean_gain,gain_over_fair,permute_both_fixed_anchor,rows,all,fair_coin,rows,all,20,0.0,0.0,0.0,0.0
24,1,mean_gain,gain_over_fair,permute_both_renormalized,columns,all,fair_coin,columns,all,20,0.0,0.0,0.0,0.0
24,1,mean_gain,gain_over_fair,permute_both_renormalized,rows,all,fair_coin,rows,all,20,0.0,0.0,0.0,0.0
24,1,mean_gain,gain_over_fair,permute_columns_fixed_anchor,columns,all,fair_coin,columns,all,20,0.0,0.0,0.0,0.0
24,1,mean_gain,gain_over_fair,permute_columns_fixed_anchor,rows,all,fair_coin,rows,all,20,0.0,0.0,0.0,0.0
24,1,mean_gain,gain_over_fair,permute_rows_fixed_anchor,columns,all,fair_coin,columns,all,20,0.0,0.0,0.0,0.0
24,1,mean_gain,gain_over_fair,permute_rows_fixed_anchor,rows,all,fair_coin,rows,all,20,0.0,0.0,0.0,0.0
24,2,mean_gain,gain_over_fair,catalog,columns,all,fair_coin,columns,all,20,0.0013640274158086996,0.00040739680978839343,0.0011949737348632523,0.0015369858522788502
24,2,mean_gain,gain_over_fair,catalog,columns,exclude_first_column,fair_coin,columns,exclude_first_column,20,0.0030171861804204835,8.70000573666247e-05,0.00298070537718466,0.0030547953888656163
24,2,mean_gain,gain_over_fair,catalog,columns,exclude_first_row,fair_coin,columns,exclude_first_row,20,0.0014939914179349424,0.00044623415734670337,0.0013036390372278604,0.00168372785198933
24,2,mean_gain,gain_over_fair,catalog,columns,interior,fair_coin,columns,interior,20,0.0031192918573604623,9.407114400629768e-05,0.0030785587037048213,0.003160008485483429
24,2,mean_gain,gain_over_fair,catalog,rows,all,fair_coin,rows,all,20,0.001736560853103758,0.0005947963009236426,0.0014729933795041919,0.0019831017900651445
24,2,mean_gain,gain_over_fair,catalog,rows,exclude_first_column,fair_coin,rows,exclude_first_column,20,0.001902038044126164,0.0006515142188561172,0.0016061321531919744,0.0021651719574104947
24,2,mean_gain,gain_over_fair,catalog,rows,exclude_first_row,fair_coin,rows,exclude_first_row,20,0.0030880108998542098,0.00018346571918123505,0.0030043687784113765,0.0031591388813237533
24,2,mean_gain,gain_over_fair,catalog,rows,interior,fair_coin,rows,interior,20,0.00319565159000425,0.00019975920251630197,0.0031037671441834272,0.003274749326950753
24,2,mean_gain,gain_over_fair,permute_both_fixed_anchor,columns,all,fair_coin,columns,all,20,0.0009748096287005737,0.0005810958888867807,0.0007328312637709442,0.0012279277219051084
24,2,mean_gain,gain_over_fair,permute_both_fixed_anchor,rows,all,fair_coin,rows,all,20,0.0010594002399835823,0.0004707436536044424,0.0008563839503353169,0.0012569753997107398
24,2,mean_gain,gain_over_fair,permute_both_renormalized,columns,all,fair_coin,columns,all,20,0.000869352659468553,0.0005209631164567278,0.0006462743043802947,0.0010926142686423787
24,2,mean_gain,gain_over_fair,permute_both_renormalized,rows,all,fair_coin,rows,all,20,0.0009639233934378155,0.00038820029915394885,0.0007934199131673917,0.0011283158456356496
24,2,mean_gain,gain_over_fair,permute_columns_fixed_anchor,columns,all,fair_coin,columns,all,20,0.0013640274158086996,0.00040739680978838297,0.0011915921472550116,0.0015419083809996147
24,2,mean_gain,gain_over_fair,permute_columns_fixed_anchor,rows,all,fair_coin,rows,all,20,0.00105940023998361,0.0004707436536044196,0.0008549329603147623,0.0012532172592119666
24,2,mean_gain,gain_over_fair,permute_rows_fixed_anchor,columns,all,fair_coin,columns,all,20,0.0009748096287005847,0.0005810958888867605,0.0007327334390131383,0.0012275821381868158
24,2,mean_gain,gain_over_fair,permute_rows_fixed_anchor,rows,all,fair_coin,rows,all,20,0.0017365608531037858,0.0005947963009236465,0.0014823778279729038,0.0019798165667092443
24,3,mean_gain,gain_over_fair,catalog,columns,all,fair_coin,columns,all,20,0.020357538900880406,0.014636636891240284,0.01375784144645435,0.026082799544033343
24,3,mean_gain,gain_over_fair,catalog,columns,exclude_first_column,fair_coin,columns,exclude_first_column,20,0.014623568043939605,0.013376213069929232,0.008436288672390952,0.019855471651861425
24,3,mean_gain,gain_over_fair,catalog,columns,exclude_first_row,fair_coin,columns,exclude_first_row,20,0.017570027483073354,0.012896875492932091,0.011640392745171958,0.022665094696281533
24,3,mean_gain,gain_over_fair,catalog,columns,interior,fair_coin,columns,interior,20,0.01275175281610073,0.011760761654065671,0.007394360814840796,0.017237262432540628
24,3,mean_gain,gain_over_fair,catalog,rows,all,fair_coin,rows,all,20,0.040073494831703624,0.012082408431139606,0.034827851195261106,0.045087950393228146
24,3,mean_gain,gain_over_fair,catalog,rows,exclude_first_column,fair_coin,rows,exclude_first_column,20,0.03430334418993897,0.010680230016865636,0.02963371163979501,0.03891108795545671
24,3,mean_gain,gain_over_fair,catalog,rows,exclude_first_row,fair_coin,rows,exclude_first_row,20,0.03239478129522772,0.010950773165591007,0.02756214862464586,0.036966970388455096
24,3,mean_gain,gain_over_fair,catalog,rows,interior,fair_coin,rows,interior,20,0.027809867175701934,0.009597908507155925,0.023671632903755093,0.03176460387521334
24,3,mean_gain,gain_over_fair,permute_both_fixed_anchor,columns,all,fair_coin,columns,all,20,0.004036280880416171,0.0009378616911388537,0.0036388383633013457,0.004428207779400898
24,3,mean_gain,gain_over_fair,permute_both_fixed_anchor,rows,all,fair_coin,rows,all,20,0.0038654909244226487,0.0008887031462050267,0.0034755357037334,0.00423498571818803
24,3,mean_gain,gain_over_fair,permute_both_renormalized,columns,all,fair_coin,columns,all,20,0.004107104837738346,0.0011285616474389388,0.003623783932014932,0.0045859947896429035
24,3,mean_gain,gain_over_fair,permute_both_renormalized,rows,all,fair_coin,rows,all,20,0.0043738346729240265,0.0009462814917403646,0.003963986426163459,0.004772452452053893
24,3,mean_gain,gain_over_fair,permute_columns_fixed_anchor,columns,all,fair_coin,columns,all,20,0.020357538900880396,0.014636636891240276,0.013591891303126097,0.026112553313228756
24,3,mean_gain,gain_over_fair,permute_columns_fixed_anchor,rows,all,fair_coin,rows,all,20,0.0038654909244226323,0.0008887031462050679,0.003477347669723195,0.004247605913416273
24,3,mean_gain,gain_over_fair,permute_rows_fixed_anchor,columns,all,fair_coin,columns,all,20,0.00403628088041621,0.0009378616911388267,0.0036328016374175143,0.004432244500710052
24,3,mean_gain,gain_over_fair,permute_rows_fixed_anchor,rows,all,fair_coin,rows,all,20,0.04007349483170362,0.012082408431139606,0.03488373082248396,0.045135665033836994
24,4,mean_gain,gain_over_fair,catalog,columns,all,fair_coin,columns,all,20,0.04554784371165468,0.012761500911371099,0.03977503853978547,0.050696682578781696
24,4,mean_gain,gain_over_fair,catalog,columns,exclude_first_column,fair_coin,columns,exclude_first_column,20,0.03213219147111584,0.013233293586442714,0.026280313239980993,0.03740036214801277
24,4,mean_gain,gain_over_fair,catalog,columns,exclude_first_row,fair_coin,columns,exclude_first_row,20,0.0448968752362381,0.012622938651308481,0.03931851260068377,0.05001042190502951
24,4,mean_gain,gain_over_fair,catalog,columns,interior,fair_coin,columns,interior,20,0.03136773168393065,0.01319748428000834,0.02532473308743301,0.036641932504869336
24,4,mean_gain,gain_over_fair,catalog,rows,all,fair_coin,rows,all,20,0.05111083099420162,0.008080302660317895,0.04756920940776747,0.0543733477378651
24,4,mean_gain,gain_over_fair,catalog,rows,exclude_first_column,fair_coin,rows,exclude_first_column,20,0.052823269446693466,0.008484333932734267,0.04901393946771818,0.056237076547377564
24,4,mean_gain,gain_over_fair,catalog,rows,exclude_first_row,fair_coin,rows,exclude_first_row,20,0.04070223747774569,0.008918661833352822,0.036678923400786996,0.044360440731442345
24,4,mean_gain,gain_over_fair,catalog,rows,interior,fair_coin,rows,interior,20,0.04183894573636517,0.009377054947168709,0.03753278368871425,0.04563087765765887
24,4,mean_gain,gain_over_fair,permute_both_fixed_anchor,columns,all,fair_coin,columns,all,20,0.009859696562162951,0.001366236357491302,0.009275390740541976,0.01041900187569822
24,4,mean_gain,gain_over_fair,permute_both_fixed_anchor,rows,all,fair_coin,rows,all,20,0.01044605170480612,0.0008516390669723624,0.010088486441609467,0.010809894923469916
24,4,mean_gain,gain_over_fair,permute_both_renormalized,columns,all,fair_coin,columns,all,20,0.01015424945136414,0.001204967435564123,0.009630500329723457,0.010664915682348322
24,4,mean_gain,gain_over_fair,permute_both_renormalized,rows,all,fair_coin,rows,all,20,0.010260203378564009,0.0011645263819283194,0.00978248659529621,0.01077229731970555
24,4,mean_gain,gain_over_fair,permute_columns_fixed_anchor,columns,all,fair_coin,columns,all,20,0.04554784371165469,0.012761500911371104,0.039714044081881436,0.050714767975185426
24,4,mean_gain,gain_over_fair,permute_columns_fixed_anchor,rows,all,fair_coin,rows,all,20,0.01044605170480612,0.0008516390669723751,0.010083898076233878,0.010812858050524912
24,4,mean_gain,gain_over_fair,permute_rows_fixed_anchor,columns,all,fair_coin,columns,all,20,0.009859696562162956,0.0013662363574913166,0.009269142825011508,0.010433784625901422
24,4,mean_gain,gain_over_fair,permute_rows_fixed_anchor,rows,all,fair_coin,rows,all,20,0.05111083099420162,0.008080302660317885,0.04753565580899398,0.05439832052593384
24,5,mean_gain,gain_over_fair,catalog,columns,all,fair_coin,columns,all,20,0.08023721660363436,0.012645506110087943,0.07462903620913773,0.08550149666142629
24,5,mean_gain,gain_over_fair,catalog,columns,exclude_first_column,fair_coin,columns,exclude_first_column,20,0.06212784178777344,0.013240676525838246,0.05640260523702639,0.06769539530627725
24,5,mean_gain,gain_over_fair,catalog,columns,exclude_first_row,fair_coin,columns,exclude_first_row,20,0.07153204758915584,0.01127599193699536,0.06661174806933987,0.07623989860958208
24,5,mean_gain,gain_over_fair,catalog,columns,interior,fair_coin,columns,interior,20,0.05439253493718077,0.01189662858575118,0.049227880374757345,0.05930843732938831
24,5,mean_gain,gain_over_fair,catalog,rows,all,fair_coin,rows,all,20,0.09042885377878485,0.010883357487829105,0.08589443530708263,0.09516881426455974
24,5,mean_gain,gain_over_fair,catalog,rows,exclude_first_column,fair_coin,rows,exclude_first_column,20,0.07950733147017437,0.010047374963614405,0.07533791323015303,0.08392852343158624
24,5,mean_gain,gain_over_fair,catalog,rows,exclude_first_row,fair_coin,rows,exclude_first_row,20,0.07364343966470134,0.011278426319621868,0.06891352100111915,0.07855077639618559
24,5,mean_gain,gain_over_fair,catalog,rows,interior,fair_coin,rows,interior,20,0.06371894097954345,0.010357451850063903,0.059336772480345815,0.06799217351556805
24,5,mean_gain,gain_over_fair,permute_both_fixed_anchor,columns,all,fair_coin,columns,all,20,0.019208406416733475,0.0014255172933316485,0.018612339429881157,0.019822999078075564
24,5,mean_gain,gain_over_fair,permute_both_fixed_anchor,rows,all,fair_coin,rows,all,20,0.01903115726087572,0.0015765763177582033,0.018366946017871158,0.01970209707513149
24,5,mean_gain,gain_over_fair,permute_both_renormalized,columns,all,fair_coin,columns,all,20,0.018961646688599072,0.001210871508814777,0.018446082658729487,0.01948830067928294
24,5,mean_gain,gain_over_fair,permute_both_renormalized,rows,all,fair_coin,rows,all,20,0.01852108796218575,0.0017501157827787578,0.017704827634400757,0.019215465604392214
24,5,mean_gain,gain_over_fair,permute_columns_fixed_anchor,columns,all,fair_coin,columns,all,20,0.08023721660363438,0.012645506110087952,0.0747034133928548,0.08557264479472766
24,5,mean_gain,gain_over_fair,permute_columns_fixed_anchor,rows,all,fair_coin,rows,all,20,0.01903115726087572,0.0015765763177582226,0.01836622223286324,0.01970384262581144
24,5,mean_gain,gain_over_fair,permute_rows_fixed_anchor,columns,all,fair_coin,columns,all,20,0.019208406416733485,0.0014255172933316563,0.018604563171025733,0.01982020983562874
24,5,mean_gain,gain_over_fair,permute_rows_fixed_anchor,rows,all,fair_coin,rows,all,20,0.09042885377878482,0.010883357487829096,0.08580644408503162,0.095100210298125
24,6,mean_gain,gain_over_fair,catalog,columns,all,fair_coin,columns,all,20,0.0850716051551741,0.0139005791667931,0.07899880236902819,0.09084490140883356
24,6,mean_gain,gain_over_fair,catalog,columns,exclude_first_column,fair_coin,columns,exclude_first_column,20,0.06900034605638686,0.01493340100857224,0.06250702486779663,0.07522798176521067
24,6,mean_gain,gain_over_fair,catalog,columns,exclude_first_row,fair_coin,columns,exclude_first_row,20,0.092620933039855,0.015449321080167557,0.0857670002716395,0.09906920662973341
24,6,mean_gain,gain_over_fair,catalog,columns,interior,fair_coin,columns,interior,20,0.07363355554343896,0.016668966687528933,0.06621098742325635,0.08049340564630535
24,6,mean_gain,gain_over_fair,catalog,rows,all,fair_coin,rows,all,20,0.09122964315867489,0.011809630988570647,0.08614330480674866,0.0961708928592113
24,6,mean_gain,gain_over_fair,catalog,rows,exclude_first_column,fair_coin,rows,exclude_first_column,20,0.1011388879702736,0.012174259435813937,0.09590706593047786,0.10637293504554828
24,6,mean_gain,gain_over_fair,catalog,rows,exclude_first_row,fair_coin,rows,exclude_first_row,20,0.07655885348895179,0.012413483093440114,0.07104347797988561,0.0817765168665852
24,6,mean_gain,gain_over_fair,catalog,rows,interior,fair_coin,rows,interior,20,0.08341174011588433,0.013100479156099196,0.07791434960158204,0.08899036052136276
24,6,mean_gain,gain_over_fair,permute_both_fixed_anchor,columns,all,fair_coin,columns,all,20,0.02745945950116984,0.0016211365291289768,0.026859862441807235,0.028218844380018378
24,6,mean_gain,gain_over_fair,permute_both_fixed_anchor,rows,all,fair_coin,rows,all,20,0.026528294717728725,0.0016433622584597675,0.02582559365849191,0.027229851280281558
24,6,mean_gain,gain_over_fair,permute_both_renormalized,columns,all,fair_coin,columns,all,20,0.026901687602598544,0.0017400732262482356,0.026171350244777073,0.027627988964109545
24,6,mean_gain,gain_over_fair,permute_both_renormalized,rows,all,fair_coin,rows,all,20,0.02657440690658277,0.0015701828865720838,0.02585667777871583,0.027207279189979176
24,6,mean_gain,gain_over_fair,permute_columns_fixed_anchor,columns,all,fair_coin,columns,all,20,0.0850716051551741,0.013900579166793093,0.07904103213490181,0.0909203451283404
24,6,mean_gain,gain_over_fair,permute_columns_fixed_anchor,rows,all,fair_coin,rows,all,20,0.026528294717728735,0.0016433622584597764,0.025828619332967696,0.02722426548960423
24,6,mean_gain,gain_over_fair,permute_rows_fixed_anchor,columns,all,fair_coin,columns,all,20,0.027459459501169837,0.0016211365291289828,0.026863166907821347,0.028229490355145177
24,6,mean_gain,gain_over_fair,permute_rows_fixed_anchor,rows,all,fair_coin,rows,all,20,0.09122964315867489,0.011809630988570637,0.08606094814763805,0.09611737950066862
24,7,mean_gain,gain_over_fair,catalog,columns,all,fair_coin,columns,all,20,0.13605950781287732,0.020709538131733485,0.12682667928580044,0.14459519700760418
24,7,mean_gain,gain_over_fair,catalog,columns,exclude_first_column,fair_coin,columns,exclude_first_column,20,0.11584827240422162,0.021679433689911893,0.10644426161846011,0.12497653720283189
24,7,mean_gain,gain_over_fair,catalog,columns,exclude_first_row,fair_coin,columns,exclude_first_row,20,0.1313203488003288,0.019638586831579333,0.12256054253537642,0.13942323430431522
24,7,mean_gain,gain_over_fair,catalog,columns,interior,fair_coin,columns,interior,20,0.11141787054520284,0.02056951179021336,0.10248759438297524,0.11985462570411003
24,7,mean_gain,gain_over_fair,catalog,rows,all,fair_coin,rows,all,20,0.15249982609128834,0.019230247770772264,0.14411499421003007,0.16073637145865963
24,7,mean_gain,gain_over_fair,catalog,rows,exclude_first_column,fair_coin,rows,exclude_first_column,20,0.1434150349683033,0.01782474581922659,0.13585652803468168,0.15103646813242538
24,7,mean_gain,gain_over_fair,catalog,rows,exclude_first_row,fair_coin,rows,exclude_first_row,20,0.13310111431294605,0.02008077465881575,0.1246698222432355,0.141540880407558
24,7,mean_gain,gain_over_fair,catalog,rows,interior,fair_coin,rows,interior,20,0.12398048127910158,0.018657547916331303,0.11606315799735628,0.1317496713718595
24,7,mean_gain,gain_over_fair,permute_both_fixed_anchor,columns,all,fair_coin,columns,all,20,0.03238988311898461,0.0014449328019432652,0.031762521775482166,0.033004684912789184
24,7,mean_gain,gain_over_fair,permute_both_fixed_anchor,rows,all,fair_coin,rows,all,20,0.03126597144574962,0.0020598893351138183,0.030361035521944392,0.032128161342490455
24,7,mean_gain,gain_over_fair,permute_both_renormalized,columns,all,fair_coin,columns,all,20,0.03191125236295855,0.0018620912092859223,0.031103131850104253,0.032694054045624664
24,7,mean_gain,gain_over_fair,permute_both_renormalized,rows,all,fair_coin,rows,all,20,0.03190106424044257,0.0021591418908359205,0.03097442252037698,0.03280645701847258
24,7,mean_gain,gain_over_fair,permute_columns_fixed_anchor,columns,all,fair_coin,columns,all,20,0.13605950781287732,0.020709538131733454,0.12687221891131995,0.14469342215218164
24,7,mean_gain,gain_over_fair,permute_columns_fixed_anchor,rows,all,fair_coin,rows,all,20,0.0312659714457496,0.002059889335113796,0.03037446450851689,0.03214345810983988
24,7,mean_gain,gain_over_fair,permute_rows_fixed_anchor,columns,all,fair_coin,columns,all,20,0.03238988311898461,0.0014449328019432736,0.031767601862259395,0.033011413535831355
24,7,mean_gain,gain_over_fair,permute_rows_fixed_anchor,rows,all,fair_coin,rows,all,20,0.15249982609128837,0.019230247770772264,0.14446917586586738,0.16057807065508736
24,8,mean_gain,gain_over_fair,catalog,columns,all,fair_coin,columns,all,20,0.15927647770954473,0.02066605278137021,0.1502551276707122,0.1679255029732461
24,8,mean_gain,gain_over_fair,catalog,columns,exclude_first_column,fair_coin,columns,exclude_first_column,20,0.1401954150723413,0.02162645005590946,0.13058902044522372,0.1491614354770328
24,8,mean_gain,gain_over_fair,catalog,columns,exclude_first_row,fair_coin,columns,exclude_first_row,20,0.1588066414198458,0.021794340324845424,0.1492453800811681,0.16802694337344737
24,8,mean_gain,gain_over_fair,catalog,columns,interior,fair_coin,columns,interior,20,0.1403459045309373,0.022822889985339757,0.13040734872032314,0.14980198729491864
24,8,mean_gain,gain_over_fair,catalog,rows,all,fair_coin,rows,all,20,0.16572549088441907,0.01931592127392995,0.15725007725508164,0.17387775519656087
24,8,mean_gain,gain_over_fair,catalog,rows,exclude_first_column,fair_coin,rows,exclude_first_column,20,0.16925249750991367,0.02068978927934251,0.16022689864786976,0.1779552108220066
24,8,mean_gain,gain_over_fair,catalog,rows,exclude_first_row,fair_coin,rows,exclude_first_row,20,0.1468746974491308,0.020301816114757565,0.13818693319444564,0.15555194229613423
24,8,mean_gain,gain_over_fair,catalog,rows,interior,fair_coin,rows,interior,20,0.15113313202994552,0.021767240844938814,0.14170039647715563,0.16028690850990568
24,8,mean_gain,gain_over_fair,permute_both_fixed_anchor,columns,all,fair_coin,columns,all,20,0.03310839221474149,0.0022798635114745468,0.032131239763618966,0.0340884254546978
24,8,mean_gain,gain_over_fair,permute_both_fixed_anchor,rows,all,fair_coin,rows,all,20,0.032120671237518265,0.0019636431883236455,0.03128870811888499,0.03297719995213763
24,8,mean_gain,gain_over_fair,permute_both_renormalized,columns,all,fair_coin,columns,all,20,0.03294302595474048,0.0018474552384789514,0.03214171328602361,0.033718483736313976
24,8,mean_gain,gain_over_fair,permute_both_renormalized,rows,all,fair_coin,rows,all,20,0.03251085719835066,0.0021678870466658676,0.03159698745710979,0.03346245143827498
24,8,mean_gain,gain_over_fair,permute_columns_fixed_anchor,columns,all,fair_coin,columns,all,20,0.15927647770954476,0.020666052781370205,0.15038182892435487,0.167889299385527
24,8,mean_gain,gain_over_fair,permute_columns_fixed_anchor,rows,all,fair_coin,rows,all,20,0.032120671237518286,0.0019636431883236515,0.03130674596930471,0.03297153584537108
24,8,mean_gain,gain_over_fair,permute_rows_fixed_anchor,columns,all,fair_coin,columns,all,20,0.03310839221474148,0.0022798635114745433,0.032136136415993,0.03409149303582283
24,8,mean_gain,gain_over_fair,permute_rows_fixed_anchor,rows,all,fair_coin,rows,all,20,0.16572549088441907,0.019315921273929917,0.1572220734584928,0.173616959462041
24,9,mean_gain,gain_over_fair,catalog,columns,all,fair_coin,columns,all,20,0.19329074360194745,0.02724138327036666,0.1816358818536316,0.20473355592940462
24,9,mean_gain,gain_over_fair,catalog,columns,exclude_first_column,fair_coin,columns,exclude_first_column,20,0.17642590571429226,0.028502679363736794,0.16438941528827403,0.18831894317702913
24,9,mean_gain,gain_over_fair,catalog,columns,exclude_first_row,fair_coin,columns,exclude_first_row,20,0.18292013729160375,0.02852867868845462,0.17080685100453627,0.19496977584034111
24,9,mean_gain,gain_over_fair,catalog,columns,interior,fair_coin,columns,interior,20,0.16656013783780957,0.02988720167813535,0.15330984304430129,0.17882994193828206
24,9,mean_gain,gain_over_fair,catalog,rows,all,fair_coin,rows,all,20,0.20099334802848898,0.026488604532002528,0.18982634425612133,0.21221160185737784
24,9,mean_gain,gain_over_fair,catalog,rows,exclude_first_column,fair_coin,rows,exclude_first_column,20,0.1921711714701337,0.02568344357958369,0.18125881631407087,0.20298335973688192
24,9,mean_gain,gain_over_fair,catalog,rows,exclude_first_row,fair_coin,rows,exclude_first_row,20,0.18442223711588998,0.02782744575784512,0.1728287004453998,0.19629187236141224
24,9,mean_gain,gain_over_fair,catalog,rows,interior,fair_coin,rows,interior,20,0.1760863772698779,0.027027153661106935,0.1645420920759459,0.18767606315993898
24,9,mean_gain,gain_over_fair,permute_both_fixed_anchor,columns,all,fair_coin,columns,all,20,0.029317885661158737,0.00348599909845599,0.027816558176403723,0.030765641050550567
24,9,mean_gain,gain_over_fair,permute_both_fixed_anchor,rows,all,fair_coin,rows,all,20,0.027039453189137762,0.0031401225102775094,0.02565604179395798,0.028386354164621142
24,9,mean_gain,gain_over_fair,permute_both_renormalized,columns,all,fair_coin,columns,all,20,0.028922351015542434,0.002524913927841358,0.027844303738981495,0.029991444011137854
24,9,mean_gain,gain_over_fair,permute_both_renormalized,rows,all,fair_coin,rows,all,20,0.02784191851289188,0.00237580280238059,0.026738547523401275,0.028767434465306756
24,9,mean_gain,gain_over_fair,permute_columns_fixed_anchor,columns,all,fair_coin,columns,all,20,0.19329074360194745,0.027241383270366657,0.1813891504306692,0.20485032949037554
24,9,mean_gain,gain_over_fair,permute_columns_fixed_anchor,rows,all,fair_coin,rows,all,20,0.02703945318913776,0.0031401225102775147,0.025688746317094467,0.028367380039926535
24,9,mean_gain,gain_over_fair,permute_rows_fixed_anchor,columns,all,fair_coin,columns,all,20,0.029317885661158734,0.0034859990984559943,0.02787974459124286,0.030864007780231954
24,9,mean_gain,gain_over_fair,permute_rows_fixed_anchor,rows,all,fair_coin,rows,all,20,0.20099334802848898,0.026488604532002535,0.18967839920049323,0.2122456186704134
24,10,mean_gain,gain_over_fair,catalog,columns,all,fair_coin,columns,all,20,0.20663483420130904,0.03525240577952531,0.19177645223390627,0.22118320753945378
24,10,mean_gain,gain_over_fair,catalog,columns,exclude_first_column,fair_coin,columns,exclude_first_column,20,0.19146164404943672,0.03688457020205371,0.17561383945166117,0.20694368844062552
24,10,mean_gain,gain_over_fair,catalog,columns,exclude_first_row,fair_coin,columns,exclude_first_row,20,0.20596836685433723,0.03544548885354603,0.19045966764892427,0.22071864707159014
24,10,mean_gain,gain_over_fair,catalog,columns,interior,fair_coin,columns,interior,20,0.19243727229871213,0.03715000620445015,0.176484269744379,0.20800503743352036
24,10,mean_gain,gain_over_fair,catalog,rows,all,fair_coin,rows,all,20,0.21830995051984922,0.027158713733364325,0.20699540829013405,0.2298987598200687
24,10,mean_gain,gain_over_fair,catalog,rows,exclude_first_column,fair_coin,rows,exclude_first_column,20,0.22150686578040296,0.028886068032436044,0.2093106768277288,0.23371064220711318
24,10,mean_gain,gain_over_fair,catalog,rows,exclude_first_row,fair_coin,rows,exclude_first_row,20,0.20363805440063149,0.028664086380924464,0.19164289968801834,0.21617001577500322
24,10,mean_gain,gain_over_fair,catalog,rows,interior,fair_coin,rows,interior,20,0.20853482575301668,0.030562094334430554,0.1954436133667818,0.22181416122887893
24,10,mean_gain,gain_over_fair,permute_both_fixed_anchor,columns,all,fair_coin,columns,all,20,0.016265073633604556,0.005132540658972528,0.014064130245710876,0.01852156754843075
24,10,mean_gain,gain_over_fair,permute_both_fixed_anchor,rows,all,fair_coin,rows,all,20,0.012576976515461791,0.00408357383377289,0.01086991000053397,0.014388021158349184
24,10,mean_gain,gain_over_fair,permute_both_renormalized,columns,all,fair_coin,columns,all,20,0.01464560144819076,0.003632675499200215,0.013093053499441416,0.016200789180719637
24,10,mean_gain,gain_over_fair,permute_both_renormalized,rows,all,fair_coin,rows,all,20,0.014767293334656206,0.004625992329927095,0.012711273514277878,0.016552917004634585
24,10,mean_gain,gain_over_fair,permute_columns_fixed_anchor,columns,all,fair_coin,columns,all,20,0.20663483420130904,0.035252405779525334,0.19134904609556763,0.22145391868848585
24,10,mean_gain,gain_over_fair,permute_columns_fixed_anchor,rows,all,fair_coin,rows,all,20,0.01257697651546178,0.004083573833772888,0.010846747492920387,0.014317409839273789
24,10,mean_gain,gain_over_fair,permute_rows_fixed_anchor,columns,all,fair_coin,columns,all,20,0.01626507363360453,0.0051325406589725325,0.01414457219437105,0.018463665169676187
24,10,mean_gain,gain_over_fair,permute_rows_fixed_anchor,rows,all,fair_coin,rows,all,20,0.21830995051984928,0.02715871373336433,0.206714420745423,0.22984273677464526
24,11,mean_gain,gain_over_fair,catalog,columns,all,fair_coin,columns,all,20,0.26034243150620145,0.03287533217242631,0.24661906295853755,0.27439275617809866
24,11,mean_gain,gain_over_fair,catalog,columns,exclude_first_column,fair_coin,columns,exclude_first_column,20,0.24821931453634938,0.034571254405693676,0.2333333949143901,0.2630170324223213
24,11,mean_gain,gain_over_fair,catalog,columns,exclude_first_row,fair_coin,columns,exclude_first_row,20,0.23866768109356004,0.032354785668393164,0.22487803800741193,0.2526961285935305
24,11,mean_gain,gain_over_fair,catalog,columns,interior,fair_coin,columns,interior,20,0.22976631168402162,0.0342395814884348,0.21533892900860885,0.24434398839134663
24,11,mean_gain,gain_over_fair,catalog,rows,all,fair_coin,rows,all,20,0.26978372572112796,0.02884294228592403,0.25748473871833233,0.2821136784529237
24,11,mean_gain,gain_over_fair,catalog,rows,exclude_first_column,fair_coin,rows,exclude_first_column,20,0.2478559557661845,0.02920512348124278,0.23597791780979252,0.26050277383298936
24,11,mean_gain,gain_over_fair,catalog,rows,exclude_first_row,fair_coin,rows,exclude_first_row,20,0.25724988909937224,0.03023700454820454,0.24439583037684057,0.27047177433867353
24,11,mean_gain,gain_over_fair,catalog,rows,interior,fair_coin,rows,interior,20,0.2378098503337492,0.030680479688465493,0.22471376739093477,0.2508907338492293
24,11,mean_gain,gain_over_fair,permute_both_fixed_anchor,columns,all,fair_coin,columns,all,20,-0.011847378626116938,0.005035800118554947,-0.013949190492239055,-0.009669140620098328
24,11,mean_gain,gain_over_fair,permute_both_fixed_anchor,rows,all,fair_coin,rows,all,20,-0.016906359174511533,0.007918895825259559,-0.020312245136230072,-0.013547217393823701
24,11,mean_gain,gain_over_fair,permute_both_renormalized,columns,all,fair_coin,columns,all,20,-0.013115894597642785,0.006047120601546764,-0.015793204819231757,-0.010567215817596887
24,11,mean_gain,gain_over_fair,permute_both_renormalized,rows,all,fair_coin,rows,all,20,-0.013546572199112056,0.005787817705415431,-0.016032075627668597,-0.011105098471545888
24,11,mean_gain,gain_over_fair,permute_columns_fixed_anchor,columns,all,fair_coin,columns,all,20,0.26034243150620145,0.032875332172426296,0.24642951973556892,0.27428540816004393
24,11,mean_gain,gain_over_fair,permute_columns_fixed_anchor,rows,all,fair_coin,rows,all,20,-0.016906359174511543,0.007918895825259552,-0.02033032725964338,-0.01356992857508635
24,11,mean_gain,gain_over_fair,permute_rows_fixed_anchor,columns,all,fair_coin,columns,all,20,-0.011847378626116945,0.005035800118554966,-0.01392934082129356,-0.009672273821281616
24,11,mean_gain,gain_over_fair,permute_rows_fixed_anchor,rows,all,fair_coin,rows,all,20,0.26978372572112796,0.028842942285924038,0.25779636623515767,0.2821210822853848
24,12,mean_gain,gain_over_fair,catalog,columns,all,fair_coin,columns,all,20,0.27023923673245587,0.031727677791554706,0.2570987727257424,0.2839338926195676
24,12,mean_gain,gain_over_fair,catalog,columns,exclude_first_column,fair_coin,columns,exclude_first_column,20,0.2627105436550433,0.03357411759592714,0.24876503092028246,0.27700791860648183
24,12,mean_gain,gain_over_fair,catalog,columns,exclude_first_row,fair_coin,columns,exclude_first_row,20,0.30406221202575845,0.03427415758422076,0.28963367704640625,0.3188721836815461
24,12,mean_gain,gain_over_fair,catalog,columns,interior,fair_coin,columns,interior,20,0.2871865884611422,0.035764338348752096,0.2722383690939722,0.3027457359196588
24,12,mean_gain,gain_over_fair,catalog,rows,all,fair_coin,rows,all,20,0.27353777663232776,0.029346644824447897,0.26125709874474473,0.2866622648509642
24,12,mean_gain,gain_over_fair,catalog,rows,exclude_first_column,fair_coin,rows,exclude_first_column,20,0.30811578441223275,0.030285263440320644,0.2954867446934746,0.3212302726384158
24,12,mean_gain,gain_over_fair,catalog,rows,exclude_first_row,fair_coin,rows,exclude_first_row,20,0.2646082721071162,0.030739625662689857,0.2518554958378437,0.27810024521590665
24,12,mean_gain,gain_over_fair,catalog,rows,interior,fair_coin,rows,interior,20,0.29141640312528916,0.03160201402468242,0.27807252837832136,0.30508614216795366
24,12,mean_gain,gain_over_fair,permute_both_fixed_anchor,columns,all,fair_coin,columns,all,20,-0.04729941258521254,0.006646704489537872,-0.05023412611221045,-0.0445897143222858
24,12,mean_gain,gain_over_fair,permute_both_fixed_anchor,rows,all,fair_coin,rows,all,20,-0.052245112935293506,0.007312926635638791,-0.05545070339011754,-0.04922539721652319
24,12,mean_gain,gain_over_fair,permute_both_renormalized,columns,all,fair_coin,columns,all,20,-0.044728196410583045,0.007912587190765284,-0.04809707712416717,-0.041401538014060366
24,12,mean_gain,gain_over_fair,permute_both_renormalized,rows,all,fair_coin,rows,all,20,-0.0473846615183025,0.007894070246642177,-0.05074168132163816,-0.04398782759333858
24,12,mean_gain,gain_over_fair,permute_columns_fixed_anchor,columns,all,fair_coin,columns,all,20,0.27023923673245587,0.03172767779155471,0.2568842478485847,0.28394476265909524
24,12,mean_gain,gain_over_fair,permute_columns_fixed_anchor,rows,all,fair_coin,rows,all,20,-0.052245112935293506,0.007312926635638794,-0.05544904632714256,-0.04916352461636689
24,12,mean_gain,gain_over_fair,permute_rows_fixed_anchor,columns,all,fair_coin,columns,all,20,-0.04729941258521253,0.006646704489537867,-0.05023385617669051,-0.044638910186829237
24,12,mean_gain,gain_over_fair,permute_rows_fixed_anchor,rows,all,fair_coin,rows,all,20,0.27353777663232776,0.029346644824447897,0.2611215185141795,0.2863541845603506
28,1,mean_gain,gain_over_fair,catalog,columns,all,fair_coin,columns,all,20,0.0,0.0,0.0,0.0
28,1,mean_gain,gain_over_fair,catalog,columns,exclude_first_column,fair_coin,columns,exclude_first_column,20,0.0013711150588502862,5.666782764100602e-17,0.001371115058850264,0.0013711150588503085
28,1,mean_gain,gain_over_fair,catalog,columns,exclude_first_row,fair_coin,columns,exclude_first_row,20,0.0,0.0,0.0,0.0
28,1,mean_gain,gain_over_fair,catalog,columns,interior,fair_coin,columns,interior,20,0.0014259095938003064,4.06727726774888e-17,0.0014259095938002897,0.001425909593800323
28,1,mean_gain,gain_over_fair,catalog,rows,all,fair_coin,rows,all,20,0.0,0.0,0.0,0.0
28,1,mean_gain,gain_over_fair,catalog,rows,exclude_first_column,fair_coin,rows,exclude_first_column,20,0.0,0.0,0.0,0.0
28,1,mean_gain,gain_over_fair,catalog,rows,exclude_first_row,fair_coin,rows,exclude_first_row,20,0.001371115058850242,5.666782764100602e-17,0.0013711150588502196,0.0013711150588502697
28,1,mean_gain,gain_over_fair,catalog,rows,interior,fair_coin,rows,interior,20,0.001425909593800262,4.932295220242625e-17,0.0014259095938002398,0.001425909593800284
28,1,mean_gain,gain_over_fair,permute_both_fixed_anchor,columns,all,fair_coin,columns,all,20,0.0,0.0,0.0,0.0
28,1,mean_gain,gain_over_fair,permute_both_fixed_anchor,rows,all,fair_coin,rows,all,20,0.0,0.0,0.0,0.0
28,1,mean_gain,gain_over_fair,permute_both_renormalized,columns,all,fair_coin,columns,all,20,0.0,0.0,0.0,0.0
28,1,mean_gain,gain_over_fair,permute_both_renormalized,rows,all,fair_coin,rows,all,20,0.0,0.0,0.0,0.0
28,1,mean_gain,gain_over_fair,permute_columns_fixed_anchor,columns,all,fair_coin,columns,all,20,0.0,0.0,0.0,0.0
28,1,mean_gain,gain_over_fair,permute_columns_fixed_anchor,rows,all,fair_coin,rows,all,20,0.0,0.0,0.0,0.0
28,1,mean_gain,gain_over_fair,permute_rows_fixed_anchor,columns,all,fair_coin,columns,all,20,0.0,0.0,0.0,0.0
28,1,mean_gain,gain_over_fair,permute_rows_fixed_anchor,rows,all,fair_coin,rows,all,20,0.0,0.0,0.0,0.0
28,2,mean_gain,gain_over_fair,catalog,columns,all,fair_coin,columns,all,20,0.0009387802924416766,7.658902053621834e-05,0.0009063696682401626,0.0009714997261026552
28,2,mean_gain,gain_over_fair,catalog,columns,exclude_first_column,fair_coin,columns,exclude_first_column,20,0.002176102962412535,1.1430577222386072e-05,0.002171109460027025,0.0021809180669864698
28,2,mean_gain,gain_over_fair,catalog,columns,exclude_first_row,fair_coin,columns,exclude_first_row,20,0.0010139061256893233,8.272016534782088e-05,0.0009778203445040422,0.0010489821540012921
28,2,mean_gain,gain_over_fair,catalog,columns,interior,fair_coin,columns,interior,20,0.0022379359537509193,1.2151934936614033e-05,0.0022325324163158214,0.002242996800523075
28,2,mean_gain,gain_over_fair,catalog,rows,all,fair_coin,rows,all,20,0.0021986206251010942,0.00012752282253094508,0.0021422247982981445,0.0022499078679119565
28,2,mean_gain,gain_over_fair,catalog,rows,exclude_first_column,fair_coin,rows,exclude_first_column,20,0.0023746390387334227,0.00013773916670835651,0.0023141205065864254,0.002429025117576333
28,2,mean_gain,gain_over_fair,catalog,rows,exclude_first_row,fair_coin,rows,exclude_first_row,20,0.0025817110667387235,5.670752663212796e-05,0.0025557221062247394,0.0026049169474181254
28,2,mean_gain,gain_over_fair,catalog,rows,interior,fair_coin,rows,interior,20,0.002674347742882016,6.118832996541527e-05,0.002646882562670725,0.0026991631283220094
28,2,mean_gain,gain_over_fair,permute_both_fixed_anchor,columns,all,fair_coin,columns,all,20,0.0007846740689535558,0.00011226531011884584,0.0007377376546294733,0.0008332863215796943
28,2,mean_gain,gain_over_fair,permute_both_fixed_anchor,rows,all,fair_coin,rows,all,20,0.0007378147731946227,0.00014240941905515532,0.0006779752354602249,0.0007987005407688499
28,2,mean_gain,gain_over_fair,permute_both_renormalized,columns,all,fair_coin,columns,all,20,0.0007229157635304962,0.00015713249165884963,0.0006555129764030321,0.0007914311072946044
28,2,mean_gain,gain_over_fair,permute_both_renormalized,rows,all,fair_coin,rows,all,20,0.000740501555682238,0.00012710221589759551,0.0006867120190444792,0.0007937034113106253
28,2,mean_gain,gain_over_fair,permute_columns_fixed_anchor,columns,all,fair_coin,columns,all,20,0.0009387802924416377,7.658902053619939e-05,0.0009061613564357359,0.0009716075021648729
28,2,mean_gain,gain_over_fair,permute_columns_fixed_anchor,rows,all,fair_coin,rows,all,20,0.0007378147731946394,0.0001424094190551513,0.0006787417100369659,0.000797678122786171
28,2,mean_gain,gain_over_fair,permute_rows_fixed_anchor,columns,all,fair_coin,columns,all,20,0.0007846740689535281,0.00011226531011880743,0.0007373130232141847,0.0008322370451841084
28,2,mean_gain,gain_over_fair,permute_rows_fixed_anchor,rows,all,fair_coin,rows,all,20,0.0021986206251011055,0.00012752282253092185,0.0021412032266770655,0.002249710738542697
28,3,mean_gain,gain_over_fair,catalog,columns,all,fair_coin,columns,all,20,0.017470576169056656,0.0005132583100743586,0.017256487146400556,0.01769253421500696
28,3,mean_gain,gain_over_fair,catalog,columns,exclude_first_column,fair_coin,columns,exclude_first_column,20,0.012651505255352347,0.00044710383687170113,0.012466021700009204,0.012848156819015173
28,3,mean_gain,gain_over_fair,catalog,columns,exclude_first_row,fair_coin,columns,exclude_first_row,20,0.018017214572110456,0.000544155968635684,0.01779135314718679,0.018253588829859755
28,3,mean_gain,gain_over_fair,catalog,columns,interior,fair_coin,columns,interior,20,0.012981212836089768,0.0004725959430650437,0.01277543777856326,0.013187451294000643
28,3,mean_gain,gain_over_fair,catalog,rows,all,fair_coin,rows,all,20,0.014261243088261072,0.000438330748832025,0.014075837688340021,0.014448626820352346
28,3,mean_gain,gain_over_fair,catalog,rows,exclude_first_column,fair_coin,rows,exclude_first_column,20,0.017354349555624333,0.0005194455141649677,0.0171339324252145,0.01757946768140169
28,3,mean_gain,gain_over_fair,catalog,rows,exclude_first_row,fair_coin,rows,exclude_first_row,20,0.010332654978075274,0.00036302578526817416,0.010179082993149523,0.010490756094341549
28,3,mean_gain,gain_over_fair,catalog,rows,interior,fair_coin,rows,interior,20,0.012569903813416383,0.00044300380023763465,0.012384524063840312,0.012761467822627316
28,3,mean_gain,gain_over_fair,permute_both_fixed_anchor,columns,all,fair_coin,columns,all,20,0.0031288363556045916,0.00016814001029128597,0.0030596102585005924,0.003201587916448085
28,3,mean_gain,gain_over_fair,permute_both_fixed_anchor,rows,all,fair_coin,rows,all,20,0.00310713225673685,0.00025173129148316675,0.0029970591686388904,0.003213976746302457
28,3,mean_gain,gain_over_fair,permute_both_renormalized,columns,all,fair_coin,columns,all,20,0.003079037181245725,0.00030933711433211146,0.0029389959562993637,0.0032016487429552785
28,3,mean_gain,gain_over_fair,permute_both_renormalized,rows,all,fair_coin,rows,all,20,0.0031520621977577266,0.00022526352103466915,0.003058207303630466,0.0032492605357593734
28,3,mean_gain,gain_over_fair,permute_columns_fixed_anchor,columns,all,fair_coin,columns,all,20,0.01747057616905669,0.0005132583100743401,0.01725683174719195,0.017696745779276223
28,3,mean_gain,gain_over_fair,permute_columns_fixed_anchor,rows,all,fair_coin,rows,all,20,0.0031071322567368387,0.0002517312914831751,0.002998955675348444,0.0032120863153506335
28,3,mean_gain,gain_over_fair,permute_rows_fixed_anchor,columns,all,fair_coin,columns,all,20,0.0031288363556045474,0.00016814001029126973,0.0030588548196424734,0.0032014281353185863
28,3,mean_gain,gain_over_fair,permute_rows_fixed_anchor,rows,all,fair_coin,rows,all,20,0.014261243088261061,0.00043833074883203735,0.014076483641349556,0.014447538544616452
28,4,mean_gain,gain_over_fair,catalog,columns,all,fair_coin,columns,all,20,0.04977281631208521,0.0006096948793138411,0.04950565939799362,0.0500249063918446
28,4,mean_gain,gain_over_fair,catalog,columns,exclude_first_column,fair_coin,columns,exclude_first_column,20,0.03614843511924162,0.0005721827904418712,0.03589677727960729,0.03639126893257749
28,4,mean_gain,gain_over_fair,catalog,columns,exclude_first_row,fair_coin,columns,exclude_first_row,20,0.05447045891530293,0.0006357155993785474,0.054201224068149145,0.05474389665088648
28,4,mean_gain,gain_over_fair,catalog,columns,interior,fair_coin,columns,interior,20,0.03977948840779315,0.0005985002498686873,0.039526824702186165,0.04003021736348282
28,4,mean_gain,gain_over_fair,catalog,rows,all,fair_coin,rows,all,20,0.0467577996379909,0.0006731918305555764,0.046468111426298746,0.047047900482456696
28,4,mean_gain,gain_over_fair,catalog,rows,exclude_first_column,fair_coin,rows,exclude_first_column,20,0.052453632530382044,0.0006922569984773821,0.052149150401706,0.05274156429347412
28,4,mean_gain,gain_over_fair,catalog,rows,exclude_first_row,fair_coin,rows,exclude_first_row,20,0.033899098898157065,0.0006298081302694896,0.033629201114843854,0.034168985800955815
28,4,mean_gain,gain_over_fair,catalog,rows,interior,fair_coin,rows,interior,20,0.038694912521414125,0.0006678222165896452,0.038404761702809626,0.03897907578704859
28,4,mean_gain,gain_over_fair,permute_both_fixed_anchor,columns,all,fair_coin,columns,all,20,0.007684323132953081,0.00036987207209811945,0.007533495772420867,0.007847924587370528
28,4,mean_gain,gain_over_fair,permute_both_fixed_anchor,rows,all,fair_coin,rows,all,20,0.007719803341247977,0.00033812800233137173,0.007577091033314767,0.007865674086612625
28,4,mean_gain,gain_over_fair,permute_both_renormalized,columns,all,fair_coin,columns,all,20,0.007539466595030103,0.0003307941606608889,0.0074001391915424,0.0076792901133195665
28,4,mean_gain,gain_over_fair,permute_both_renormalized,rows,all,fair_coin,rows,all,20,0.007668625326149092,0.0003785695738993493,0.007506375454405597,0.00782679732351378
28,4,mean_gain,gain_over_fair,permute_columns_fixed_anchor,columns,all,fair_coin,columns,all,20,0.04977281631208524,0.0006096948793138026,0.04950352304415427,0.05002902926385258
28,4,mean_gain,gain_over_fair,permute_columns_fixed_anchor,rows,all,fair_coin,rows,all,20,0.007719803341248005,0.0003381280023313814,0.007577271399511144,0.00786616011278496
28,4,mean_gain,gain_over_fair,permute_rows_fixed_anchor,columns,all,fair_coin,columns,all,20,0.007684323132953069,0.0003698720720981032,0.007536636881638097,0.007845769717306064
28,4,mean_gain,gain_over_fair,permute_rows_fixed_anchor,rows,all,fair_coin,rows,all,20,0.0467577996379909,0.0006731918305555894,0.04646636503484866,0.04704093449164592
28,5,mean_gain,gain_over_fair,catalog,columns,all,fair_coin,columns,all,20,0.06672434013476339,0.0008638294131112201,0.06633984425636358,0.06708062835617484
28,5,mean_gain,gain_over_fair,catalog,columns,exclude_first_column,fair_coin,columns,exclude_first_column,20,0.051006749468411196,0.0009288796892759569,0.050591550275267905,0.05139386719890041
28,5,mean_gain,gain_over_fair,catalog,columns,exclude_first_row,fair_coin,columns,exclude_first_row,20,0.07032508939850304,0.0008772023914309676,0.06993424262718044,0.07068169441304702
28,5,mean_gain,gain_over_fair,catalog,columns,interior,fair_coin,columns,interior,20,0.053773359622979654,0.0009455703562852689,0.05335618932772243,0.05416049792514728
28,5,mean_gain,gain_over_fair,catalog,rows,all,fair_coin,rows,all,20,0.06771946201639942,0.0007598172646708692,0.06739357997096257,0.06803890444322623
28,5,mean_gain,gain_over_fair,catalog,rows,exclude_first_column,fair_coin,rows,exclude_first_column,20,0.07073343020028736,0.0007557633479210821,0.07040691811297267,0.07104822242096547
28,5,mean_gain,gain_over_fair,catalog,rows,exclude_first_row,fair_coin,rows,exclude_first_row,20,0.051856621521480586,0.0008156024188140993,0.051507874648101075,0.052202441605375655
28,5,mean_gain,gain_over_fair,catalog,rows,interior,fair_coin,rows,interior,20,0.054669350759482246,0.0008111091620909631,0.054324303484576696,0.05500569773157598
28,5,mean_gain,gain_over_fair,permute_both_fixed_anchor,columns,all,fair_coin,columns,all,20,0.014170423854433834,0.0003996308899179118,0.013993857314516807,0.014333876801280551
28,5,mean_gain,gain_over_fair,permute_both_fixed_anchor,rows,all,fair_coin,rows,all,20,0.014281676220754385,0.00034980069085406264,0.014129973870740203,0.014430034830695354
28,5,mean_gain,gain_over_fair,permute_both_renormalized,columns,all,fair_coin,columns,all,20,0.014348377681388146,0.00047007680010858474,0.01414078883878367,0.014542028265158498
28,5,mean_gain,gain_over_fair,permute_both_renormalized,rows,all,fair_coin,rows,all,20,0.01417710258001183,0.000362954788641975,0.014023628383316328,0.014335412241089971
28,5,mean_gain,gain_over_fair,permute_columns_fixed_anchor,columns,all,fair_coin,columns,all,20,0.06672434013476339,0.0008638294131112018,0.0663464794203726,0.06707747454600187
28,5,mean_gain,gain_over_fair,permute_columns_fixed_anchor,rows,all,fair_coin,rows,all,20,0.014281676220754358,0.0003498006908540371,0.014133676301264178,0.014431939648830288
28,5,mean_gain,gain_over_fair,permute_rows_fixed_anchor,columns,all,fair_coin,columns,all,20,0.01417042385443384,0.00039963088991791615,0.013992415862662621,0.014332736266131038
28,5,mean_gain,gain_over_fair,permute_rows_fixed_anchor,rows,all,fair_coin,rows,all,20,0.0677194620163994,0.0007598172646708927,0.06740154453118805,0.0680421295303714
28,6,mean_gain,gain_over_fair,catalog,columns,all,fair_coin,columns,all,20,0.08322326787734516,0.0012787767885376958,0.0826560586433878,0.08375080967700317
28,6,mean_gain,gain_over_fair,catalog,columns,exclude_first_column,fair_coin,columns,exclude_first_column,20,0.06789208629321206,0.0013472691652713655,0.06730812241683734,0.06845335187025721
28,6,mean_gain,gain_over_fair,catalog,columns,exclude_first_row,fair_coin,columns,exclude_first_row,20,0.08078214749166521,0.0012034257511765228,0.08025751619493234,0.08128498761568241
28,6,mean_gain,gain_over_fair,catalog,columns,interior,fair_coin,columns,interior,20,0.06547064936161107,0.0012689342259070084,0.06491960549684533,0.06598528606259133
28,6,mean_gain,gain_over_fair,catalog,rows,all,fair_coin,rows,all,20,0.08331713201070848,0.0010715660331392244,0.08285342886898127,0.08376641845896939
28,6,mean_gain,gain_over_fair,catalog,rows,exclude_first_column,fair_coin,rows,exclude_first_column,20,0.08420761029872312,0.001077522178429372,0.08373857663372299,0.08466076418532271
28,6,mean_gain,gain_over_fair,catalog,rows,exclude_first_row,fair_coin,rows,exclude_first_row,20,0.06805286040310618,0.0011704490552077646,0.06756267992561797,0.06854895680177718
28,6,mean_gain,gain_over_fair,catalog,rows,interior,fair_coin,rows,interior,20,0.06909132656169795,0.0011859524778465936,0.06858864800513914,0.06959434620452346
28,6,mean_gain,gain_over_fair,permute_both_fixed_anchor,columns,all,fair_coin,columns,all,20,0.021109923459813235,0.00041150319541486373,0.02092800699585607,0.02128365015691463
28,6,mean_gain,gain_over_fair,permute_both_fixed_anchor,rows,all,fair_coin,rows,all,20,0.02107319795823659,0.000455616466289264,0.020877042587078593,0.02126746900053285
28,6,mean_gain,gain_over_fair,permute_both_renormalized,columns,all,fair_coin,columns,all,20,0.021083965328411964,0.00040301480758352917,0.020912569866759153,0.021254403184639146
28,6,mean_gain,gain_over_fair,permute_both_renormalized,rows,all,fair_coin,rows,all,20,0.02108952049934317,0.0004045845691370889,0.020923344583368645,0.02125880673308215
28,6,mean_gain,gain_over_fair,permute_columns_fixed_anchor,columns,all,fair_coin,columns,all,20,0.08322326787734516,0.001278776788537684,0.08265688751650165,0.08374693217244238
28,6,mean_gain,gain_over_fair,permute_columns_fixed_anchor,rows,all,fair_coin,rows,all,20,0.02107319795823661,0.0004556164662892814,0.020877466660988782,0.021259304465545116
28,6,mean_gain,gain_over_fair,permute_rows_fixed_anchor,columns,all,fair_coin,columns,all,20,0.021109923459813256,0.0004115031954148158,0.02093039440678578,0.021276769300182616
28,6,mean_gain,gain_over_fair,permute_rows_fixed_anchor,rows,all,fair_coin,rows,all,20,0.08331713201070848,0.0010715660331391769,0.08285787196603801,0.08376577043001693
28,7,mean_gain,gain_over_fair,catalog,columns,all,fair_coin,columns,all,20,0.10138259635450311,0.0014414490068336676,0.10077024230736907,0.10199332107539726
28,7,mean_gain,gain_over_fair,catalog,columns,exclude_first_column,fair_coin,columns,exclude_first_column,20,0.08468447550799105,0.0015034514170138927,0.08405796950870907,0.0853401932775423
28,7,mean_gain,gain_over_fair,catalog,columns,exclude_first_row,fair_coin,columns,exclude_first_row,20,0.10466520762869284,0.0014618966118358889,0.1040295569846438,0.10528588972513095
28,7,mean_gain,gain_over_fair,catalog,columns,interior,fair_coin,columns,interior,20,0.08818157199476674,0.0015241908693844656,0.08753933617402865,0.08882595089228498
28,7,mean_gain,gain_over_fair,catalog,rows,all,fair_coin,rows,all,20,0.11167897748124396,0.001727210985016515,0.11091928632851288,0.11239322821131258
28,7,mean_gain,gain_over_fair,catalog,rows,exclude_first_column,fair_coin,rows,exclude_first_column,20,0.1091551032312996,0.0016387104347701724,0.10841215899603074,0.1098333513710914
28,7,mean_gain,gain_over_fair,catalog,rows,exclude_first_row,fair_coin,rows,exclude_first_row,20,0.09564450152695077,0.0017985901035178222,0.09485839671523565,0.09639318036525671
28,7,mean_gain,gain_over_fair,catalog,rows,interior,fair_coin,rows,interior,20,0.09312892640110029,0.0017064854700523297,0.09237544236848425,0.09382832873109162
28,7,mean_gain,gain_over_fair,permute_both_fixed_anchor,columns,all,fair_coin,columns,all,20,0.026722249087523103,0.0003968296518090462,0.026545686012240194,0.026885034888773494
28,7,mean_gain,gain_over_fair,permute_both_fixed_anchor,rows,all,fair_coin,rows,all,20,0.026706184613017492,0.00031250076428980354,0.02657499135006932,0.02683984613869612
28,7,mean_gain,gain_over_fair,permute_both_renormalized,columns,all,fair_coin,columns,all,20,0.0267762067379424,0.00030444258614655944,0.026639162153132244,0.026904400935425687
28,7,mean_gain,gain_over_fair,permute_both_renormalized,rows,all,fair_coin,rows,all,20,0.026700948880681013,0.0003683282257927717,0.026547011204581996,0.026864193118035767
28,7,mean_gain,gain_over_fair,permute_columns_fixed_anchor,columns,all,fair_coin,columns,all,20,0.10138259635450311,0.0014414490068336556,0.10076331699248572,0.10198725351554623
28,7,mean_gain,gain_over_fair,permute_columns_fixed_anchor,rows,all,fair_coin,rows,all,20,0.02670618461301748,0.00031250076428979476,0.026572566393492182,0.026839117493410114
28,7,mean_gain,gain_over_fair,permute_rows_fixed_anchor,columns,all,fair_coin,columns,all,20,0.026722249087523124,0.0003968296518090338,0.02655022625166087,0.026882170350144428
28,7,mean_gain,gain_over_fair,permute_rows_fixed_anchor,rows,all,fair_coin,rows,all,20,0.11167897748124392,0.0017272109850164916,0.11091047150268664,0.11239334644614325
28,8,mean_gain,gain_over_fair,catalog,columns,all,fair_coin,columns,all,20,0.12360836164271963,0.0017086263317455143,0.12287492502378647,0.12432264707519271
28,8,mean_gain,gain_over_fair,catalog,columns,exclude_first_column,fair_coin,columns,exclude_first_column,20,0.10658216220387899,0.0017783580724913554,0.10580103111263692,0.10733224746897696
28,8,mean_gain,gain_over_fair,catalog,columns,exclude_first_row,fair_coin,columns,exclude_first_row,20,0.12320440331091027,0.0017264011917827243,0.12244931549587985,0.12393567691673818
28,8,mean_gain,gain_over_fair,catalog,columns,interior,fair_coin,columns,interior,20,0.10624547878888083,0.0017968713188239826,0.10547102361745625,0.10699056610424677
28,8,mean_gain,gain_over_fair,catalog,rows,all,fair_coin,rows,all,20,0.13934958511501497,0.0019380417640037172,0.1384842512609829,0.1401506903601555
28,8,mean_gain,gain_over_fair,catalog,rows,exclude_first_column,fair_coin,rows,exclude_first_column,20,0.1355158382362888,0.001987646778144539,0.1346477522508044,0.13633879803477214
28,8,mean_gain,gain_over_fair,catalog,rows,exclude_first_row,fair_coin,rows,exclude_first_row,20,0.12317172104008381,0.0020169327719371088,0.12227689848450171,0.1239968839654602
28,8,mean_gain,gain_over_fair,catalog,rows,interior,fair_coin,rows,interior,20,0.11928756624412618,0.002068309717198169,0.11838091244562407,0.12015296265848076
28,8,mean_gain,gain_over_fair,permute_both_fixed_anchor,columns,all,fair_coin,columns,all,20,0.030374140323982494,0.00030140683238038575,0.030243068133870746,0.030500024360612558
28,8,mean_gain,gain_over_fair,permute_both_fixed_anchor,rows,all,fair_coin,rows,all,20,0.030404866730729653,0.00029641877765456553,0.030281905787055367,0.030531812345404315
28,8,mean_gain,gain_over_fair,permute_both_renormalized,columns,all,fair_coin,columns,all,20,0.03062771077641082,0.00035139978156712706,0.030482456267466766,0.030782827150454613
28,8,mean_gain,gain_over_fair,permute_both_renormalized,rows,all,fair_coin,rows,all,20,0.03051275840544166,0.0003479094681907026,0.030367762946502078,0.03066024060471616
28,8,mean_gain,gain_over_fair,permute_columns_fixed_anchor,columns,all,fair_coin,columns,all,20,0.12360836164271963,0.0017086263317455212,0.1228607434182303,0.1243254983709065
28,8,mean_gain,gain_over_fair,permute_columns_fixed_anchor,rows,all,fair_coin,rows,all,20,0.030404866730729636,0.000296418777654587,0.030280614786703238,0.030539405951277927
28,8,mean_gain,gain_over_fair,permute_rows_fixed_anchor,columns,all,fair_coin,columns,all,20,0.030374140323982494,0.0003014068323803644,0.030243154457237128,0.030501348459890044
28,8,mean_gain,gain_over_fair,permute_rows_fixed_anchor,rows,all,fair_coin,rows,all,20,0.13934958511501497,0.0019380417640036944,0.13849969315259927,0.14014054932750739
28,9,mean_gain,gain_over_fair,catalog,columns,all,fair_coin,columns,all,20,0.1394890865784867,0.002277505534938197,0.1385057779363233,0.14046381509323339
28,9,mean_gain,gain_over_fair,catalog,columns,exclude_first_column,fair_coin,columns,exclude_first_column,20,0.1237265546713705,0.002368626926002419,0.12270672095508112,0.12474228181177634
28,9,mean_gain,gain_over_fair,catalog,columns,exclude_first_row,fair_coin,columns,exclude_first_row,20,0.13771605575091034,0.0020720055893288835,0.1368357196292398,0.13857786470432648
28,9,mean_gain,gain_over_fair,catalog,columns,interior,fair_coin,columns,interior,20,0.12199643766142923,0.002156616622422879,0.12105849203114454,0.12289629599975413
28,9,mean_gain,gain_over_fair,catalog,rows,all,fair_coin,rows,all,20,0.15604440628927532,0.0021961882852581933,0.1551003800435887,0.1569741560512059
28,9,mean_gain,gain_over_fair,catalog,rows,exclude_first_column,fair_coin,rows,exclude_first_column,20,0.16539715913091277,0.0024691525634925023,0.164345084334876,0.1664453869886066
28,9,mean_gain,gain_over_fair,catalog,rows,exclude_first_row,fair_coin,rows,exclude_first_row,20,0.14127044442257622,0.0022835389928288685,0.14029048937510274,0.14224258529238706
28,9,mean_gain,gain_over_fair,catalog,rows,interior,fair_coin,rows,interior,20,0.15109296796505106,0.0025668299202904164,0.14998368037772447,0.15220368925433803
28,9,mean_gain,gain_over_fair,permute_both_fixed_anchor,columns,all,fair_coin,columns,all,20,0.03262349381049384,0.00036947924132086474,0.03246700393804667,0.03277891631215256
28,9,mean_gain,gain_over_fair,permute_both_fixed_anchor,rows,all,fair_coin,rows,all,20,0.03247562294309916,0.00041386018346328135,0.032293814519111154,0.032644964240740454
28,9,mean_gain,gain_over_fair,permute_both_renormalized,columns,all,fair_coin,columns,all,20,0.032629358366814284,0.00031205679517625276,0.032492273420379254,0.032758976023484807
28,9,mean_gain,gain_over_fair,permute_both_renormalized,rows,all,fair_coin,rows,all,20,0.03267084963964608,0.0003863052886205974,0.032507397522187564,0.03283921274296615
28,9,mean_gain,gain_over_fair,permute_columns_fixed_anchor,columns,all,fair_coin,columns,all,20,0.13948908657848672,0.0022775055349382174,0.13850533727976835,0.14046387217103268
28,9,mean_gain,gain_over_fair,permute_columns_fixed_anchor,rows,all,fair_coin,rows,all,20,0.03247562294309919,0.000413860183463284,0.03229739383557745,0.03264790490428122
28,9,mean_gain,gain_over_fair,permute_rows_fixed_anchor,columns,all,fair_coin,columns,all,20,0.03262349381049384,0.00036947924132085434,0.03246905545652852,0.032779476004679294
28,9,mean_gain,gain_over_fair,permute_rows_fixed_anchor,rows,all,fair_coin,rows,all,20,0.15604440628927532,0.0021961882852581747,0.15511075394048962,0.15696125251714277
28,10,mean_gain,gain_over_fair,catalog,columns,all,fair_coin,columns,all,20,0.15986554976603787,0.002334701565377019,0.15885985255766832,0.16086754971892148
28,10,mean_gain,gain_over_fair,catalog,columns,exclude_first_column,fair_coin,columns,exclude_first_column,20,0.14582645945590683,0.00242918020788417,0.14474775075613214,0.1468334416195094
28,10,mean_gain,gain_over_fair,catalog,columns,exclude_first_row,fair_coin,columns,exclude_first_row,20,0.16332715710524565,0.0026305686821845825,0.1621983295587653,0.16442697261515551
28,10,mean_gain,gain_over_fair,catalog,columns,interior,fair_coin,columns,interior,20,0.14956729237219948,0.002735328101736801,0.14834763154139452,0.15071339982528303
28,10,mean_gain,gain_over_fair,catalog,rows,all,fair_coin,rows,all,20,0.18976606622273567,0.003098819216931222,0.18845010175203425,0.19108409452824907
28,10,mean_gain,gain_over_fair,catalog,rows,exclude_first_column,fair_coin,rows,exclude_first_column,20,0.19483085458541338,0.0030868740368125433,0.19353108824832915,0.1961623761480784
28,10,mean_gain,gain_over_fair,catalog,rows,exclude_first_row,fair_coin,rows,exclude_first_row,20,0.1774161545750158,0.003220872940054865,0.17604211879508977,0.17878975913870748
28,10,mean_gain,gain_over_fair,catalog,rows,interior,fair_coin,rows,interior,20,0.1828455579589659,0.0032089590436060007,0.18149781837604786,0.18421205958457784
28,10,mean_gain,gain_over_fair,permute_both_fixed_anchor,columns,all,fair_coin,columns,all,20,0.033443370753688834,0.00042558786590505345,0.03326171994875607,0.03363082299501299
28,10,mean_gain,gain_over_fair,permute_both_fixed_anchor,rows,all,fair_coin,rows,all,20,0.03342309267134165,0.00032086389749469717,0.03329233534105857,0.03356099167443742
28,10,mean_gain,gain_over_fair,permute_both_renormalized,columns,all,fair_coin,columns,all,20,0.03350632619146325,0.00035816770298890423,0.033345656892303344,0.03365406129210843
28,10,mean_gain,gain_over_fair,permute_both_renormalized,rows,all,fair_coin,rows,all,20,0.033551322639451854,0.00033281631057431723,0.03341283453398999,0.03369561124303047
28,10,mean_gain,gain_over_fair,permute_columns_fixed_anchor,columns,all,fair_coin,columns,all,20,0.15986554976603787,0.002334701565377012,0.15886684250478864,0.16082527167007274
28,10,mean_gain,gain_over_fair,permute_columns_fixed_anchor,rows,all,fair_coin,rows,all,20,0.033423092671341664,0.0003208638974946689,0.03329170150945996,0.03356726543731298
28,10,mean_gain,gain_over_fair,permute_rows_fixed_anchor,columns,all,fair_coin,columns,all,20,0.03344337075368882,0.00042558786590505323,0.03326582213875699,0.03362786667976775
28,10,mean_gain,gain_over_fair,permute_rows_fixed_anchor,rows,all,fair_coin,rows,all,20,0.18976606622273567,0.003098819216931224,0.1884568195461127,0.19108185973971287
28,11,mean_gain,gain_over_fair,catalog,columns,all,fair_coin,columns,all,20,0.18648524601591263,0.0030904732318401303,0.18519605118632115,0.1877982783186102
28,11,mean_gain,gain_over_fair,catalog,columns,exclude_first_column,fair_coin,columns,exclude_first_column,20,0.1749745903947851,0.0032102857192100997,0.17358599704314845,0.176311633084352
28,11,mean_gain,gain_over_fair,catalog,columns,exclude_first_row,fair_coin,columns,exclude_first_row,20,0.18411528664213525,0.003028362812594401,0.18278172144759466,0.1853904261827664
28,11,mean_gain,gain_over_fair,catalog,columns,interior,fair_coin,columns,interior,20,0.17274495851364427,0.0031448996119529324,0.17138509731453164,0.174054095743096
28,11,mean_gain,gain_over_fair,catalog,rows,all,fair_coin,rows,all,20,0.21780284771476985,0.0037728452111115826,0.21621824184069954,0.21943328533547463
28,11,mean_gain,gain_over_fair,catalog,rows,exclude_first_column,fair_coin,rows,exclude_first_column,20,0.21801395921703892,0.003763923659092141,0.21644217644350708,0.2197015574663004
28,11,mean_gain,gain_over_fair,catalog,rows,exclude_first_row,fair_coin,rows,exclude_first_row,20,0.20852640880890289,0.003922996511752008,0.20688041575917182,0.21023853619237118
28,11,mean_gain,gain_over_fair,catalog,rows,interior,fair_coin,rows,interior,20,0.20902904873033626,0.003913954693153129,0.20739949087463241,0.21080854804682553
28,11,mean_gain,gain_over_fair,permute_both_fixed_anchor,columns,all,fair_coin,columns,all,20,0.03239197508509374,0.0004867297081136888,0.03218355158525925,0.032598733211608125
28,11,mean_gain,gain_over_fair,permute_both_fixed_anchor,rows,all,fair_coin,rows,all,20,0.0325144216258728,0.0004010974634454205,0.032347852613794865,0.032691164003491195
28,11,mean_gain,gain_over_fair,permute_both_renormalized,columns,all,fair_coin,columns,all,20,0.03259331236645926,0.0003953938037136128,0.03243189447939596,0.03276482241067419
28,11,mean_gain,gain_over_fair,permute_both_renormalized,rows,all,fair_coin,rows,all,20,0.03260453932721695,0.0004272626325242741,0.032421514355369566,0.03278658431720611
28,11,mean_gain,gain_over_fair,permute_columns_fixed_anchor,columns,all,fair_coin,columns,all,20,0.18648524601591265,0.003090473231840126,0.18513757192955227,0.1877728455297395
28,11,mean_gain,gain_over_fair,permute_columns_fixed_anchor,rows,all,fair_coin,rows,all,20,0.0325144216258728,0.0004010974634454385,0.03235081113008032,0.032690115501872306
28,11,mean_gain,gain_over_fair,permute_rows_fixed_anchor,columns,all,fair_coin,columns,all,20,0.03239197508509375,0.0004867297081136862,0.03218587249189118,0.03260312819304317
28,11,mean_gain,gain_over_fair,permute_rows_fixed_anchor,rows,all,fair_coin,rows,all,20,0.21780284771476985,0.0037728452111115683,0.2161965756804599,0.21948222888368765
28,12,mean_gain,gain_over_fair,catalog,columns,all,fair_coin,columns,all,20,0.20559706061283017,0.003160988914823854,0.2042806553587713,0.20695534341293895
28,12,mean_gain,gain_over_fair,catalog,columns,exclude_first_column,fair_coin,columns,exclude_first_column,20,0.19789319277647885,0.003283804626523375,0.1965319829204199,0.1992735707267894
28,12,mean_gain,gain_over_fair,catalog,columns,exclude_first_row,fair_coin,columns,exclude_first_row,20,0.19390182511636972,0.0029366065130328623,0.19265369330828477,0.19518411376549485
28,12,mean_gain,gain_over_fair,catalog,columns,interior,fair_coin,columns,interior,20,0.18617349867311353,0.003048174208890085,0.18487685619056876,0.18746921865476351
28,12,mean_gain,gain_over_fair,catalog,rows,all,fair_coin,rows,all,20,0.24623849290898123,0.00485968848136604,0.24426930818860187,0.24836665509325712
28,12,mean_gain,gain_over_fair,catalog,rows,exclude_first_column,fair_coin,rows,exclude_first_column,20,0.2472935343719524,0.004808076922755117,0.2452602201634574,0.24941011573299274
28,12,mean_gain,gain_over_fair,catalog,rows,exclude_first_row,fair_coin,rows,exclude_first_row,20,0.24417609970623871,0.005063246107950731,0.2420592228503279,0.24645272810596053
28,12,mean_gain,gain_over_fair,catalog,rows,interior,fair_coin,rows,interior,20,0.2459376171505193,0.005008671127040264,0.24388670510159205,0.24810260850099394
28,12,mean_gain,gain_over_fair,permute_both_fixed_anchor,columns,all,fair_coin,columns,all,20,0.028182193334889145,0.0007370609046562901,0.027880045947456293,0.02849310324935332
28,12,mean_gain,gain_over_fair,permute_both_fixed_anchor,rows,all,fair_coin,rows,all,20,0.02863751336090136,0.0005868808938726582,0.028389779288033535,0.028891479833436328
28,12,mean_gain,gain_over_fair,permute_both_renormalized,columns,all,fair_coin,columns,all,20,0.028687962804781225,0.0007922231732722891,0.02836656081135259,0.029048823078305395
28,12,mean_gain,gain_over_fair,permute_both_renormalized,rows,all,fair_coin,rows,all,20,0.028504697851440042,0.0007852013606960579,0.028151907666479133,0.028818156940746076
28,12,mean_gain,gain_over_fair,permute_columns_fixed_anchor,columns,all,fair_coin,columns,all,20,0.20559706061283017,0.003160988914823849,0.20426264794504698,0.20693329823098333
28,12,mean_gain,gain_over_fair,permute_columns_fixed_anchor,rows,all,fair_coin,rows,all,20,0.028637513360901385,0.0005868808938726403,0.028388960911619653,0.028887555138928222
28,12,mean_gain,gain_over_fair,permute_rows_fixed_anchor,columns,all,fair_coin,columns,all,20,0.02818219333488916,0.0007370609046562866,0.027861195921019155,0.028487993966296973
28,12,mean_gain,gain_over_fair,permute_rows_fixed_anchor,rows,all,fair_coin,rows,all,20,0.24623849290898123,0.004859688481366026,0.2441779794427497,0.24840218933935954
24,1,paired_difference,catalog_minus_permute_rows_fixed_anchor,catalog,rows,all,permute_rows_fixed_anchor,rows,all,20,0.0,0.0,0.0,0.0
24,1,paired_difference,catalog_minus_permute_columns_fixed_anchor,catalog,rows,all,permute_columns_fixed_anchor,rows,all,20,0.0,0.0,0.0,0.0
24,1,paired_difference,catalog_minus_permute_both_fixed_anchor,catalog,rows,all,permute_both_fixed_anchor,rows,all,20,0.0,0.0,0.0,0.0
24,1,paired_difference,catalog_minus_permute_both_renormalized,catalog,rows,all,permute_both_renormalized,rows,all,20,0.0,0.0,0.0,0.0
24,1,paired_difference,fixed_both_minus_renormalized_both,permute_both_fixed_anchor,rows,all,permute_both_renormalized,rows,all,20,0.0,0.0,0.0,0.0
24,1,paired_difference,all_minus_exclude_first_row,catalog,rows,all,catalog,rows,exclude_first_row,20,-0.0018891684536325392,7.725518398167185e-17,-0.0018891684536325726,-0.001889168453632506
24,1,paired_difference,all_minus_exclude_first_column,catalog,rows,all,catalog,rows,exclude_first_column,20,0.0,0.0,0.0,0.0
24,1,paired_difference,all_minus_interior,catalog,rows,all,catalog,rows,interior,20,-0.0019790157641972617,4.932295220242625e-17,-0.0019790157641972838,-0.001979015764197245
24,1,paired_difference,catalog_minus_permute_rows_fixed_anchor,catalog,columns,all,permute_rows_fixed_anchor,columns,all,20,0.0,0.0,0.0,0.0
24,1,paired_difference,catalog_minus_permute_columns_fixed_anchor,catalog,columns,all,permute_columns_fixed_anchor,columns,all,20,0.0,0.0,0.0,0.0
24,1,paired_difference,catalog_minus_permute_both_fixed_anchor,catalog,columns,all,permute_both_fixed_anchor,columns,all,20,0.0,0.0,0.0,0.0
24,1,paired_difference,catalog_minus_permute_both_renormalized,catalog,columns,all,permute_both_renormalized,columns,all,20,0.0,0.0,0.0,0.0
24,1,paired_difference,fixed_both_minus_renormalized_both,permute_both_fixed_anchor,columns,all,permute_both_renormalized,columns,all,20,0.0,0.0,0.0,0.0
24,1,paired_difference,all_minus_exclude_first_row,catalog,columns,all,catalog,columns,exclude_first_row,20,0.0,0.0,0.0,0.0
24,1,paired_difference,all_minus_exclude_first_column,catalog,columns,all,catalog,columns,exclude_first_column,20,-0.0018891684536325392,6.834394529092142e-17,-0.001889168453632567,-0.0018891684536325114
24,1,paired_difference,all_minus_interior,catalog,columns,all,catalog,columns,interior,20,-0.001979015764197256,4.55626784737404e-17,-0.001979015764197278,-0.0019790157641972395
24,1,paired_difference,row_minus_column_traversal,catalog,rows,all,catalog,columns,all,20,0.0,0.0,0.0,0.0
24,1,paired_difference,row_minus_column_traversal,permute_rows_fixed_anchor,rows,all,permute_rows_fixed_anchor,columns,all,20,0.0,0.0,0.0,0.0
24,1,paired_difference,row_minus_column_traversal,permute_columns_fixed_anchor,rows,all,permute_columns_fixed_anchor,columns,all,20,0.0,0.0,0.0,0.0
24,1,paired_difference,row_minus_column_traversal,permute_both_fixed_anchor,rows,all,permute_both_fixed_anchor,columns,all,20,0.0,0.0,0.0,0.0
24,1,paired_difference,row_minus_column_traversal,permute_both_renormalized,rows,all,permute_both_renormalized,columns,all,20,0.0,0.0,0.0,0.0
24,2,paired_difference,catalog_minus_permute_rows_fixed_anchor,catalog,rows,all,permute_rows_fixed_anchor,rows,all,20,-2.7755575615628914e-17,7.9530870712594e-17,-6.106226635438361e-17,0.0
24,2,paired_difference,catalog_minus_permute_columns_fixed_anchor,catalog,rows,all,permute_columns_fixed_anchor,rows,all,20,0.000677160613120148,0.0005712219400590897,0.00041503926161332835,0.0009134790773659422
24,2,paired_difference,catalog_minus_permute_both_fixed_anchor,catalog,rows,all,permute_both_fixed_anchor,rows,all,20,0.0006771606131201757,0.0005712219400591026,0.0004245730223464629,0.0009066965805367055
24,2,paired_difference,catalog_minus_permute_both_renormalized,catalog,rows,all,permute_both_renormalized,rows,all,20,0.0007726374596659424,0.000652710221206613,0.0004969836389308816,0.0010554364710533815
24,2,paired_difference,fixed_both_minus_renormalized_both,permute_both_fixed_anchor,rows,all,permute_both_renormalized,rows,all,20,9.547684654576672e-05,0.000578219392051268,-0.00014283398732219523,0.00035204047236812446
24,2,paired_difference,all_minus_exclude_first_row,catalog,rows,all,catalog,rows,exclude_first_row,20,-0.001351450046750452,0.000413534007653551,-0.0015337787855644093,-0.0011798492333262973
24,2,paired_difference,all_minus_exclude_first_column,catalog,rows,all,catalog,rows,exclude_first_column,20,-0.0001654771910224062,5.6717918387745856e-05,-0.0001886744441461509,-0.00014039121636607018
24,2,paired_difference,all_minus_interior,catalog,rows,all,catalog,rows,interior,20,-0.0014590907369004924,0.0003976111543423277,-0.0016299452769615657,-0.0012938635291171881
24,2,paired_difference,catalog_minus_permute_rows_fixed_anchor,catalog,columns,all,permute_rows_fixed_anchor,columns,all,20,0.0003892177871081148,0.000622376108030179,0.00012936927234537713,0.0006560880062911542
24,2,paired_difference,catalog_minus_permute_columns_fixed_anchor,catalog,columns,all,permute_columns_fixed_anchor,columns,all,20,0.0,3.6020391365357295e-17,-1.6653345369377347e-17,1.6653345369377347e-17
24,2,paired_difference,catalog_minus_permute_both_fixed_anchor,catalog,columns,all,permute_both_fixed_anchor,columns,all,20,0.00038921778710812593,0.0006223761080302064,0.00012539438320010142,0.0006593358265607316
24,2,paired_difference,catalog_minus_permute_both_renormalized,catalog,columns,all,permute_both_renormalized,columns,all,20,0.0004946747563401466,0.0007840344537653276,0.00015814841186997472,0.0008238071625185026
24,2,paired_difference,fixed_both_minus_renormalized_both,permute_both_fixed_anchor,columns,all,permute_both_renormalized,columns,all,20,0.00010545696923202064,0.0007694711605920412,-0.00021549433783922848,0.00043574374955326943
24,2,paired_difference,all_minus_exclude_first_row,catalog,columns,all,catalog,columns,exclude_first_row,20,-0.0001299640021262427,3.8837347595600036e-05,-0.0001467093779468766,-0.00011320578360353134
24,2,paired_difference,all_minus_exclude_first_column,catalog,columns,all,catalog,columns,exclude_first_column,20,-0.001653158764611784,0.000320853799821413,-0.0017907227005565438,-0.00151536168153726
24,2,paired_difference,all_minus_interior,catalog,columns,all,catalog,columns,interior,20,-0.0017552644415517627,0.00031385399000328877,-0.0018897278569612267,-0.0016206832515772384
24,2,paired_difference,row_minus_column_traversal,catalog,rows,all,catalog,columns,all,20,0.0003725334372950584,0.000841004481687864,5.295706326409763e-06,0.0007201773704020366
24,2,paired_difference,row_minus_column_traversal,permute_rows_fixed_anchor,rows,all,permute_rows_fixed_anchor,columns,all,20,0.000761751224403201,0.0008820353502297881,0.0003803676351907463,0.001135796067693897
24,2,paired_difference,row_minus_column_traversal,permute_columns_fixed_anchor,rows,all,permute_columns_fixed_anchor,columns,all,20,-0.0003046271758250896,0.0006508695581293613,-0.0005842121722569877,-3.0288938731364223e-05
24,2,paired_difference,row_minus_column_traversal,permute_both_fixed_anchor,rows,all,permute_both_fixed_anchor,columns,all,20,8.45906112830086e-05,0.0006729243049656044,-0.0002133410980233916,0.0003577317205009255
24,2,paired_difference,row_minus_column_traversal,permute_both_renormalized,rows,all,permute_both_renormalized,columns,all,20,9.457073396926252e-05,0.0006295677477208083,-0.00017289906970557715,0.00036768532172029686
24,3,paired_difference,catalog_minus_permute_rows_fixed_anchor,catalog,rows,all,permute_rows_fixed_anchor,rows,all,20,5.551115123125783e-18,2.4825341532472726e-17,0.0,1.6653345369377347e-17
24,3,paired_difference,catalog_minus_permute_columns_fixed_anchor,catalog,rows,all,permute_columns_fixed_anchor,rows,all,20,0.03620800390728099,0.012076732025093254,0.031059634929442418,0.041309218366054674
24,3,paired_difference,catalog_minus_permute_both_fixed_anchor,catalog,rows,all,permute_both_fixed_anchor,rows,all,20,0.036208003907280975,0.012076732025093257,0.030912945402294178,0.041407881576028774
24,3,paired_difference,catalog_minus_permute_both_renormalized,catalog,rows,all,permute_both_renormalized,rows,all,20,0.035699660158779595,0.012257598801293991,0.030517100549066006,0.04089396691986236
24,3,paired_difference,fixed_both_minus_renormalized_both,permute_both_fixed_anchor,rows,all,permute_both_renormalized,rows,all,20,-0.0005083437485013775,0.0014519336590656264,-0.0010962222548206,0.00012467076723698695
24,3,paired_difference,all_minus_exclude_first_row,catalog,rows,all,catalog,rows,exclude_first_row,20,0.0076787135364759,0.0012009895249820476,0.007188581134310309,0.008213155517154885
24,3,paired_difference,all_minus_exclude_first_column,catalog,rows,all,catalog,rows,exclude_first_column,20,0.005770150641764654,0.0016357043007128923,0.005064772087839841,0.006478376592662857
24,3,paired_difference,all_minus_interior,catalog,rows,all,catalog,rows,interior,20,0.012263627656001686,0.0026309915863907533,0.011166219773618044,0.013427105144539164
24,3,paired_difference,catalog_minus_permute_rows_fixed_anchor,catalog,columns,all,permute_rows_fixed_anchor,columns,all,20,0.016321258020464198,0.014614709269910053,0.009766282927807374,0.022057961503217413
24,3,paired_difference,catalog_minus_permute_columns_fixed_anchor,catalog,columns,all,permute_columns_fixed_anchor,columns,all,20,1.1102230246251566e-17,3.417194367755741e-17,0.0,2.7755575615628914e-17
24,3,paired_difference,catalog_minus_permute_both_fixed_anchor,catalog,columns,all,permute_both_fixed_anchor,columns,all,20,0.016321258020464236,0.01461470926991005,0.009685336255985342,0.022127426511258347
24,3,paired_difference,catalog_minus_permute_both_renormalized,catalog,columns,all,permute_both_renormalized,columns,all,20,0.016250434063142062,0.014909687207373795,0.009667991822650782,0.022185995426790946
24,3,paired_difference,fixed_both_minus_renormalized_both,permute_both_fixed_anchor,columns,all,permute_both_renormalized,columns,all,20,-7.082395732217472e-05,0.0011485369345798368,-0.0005609202627154273,0.00041929327634026426
24,3,paired_difference,all_minus_exclude_first_row,catalog,columns,all,catalog,columns,exclude_first_row,20,0.0027875114178070536,0.001820504715395099,0.0019759724839462887,0.0035282207864715366
24,3,paired_difference,all_minus_exclude_first_column,catalog,columns,all,catalog,columns,exclude_first_column,20,0.005733970856940801,0.0012989425034642395,0.005139427916311909,0.006269379767907891
24,3,paired_difference,all_minus_interior,catalog,columns,all,catalog,columns,interior,20,0.007605786084779675,0.002946895890356066,0.0062964575823750285,0.008802683242100966
24,3,paired_difference,row_minus_column_traversal,catalog,rows,all,catalog,columns,all,20,0.019715955930823214,0.025338939585123475,0.009514589383881666,0.03112654189152727
24,3,paired_difference,row_minus_column_traversal,permute_rows_fixed_anchor,rows,all,permute_rows_fixed_anchor,columns,all,20,0.03603721395128741,0.012338751510182287,0.03072462714087757,0.0413131737855097
24,3,paired_difference,row_minus_column_traversal,permute_columns_fixed_anchor,rows,all,permute_columns_fixed_anchor,columns,all,20,-0.016492047976457765,0.014550287596020003,-0.022127004619014717,-0.009927755639171181
24,3,paired_difference,row_minus_column_traversal,permute_both_fixed_anchor,rows,all,permute_both_fixed_anchor,columns,all,20,-0.0001707899559935222,0.001387801985538776,-0.0008019789174139184,0.0003935591864484078
24,3,paired_difference,row_minus_column_traversal,permute_both_renormalized,rows,all,permute_both_renormalized,columns,all,20,0.0002667298351856806,0.0017201864610148071,-0.0004664055999801162,0.001006380516291554
24,4,paired_difference,catalog_minus_permute_rows_fixed_anchor,catalog,rows,all,permute_rows_fixed_anchor,rows,all,20,-5.551115123125783e-18,4.374661331254594e-17,-2.2204460492503132e-17,1.1102230246251566e-17
24,4,paired_difference,catalog_minus_permute_columns_fixed_anchor,catalog,rows,all,permute_columns_fixed_anchor,rows,all,20,0.04066477928939549,0.008197499082391653,0.036998469607835816,0.04402655156093816
24,4,paired_difference,catalog_minus_permute_both_fixed_anchor,catalog,rows,all,permute_both_fixed_anchor,rows,all,20,0.04066477928939549,0.008197499082391644,0.03712862341939747,0.0439924931166916
24,4,paired_difference,catalog_minus_permute_both_renormalized,catalog,rows,all,permute_both_renormalized,rows,all,20,0.040850627615637604,0.008475618237539609,0.03707463305763342,0.04431159728138593
24,4,paired_difference,fixed_both_minus_renormalized_both,permute_both_fixed_anchor,rows,all,permute_both_renormalized,rows,all,20,0.00018584832624211068,0.0015646550645045565,-0.0004702293969346433,0.0008547234651453005
24,4,paired_difference,all_minus_exclude_first_row,catalog,rows,all,catalog,rows,exclude_first_row,20,0.010408593516455917,0.001408384660685197,0.009797826020347986,0.010999435826319221
24,4,paired_difference,all_minus_exclude_first_column,catalog,rows,all,catalog,rows,exclude_first_column,20,-0.001712438452491849,0.0012031033861305432,-0.0022225462038465644,-0.001187904559566905
24,4,paired_difference,all_minus_interior,catalog,rows,all,catalog,rows,interior,20,0.009271885257836437,0.0022502596770482136,0.008275864162104215,0.010195588339181702
24,4,paired_difference,catalog_minus_permute_rows_fixed_anchor,catalog,columns,all,permute_rows_fixed_anchor,columns,all,20,0.03568814714949172,0.012185548946789094,0.030255440167893666,0.040550180867551966
24,4,paired_difference,catalog_minus_permute_columns_fixed_anchor,catalog,columns,all,permute_columns_fixed_anchor,columns,all,20,-1.1102230246251566e-17,3.417194367755741e-17,-2.7755575615628914e-17,0.0
24,4,paired_difference,catalog_minus_permute_both_fixed_anchor,catalog,columns,all,permute_both_fixed_anchor,columns,all,20,0.03568814714949173,0.012185548946789105,0.03007988514685024,0.040623686043047905
24,4,paired_difference,catalog_minus_permute_both_renormalized,catalog,columns,all,permute_both_renormalized,columns,all,20,0.03539359426029054,0.012666753399072124,0.029671207728899324,0.040365847032731446
24,4,paired_difference,fixed_both_minus_renormalized_both,permute_both_fixed_anchor,columns,all,permute_both_renormalized,columns,all,20,-0.0002945528892011884,0.002041533610696027,-0.0011861362854168015,0.0005568278704910794
24,4,paired_difference,all_minus_exclude_first_row,catalog,columns,all,catalog,columns,exclude_first_row,20,0.00065096847541658,0.0011115712371813737,0.00017690591093575794,0.001128346307237564
24,4,paired_difference,all_minus_exclude_first_column,catalog,columns,all,catalog,columns,exclude_first_column,20,0.013415652240538839,0.0015509051291997006,0.012767141808447558,0.014101317547029335
24,4,paired_difference,all_minus_interior,catalog,columns,all,catalog,columns,interior,20,0.01418011202772403,0.0023079908296817267,0.013217287145416751,0.015197101451766731
24,4,paired_difference,row_minus_column_traversal,catalog,rows,all,catalog,columns,all,20,0.005562987282546933,0.018486974453167587,-0.0020384869007288894,0.01362533858496096
24,4,paired_difference,row_minus_column_traversal,permute_rows_fixed_anchor,rows,all,permute_rows_fixed_anchor,columns,all,20,0.041251134432038664,0.008818897777414387,0.037322420378975325,0.0449199146011622
24,4,paired_difference,row_minus_column_traversal,permute_columns_fixed_anchor,rows,all,permute_columns_fixed_anchor,columns,all,20,-0.03510179200684857,0.012860906374684549,-0.04023935433274692,-0.02940085633636787
24,4,paired_difference,row_minus_column_traversal,permute_both_fixed_anchor,rows,all,permute_both_fixed_anchor,columns,all,20,0.000586355142643169,0.0015976259169657272,-9.188329808796248e-05,0.0012618793132955443
24,4,paired_difference,row_minus_column_traversal,permute_both_renormalized,rows,all,permute_both_renormalized,columns,all,20,0.00010595392719986996,0.001851152997919679,-0.0006365160555766544,0.0009284757043410203
24,5,paired_difference,catalog_minus_permute_rows_fixed_anchor,catalog,rows,all,permute_rows_fixed_anchor,rows,all,20,1.6653345369377347e-17,5.4329927771056595e-17,-5.551115123125783e-18,3.8857805861880476e-17
24,5,paired_difference,catalog_minus_permute_columns_fixed_anchor,catalog,rows,all,permute_columns_fixed_anchor,rows,all,20,0.07139769651790913,0.010617361111520758,0.06686658576782356,0.07594024596888613
24,5,paired_difference,catalog_minus_permute_both_fixed_anchor,catalog,rows,all,permute_both_fixed_anchor,rows,all,20,0.07139769651790913,0.010617361111520751,0.06695586412915269,0.0759611292162895
24,5,paired_difference,catalog_minus_permute_both_renormalized,catalog,rows,all,permute_both_renormalized,rows,all,20,0.0719077658165991,0.010368204193919124,0.06749572892454783,0.07629179027263369
24,5,paired_difference,fixed_both_minus_renormalized_both,permute_both_fixed_anchor,rows,all,permute_both_renormalized,rows,all,20,0.0005100692986899691,0.001989129808350971,-0.00024173197484019226,0.0014383826347447142
24,5,paired_difference,all_minus_exclude_first_row,catalog,rows,all,catalog,rows,exclude_first_row,20,0.01678541411408351,0.0008764274701816855,0.016408356830302128,0.017143922796298828
24,5,paired_difference,all_minus_exclude_first_column,catalog,rows,all,catalog,rows,exclude_first_column,20,0.010921522308610482,0.0012346728713355675,0.010399752424231384,0.011447475312450543
24,5,paired_difference,all_minus_interior,catalog,rows,all,catalog,rows,interior,20,0.026709912799241405,0.0012546493347482212,0.02617583631278453,0.027237004085832045
24,5,paired_difference,catalog_minus_permute_rows_fixed_anchor,catalog,columns,all,permute_rows_fixed_anchor,columns,all,20,0.06102881018690087,0.012510335244344549,0.05556435634348532,0.06626138027380073
24,5,paired_difference,catalog_minus_permute_columns_fixed_anchor,catalog,columns,all,permute_columns_fixed_anchor,columns,all,20,5.551115123125783e-18,5.666775776780769e-17,-1.6653345369377347e-17,2.7755575615628914e-17
24,5,paired_difference,catalog_minus_permute_both_fixed_anchor,catalog,columns,all,permute_both_fixed_anchor,columns,all,20,0.06102881018690089,0.01251033524434454,0.055492010684411314,0.06624515920236805
24,5,paired_difference,catalog_minus_permute_both_renormalized,catalog,columns,all,permute_both_renormalized,columns,all,20,0.061275569915035286,0.012492008888005633,0.05593855052805192,0.0664470908946664
24,5,paired_difference,fixed_both_minus_renormalized_both,permute_both_fixed_anchor,columns,all,permute_both_renormalized,columns,all,20,0.0002467597281344047,0.001607226240588129,-0.00042285848596940683,0.000930073921658455
24,5,paired_difference,all_minus_exclude_first_row,catalog,columns,all,catalog,columns,exclude_first_row,20,0.008705169014478537,0.0016464881770733991,0.007997352955372114,0.009387732302602026
24,5,paired_difference,all_minus_exclude_first_column,catalog,columns,all,catalog,columns,exclude_first_column,20,0.01810937481586093,0.000913182869715378,0.01773195165972431,0.018512388948618605
24,5,paired_difference,all_minus_interior,catalog,columns,all,catalog,columns,interior,20,0.025844681666453588,0.0010935936711804206,0.02537683511286568,0.02631389879097629
24,5,paired_difference,row_minus_column_traversal,catalog,rows,all,catalog,columns,all,20,0.010191637175150476,0.018662859537560594,0.0024040864833704827,0.018403676666014175
24,5,paired_difference,row_minus_column_traversal,permute_rows_fixed_anchor,rows,all,permute_rows_fixed_anchor,columns,all,20,0.07122044736205133,0.010674150669926467,0.06674188300873762,0.0758044303647148
24,5,paired_difference,row_minus_column_traversal,permute_columns_fixed_anchor,rows,all,permute_columns_fixed_anchor,columns,all,20,-0.06120605934275865,0.012838142511059759,-0.06669077900190205,-0.05560687272289254
24,5,paired_difference,row_minus_column_traversal,permute_both_fixed_anchor,rows,all,permute_both_fixed_anchor,columns,all,20,-0.00017724915585775602,0.0020118016036769445,-0.0010143018858760748,0.0007190661050720485
24,5,paired_difference,row_minus_column_traversal,permute_both_renormalized,rows,all,permute_both_renormalized,columns,all,20,-0.0004405587264133204,0.002012987236750785,-0.001317211155834357,0.00039937021309984026
24,6,paired_difference,catalog_minus_permute_rows_fixed_anchor,catalog,rows,all,permute_rows_fixed_anchor,rows,all,20,-1.1102230246251566e-17,4.965068306494546e-17,-3.3306690738754695e-17,1.1102230246251566e-17
24,6,paired_difference,catalog_minus_permute_columns_fixed_anchor,catalog,rows,all,permute_columns_fixed_anchor,rows,all,20,0.06470134844094616,0.012468738530568933,0.059302678306541554,0.06991610539811526
24,6,paired_difference,catalog_minus_permute_both_fixed_anchor,catalog,rows,all,permute_both_fixed_anchor,rows,all,20,0.06470134844094617,0.012468738530568953,0.05921403677497681,0.06988602818768404
24,6,paired_difference,catalog_minus_permute_both_renormalized,catalog,rows,all,permute_both_renormalized,rows,all,20,0.0646552362520921,0.012104488624238052,0.05937439362763472,0.06984599408934841
24,6,paired_difference,fixed_both_minus_renormalized_both,permute_both_fixed_anchor,rows,all,permute_both_renormalized,rows,all,20,-4.611218885404722e-05,0.002263066361830652,-0.0010177891927441226,0.0009524042395040841
24,6,paired_difference,all_minus_exclude_first_row,catalog,rows,all,catalog,rows,exclude_first_row,20,0.014670789669723105,0.0010201016536669494,0.01423186001317658,0.015101907438397016
24,6,paired_difference,all_minus_exclude_first_column,catalog,rows,all,catalog,rows,exclude_first_column,20,-0.009909244811598689,0.002463165966951931,-0.010937863901542307,-0.008867923217033747
24,6,paired_difference,all_minus_interior,catalog,rows,all,catalog,rows,interior,20,0.007817903042790564,0.0028464760653277624,0.006603634422731622,0.009014375123211479
24,6,paired_difference,catalog_minus_permute_rows_fixed_anchor,catalog,columns,all,permute_rows_fixed_anchor,columns,all,20,0.05761214565400426,0.014068567254093695,0.051553995053336944,0.06353502354457256
24,6,paired_difference,catalog_minus_permute_columns_fixed_anchor,catalog,columns,all,permute_columns_fixed_anchor,columns,all,20,-1.1102230246251566e-17,3.417194367755741e-17,-2.7755575615628914e-17,0.0
24,6,paired_difference,catalog_minus_permute_both_fixed_anchor,catalog,columns,all,permute_both_fixed_anchor,columns,all,20,0.05761214565400426,0.014068567254093679,0.05142773819408184,0.06354889861318795
24,6,paired_difference,catalog_minus_permute_both_renormalized,catalog,columns,all,permute_both_renormalized,columns,all,20,0.05816991755257554,0.014380732793094942,0.0519036784372152,0.06424492581987291
24,6,paired_difference,fixed_both_minus_renormalized_both,permute_both_fixed_anchor,columns,all,permute_both_renormalized,columns,all,20,0.0005577718985712965,0.0023234431050088338,-0.0003495814756172337,0.0016062616315262186
24,6,paired_difference,all_minus_exclude_first_row,catalog,columns,all,catalog,columns,exclude_first_row,20,-0.007549327884680901,0.0038249810067248332,-0.009064002410361033,-0.005877019150457567
24,6,paired_difference,all_minus_exclude_first_column,catalog,columns,all,catalog,columns,exclude_first_column,20,0.016071259098787222,0.0013869539173003646,0.015500292030144846,0.016688485567778123
24,6,paired_difference,all_minus_interior,catalog,columns,all,catalog,columns,interior,20,0.011438049611735123,0.004742750300796568,0.009558088879585513,0.013603822251528933
24,6,paired_difference,row_minus_column_traversal,catalog,rows,all,catalog,columns,all,20,0.006158038003500799,0.013437539883392888,0.0006223455447362745,0.01207634592487198
24,6,paired_difference,row_minus_column_traversal,permute_rows_fixed_anchor,rows,all,permute_rows_fixed_anchor,columns,all,20,0.06377018365750506,0.01181016421307473,0.05864740699129784,0.0687407919477789
24,6,paired_difference,row_minus_column_traversal,permute_columns_fixed_anchor,rows,all,permute_columns_fixed_anchor,columns,all,20,-0.05854331043744537,0.014359596937722804,-0.06456106310012343,-0.05223162453433168
24,6,paired_difference,row_minus_column_traversal,permute_both_fixed_anchor,rows,all,permute_both_fixed_anchor,columns,all,20,-0.0009311647834411186,0.0025595135559720295,-0.002066227654218067,0.00013132424371783922
24,6,paired_difference,row_minus_column_traversal,permute_both_renormalized,rows,all,permute_both_renormalized,columns,all,20,-0.0003272806960157748,0.0024421184797479385,-0.0013825226069493204,0.0006667588407986762
24,7,paired_difference,catalog_minus_permute_rows_fixed_anchor,catalog,rows,all,permute_rows_fixed_anchor,rows,all,20,-5.551115123125783e-18,6.71468790380047e-17,-3.3306690738754695e-17,2.2204460492503132e-17
24,7,paired_difference,catalog_minus_permute_columns_fixed_anchor,catalog,rows,all,permute_columns_fixed_anchor,rows,all,20,0.12123385464553875,0.01947517379036218,0.11279943575552227,0.1298004968414524
24,7,paired_difference,catalog_minus_permute_both_fixed_anchor,catalog,rows,all,permute_both_fixed_anchor,rows,all,20,0.12123385464553874,0.019475173790362198,0.11301726692408892,0.12938420047203011
24,7,paired_difference,catalog_minus_permute_both_renormalized,catalog,rows,all,permute_both_renormalized,rows,all,20,0.12059876185084577,0.019108862410927796,0.11238296901562933,0.12875903236975006
24,7,paired_difference,fixed_both_minus_renormalized_both,permute_both_fixed_anchor,rows,all,permute_both_renormalized,rows,all,20,-0.000635092794692943,0.0032148379615959794,-0.00204755502941764,0.0007126163051129734
24,7,paired_difference,all_minus_exclude_first_row,catalog,rows,all,catalog,rows,exclude_first_row,20,0.019398711778342327,0.0009179826227518407,0.019005578966591566,0.01980098319022763
24,7,paired_difference,all_minus_exclude_first_column,catalog,rows,all,catalog,rows,exclude_first_column,20,0.009084791122985058,0.002348491930603867,0.008055832492303362,0.010074849461845028
24,7,paired_difference,all_minus_interior,catalog,rows,all,catalog,rows,interior,20,0.028519344812186785,0.001898547547494838,0.02768070068507198,0.029316450531429384
24,7,paired_difference,catalog_minus_permute_rows_fixed_anchor,catalog,columns,all,permute_rows_fixed_anchor,columns,all,20,0.10366962469389271,0.021383084721006806,0.09441431904903225,0.11250431745960915
24,7,paired_difference,catalog_minus_permute_columns_fixed_anchor,catalog,columns,all,permute_columns_fixed_anchor,columns,all,20,-1.6653345369377347e-17,5.432992777105659e-17,-3.8857805861880476e-17,5.551115123125783e-18
24,7,paired_difference,catalog_minus_permute_both_fixed_anchor,catalog,columns,all,permute_both_fixed_anchor,columns,all,20,0.10366962469389271,0.021383084721006803,0.09414169671692052,0.11245166391669531
24,7,paired_difference,catalog_minus_permute_both_renormalized,catalog,columns,all,permute_both_renormalized,columns,all,20,0.10414825544991876,0.020562644633444378,0.0951447404351762,0.11257112047547067
24,7,paired_difference,fixed_both_minus_renormalized_both,permute_both_fixed_anchor,columns,all,permute_both_renormalized,columns,all,20,0.000478630756026055,0.0024631908834269202,-0.0005526142576814454,0.00157372412528884
24,7,paired_difference,all_minus_exclude_first_row,catalog,columns,all,catalog,columns,exclude_first_row,20,0.004739159012548499,0.0024665737788843603,0.003715621553134388,0.005804844275815501
24,7,paired_difference,all_minus_exclude_first_column,catalog,columns,all,catalog,columns,exclude_first_column,20,0.020211235408655676,0.001016547340288886,0.019785667802173168,0.020665270263560256
24,7,paired_difference,all_minus_interior,catalog,columns,all,catalog,columns,interior,20,0.024641637267674453,0.0022245563206691452,0.02371748588949675,0.025602429952330946
24,7,paired_difference,row_minus_column_traversal,catalog,rows,all,catalog,columns,all,20,0.016440318278411054,0.030108971926198023,0.004294872817990861,0.029530323318574473
24,7,paired_difference,row_minus_column_traversal,permute_rows_fixed_anchor,rows,all,permute_rows_fixed_anchor,columns,all,20,0.12010994297230375,0.018913937075105573,0.11199178363378179,0.12820309660532728
24,7,paired_difference,row_minus_column_traversal,permute_columns_fixed_anchor,rows,all,permute_columns_fixed_anchor,columns,all,20,-0.10479353636712771,0.021192994991797443,-0.11374611342607797,-0.09553157395961212
24,7,paired_difference,row_minus_column_traversal,permute_both_fixed_anchor,rows,all,permute_both_fixed_anchor,columns,all,20,-0.001123911673234984,0.0027299284353182528,-0.002311258570345117,4.069465664189232e-05
24,7,paired_difference,row_minus_column_traversal,permute_both_renormalized,rows,all,permute_both_renormalized,columns,all,20,-1.0188122515986109e-05,0.0028686140333574347,-0.001155580681560662,0.0012586710848940896
24,8,paired_difference,catalog_minus_permute_rows_fixed_anchor,catalog,rows,all,permute_rows_fixed_anchor,rows,all,20,1.6653345369377347e-17,9.715494852129642e-17,-2.2204460492503132e-17,6.106226635438361e-17
24,8,paired_difference,catalog_minus_permute_columns_fixed_anchor,catalog,rows,all,permute_columns_fixed_anchor,rows,all,20,0.1336048196469008,0.019708000483250956,0.12497840591880834,0.1418555511206222
24,8,paired_difference,catalog_minus_permute_both_fixed_anchor,catalog,rows,all,permute_both_fixed_anchor,rows,all,20,0.13360481964690082,0.01970800048325095,0.12506178409375315,0.14193286733445434
24,8,paired_difference,catalog_minus_permute_both_renormalized,catalog,rows,all,permute_both_renormalized,rows,all,20,0.13321463368606845,0.01990619350542953,0.12457538321264462,0.14171416484625235
24,8,paired_difference,fixed_both_minus_renormalized_both,permute_both_fixed_anchor,rows,all,permute_both_renormalized,rows,all,20,-0.00039018596083239545,0.002997681032554123,-0.0016595169809691466,0.0008610710000162302
24,8,paired_difference,all_minus_exclude_first_row,catalog,rows,all,catalog,rows,exclude_first_row,20,0.01885079343528831,0.0009979711411287956,0.018428365554074715,0.019284456566419587
24,8,paired_difference,all_minus_exclude_first_column,catalog,rows,all,catalog,rows,exclude_first_column,20,-0.0035270066254945998,0.002665593667003699,-0.004606306549730807,-0.0023664367763176664
24,8,paired_difference,all_minus_interior,catalog,rows,all,catalog,rows,interior,20,0.014592358854473585,0.0033931518691758594,0.013122952300400312,0.016074878924088678
24,8,paired_difference,catalog_minus_permute_rows_fixed_anchor,catalog,columns,all,permute_rows_fixed_anchor,columns,all,20,0.12616808549480324,0.020953998279391463,0.11703875898688562,0.13480638812308623
24,8,paired_difference,catalog_minus_permute_columns_fixed_anchor,catalog,columns,all,permute_columns_fixed_anchor,columns,all,20,-1.6653345369377347e-17,5.4329927771056595e-17,-3.8857805861880476e-17,5.551115123125783e-18
24,8,paired_difference,catalog_minus_permute_both_fixed_anchor,catalog,columns,all,permute_both_fixed_anchor,columns,all,20,0.12616808549480324,0.020953998279391463,0.11680709077493612,0.13483147089915679
24,8,paired_difference,catalog_minus_permute_both_renormalized,catalog,columns,all,permute_both_renormalized,columns,all,20,0.12633345175480426,0.02017220749617371,0.11765081166834808,0.13478842285964981
24,8,paired_difference,fixed_both_minus_renormalized_both,permute_both_fixed_anchor,columns,all,permute_both_renormalized,columns,all,20,0.00016536626000100972,0.003120522820425458,-0.0011543961914028914,0.0014697329374307334
24,8,paired_difference,all_minus_exclude_first_row,catalog,columns,all,catalog,columns,exclude_first_row,20,0.0004698362896989383,0.0023593190214355932,-0.0004486045276189157,0.0015618558068785425
24,8,paired_difference,all_minus_exclude_first_column,catalog,columns,all,catalog,columns,exclude_first_column,20,0.01908106263720342,0.0009673635507475743,0.018678879660627656,0.01949660832899348
24,8,paired_difference,all_minus_interior,catalog,columns,all,catalog,columns,interior,20,0.01893057317860744,0.0029778652637002046,0.017753545474510083,0.02026689638413927
24,8,paired_difference,row_minus_column_traversal,catalog,rows,all,catalog,columns,all,20,0.006449013174874363,0.025695639041281627,-0.004071941120108518,0.01770160085557118
24,8,paired_difference,row_minus_column_traversal,permute_rows_fixed_anchor,rows,all,permute_rows_fixed_anchor,columns,all,20,0.13261709866967758,0.01866904423138655,0.12443053563065629,0.14042483255696442
24,8,paired_difference,row_minus_column_traversal,permute_columns_fixed_anchor,rows,all,permute_columns_fixed_anchor,columns,all,20,-0.12715580647202646,0.02108735121565591,-0.1359906414836468,-0.1180178166522958
24,8,paired_difference,row_minus_column_traversal,permute_both_fixed_anchor,rows,all,permute_both_fixed_anchor,columns,all,20,-0.0009877209772232221,0.0028289435257462755,-0.002195625662630039,0.0002080670653768697
24,8,paired_difference,row_minus_column_traversal,permute_both_renormalized,rows,all,permute_both_renormalized,columns,all,20,-0.0004321687563898169,0.0030635904422382514,-0.001712219842889632,0.000899196394934324
24,9,paired_difference,catalog_minus_permute_rows_fixed_anchor,catalog,rows,all,permute_rows_fixed_anchor,rows,all,20,0.0,4.027202183454268e-17,-1.6653345369377347e-17,1.6653345369377347e-17
24,9,paired_difference,catalog_minus_permute_columns_fixed_anchor,catalog,rows,all,permute_columns_fixed_anchor,rows,all,20,0.17395389483935123,0.027964171826057066,0.16168469208839834,0.18580801472895817
24,9,paired_difference,catalog_minus_permute_both_fixed_anchor,catalog,rows,all,permute_both_fixed_anchor,rows,all,20,0.17395389483935117,0.027964171826057073,0.16196731212572316,0.18599234306068788
24,9,paired_difference,catalog_minus_permute_both_renormalized,catalog,rows,all,permute_both_renormalized,rows,all,20,0.1731514295155971,0.026132013569907773,0.16220575512460764,0.18413683157107721
24,9,paired_difference,fixed_both_minus_renormalized_both,permute_both_fixed_anchor,rows,all,permute_both_renormalized,rows,all,20,-0.0008024653237541146,0.004450742309975819,-0.0027006198653853368,0.0011466296210476366
24,9,paired_difference,all_minus_exclude_first_row,catalog,rows,all,catalog,rows,exclude_first_row,20,0.016571110912599003,0.0013549931468997633,0.015990822455211686,0.017154762565300217
24,9,paired_difference,all_minus_exclude_first_column,catalog,rows,all,catalog,rows,exclude_first_column,20,0.008822176558355276,0.0032926623010422224,0.007447463766198354,0.010251435124016531
24,9,paired_difference,all_minus_interior,catalog,rows,all,catalog,rows,interior,20,0.024906970758611084,0.003312631196209134,0.02352483220506552,0.026345033254945964
24,9,paired_difference,catalog_minus_permute_rows_fixed_anchor,catalog,columns,all,permute_rows_fixed_anchor,columns,all,20,0.16397285794078878,0.02668925475568426,0.15223854363420333,0.1752702499369094
24,9,paired_difference,catalog_minus_permute_columns_fixed_anchor,catalog,columns,all,permute_columns_fixed_anchor,columns,all,20,2.2204460492503132e-17,4.185191276457067e-17,5.551115123125783e-18,4.163336342344337e-17
24,9,paired_difference,catalog_minus_permute_both_fixed_anchor,catalog,columns,all,permute_both_fixed_anchor,columns,all,20,0.16397285794078872,0.02668925475568429,0.1521272797854937,0.17513975574648044
24,9,paired_difference,catalog_minus_permute_both_renormalized,catalog,columns,all,permute_both_renormalized,columns,all,20,0.16436839258640507,0.026959133900824692,0.1531920140756108,0.1759240368913255
24,9,paired_difference,fixed_both_minus_renormalized_both,permute_both_fixed_anchor,columns,all,permute_both_renormalized,columns,all,20,0.00039553464561630224,0.003811511959266928,-0.001251512026389009,0.0020430408340983155
24,9,paired_difference,all_minus_exclude_first_row,catalog,columns,all,catalog,columns,exclude_first_row,20,0.010370606310343736,0.002643390553507989,0.009201920716804845,0.01143057443907499
24,9,paired_difference,all_minus_exclude_first_column,catalog,columns,all,catalog,columns,exclude_first_column,20,0.016864837887655224,0.0012704296906732983,0.016331541647272844,0.017414728922814916
24,9,paired_difference,all_minus_interior,catalog,columns,all,catalog,columns,interior,20,0.026730605764137928,0.0035583045674836074,0.025220244707584695,0.028237619561297545
24,9,paired_difference,row_minus_column_traversal,catalog,rows,all,catalog,columns,all,20,0.007702604426541479,0.029410310536806806,-0.004955731857855264,0.02077382657484992
24,9,paired_difference,row_minus_column_traversal,permute_rows_fixed_anchor,rows,all,permute_rows_fixed_anchor,columns,all,20,0.17167546236733022,0.026213918542665755,0.16055420293033978,0.1827477439012579
24,9,paired_difference,row_minus_column_traversal,permute_columns_fixed_anchor,rows,all,permute_columns_fixed_anchor,columns,all,20,-0.16625129041280973,0.027601491869549362,-0.17757697475278,-0.15445011034933895
24,9,paired_difference,row_minus_column_traversal,permute_both_fixed_anchor,rows,all,permute_both_fixed_anchor,columns,all,20,-0.0022784324720209748,0.004655133249298478,-0.004357785936395331,-0.0003933418849835877
24,9,paired_difference,row_minus_column_traversal,permute_both_renormalized,rows,all,permute_both_renormalized,columns,all,20,-0.001080432502650558,0.00400872191199111,-0.002823430242855801,0.0005716142580096835
24,10,paired_difference,catalog_minus_permute_rows_fixed_anchor,catalog,rows,all,permute_rows_fixed_anchor,rows,all,20,-2.7755575615628915e-18,3.357343951900235e-17,-1.6653345369377347e-17,1.1102230246251566e-17
24,10,paired_difference,catalog_minus_permute_columns_fixed_anchor,catalog,rows,all,permute_columns_fixed_anchor,rows,all,20,0.20573297400438748,0.029516000196233752,0.19332933639266817,0.2182392152227101
24,10,paired_difference,catalog_minus_permute_both_fixed_anchor,catalog,rows,all,permute_both_fixed_anchor,rows,all,20,0.20573297400438745,0.029516000196233745,0.1929454489333919,0.21838263330247898
24,10,paired_difference,catalog_minus_permute_both_renormalized,catalog,rows,all,permute_both_renormalized,rows,all,20,0.20354265718519304,0.02692932343862172,0.19214548662648143,0.21499317613126706
24,10,paired_difference,fixed_both_minus_renormalized_both,permute_both_fixed_anchor,rows,all,permute_both_renormalized,rows,all,20,-0.0021903168191944157,0.007404527363566738,-0.005249454986499382,0.0010303592728616372
24,10,paired_difference,all_minus_exclude_first_row,catalog,rows,all,catalog,rows,exclude_first_row,20,0.014671896119217778,0.0015272342179077942,0.014034624641762554,0.015307935624271683
24,10,paired_difference,all_minus_exclude_first_column,catalog,rows,all,catalog,rows,exclude_first_column,20,-0.0031969152605536622,0.0040956957958484435,-0.005003942666840367,-0.0013751624911126571
24,10,paired_difference,all_minus_interior,catalog,rows,all,catalog,rows,interior,20,0.009775124766832618,0.005128520580398874,0.007557668398055245,0.01197622560448589
24,10,paired_difference,catalog_minus_permute_rows_fixed_anchor,catalog,columns,all,permute_rows_fixed_anchor,columns,all,20,0.1903697605677045,0.03507076926240754,0.1753918364638338,0.205064457460384
24,10,paired_difference,catalog_minus_permute_columns_fixed_anchor,catalog,columns,all,permute_columns_fixed_anchor,columns,all,20,8.326672684688674e-18,4.1364679480049e-17,-8.326672684688674e-18,2.7755575615628914e-17
24,10,paired_difference,catalog_minus_permute_both_fixed_anchor,catalog,columns,all,permute_both_fixed_anchor,columns,all,20,0.19036976056770447,0.035070769262407535,0.1750679457895812,0.2049949212118206
24,10,paired_difference,catalog_minus_permute_both_renormalized,catalog,columns,all,permute_both_renormalized,columns,all,20,0.19198923275311827,0.03436259852031648,0.17658074444656258,0.20634223696059284
24,10,paired_difference,fixed_both_minus_renormalized_both,permute_both_fixed_anchor,columns,all,permute_both_renormalized,columns,all,20,0.001619472185413795,0.005274843314865426,-0.0005680391375526186,0.003957092808988495
24,10,paired_difference,all_minus_exclude_first_row,catalog,columns,all,catalog,columns,exclude_first_row,20,0.0006664673469717914,0.0036542374414611626,-0.0008583448083478391,0.0023078953525838748
24,10,paired_difference,all_minus_exclude_first_column,catalog,columns,all,catalog,columns,exclude_first_column,20,0.015173190151872346,0.001647272011769717,0.014476050110050431,0.015897652462641042
24,10,paired_difference,all_minus_interior,catalog,columns,all,catalog,columns,interior,20,0.014197561902596903,0.004200682049770497,0.012535514332003938,0.01609590728074277
24,10,paired_difference,row_minus_column_traversal,catalog,rows,all,catalog,columns,all,20,0.011675116318540221,0.03141209070406082,-0.0012025995137810261,0.025188233026411853
24,10,paired_difference,row_minus_column_traversal,permute_rows_fixed_anchor,rows,all,permute_rows_fixed_anchor,columns,all,20,0.2020448768862447,0.02658977327510104,0.19100758419050723,0.21336802739622418
24,10,paired_difference,row_minus_column_traversal,permute_columns_fixed_anchor,rows,all,permute_columns_fixed_anchor,columns,all,20,-0.19405785768584727,0.03690418819042684,-0.20955701287295309,-0.17776221085469263
24,10,paired_difference,row_minus_column_traversal,permute_both_fixed_anchor,rows,all,permute_both_fixed_anchor,columns,all,20,-0.0036880971181427634,0.006825122523969961,-0.0067235158887447586,-0.000918164153261241
24,10,paired_difference,row_minus_column_traversal,permute_both_renormalized,rows,all,permute_both_renormalized,columns,all,20,0.00012169188646544704,0.007046464865595193,-0.0030885301612027646,0.002905319317574532
24,11,paired_difference,catalog_minus_permute_rows_fixed_anchor,catalog,rows,all,permute_rows_fixed_anchor,rows,all,20,5.551115123125783e-18,2.4825341532472726e-17,-5.551115123125783e-18,1.6653345369377347e-17
24,11,paired_difference,catalog_minus_permute_columns_fixed_anchor,catalog,rows,all,permute_columns_fixed_anchor,rows,all,20,0.28669008489563946,0.03266894076797239,0.27290405247708355,0.3009204675902456
24,11,paired_difference,catalog_minus_permute_both_fixed_anchor,catalog,rows,all,permute_both_fixed_anchor,rows,all,20,0.28669008489563946,0.03266894076797239,0.2728758938347254,0.30083532927576395
24,11,paired_difference,catalog_minus_permute_both_renormalized,catalog,rows,all,permute_both_renormalized,rows,all,20,0.28333029792023995,0.030816055302827022,0.2701709698375874,0.2966979214204868
24,11,paired_difference,fixed_both_minus_renormalized_both,permute_both_fixed_anchor,rows,all,permute_both_renormalized,rows,all,20,-0.0033597869753994756,0.009017497301150706,-0.0071627425919051175,0.000477563947492025
24,11,paired_difference,all_minus_exclude_first_row,catalog,rows,all,catalog,rows,exclude_first_row,20,0.012533836621755706,0.0015671193874306761,0.011866392018558429,0.013219695223425138
24,11,paired_difference,all_minus_exclude_first_column,catalog,rows,all,catalog,rows,exclude_first_column,20,0.021927769954943527,0.002101588188100137,0.021059027365500825,0.022869321505490363
24,11,paired_difference,all_minus_interior,catalog,rows,all,catalog,rows,interior,20,0.03197387538737877,0.0023813215997033634,0.030969501684415646,0.033022852937881486
24,11,paired_difference,catalog_minus_permute_rows_fixed_anchor,catalog,columns,all,permute_rows_fixed_anchor,columns,all,20,0.27218981013231847,0.030739536554423814,0.2587923555548733,0.28505764811719275
24,11,paired_difference,catalog_minus_permute_columns_fixed_anchor,catalog,columns,all,permute_columns_fixed_anchor,columns,all,20,2.7755575615628915e-18,3.8099120589122326e-17,-1.3877787807814457e-17,1.9428902930940238e-17
24,11,paired_difference,catalog_minus_permute_both_fixed_anchor,catalog,columns,all,permute_both_fixed_anchor,columns,all,20,0.27218981013231847,0.030739536554423824,0.25906350536641193,0.2852000546755878
24,11,paired_difference,catalog_minus_permute_both_renormalized,catalog,columns,all,permute_both_renormalized,columns,all,20,0.2734583261038443,0.03276397202374592,0.259091949769007,0.2875908585407369
24,11,paired_difference,fixed_both_minus_renormalized_both,permute_both_fixed_anchor,columns,all,permute_both_renormalized,columns,all,20,0.0012685159715258465,0.007199318177604542,-0.0017365084453353913,0.004386142716200307
24,11,paired_difference,all_minus_exclude_first_row,catalog,columns,all,catalog,columns,exclude_first_row,20,0.021674750412641476,0.002996685136049117,0.0204161621719615,0.022959932478396505
24,11,paired_difference,all_minus_exclude_first_column,catalog,columns,all,catalog,columns,exclude_first_column,20,0.01212311696985216,0.0017593661523758303,0.011354339560335604,0.012872257265189258
24,11,paired_difference,all_minus_interior,catalog,columns,all,catalog,columns,interior,20,0.030576119822179913,0.0031330455631463873,0.029265894224086292,0.03195445938493683
24,11,paired_difference,row_minus_column_traversal,catalog,rows,all,catalog,columns,all,20,0.00944129421492639,0.027952624122029843,-0.0020193774339851843,0.021347852652496745
24,11,paired_difference,row_minus_column_traversal,permute_rows_fixed_anchor,rows,all,permute_rows_fixed_anchor,columns,all,20,0.2816311043472449,0.02863527215391739,0.26991467064610564,0.2940529068786422
24,11,paired_difference,row_minus_column_traversal,permute_columns_fixed_anchor,rows,all,permute_columns_fixed_anchor,columns,all,20,-0.2772487906807131,0.03461945704383354,-0.291996124283127,-0.26262661705369383
24,11,paired_difference,row_minus_column_traversal,permute_both_fixed_anchor,rows,all,permute_both_fixed_anchor,columns,all,20,-0.005058980548394593,0.007868423001242377,-0.008479116449666601,-0.0017092484873499297
24,11,paired_difference,row_minus_column_traversal,permute_both_renormalized,rows,all,permute_both_renormalized,columns,all,20,-0.00043067760146927035,0.009097384770798607,-0.004395240372063149,0.0033854984669705102
24,12,paired_difference,catalog_minus_permute_rows_fixed_anchor,catalog,rows,all,permute_rows_fixed_anchor,rows,all,20,0.0,0.0,0.0,0.0
24,12,paired_difference,catalog_minus_permute_columns_fixed_anchor,catalog,rows,all,permute_columns_fixed_anchor,rows,all,20,0.32578288956762125,0.03190002523971463,0.3123237659609141,0.33972251842246526
24,12,paired_difference,catalog_minus_permute_both_fixed_anchor,catalog,rows,all,permute_both_fixed_anchor,rows,all,20,0.32578288956762125,0.03190002523971463,0.31264219318058545,0.33951222575448636
24,12,paired_difference,catalog_minus_permute_both_renormalized,catalog,rows,all,permute_both_renormalized,rows,all,20,0.32092243815063026,0.03091427949268487,0.3082871040922156,0.33419196387695704
24,12,paired_difference,fixed_both_minus_renormalized_both,permute_both_fixed_anchor,rows,all,permute_both_renormalized,rows,all,20,-0.004860451416990996,0.01100299173551559,-0.009600193816945124,-0.00017351799019302985
24,12,paired_difference,all_minus_exclude_first_row,catalog,rows,all,catalog,rows,exclude_first_row,20,0.00892950452521161,0.0019235658614857596,0.00811412340554022,0.009786841211344216
24,12,paired_difference,all_minus_exclude_first_column,catalog,rows,all,catalog,rows,exclude_first_column,20,-0.0345780077799049,0.006000156847282341,-0.037062727707840984,-0.03199632403415691
24,12,paired_difference,all_minus_interior,catalog,rows,all,catalog,rows,interior,20,-0.01787862649296139,0.006460229266821596,-0.020553821121747085,-0.014996612866712456
24,12,paired_difference,catalog_minus_permute_rows_fixed_anchor,catalog,columns,all,permute_rows_fixed_anchor,columns,all,20,0.3175386493176685,0.029616999502984093,0.3047396573608631,0.3301870700841788
24,12,paired_difference,catalog_minus_permute_columns_fixed_anchor,catalog,columns,all,permute_columns_fixed_anchor,columns,all,20,1.1102230246251566e-17,3.862756636432758e-17,0.0,3.053113317719181e-17
24,12,paired_difference,catalog_minus_permute_both_fixed_anchor,catalog,columns,all,permute_both_fixed_anchor,columns,all,20,0.3175386493176685,0.029616999502984083,0.30521798893577745,0.33029806898720815
24,12,paired_difference,catalog_minus_permute_both_renormalized,catalog,columns,all,permute_both_renormalized,columns,all,20,0.314967433143039,0.031849701444781345,0.30126690576920584,0.32831480149509235
24,12,paired_difference,fixed_both_minus_renormalized_both,permute_both_fixed_anchor,columns,all,permute_both_renormalized,columns,all,20,-0.0025712161746294926,0.010615240237655702,-0.007201004719433187,0.001770067220602802
24,12,paired_difference,all_minus_exclude_first_row,catalog,columns,all,catalog,columns,exclude_first_row,20,-0.03382297529330255,0.003646760070212751,-0.0354022949715998,-0.03226849710285132
24,12,paired_difference,all_minus_exclude_first_column,catalog,columns,all,catalog,columns,exclude_first_column,20,0.0075286930774125516,0.002054521112182509,0.006618870631959413,0.00837967883217659
24,12,paired_difference,all_minus_interior,catalog,columns,all,catalog,columns,interior,20,-0.01694735172868626,0.004837892312588022,-0.01903221666771288,-0.014894456810683694
24,12,paired_difference,row_minus_column_traversal,catalog,rows,all,catalog,columns,all,20,0.003298539899871877,0.028262890366540065,-0.00844736645847363,0.015110996998344093
24,12,paired_difference,row_minus_column_traversal,permute_rows_fixed_anchor,rows,all,permute_rows_fixed_anchor,columns,all,20,0.32083718921754034,0.02793418480909635,0.3090944235862287,0.3328431028576818
24,12,paired_difference,row_minus_column_traversal,permute_columns_fixed_anchor,rows,all,permute_columns_fixed_anchor,columns,all,20,-0.3224843496677494,0.03227774984361081,-0.3362612023639427,-0.308985006632788
24,12,paired_difference,row_minus_column_traversal,permute_both_fixed_anchor,rows,all,permute_both_fixed_anchor,columns,all,20,-0.0049457003500809615,0.009781538012096722,-0.009024915779175758,-0.0006980771287862573
24,12,paired_difference,row_minus_column_traversal,permute_both_renormalized,rows,all,permute_both_renormalized,columns,all,20,-0.0026564651077194577,0.009110099053777205,-0.006366206658168287,0.0014472943678063572
28,1,paired_difference,catalog_minus_permute_rows_fixed_anchor,catalog,rows,all,permute_rows_fixed_anchor,rows,all,20,0.0,0.0,0.0,0.0
28,1,paired_difference,catalog_minus_permute_columns_fixed_anchor,catalog,rows,all,permute_columns_fixed_anchor,rows,all,20,0.0,0.0,0.0,0.0
28,1,paired_difference,catalog_minus_permute_both_fixed_anchor,catalog,rows,all,permute_both_fixed_anchor,rows,all,20,0.0,0.0,0.0,0.0
28,1,paired_difference,catalog_minus_permute_both_renormalized,catalog,rows,all,permute_both_renormalized,rows,all,20,0.0,0.0,0.0,0.0
28,1,paired_difference,fixed_both_minus_renormalized_both,permute_both_fixed_anchor,rows,all,permute_both_renormalized,rows,all,20,0.0,0.0,0.0,0.0
28,1,paired_difference,all_minus_exclude_first_row,catalog,rows,all,catalog,rows,exclude_first_row,20,-0.001371115058850242,5.666782764100602e-17,-0.0013711150588502697,-0.0013711150588502196
28,1,paired_difference,all_minus_exclude_first_column,catalog,rows,all,catalog,rows,exclude_first_column,20,0.0,0.0,0.0,0.0
28,1,paired_difference,all_minus_interior,catalog,rows,all,catalog,rows,interior,20,-0.001425909593800262,4.932295220242625e-17,-0.0014259095938002786,-0.0014259095938002398
28,1,paired_difference,catalog_minus_permute_rows_fixed_anchor,catalog,columns,all,permute_rows_fixed_anchor,columns,all,20,0.0,0.0,0.0,0.0
28,1,paired_difference,catalog_minus_permute_columns_fixed_anchor,catalog,columns,all,permute_columns_fixed_anchor,columns,all,20,0.0,0.0,0.0,0.0
28,1,paired_difference,catalog_minus_permute_both_fixed_anchor,catalog,columns,all,permute_both_fixed_anchor,columns,all,20,0.0,0.0,0.0,0.0
28,1,paired_difference,catalog_minus_permute_both_renormalized,catalog,columns,all,permute_both_renormalized,columns,all,20,0.0,0.0,0.0,0.0
28,1,paired_difference,fixed_both_minus_renormalized_both,permute_both_fixed_anchor,columns,all,permute_both_renormalized,columns,all,20,0.0,0.0,0.0,0.0
28,1,paired_difference,all_minus_exclude_first_row,catalog,columns,all,catalog,columns,exclude_first_row,20,0.0,0.0,0.0,0.0
28,1,paired_difference,all_minus_exclude_first_column,catalog,columns,all,catalog,columns,exclude_first_column,20,-0.0013711150588502862,5.666782764100602e-17,-0.0013711150588503085,-0.001371115058850264
28,1,paired_difference,all_minus_interior,catalog,columns,all,catalog,columns,interior,20,-0.0014259095938003064,4.06727726774888e-17,-0.001425909593800323,-0.0014259095938002897
28,1,paired_difference,row_minus_column_traversal,catalog,rows,all,catalog,columns,all,20,0.0,0.0,0.0,0.0
28,1,paired_difference,row_minus_column_traversal,permute_rows_fixed_anchor,rows,all,permute_rows_fixed_anchor,columns,all,20,0.0,0.0,0.0,0.0
28,1,paired_difference,row_minus_column_traversal,permute_columns_fixed_anchor,rows,all,permute_columns_fixed_anchor,columns,all,20,0.0,0.0,0.0,0.0
28,1,paired_difference,row_minus_column_traversal,permute_both_fixed_anchor,rows,all,permute_both_fixed_anchor,columns,all,20,0.0,0.0,0.0,0.0
28,1,paired_difference,row_minus_column_traversal,permute_both_renormalized,rows,all,permute_both_renormalized,columns,all,20,0.0,0.0,0.0,0.0
28,2,paired_difference,catalog_minus_permute_rows_fixed_anchor,catalog,rows,all,permute_rows_fixed_anchor,rows,all,20,-1.1102230246251566e-17,1.0745915729992585e-16,-5.551115123125783e-17,3.3306690738754695e-17
28,2,paired_difference,catalog_minus_permute_columns_fixed_anchor,catalog,rows,all,permute_columns_fixed_anchor,rows,all,20,0.0014608058519064548,0.00021418795303203026,0.0013661928183326731,0.0015495384610397197
28,2,paired_difference,catalog_minus_permute_both_fixed_anchor,catalog,rows,all,permute_both_fixed_anchor,rows,all,20,0.0014608058519064715,0.0002141879530320232,0.0013664490099800897,0.0015487394217101652
28,2,paired_difference,catalog_minus_permute_both_renormalized,catalog,rows,all,permute_both_renormalized,rows,all,20,0.0014581190694188562,0.0001789905795678999,0.001380490936045503,0.0015353012156529716
28,2,paired_difference,fixed_both_minus_renormalized_both,permute_both_fixed_anchor,rows,all,permute_both_renormalized,rows,all,20,-2.6867824876153355e-06,0.0001676235467960349,-7.498327383455029e-05,6.893942014997446e-05
28,2,paired_difference,all_minus_exclude_first_row,catalog,rows,all,catalog,rows,exclude_first_row,20,-0.0003830904416376291,7.082988515317888e-05,-0.0004143941921670151,-0.000354435021909077
28,2,paired_difference,all_minus_exclude_first_column,catalog,rows,all,catalog,rows,exclude_first_column,20,-0.0001760184136323284,1.0216344182802019e-05,-0.000180188033848272,-0.00017150041079019184
28,2,paired_difference,all_minus_interior,catalog,rows,all,catalog,rows,interior,20,-0.0004757271177809219,6.635154700975687e-05,-0.0005049848529295606,-0.000448422305450623
28,2,paired_difference,catalog_minus_permute_rows_fixed_anchor,catalog,columns,all,permute_rows_fixed_anchor,columns,all,20,0.0001541062234881485,0.0001347327692222442,9.873312497960112e-05,0.0002141530737832724
28,2,paired_difference,catalog_minus_permute_columns_fixed_anchor,catalog,columns,all,permute_columns_fixed_anchor,columns,all,20,3.8857805861880476e-17,9.715494852129642e-17,-1.3877787807691395e-19,8.326672684688674e-17
28,2,paired_difference,catalog_minus_permute_both_fixed_anchor,catalog,columns,all,permute_both_fixed_anchor,columns,all,20,0.00015410622348812074,0.0001347327692222855,9.879005157214562e-05,0.000213123307894508
28,2,paired_difference,catalog_minus_permute_both_renormalized,catalog,columns,all,permute_both_renormalized,columns,all,20,0.00021586452891118047,0.00017966795918221467,0.00013329674706083388,0.0002880507387556312
28,2,paired_difference,fixed_both_minus_renormalized_both,permute_both_fixed_anchor,columns,all,permute_both_renormalized,columns,all,20,6.175830542305971e-05,0.00021159299830774076,-2.9231470448922154e-05,0.00014935969876749832
28,2,paired_difference,all_minus_exclude_first_row,catalog,columns,all,catalog,columns,exclude_first_row,20,-7.512583324764677e-05,6.131144812678721e-06,-7.77395842270817e-05,-7.251640993714198e-05
28,2,paired_difference,all_minus_exclude_first_column,catalog,columns,all,catalog,columns,exclude_first_column,20,-0.0012373226699708584,6.52149179530093e-05,-0.0012651192003940558,-0.0012095144449331353
28,2,paired_difference,all_minus_interior,catalog,columns,all,catalog,columns,interior,20,-0.0012991556613092426,6.450058130212477e-05,-0.0013261997774213392,-0.0012714698882467378
28,2,paired_difference,row_minus_column_traversal,catalog,rows,all,catalog,columns,all,20,0.0012598403326594177,0.00015361219821473252,0.0011880653507131825,0.0013178734625330743
28,2,paired_difference,row_minus_column_traversal,permute_rows_fixed_anchor,rows,all,permute_rows_fixed_anchor,columns,all,20,0.0014139465561475773,0.00016256744916647858,0.0013415166860887096,0.0014803887523150612
28,2,paired_difference,row_minus_column_traversal,permute_columns_fixed_anchor,rows,all,permute_columns_fixed_anchor,columns,all,20,-0.00020096551924699834,0.00017834920070521743,-0.00027312536885030895,-0.00012357372005406697
28,2,paired_difference,row_minus_column_traversal,permute_both_fixed_anchor,rows,all,permute_both_fixed_anchor,columns,all,20,-4.6859295758933105e-05,0.00014383767508295616,-0.00010596575525291197,1.7480510793533673e-05
28,2,paired_difference,row_minus_column_traversal,permute_both_renormalized,rows,all,permute_both_renormalized,columns,all,20,1.7585792151741943e-05,0.00022553264512556722,-7.838272525779552e-05,0.00011674807519012877
28,3,paired_difference,catalog_minus_permute_rows_fixed_anchor,catalog,rows,all,permute_rows_fixed_anchor,rows,all,20,1.1102230246251566e-17,1.2937289076179846e-16,-4.4408920985006264e-17,6.661338147750939e-17
28,3,paired_difference,catalog_minus_permute_columns_fixed_anchor,catalog,rows,all,permute_columns_fixed_anchor,rows,all,20,0.011154110831524233,0.0005360441718281763,0.010927646703157816,0.011380093224184124
28,3,paired_difference,catalog_minus_permute_both_fixed_anchor,catalog,rows,all,permute_both_fixed_anchor,rows,all,20,0.011154110831524223,0.0005360441718281499,0.010925931312510798,0.011383922345243219
28,3,paired_difference,catalog_minus_permute_both_renormalized,catalog,rows,all,permute_both_renormalized,rows,all,20,0.011109180890503344,0.0005934224472883423,0.010856809158997546,0.011363902567633567
28,3,paired_difference,fixed_both_minus_renormalized_both,permute_both_fixed_anchor,rows,all,permute_both_renormalized,rows,all,20,-4.4929941020876994e-05,0.000386704203351877,-0.0002127719765706731,0.00011764950322021293
28,3,paired_difference,all_minus_exclude_first_row,catalog,rows,all,catalog,rows,exclude_first_row,20,0.003928588110185799,0.00013439502578787863,0.003871406222231846,0.003988486959782141
28,3,paired_difference,all_minus_exclude_first_column,catalog,rows,all,catalog,rows,exclude_first_column,20,-0.00309310646736326,8.509072209994127e-05,-0.003130834880072384,-0.0030581272850892633
28,3,paired_difference,all_minus_interior,catalog,rows,all,catalog,rows,interior,20,0.0016913392748446887,0.00012742256475135964,0.001638669624257815,0.0017474362055433655
28,3,paired_difference,catalog_minus_permute_rows_fixed_anchor,catalog,columns,all,permute_rows_fixed_anchor,columns,all,20,0.014341739813452109,0.00054369206036352,0.014103819450176107,0.01456750350933579
28,3,paired_difference,catalog_minus_permute_columns_fixed_anchor,catalog,columns,all,permute_columns_fixed_anchor,columns,all,20,-3.3306690738754695e-17,8.896380401091439e-17,-7.216449660063518e-17,5.551115123125783e-18
28,3,paired_difference,catalog_minus_permute_both_fixed_anchor,catalog,columns,all,permute_both_fixed_anchor,columns,all,20,0.014341739813452065,0.0005436920603635418,0.014112822069530568,0.01457472358511512
28,3,paired_difference,catalog_minus_permute_both_renormalized,catalog,columns,all,permute_both_renormalized,columns,all,20,0.014391538987810931,0.0006272277657212551,0.014124466039985198,0.014663820040898938
28,3,paired_difference,fixed_both_minus_renormalized_both,permute_both_fixed_anchor,columns,all,permute_both_renormalized,columns,all,20,4.979917435886661e-05,0.00036685863650334115,-0.00010068243195322956,0.00021057070475031538
28,3,paired_difference,all_minus_exclude_first_row,catalog,columns,all,catalog,columns,exclude_first_row,20,-0.0005466384030538007,4.402574946046555e-05,-0.0005651587484903002,-0.0005273847384584465
28,3,paired_difference,all_minus_exclude_first_column,catalog,columns,all,catalog,columns,exclude_first_column,20,0.00481907091370431,9.298412808864307e-05,0.004780388324301476,0.00485882794514524
28,3,paired_difference,all_minus_interior,catalog,columns,all,catalog,columns,interior,20,0.004489363332966889,8.180668456349429e-05,0.004455168145278984,0.004524750254796439
28,3,paired_difference,row_minus_column_traversal,catalog,rows,all,catalog,columns,all,20,-0.0032093330807955846,0.0005905594086251245,-0.003459297002188703,-0.0029513977177796353
28,3,paired_difference,row_minus_column_traversal,permute_rows_fixed_anchor,rows,all,permute_rows_fixed_anchor,columns,all,20,0.011132406732656513,0.0003871361001971768,0.010971446892524977,0.01130219360276663
28,3,paired_difference,row_minus_column_traversal,permute_columns_fixed_anchor,rows,all,permute_columns_fixed_anchor,columns,all,20,-0.014363443912319852,0.000593858167672196,-0.01461658907448722,-0.014111583870438444
28,3,paired_difference,row_minus_column_traversal,permute_both_fixed_anchor,rows,all,permute_both_fixed_anchor,columns,all,20,-2.170409886774194e-05,0.00032261488760523496,-0.00015791420470256208,0.00011474270081297543
28,3,paired_difference,row_minus_column_traversal,permute_both_renormalized,rows,all,permute_both_renormalized,columns,all,20,7.302501651200166e-05,0.00030725604315440437,-5.328525686180224e-05,0.00020927856254300455
28,4,paired_difference,catalog_minus_permute_rows_fixed_anchor,catalog,rows,all,permute_rows_fixed_anchor,rows,all,20,0.0,7.204078273071459e-17,-3.3306690738754695e-17,2.7755575615628914e-17
28,4,paired_difference,catalog_minus_permute_columns_fixed_anchor,catalog,rows,all,permute_columns_fixed_anchor,rows,all,20,0.03903799629674289,0.0007134538858242056,0.03873270101205949,0.039341906732486054
28,4,paired_difference,catalog_minus_permute_both_fixed_anchor,catalog,rows,all,permute_both_fixed_anchor,rows,all,20,0.03903799629674292,0.0007134538858241888,0.03873886338792767,0.03934600839146915
28,4,paired_difference,catalog_minus_permute_both_renormalized,catalog,rows,all,permute_both_renormalized,rows,all,20,0.03908917431184181,0.000826218357912702,0.038737847403698296,0.03943212817094989
28,4,paired_difference,fixed_both_minus_renormalized_both,permute_both_fixed_anchor,rows,all,permute_both_renormalized,rows,all,20,5.1178015098884976e-05,0.0005700204002751912,-0.00019408629603654854,0.0002975173575747442
28,4,paired_difference,all_minus_exclude_first_row,catalog,rows,all,catalog,rows,exclude_first_row,20,0.012858700739833834,9.226669173401343e-05,0.012818132779141221,0.012897806194111894
28,4,paired_difference,all_minus_exclude_first_column,catalog,rows,all,catalog,rows,exclude_first_column,20,-0.005695832892391145,0.0001862888196354429,-0.005773577646894139,-0.005614709603141009
28,4,paired_difference,all_minus_interior,catalog,rows,all,catalog,rows,interior,20,0.008062887116576772,0.00019142563233395205,0.007982776328118252,0.008146150186128558
28,4,paired_difference,catalog_minus_permute_rows_fixed_anchor,catalog,columns,all,permute_rows_fixed_anchor,columns,all,20,0.042088493179132144,0.0006689071002557109,0.041797817068016975,0.04236899115279157
28,4,paired_difference,catalog_minus_permute_columns_fixed_anchor,catalog,columns,all,permute_columns_fixed_anchor,columns,all,20,-2.7755575615628914e-17,1.1878539877015347e-16,-7.771561172376095e-17,2.2204460492503132e-17
28,4,paired_difference,catalog_minus_permute_both_fixed_anchor,catalog,columns,all,permute_both_fixed_anchor,columns,all,20,0.04208849317913213,0.0006689071002557318,0.04179941000289556,0.042377867464744944
28,4,paired_difference,catalog_minus_permute_both_renormalized,catalog,columns,all,permute_both_renormalized,columns,all,20,0.042233349717055106,0.0007361464731925753,0.04191400707757928,0.04254835806487689
28,4,paired_difference,fixed_both_minus_renormalized_both,permute_both_fixed_anchor,columns,all,permute_both_renormalized,columns,all,20,0.00014485653792297714,0.0004787341150709383,-5.6752586098838483e-05,0.00035311247262081384
28,4,paired_difference,all_minus_exclude_first_row,catalog,columns,all,catalog,columns,exclude_first_row,20,-0.0046976426032177224,9.4150677912609e-05,-0.0047388111256171945,-0.004658634813795832
28,4,paired_difference,all_minus_exclude_first_column,catalog,columns,all,catalog,columns,exclude_first_column,20,0.013624381192843588,7.939484678088102e-05,0.01359195669948789,0.013660187231279937
28,4,paired_difference,all_minus_interior,catalog,columns,all,catalog,columns,interior,20,0.00999332790429206,9.842268228542252e-05,0.00994990442206617,0.010035487295007613
28,4,paired_difference,row_minus_column_traversal,catalog,rows,all,catalog,columns,all,20,-0.0030150166740943118,0.0008654619602790914,-0.003372109731427821,-0.002632605914461567
28,4,paired_difference,row_minus_column_traversal,permute_rows_fixed_anchor,rows,all,permute_rows_fixed_anchor,columns,all,20,0.03907347650503783,0.0007807877189557185,0.03873429202658814,0.03939624605018245
28,4,paired_difference,row_minus_column_traversal,permute_columns_fixed_anchor,rows,all,permute_columns_fixed_anchor,columns,all,20,-0.04205301297083723,0.0008023082989571747,-0.04239194652221208,-0.04170911085473953
28,4,paired_difference,row_minus_column_traversal,permute_both_fixed_anchor,rows,all,permute_both_fixed_anchor,columns,all,20,3.548020829489684e-05,0.0005898013501218514,-0.00021831045321189774,0.0002742220952595836
28,4,paired_difference,row_minus_column_traversal,permute_both_renormalized,rows,all,permute_both_renormalized,columns,all,20,0.000129158731118989,0.0004501712446287565,-5.7530414417198806e-05,0.00032642407630373765
28,5,paired_difference,catalog_minus_permute_rows_fixed_anchor,catalog,rows,all,permute_rows_fixed_anchor,rows,all,20,1.1102230246251566e-17,8.749322662509189e-17,-2.7755575615628914e-17,4.9960036108132046e-17
28,5,paired_difference,catalog_minus_permute_columns_fixed_anchor,catalog,rows,all,permute_columns_fixed_anchor,rows,all,20,0.053437785795645065,0.0006455863352958267,0.0531669193139387,0.053715229128944525
28,5,paired_difference,catalog_minus_permute_both_fixed_anchor,catalog,rows,all,permute_both_fixed_anchor,rows,all,20,0.05343778579564503,0.0006455863352958086,0.05316492821404748,0.053722862666769594
28,5,paired_difference,catalog_minus_permute_both_renormalized,catalog,rows,all,permute_both_renormalized,rows,all,20,0.05354235943638759,0.0007975725528600362,0.05321639874987139,0.053901990372768806
28,5,paired_difference,fixed_both_minus_renormalized_both,permute_both_fixed_anchor,rows,all,permute_both_renormalized,rows,all,20,0.00010457364074255571,0.0004900484181294494,-0.00011106943284878445,0.0003095171895566062
28,5,paired_difference,all_minus_exclude_first_row,catalog,rows,all,catalog,rows,exclude_first_row,20,0.015862840494918828,9.486492700075934e-05,0.015824362199357202,0.01590441053097092
28,5,paired_difference,all_minus_exclude_first_column,catalog,rows,all,catalog,rows,exclude_first_column,20,-0.003013968183887927,0.00021457736164485708,-0.0031064632547263653,-0.002922752048819584
28,5,paired_difference,all_minus_interior,catalog,rows,all,catalog,rows,interior,20,0.013050111256917175,0.0002378397019687739,0.012950290415961591,0.013151836543173173
28,5,paired_difference,catalog_minus_permute_rows_fixed_anchor,catalog,columns,all,permute_rows_fixed_anchor,columns,all,20,0.05255391628032953,0.0007907879314936226,0.05221813007348158,0.0528864687340615
28,5,paired_difference,catalog_minus_permute_columns_fixed_anchor,catalog,columns,all,permute_columns_fixed_anchor,columns,all,20,-1.6653345369377347e-17,9.023090062756911e-17,-5.551115123125783e-17,2.2204460492503132e-17
28,5,paired_difference,catalog_minus_permute_both_fixed_anchor,catalog,columns,all,permute_both_fixed_anchor,columns,all,20,0.05255391628032953,0.0007907879314936213,0.05221343944425763,0.052880833245665254
28,5,paired_difference,catalog_minus_permute_both_renormalized,catalog,columns,all,permute_both_renormalized,columns,all,20,0.05237596245337521,0.0010087496989212485,0.05193935104931855,0.05281087140800051
28,5,paired_difference,fixed_both_minus_renormalized_both,permute_both_fixed_anchor,columns,all,permute_both_renormalized,columns,all,20,-0.0001779538269543135,0.000413627518016186,-0.00034555501988728826,8.459849677070466e-06
28,5,paired_difference,all_minus_exclude_first_row,catalog,columns,all,catalog,columns,exclude_first_row,20,-0.003600749263739689,0.00013471388547988658,-0.0036560088588578413,-0.003542361871916704
28,5,paired_difference,all_minus_exclude_first_column,catalog,columns,all,catalog,columns,exclude_first_column,20,0.01571759066635217,8.698385212784819e-05,0.01567824054652862,0.01575164754306218
28,5,paired_difference,all_minus_interior,catalog,columns,all,catalog,columns,interior,20,0.01295098051178371,0.00016050046618919613,0.012881398260192361,0.013019180867387788
28,5,paired_difference,row_minus_column_traversal,catalog,rows,all,catalog,columns,all,20,0.0009951218816360574,0.0008388423946237539,0.0006480248519315297,0.0013538067352403458
28,5,paired_difference,row_minus_column_traversal,permute_rows_fixed_anchor,rows,all,permute_rows_fixed_anchor,columns,all,20,0.053549038161965566,0.0008621483145994973,0.05317136626643138,0.053903542800969095
28,5,paired_difference,row_minus_column_traversal,permute_columns_fixed_anchor,rows,all,permute_columns_fixed_anchor,columns,all,20,-0.05244266391400902,0.0008444381893092087,-0.05280497009898008,-0.05208367306987397
28,5,paired_difference,row_minus_column_traversal,permute_both_fixed_anchor,rows,all,permute_both_fixed_anchor,columns,all,20,0.00011125236632055225,0.0005166722449446659,-0.0001054328051104558,0.00033236083526324846
28,5,paired_difference,row_minus_column_traversal,permute_both_renormalized,rows,all,permute_both_renormalized,columns,all,20,-0.00017127510137631696,0.0007353414280678361,-0.00048332009345006244,0.00014142578710435273
28,6,paired_difference,catalog_minus_permute_rows_fixed_anchor,catalog,rows,all,permute_rows_fixed_anchor,rows,all,20,1.1102230246251566e-17,1.3904057699927474e-16,-4.9960036108132046e-17,6.661338147750939e-17
28,6,paired_difference,catalog_minus_permute_columns_fixed_anchor,catalog,rows,all,permute_columns_fixed_anchor,rows,all,20,0.062243934052471875,0.0010568675479173473,0.06178195606641554,0.06268313180891028
28,6,paired_difference,catalog_minus_permute_both_fixed_anchor,catalog,rows,all,permute_both_fixed_anchor,rows,all,20,0.06224393405247188,0.001056867547917356,0.06178750690112961,0.06268927055101683
28,6,paired_difference,catalog_minus_permute_both_renormalized,catalog,rows,all,permute_both_renormalized,rows,all,20,0.06222761151136531,0.001104101214475418,0.0617531204272657,0.06269812338832198
28,6,paired_difference,fixed_both_minus_renormalized_both,permute_both_fixed_anchor,rows,all,permute_both_renormalized,rows,all,20,-1.632254110658371e-05,0.0006077414355665707,-0.0002828315371571869,0.00023739014251780415
28,6,paired_difference,all_minus_exclude_first_row,catalog,rows,all,catalog,rows,exclude_first_row,20,0.015264271607602293,0.0001594279250251627,0.015198259415610852,0.015333015432658312
28,6,paired_difference,all_minus_exclude_first_column,catalog,rows,all,catalog,rows,exclude_first_column,20,-0.0008904782880146567,0.00017943272036588485,-0.0009693036065629435,-0.000814888378012543
28,6,paired_difference,all_minus_interior,catalog,rows,all,catalog,rows,interior,20,0.014225805449010531,0.00028445775950442816,0.014102550551533475,0.014345509053761488
28,6,paired_difference,catalog_minus_permute_rows_fixed_anchor,catalog,columns,all,permute_rows_fixed_anchor,columns,all,20,0.06211334441753187,0.0013921619750709672,0.06152997150531546,0.06270243987131222
28,6,paired_difference,catalog_minus_permute_columns_fixed_anchor,catalog,columns,all,permute_columns_fixed_anchor,columns,all,20,-1.1102230246251566e-17,1.0124229300789616e-16,-4.9960036108132046e-17,3.3306690738754695e-17
28,6,paired_difference,catalog_minus_permute_both_fixed_anchor,catalog,columns,all,permute_both_fixed_anchor,columns,all,20,0.06211334441753189,0.0013921619750710153,0.0615171030785017,0.06270093988478355
28,6,paired_difference,catalog_minus_permute_both_renormalized,catalog,columns,all,permute_both_renormalized,columns,all,20,0.06213930254893316,0.001295081932500281,0.061590518588647315,0.06268425900482236
28,6,paired_difference,fixed_both_minus_renormalized_both,permute_both_fixed_anchor,columns,all,permute_both_renormalized,columns,all,20,2.5958131401271345e-05,0.0005189784822107383,-0.0002066509989264982,0.00024036571106756887
28,6,paired_difference,all_minus_exclude_first_row,catalog,columns,all,catalog,columns,exclude_first_row,20,0.002441120385679935,0.00020055577120708446,0.0023564677064786535,0.00252877060272413
28,6,paired_difference,all_minus_exclude_first_column,catalog,columns,all,catalog,columns,exclude_first_column,20,0.015331181584133097,7.281646609385038e-05,0.015300581203912672,0.015363014720795844
28,6,paired_difference,all_minus_interior,catalog,columns,all,catalog,columns,interior,20,0.01775261851573407,0.00018949947986564552,0.017673495496876638,0.01783297615306602
28,6,paired_difference,row_minus_column_traversal,catalog,rows,all,catalog,columns,all,20,9.386413336334165e-05,0.0009275880797517831,-0.0003011239603376725,0.0004925419467326723
28,6,paired_difference,row_minus_column_traversal,permute_rows_fixed_anchor,rows,all,permute_rows_fixed_anchor,columns,all,20,0.06220720855089522,0.0011559511582774243,0.06171561774729227,0.06269714173690659
28,6,paired_difference,row_minus_column_traversal,permute_columns_fixed_anchor,rows,all,permute_columns_fixed_anchor,columns,all,20,-0.06215006991910854,0.0012919778529072558,-0.06269715047864585,-0.061593486053242434
28,6,paired_difference,row_minus_column_traversal,permute_both_fixed_anchor,rows,all,permute_both_fixed_anchor,columns,all,20,-3.672550157664545e-05,0.0007173457196490115,-0.00034413670023869693,0.000261606895585712
28,6,paired_difference,row_minus_column_traversal,permute_both_renormalized,rows,all,permute_both_renormalized,columns,all,20,5.555170931209608e-06,0.0006365179838153674,-0.00026751926409044973,0.0002855819947466769
28,7,paired_difference,catalog_minus_permute_rows_fixed_anchor,catalog,rows,all,permute_rows_fixed_anchor,rows,all,20,3.3306690738754695e-17,1.0251583103267222e-16,-1.1102230246251566e-17,7.771561172376095e-17
28,7,paired_difference,catalog_minus_permute_columns_fixed_anchor,catalog,rows,all,permute_columns_fixed_anchor,rows,all,20,0.08497279286822648,0.0017426872166519001,0.0841970158826616,0.08568430838813677
28,7,paired_difference,catalog_minus_permute_both_fixed_anchor,catalog,rows,all,permute_both_fixed_anchor,rows,all,20,0.08497279286822645,0.0017426872166519333,0.08418484118749156,0.08567869287534362
28,7,paired_difference,catalog_minus_permute_both_renormalized,catalog,rows,all,permute_both_renormalized,rows,all,20,0.08497802860056294,0.0016832790861761003,0.08425349892626507,0.08568519764505231
28,7,paired_difference,fixed_both_minus_renormalized_both,permute_both_fixed_anchor,rows,all,permute_both_renormalized,rows,all,20,5.235732336478227e-06,0.0004939883254818058,-0.00020157575978648262,0.00021970407825469353
28,7,paired_difference,all_minus_exclude_first_row,catalog,rows,all,catalog,rows,exclude_first_row,20,0.016034475954293193,7.179778098448691e-05,0.016004919748026897,0.01606606734170355
28,7,paired_difference,all_minus_exclude_first_column,catalog,rows,all,catalog,rows,exclude_first_column,20,0.002523874249944358,0.00023578656527940841,0.002420174407008516,0.0026202322767275537
28,7,paired_difference,all_minus_interior,catalog,rows,all,catalog,rows,interior,20,0.018550051080143688,0.00022131566809976448,0.01845192128390959,0.018641239991875964
28,7,paired_difference,catalog_minus_permute_rows_fixed_anchor,catalog,columns,all,permute_rows_fixed_anchor,columns,all,20,0.07466034726697998,0.001596400228896176,0.07397907849900767,0.07534201372959258
28,7,paired_difference,catalog_minus_permute_columns_fixed_anchor,catalog,columns,all,permute_columns_fixed_anchor,columns,all,20,0.0,6.238914795331411e-17,-2.7755575615628914e-17,2.2204460492503132e-17
28,7,paired_difference,catalog_minus_permute_both_fixed_anchor,catalog,columns,all,permute_both_fixed_anchor,columns,all,20,0.07466034726698001,0.0015964002288961932,0.07397592207839303,0.07533826971083525
28,7,paired_difference,catalog_minus_permute_both_renormalized,catalog,columns,all,permute_both_renormalized,columns,all,20,0.07460638961656071,0.0013543484937798688,0.07402384813353705,0.0751763799631761
28,7,paired_difference,fixed_both_minus_renormalized_both,permute_both_fixed_anchor,columns,all,permute_both_renormalized,columns,all,20,-5.395765041929512e-05,0.0004846129298125281,-0.0002621988413196706,0.0001559026853189596
28,7,paired_difference,all_minus_exclude_first_row,catalog,columns,all,catalog,columns,exclude_first_row,20,-0.003282611274189745,0.0003305238892771947,-0.003424833043574894,-0.0031451816839317887
28,7,paired_difference,all_minus_exclude_first_column,catalog,columns,all,catalog,columns,exclude_first_column,20,0.016698120846512073,6.218433762139807e-05,0.016672236050119176,0.01672473577770344
28,7,paired_difference,all_minus_interior,catalog,columns,all,catalog,columns,interior,20,0.013201024359736385,0.000344250186457527,0.013056939433607665,0.013349105232561357
28,7,paired_difference,row_minus_column_traversal,catalog,rows,all,catalog,columns,all,20,0.010296381126740844,0.0014988729067836643,0.009646490066355803,0.010926104131338762
28,7,paired_difference,row_minus_column_traversal,permute_rows_fixed_anchor,rows,all,permute_rows_fixed_anchor,columns,all,20,0.0849567283937208,0.0018463202763937564,0.08413125842310473,0.08571118331977752
28,7,paired_difference,row_minus_column_traversal,permute_columns_fixed_anchor,rows,all,permute_columns_fixed_anchor,columns,all,20,-0.07467641174148562,0.0014423565920118724,-0.07530669479927651,-0.07406615949447826
28,7,paired_difference,row_minus_column_traversal,permute_both_fixed_anchor,rows,all,permute_both_fixed_anchor,columns,all,20,-1.6064474505611548e-05,0.0005045376297610792,-0.0002194492391563641,0.00021231981208273503
28,7,paired_difference,row_minus_column_traversal,permute_both_renormalized,rows,all,permute_both_renormalized,columns,all,20,-7.52578572613849e-05,0.00043301658080527745,-0.0002600019796546458,0.00011265227777624883
28,8,paired_difference,catalog_minus_permute_rows_fixed_anchor,catalog,rows,all,permute_rows_fixed_anchor,rows,all,20,-1.1102230246251566e-17,7.113457328924294e-17,-4.4408920985006264e-17,1.6653345369377347e-17
28,8,paired_difference,catalog_minus_permute_columns_fixed_anchor,catalog,rows,all,permute_columns_fixed_anchor,rows,all,20,0.10894471838428532,0.001915505015312866,0.10808448294894836,0.10974559456173852
28,8,paired_difference,catalog_minus_permute_both_fixed_anchor,catalog,rows,all,permute_both_fixed_anchor,rows,all,20,0.1089447183842853,0.0019155050153128875,0.10810401875648792,0.1097386479894303
28,8,paired_difference,catalog_minus_permute_both_renormalized,catalog,rows,all,permute_both_renormalized,rows,all,20,0.10883682670957329,0.0020818132684846517,0.10792167431956556,0.109675300164132
28,8,paired_difference,fixed_both_minus_renormalized_both,permute_both_fixed_anchor,rows,all,permute_both_renormalized,rows,all,20,-0.00010789167471200733,0.00040640874655148277,-0.000282385150245349,6.402871284655136e-05
28,8,paired_difference,all_minus_exclude_first_row,catalog,rows,all,catalog,rows,exclude_first_row,20,0.01617786407493116,7.910384931784166e-05,0.01614518220975559,0.01621363611604094
28,8,paired_difference,all_minus_exclude_first_column,catalog,rows,all,catalog,rows,exclude_first_column,20,0.003833746878726163,0.0003722081214957884,0.0036779514448528772,0.003995896028539543
28,8,paired_difference,all_minus_interior,catalog,rows,all,catalog,rows,interior,20,0.020062018870888786,0.0003973227560929678,0.01989597403889016,0.0202310685555167
28,8,paired_difference,catalog_minus_permute_rows_fixed_anchor,catalog,columns,all,permute_rows_fixed_anchor,columns,all,20,0.09323422131873713,0.0017533615690319886,0.09248549711462507,0.09394914652747488
28,8,paired_difference,catalog_minus_permute_columns_fixed_anchor,catalog,columns,all,permute_columns_fixed_anchor,columns,all,20,-5.551115123125783e-18,5.666775776780769e-17,-2.7755575615628914e-17,1.6653345369377347e-17
28,8,paired_difference,catalog_minus_permute_both_fixed_anchor,catalog,columns,all,permute_both_fixed_anchor,columns,all,20,0.09323422131873711,0.001753361569031957,0.09249912545635987,0.0939724688458889
28,8,paired_difference,catalog_minus_permute_both_renormalized,catalog,columns,all,permute_both_renormalized,columns,all,20,0.0929806508663088,0.0017244051696988067,0.09222876706516858,0.09369402301452001
28,8,paired_difference,fixed_both_minus_renormalized_both,permute_both_fixed_anchor,columns,all,permute_both_renormalized,columns,all,20,-0.00025357045242832554,0.00047586121701594195,-0.00045929574117934037,-5.639711682773058e-05
28,8,paired_difference,all_minus_exclude_first_row,catalog,columns,all,catalog,columns,exclude_first_row,20,0.0004039583318093398,0.000223749460372453,0.0003058077210899213,0.0004986825777050684
28,8,paired_difference,all_minus_exclude_first_column,catalog,columns,all,catalog,columns,exclude_first_column,20,0.017026199438840615,6.99210192447041e-05,0.01699678935053363,0.017056484480862444
28,8,paired_difference,all_minus_interior,catalog,columns,all,catalog,columns,interior,20,0.017362882853838794,0.00024437600380505396,0.017261159610161066,0.01746788707461224
28,8,paired_difference,row_minus_column_traversal,catalog,rows,all,catalog,columns,all,20,0.01574122347229534,0.0012822135589881582,0.015180712988752936,0.016279824703571803
28,8,paired_difference,row_minus_column_traversal,permute_rows_fixed_anchor,rows,all,permute_rows_fixed_anchor,columns,all,20,0.10897544479103247,0.0020060688398784348,0.10808324015488609,0.10981232356932091
28,8,paired_difference,row_minus_column_traversal,permute_columns_fixed_anchor,rows,all,permute_columns_fixed_anchor,columns,all,20,-0.09320349491199,0.0017559239463503997,-0.09393583169670888,-0.0924435336723315
28,8,paired_difference,row_minus_column_traversal,permute_both_fixed_anchor,rows,all,permute_both_fixed_anchor,columns,all,20,3.072640674715576e-05,0.0004857500943915832,-0.0001835888187429828,0.00023603902880090394
28,8,paired_difference,row_minus_column_traversal,permute_both_renormalized,rows,all,permute_both_renormalized,columns,all,20,-0.00011495237096916245,0.0005140878299330794,-0.0003394845566115262,0.0001022941879600714
28,9,paired_difference,catalog_minus_permute_rows_fixed_anchor,catalog,rows,all,permute_rows_fixed_anchor,rows,all,20,5.551115123125783e-18,4.374661331254594e-17,-1.1102230246251566e-17,2.2204460492503132e-17
28,9,paired_difference,catalog_minus_permute_columns_fixed_anchor,catalog,rows,all,permute_columns_fixed_anchor,rows,all,20,0.12356878334617613,0.0022806345579645983,0.12258782205650845,0.12453505624948644
28,9,paired_difference,catalog_minus_permute_both_fixed_anchor,catalog,rows,all,permute_both_fixed_anchor,rows,all,20,0.12356878334617619,0.0022806345579645887,0.12258180741419865,0.12453525825902222
28,9,paired_difference,catalog_minus_permute_both_renormalized,catalog,rows,all,permute_both_renormalized,rows,all,20,0.12337355664962923,0.0022354895574037037,0.12241823029805998,0.1243161836838252
28,9,paired_difference,fixed_both_minus_renormalized_both,permute_both_fixed_anchor,rows,all,permute_both_renormalized,rows,all,20,-0.00019522669654692404,0.0005607887542088588,-0.0004302697285980749,4.323869142384895e-05
28,9,paired_difference,all_minus_exclude_first_row,catalog,rows,all,catalog,rows,exclude_first_row,20,0.014773961866699103,8.791742359371751e-05,0.014737134024289061,0.014811285882490696
28,9,paired_difference,all_minus_exclude_first_column,catalog,rows,all,catalog,rows,exclude_first_column,20,-0.009352752841637491,0.0003878572839650091,-0.00952271655085687,-0.009188298127221127
28,9,paired_difference,all_minus_interior,catalog,rows,all,catalog,rows,interior,20,0.004951438324224272,0.0004658930278104581,0.004754369628592723,0.005151191292857737
28,9,paired_difference,catalog_minus_permute_rows_fixed_anchor,catalog,columns,all,permute_rows_fixed_anchor,columns,all,20,0.10686559276799283,0.0022533406897468837,0.10588902489503847,0.10780419127773336
28,9,paired_difference,catalog_minus_permute_columns_fixed_anchor,catalog,columns,all,permute_columns_fixed_anchor,columns,all,20,-3.3306690738754695e-17,8.134549667915786e-17,-6.661338147750939e-17,0.0
28,9,paired_difference,catalog_minus_permute_both_fixed_anchor,catalog,columns,all,permute_both_fixed_anchor,columns,all,20,0.10686559276799286,0.0022533406897468763,0.1059059635653007,0.10785626377191
28,9,paired_difference,catalog_minus_permute_both_renormalized,catalog,columns,all,permute_both_renormalized,columns,all,20,0.10685972821167238,0.0022206407317728353,0.10592227626483565,0.10779126924268145
28,9,paired_difference,fixed_both_minus_renormalized_both,permute_both_fixed_anchor,columns,all,permute_both_renormalized,columns,all,20,-5.864556320445136e-06,0.0005303796077936625,-0.00023181278729068566,0.00022140063083461636
28,9,paired_difference,all_minus_exclude_first_row,catalog,columns,all,catalog,columns,exclude_first_row,20,0.0017730308275763663,0.0005298052288786675,0.0015509385689550606,0.0020012134035337988
28,9,paired_difference,all_minus_exclude_first_column,catalog,columns,all,catalog,columns,exclude_first_column,20,0.015762531907116174,9.144974945561235e-05,0.015723691345887778,0.015801966831928818
28,9,paired_difference,all_minus_interior,catalog,columns,all,catalog,columns,interior,20,0.017492648917057436,0.0005166616584676445,0.017272176494878975,0.01771636110963289
28,9,paired_difference,row_minus_column_traversal,catalog,rows,all,catalog,columns,all,20,0.016555319710788642,0.001540701333766846,0.015889902456241035,0.017192887472770965
28,9,paired_difference,row_minus_column_traversal,permute_rows_fixed_anchor,rows,all,permute_rows_fixed_anchor,columns,all,20,0.12342091247878151,0.0022419509514688936,0.12247268543859834,0.12435469526534439
28,9,paired_difference,row_minus_column_traversal,permute_columns_fixed_anchor,rows,all,permute_columns_fixed_anchor,columns,all,20,-0.10701346363538751,0.0023398151938418513,-0.10798428335558341,-0.10598502269431323
28,9,paired_difference,row_minus_column_traversal,permute_both_fixed_anchor,rows,all,permute_both_fixed_anchor,columns,all,20,-0.0001478708673946838,0.00045175246307129326,-0.00033202333480333396,5.483552998761798e-05
28,9,paired_difference,row_minus_column_traversal,permute_both_renormalized,rows,all,permute_both_renormalized,columns,all,20,4.14912728317951e-05,0.0005800630587125178,-0.00019401771115232057,0.00029035570607429686
28,10,paired_difference,catalog_minus_permute_rows_fixed_anchor,catalog,rows,all,permute_rows_fixed_anchor,rows,all,20,2.7755575615628915e-18,6.852163508665165e-17,-2.7755575615628914e-17,3.3306690738754695e-17
28,10,paired_difference,catalog_minus_permute_columns_fixed_anchor,catalog,rows,all,permute_columns_fixed_anchor,rows,all,20,0.15634297355139398,0.0031904352917766264,0.15498199677064095,0.1577037942745719
28,10,paired_difference,catalog_minus_permute_both_fixed_anchor,catalog,rows,all,permute_both_fixed_anchor,rows,all,20,0.15634297355139398,0.0031904352917766217,0.15498608370120268,0.15771732051335485
28,10,paired_difference,catalog_minus_permute_both_renormalized,catalog,rows,all,permute_both_renormalized,rows,all,20,0.15621474358328377,0.0031950309625896904,0.15484158570090867,0.15762712729326345
28,10,paired_difference,fixed_both_minus_renormalized_both,permute_both_fixed_anchor,rows,all,permute_both_renormalized,rows,all,20,-0.00012822996811019948,0.0003941472732956867,-0.0002990662334121761,3.25000495221354e-05
28,10,paired_difference,all_minus_exclude_first_row,catalog,rows,all,catalog,rows,exclude_first_row,20,0.012349911647719852,0.0001228493944406632,0.01229906303785708,0.012402831178891481
28,10,paired_difference,all_minus_exclude_first_column,catalog,rows,all,catalog,rows,exclude_first_column,20,-0.005064788362677761,0.0005480686844157031,-0.005298369052967738,-0.004827712045456087
28,10,paired_difference,all_minus_interior,catalog,rows,all,catalog,rows,interior,20,0.006920508263769748,0.000571116894493051,0.006681291617062752,0.0071617682473347445
28,10,paired_difference,catalog_minus_permute_rows_fixed_anchor,catalog,columns,all,permute_rows_fixed_anchor,columns,all,20,0.12642217901234906,0.0023848038354554848,0.12539234612571573,0.12742215167763693
28,10,paired_difference,catalog_minus_permute_columns_fixed_anchor,catalog,columns,all,permute_columns_fixed_anchor,columns,all,20,2.7755575615628914e-17,7.090621130895259e-17,0.0,5.551115123125783e-17
28,10,paired_difference,catalog_minus_permute_both_fixed_anchor,catalog,columns,all,permute_both_fixed_anchor,columns,all,20,0.12642217901234906,0.0023848038354554956,0.12540915890564575,0.1274114458535868
28,10,paired_difference,catalog_minus_permute_both_renormalized,catalog,columns,all,permute_both_renormalized,columns,all,20,0.12635922357457463,0.002352623982282114,0.12533405557675767,0.12736473021234943
28,10,paired_difference,fixed_both_minus_renormalized_both,permute_both_fixed_anchor,columns,all,permute_both_renormalized,columns,all,20,-6.295543777442014e-05,0.00044818701470923384,-0.000259565896688548,0.00012313626242825364
28,10,paired_difference,all_minus_exclude_first_row,catalog,columns,all,catalog,columns,exclude_first_row,20,-0.003461607339207745,0.00045509034913659345,-0.003658189589883116,-0.003265733005966004
28,10,paired_difference,all_minus_exclude_first_column,catalog,columns,all,catalog,columns,exclude_first_column,20,0.014039090310131019,9.509946872229847e-05,0.013999567453884474,0.014080759068951619
28,10,paired_difference,all_minus_interior,catalog,columns,all,catalog,columns,interior,20,0.010298257393838411,0.0005303022060909158,0.0100664631154,0.010522070484147902
28,10,paired_difference,row_minus_column_traversal,catalog,rows,all,catalog,columns,all,20,0.02990051645669774,0.002254955263369717,0.02893648896054923,0.030818563740043544
28,10,paired_difference,row_minus_column_traversal,permute_rows_fixed_anchor,rows,all,permute_rows_fixed_anchor,columns,all,20,0.1563226954690468,0.0031975562075570807,0.1549635307123976,0.15767385133333794
28,10,paired_difference,row_minus_column_traversal,permute_columns_fixed_anchor,rows,all,permute_columns_fixed_anchor,columns,all,20,-0.12644245709469618,0.002455161323036265,-0.1274609221753827,-0.1253555081880032
28,10,paired_difference,row_minus_column_traversal,permute_both_fixed_anchor,rows,all,permute_both_fixed_anchor,columns,all,20,-2.0278082347180427e-05,0.00048117807900112137,-0.0002261308155250248,0.00018487015925028574
28,10,paired_difference,row_minus_column_traversal,permute_both_renormalized,rows,all,permute_both_renormalized,columns,all,20,4.499644798859892e-05,0.0004938636297508747,-0.00016229578560663746,0.00025638617587113113
28,11,paired_difference,catalog_minus_permute_rows_fixed_anchor,catalog,rows,all,permute_rows_fixed_anchor,rows,all,20,0.0,6.493668401503803e-17,-2.7755575615628914e-17,2.7755575615628914e-17
28,11,paired_difference,catalog_minus_permute_columns_fixed_anchor,catalog,rows,all,permute_columns_fixed_anchor,rows,all,20,0.18528842608889706,0.0039874048511287785,0.18363874311781972,0.18706893986329312
28,11,paired_difference,catalog_minus_permute_both_fixed_anchor,catalog,rows,all,permute_both_fixed_anchor,rows,all,20,0.18528842608889703,0.003987404851128782,0.1836328199096165,0.1870202347078648
28,11,paired_difference,catalog_minus_permute_both_renormalized,catalog,rows,all,permute_both_renormalized,rows,all,20,0.1851983083875529,0.0037406996140663764,0.1836672670304738,0.1868428849277514
28,11,paired_difference,fixed_both_minus_renormalized_both,permute_both_fixed_anchor,rows,all,permute_both_renormalized,rows,all,20,-9.011770134415565e-05,0.0005418940720580567,-0.00032810038169521656,0.00013931073234084635
28,11,paired_difference,all_minus_exclude_first_row,catalog,rows,all,catalog,rows,exclude_first_row,20,0.009276438905866958,0.00015165139662655738,0.009210473945087456,0.009339200496404323
28,11,paired_difference,all_minus_exclude_first_column,catalog,rows,all,catalog,rows,exclude_first_column,20,-0.00021111150226908737,0.0006797961596294014,-0.0004991420838456589,9.003744232561821e-05
28,11,paired_difference,all_minus_interior,catalog,rows,all,catalog,rows,interior,20,0.008773798984433557,0.0007068343074317604,0.008472936109201652,0.009076410556434185
28,11,paired_difference,catalog_minus_permute_rows_fixed_anchor,catalog,columns,all,permute_rows_fixed_anchor,columns,all,20,0.15409327093081893,0.0032141669947553493,0.15269359701109367,0.1554302877486868
28,11,paired_difference,catalog_minus_permute_columns_fixed_anchor,catalog,columns,all,permute_columns_fixed_anchor,columns,all,20,-1.6653345369377347e-17,7.447602459741819e-17,-4.9960036108132046e-17,1.6653345369377347e-17
28,11,paired_difference,catalog_minus_permute_both_fixed_anchor,catalog,columns,all,permute_both_fixed_anchor,columns,all,20,0.1540932709308189,0.0032141669947553797,0.15272593138117863,0.15546817067907012
28,11,paired_difference,catalog_minus_permute_both_renormalized,catalog,columns,all,permute_both_renormalized,columns,all,20,0.15389193364945342,0.003211152351573277,0.15250956516947325,0.15525487583111763
28,11,paired_difference,fixed_both_minus_renormalized_both,permute_both_fixed_anchor,columns,all,permute_both_renormalized,columns,all,20,-0.00020133728136552121,0.0005754499825988111,-0.00045308166569438556,3.596239486912789e-05
28,11,paired_difference,all_minus_exclude_first_row,catalog,columns,all,catalog,columns,exclude_first_row,20,0.002369959373777425,0.00036957723063052954,0.0022205200157851216,0.0025323316437473637
28,11,paired_difference,all_minus_exclude_first_column,catalog,columns,all,catalog,columns,exclude_first_column,20,0.011510655621127564,0.00012119937667529937,0.01146037387172148,0.011564204103194014
28,11,paired_difference,all_minus_interior,catalog,columns,all,catalog,columns,interior,20,0.013740287502268389,0.0003666921028203432,0.01358861264353468,0.013902927840299333
28,11,paired_difference,row_minus_column_traversal,catalog,rows,all,catalog,columns,all,20,0.0313176016988572,0.0027745293909983617,0.03014662943481718,0.032514651121829656
28,11,paired_difference,row_minus_column_traversal,permute_rows_fixed_anchor,rows,all,permute_rows_fixed_anchor,columns,all,20,0.1854108726296761,0.003957976468105938,0.1837210280595533,0.18710719694162412
28,11,paired_difference,row_minus_column_traversal,permute_columns_fixed_anchor,rows,all,permute_columns_fixed_anchor,columns,all,20,-0.15397082439003987,0.0032034190288710977,-0.15528525341738647,-0.15260068278354422
28,11,paired_difference,row_minus_column_traversal,permute_both_fixed_anchor,rows,all,permute_both_fixed_anchor,columns,all,20,0.0001224465407790587,0.0005266261322567815,-9.915084512024031e-05,0.00034325428326108904
28,11,paired_difference,row_minus_column_traversal,permute_both_renormalized,rows,all,permute_both_renormalized,columns,all,20,1.1226960757693138e-05,0.0005259262170433115,-0.00021765538531551607,0.00023730481171806896
28,12,paired_difference,catalog_minus_permute_rows_fixed_anchor,catalog,rows,all,permute_rows_fixed_anchor,rows,all,20,-5.551115123125783e-18,5.946092766648789e-17,-3.053113317719181e-17,1.9428902930940238e-17
28,12,paired_difference,catalog_minus_permute_columns_fixed_anchor,catalog,rows,all,permute_columns_fixed_anchor,rows,all,20,0.21760097954807991,0.004930823232746575,0.21556338453798363,0.21974567872268877
28,12,paired_difference,catalog_minus_permute_both_fixed_anchor,catalog,rows,all,permute_both_fixed_anchor,rows,all,20,0.21760097954807994,0.004930823232746568,0.21554321899082532,0.21978724373842923
28,12,paired_difference,catalog_minus_permute_both_renormalized,catalog,rows,all,permute_both_renormalized,rows,all,20,0.21773379505754123,0.0047303190940136694,0.21574872484253482,0.21982529466864656
28,12,paired_difference,fixed_both_minus_renormalized_both,permute_both_fixed_anchor,rows,all,permute_both_renormalized,rows,all,20,0.00013281550946132037,0.0009877995148647454,-0.00029297578324124606,0.0005623943165628232
28,12,paired_difference,all_minus_exclude_first_row,catalog,rows,all,catalog,rows,exclude_first_row,20,0.002062393202742513,0.00020874956261993587,0.0019695998005144363,0.0021487136066408973
28,12,paired_difference,all_minus_exclude_first_column,catalog,rows,all,catalog,rows,exclude_first_column,20,-0.0010550414629711125,0.0005547189358986456,-0.0013007000941266313,-0.0008300499754508422
28,12,paired_difference,all_minus_interior,catalog,rows,all,catalog,rows,interior,20,0.00030087575846195755,0.000567124872394057,5.8739302566178344e-05,0.0005408455488915389
28,12,paired_difference,catalog_minus_permute_rows_fixed_anchor,catalog,columns,all,permute_rows_fixed_anchor,columns,all,20,0.17741486727794098,0.0034383413375948676,0.17596482566400762,0.17888782404455084
28,12,paired_difference,catalog_minus_permute_columns_fixed_anchor,catalog,columns,all,permute_columns_fixed_anchor,columns,all,20,-8.326672684688674e-18,5.773103542401668e-17,-3.3306690738754695e-17,1.6653345369377347e-17
28,12,paired_difference,catalog_minus_permute_both_fixed_anchor,catalog,columns,all,permute_both_fixed_anchor,columns,all,20,0.177414867277941,0.0034383413375948715,0.17596268561887238,0.17885895252209427
28,12,paired_difference,catalog_minus_permute_both_renormalized,catalog,columns,all,permute_both_renormalized,columns,all,20,0.17690909780804895,0.003291059434000997,0.17551069814832226,0.1782939211807912
28,12,paired_difference,fixed_both_minus_renormalized_both,permute_both_fixed_anchor,columns,all,permute_both_renormalized,columns,all,20,-0.0005057694698920812,0.0011373804546443863,-0.000994325993028332,-2.6361296054687043e-05
28,12,paired_difference,all_minus_exclude_first_row,catalog,columns,all,catalog,columns,exclude_first_row,20,0.011695235496460416,0.0005282355083347606,0.01146766002868399,0.01192126656639634
28,12,paired_difference,all_minus_exclude_first_column,catalog,columns,all,catalog,columns,exclude_first_column,20,0.00770386783635133,0.00012675157356955365,0.0076493791052931965,0.007756895723435795
28,12,paired_difference,all_minus_interior,catalog,columns,all,catalog,columns,interior,20,0.019423561939716612,0.0004809927328050557,0.01922095847734269,0.019633445264538543
28,12,paired_difference,row_minus_column_traversal,catalog,rows,all,catalog,columns,all,20,0.040641432296151095,0.003418731815944209,0.03924474614825826,0.04217379125541377
28,12,paired_difference,row_minus_column_traversal,permute_rows_fixed_anchor,rows,all,permute_rows_fixed_anchor,columns,all,20,0.2180562995740921,0.005129899726734202,0.21594713294622955,0.2202853683295181
28,12,paired_difference,row_minus_column_traversal,permute_columns_fixed_anchor,rows,all,permute_columns_fixed_anchor,columns,all,20,-0.17695954725192878,0.0031721142986251252,-0.1783344023086313,-0.17560746896507962
28,12,paired_difference,row_minus_column_traversal,permute_both_fixed_anchor,rows,all,permute_both_fixed_anchor,columns,all,20,0.0004553200260122181,0.0010360971622487855,1.6018047705971675e-05,0.0009009444475916224
28,12,paired_difference,row_minus_column_traversal,permute_both_renormalized,rows,all,permute_both_renormalized,columns,all,20,-0.00018326495334118343,0.0010763159024595823,-0.0006468131771849396,0.00026499264373828715
