order,block_size,presentation,target,stage,model,repetitions,mean_observations,mean_log_loss,mean_gain_over_fair,gain_over_fair_ci95_lower,gain_over_fair_ci95_upper,mean_gain_over_constraint,gain_over_constraint_ci95_lower,gain_over_constraint_ci95_upper,mean_rmse_count,mean_mae_count
24,2,catalog,pressured_pair_agreement_count,all,constraint_state,20,2640.0,0.8455879275585227,0.40785322395399304,0.4007622451586867,0.41517008663828486,0.0,0.0,0.0,0.6849168238282474,0.5081931743025507
24,2,catalog,pressured_pair_agreement_count,all,fair_binomial,20,2640.0,1.2534411515125157,0.0,0.0,0.0,-0.40785322395399304,-0.41532026314586074,-0.4009364939847487,0.8990068802348216,0.8083333333333333
24,2,catalog,pressured_pair_agreement_count,all,serialized_context,20,2640.0,0.9360533118694419,0.3173878396430739,0.3006983085005577,0.3331717638188157,-0.09046538431091906,-0.10365381932588326,-0.07848742693057342,0.8469441247619086,0.7690091148376464
24,2,catalog,pressured_pair_agreement_count,all,state_plus_context,20,2640.0,0.5230444345905519,0.7303967169219636,0.7145247082926931,0.7453654976398827,0.32254349296797075,0.3088000760277112,0.3356341691358917,0.6004589117852029,0.42863304065268615
24,2,catalog,pressured_pair_agreement_count,early,constraint_state,20,528.0,1.2698536713348545,-0.0009873694973262625,-0.008367492089668778,0.0061058298938686095,0.0,0.0,0.0,0.8903523672294783,0.8072369528619525
24,2,catalog,pressured_pair_agreement_count,early,fair_binomial,20,528.0,1.2688663018375284,0.0,0.0,0.0,0.0009873694973262625,-0.006175765649502677,0.008174703360782085,0.9112862206360592,0.8305871212121213
24,2,catalog,pressured_pair_agreement_count,early,serialized_context,20,528.0,0.9003644465198859,0.36850185531764273,0.3500885211542523,0.38874927484651495,0.369489224814969,0.3531052743473794,0.3868494487601019,0.8967744765106123,0.8185936279369574
24,2,catalog,pressured_pair_agreement_count,early,state_plus_context,20,528.0,0.8241215237989428,0.4447447780385855,0.4231987186770173,0.46742648734576175,0.4457321475359118,0.4251621356779118,0.4663790046320912,0.8773023807665992,0.8102461737460647
24,2,catalog,pressured_pair_agreement_count,late,constraint_state,20,1056.0,0.35036569332987094,0.9234563482928857,0.9148161832284033,0.9319998734275123,0.0,0.0,0.0,0.3880674269019045,0.21903409090909096
24,2,catalog,pressured_pair_agreement_count,late,fair_binomial,20,1056.0,1.2738220416227566,0.0,0.0,0.0,-0.9234563482928857,-0.9319562849583257,-0.9147362144257504,0.9152359885448096,0.8377367424242423
24,2,catalog,pressured_pair_agreement_count,late,serialized_context,20,1056.0,0.9591814775909493,0.3146405640318075,0.2988937782745467,0.330111080772364,-0.6088157842610783,-0.6171956009554563,-0.5996748975584382,0.8570202878137613,0.7859545379308872
24,2,catalog,pressured_pair_agreement_count,late,state_plus_context,20,1056.0,0.27561432650881734,0.9982077151139395,0.985581570936129,1.0103191924203854,0.07475136682105357,0.06696555229214295,0.08185291677844826,0.34906316090658457,0.18437599969563778
24,2,catalog,pressured_pair_agreement_count,middle,constraint_state,20,1056.0,1.1286772898990052,0.09667039634084408,0.08373010432378425,0.10972073002585289,0.0,0.0,0.0,0.7908993178661414,0.6478303684163051
24,2,catalog,pressured_pair_agreement_count,middle,fair_binomial,20,1056.0,1.2253476862398494,0.0,0.0,0.0,-0.09667039634084408,-0.10973319155132641,-0.08363598293711284,0.8760828258929495,0.7678030303030303
24,2,catalog,pressured_pair_agreement_count,middle,serialized_context,20,1056.0,0.9307695788227118,0.29457810741713775,0.27028263775518574,0.3173972495784084,0.19790771107629362,0.17177812906654574,0.22143895066226757,0.8102711134771499,0.7272714351947481
24,2,catalog,pressured_pair_agreement_count,middle,state_plus_context,20,1056.0,0.6199359980680899,0.6054116881717595,0.5837251258074093,0.6260458075279485,0.5087412918309153,0.48326265248590977,0.5331136057873328,0.6279486208622165,0.48208351506304475
24,2,catalog,row_plus_count,all,constraint_state,20,2760.0,0.842719043160012,0.1819333107111905,0.18193239052173155,0.18193429436199082,0.0,0.0,0.0,0.6073906448449244,0.3910851880607319
24,2,catalog,row_plus_count,all,fair_binomial,20,2760.0,1.0246523538712027,0.0,0.0,0.0,-0.1819333107111905,-0.1819343260926619,-0.18193239052173177,0.6915640748081244,0.4782608695652173
24,2,catalog,row_plus_count,all,serialized_context,20,2760.0,0.8045945379783568,0.22005781589284576,0.20493324022784914,0.2350045933256014,0.03812450518165524,0.023527956332786305,0.05344433748568265,0.6674598221068715,0.49318608459202873
24,2,catalog,row_plus_count,all,state_plus_context,20,2760.0,0.5156661143352862,0.5089862395359165,0.4962936569275499,0.5217047882154435,0.327052928824726,0.3146601536022215,0.33970562144978933,0.5306729758688781,0.3500084930741235
24,2,catalog,row_plus_count,early,constraint_state,20,552.0,1.0121387785376423,0.01251357533358044,0.012444393231097547,0.012577905644467747,0.0,0.0,0.0,0.6831300510639732,0.4719565217391306
24,2,catalog,row_plus_count,early,fair_binomial,20,552.0,1.0246523538712224,0.0,0.0,0.0,-0.01251357533358044,-0.012577845973934921,-0.012446303585980915,0.6915640748081244,0.4782608695652173
24,2,catalog,row_plus_count,early,serialized_context,20,552.0,0.6792707686961303,0.34538158517509254,0.33121312260538155,0.36035064232599845,0.33286800984151205,0.31891154000696287,0.3479541047653311,0.6608473449353759,0.4837671387368023
24,2,catalog,row_plus_count,early,state_plus_context,20,552.0,0.5806502349290661,0.44400211894215663,0.4255764988420584,0.46199297262931854,0.43148854360857625,0.4139811214835523,0.4494575048814459,0.6390284661548573,0.46628130899036907
24,2,catalog,row_plus_count,late,constraint_state,20,1104.0,0.6169506830683015,0.407701670802903,0.4073835682530276,0.4080434039499513,0.0,0.0,0.0,0.5000000000000002,0.2823218599033817
24,2,catalog,row_plus_count,late,fair_binomial,20,1104.0,1.0246523538712045,0.0,0.0,0.0,-0.407701670802903,-0.4080354512082304,-0.40738635153465574,0.6915640748081244,0.4782608695652173
24,2,catalog,row_plus_count,late,serialized_context,20,1104.0,0.8154120591872326,0.20924029468397182,0.1917009340385129,0.2271905560310035,-0.1984613761189312,-0.21623173037098645,-0.1804964689004183,0.6627600460723162,0.4916916608208064
24,2,catalog,row_plus_count,late,state_plus_context,20,1104.0,0.38493906436802605,0.6397132895031784,0.6256640099440635,0.6531337626975099,0.23201161870027542,0.21807271142111706,0.245429463873062,0.41501624269616305,0.25068010021778087
24,2,catalog,row_plus_count,middle,constraint_state,20,1104.0,0.9837775355628878,0.04087481830831645,0.040578750482275355,0.041151779534477406,0.0,0.0,0.0,0.6625520019436235,0.4594128493788808
24,2,catalog,row_plus_count,middle,fair_binomial,20,1104.0,1.0246523538712045,0.0,0.0,0.0,-0.04087481830831645,-0.04115631600435392,-0.04056505531082674,0.6915640748081244,0.4782608695652173
24,2,catalog,row_plus_count,middle,serialized_context,20,1104.0,0.8564389014106022,0.16821345246060218,0.15220001824439677,0.18495571320632267,0.12733863415228575,0.11134887774503474,0.1442669693799383,0.6753765446741372,0.4993899812908653
24,2,catalog,row_plus_count,middle,state_plus_context,20,1104.0,0.6139011040056569,0.4107512498655474,0.396457665521163,0.4243082467966521,0.36987643155723093,0.3559326679279911,0.38385026818986573,0.571976255474092,0.3912004779723444
24,2,permute_both_fixed_anchor,pressured_pair_agreement_count,all,constraint_state,20,2640.0,0.7176784101019462,0.4062833731934889,0.40347830795770434,0.4091006819749626,0.0,0.0,0.0,0.5523413212498519,0.4300979737854739
24,2,permute_both_fixed_anchor,pressured_pair_agreement_count,all,fair_binomial,20,2640.0,1.1239617832954352,0.0,0.0,0.0,-0.4062833731934889,-0.40905651290662287,-0.40340164799705397,0.7883588945635142,0.621534090909091
24,2,permute_both_fixed_anchor,pressured_pair_agreement_count,all,serialized_context,20,2640.0,1.022841923702572,0.10111985959286325,0.09755664711452927,0.10463947303326393,-0.30516351360062555,-0.30703689373381066,-0.3033359785367659,0.7376264183275412,0.6470876594695322
24,2,permute_both_fixed_anchor,pressured_pair_agreement_count,all,state_plus_context,20,2640.0,0.7356430913743542,0.3883186919210809,0.3849901590143704,0.39163210466695303,-0.017964681272407978,-0.019550530950462202,-0.016287153514703112,0.5584727622023112,0.43171278960297743
24,2,permute_both_fixed_anchor,pressured_pair_agreement_count,early,constraint_state,20,528.0,0.9885443459699518,0.04434997536445213,0.039798683476052726,0.04920736592597979,0.0,0.0,0.0,0.6694239006884006,0.5446285774410773
24,2,permute_both_fixed_anchor,pressured_pair_agreement_count,early,fair_binomial,20,528.0,1.0328943213344037,0.0,0.0,0.0,-0.04434997536445213,-0.04923912360833303,-0.039749060969257184,0.6999827402507541,0.4901515151515151
24,2,permute_both_fixed_anchor,pressured_pair_agreement_count,early,serialized_context,20,528.0,1.0249584348031984,0.007935886531205388,-0.00032834464910288234,0.016450613474490196,-0.03641408883324674,-0.04088265898194781,-0.031966324874177304,0.6842235895880349,0.5884589055482492
24,2,permute_both_fixed_anchor,pressured_pair_agreement_count,early,state_plus_context,20,528.0,0.997425378475499,0.03546894285890502,0.029660578670560052,0.04159781405859893,-0.008881032505547105,-0.011743538286621318,-0.006220628021610823,0.6721543411887215,0.5471480844136327
24,2,permute_both_fixed_anchor,pressured_pair_agreement_count,late,constraint_state,20,1056.0,0.3887189971706548,0.8384665793206796,0.8342019997214709,0.8431424677381875,0.0,0.0,0.0,0.38144042314110393,0.2547782512626265
24,2,permute_both_fixed_anchor,pressured_pair_agreement_count,late,fair_binomial,20,1056.0,1.2271855764913344,0.0,0.0,0.0,-0.8384665793206796,-0.8431741758014973,-0.8341986854265966,0.8777364186170228,0.7704545454545454
24,2,permute_both_fixed_anchor,pressured_pair_agreement_count,late,serialized_context,20,1056.0,1.0520584730760034,0.17512710341533091,0.17065475007913367,0.1799962894671849,-0.6633394759053488,-0.6679501879118765,-0.658749335524878,0.8237189144175814,0.7466256576713064
24,2,permute_both_fixed_anchor,pressured_pair_agreement_count,late,state_plus_context,20,1056.0,0.39909598462709317,0.8280895918642412,0.8228288592323356,0.8340408019741054,-0.010376987456438386,-0.012521386838996796,-0.0083249946589371,0.3866776423438939,0.25525954312932886
24,2,permute_both_fixed_anchor,pressured_pair_agreement_count,middle,constraint_state,20,1056.0,0.9112048550992349,0.1550668659808651,0.14900481551679684,0.16090686879138227,0.0,0.0,0.0,0.6268535229972716,0.5481523944805192
24,2,permute_both_fixed_anchor,pressured_pair_agreement_count,middle,fair_binomial,20,1056.0,1.0662717210800998,0.0,0.0,0.0,-0.1550668659808651,-0.16084063825088327,-0.14888151422454896,0.7336219329224528,0.5383049242424244
24,2,permute_both_fixed_anchor,pressured_pair_agreement_count,middle,serialized_context,20,1056.0,0.9925671187788314,0.07370460230126827,0.06880993697904453,0.0783746126373926,-0.08136226367959683,-0.08568345334273177,-0.07711279218084878,0.6688812939885543,0.576864038228399
24,2,permute_both_fixed_anchor,pressured_pair_agreement_count,middle,state_plus_context,20,1056.0,0.941299054571043,0.12497266650905672,0.11782368290914894,0.13174170853418393,-0.030094199471808393,-0.03318255499263481,-0.026850506471702847,0.6356759145187016,0.5504483886712978
24,2,permute_both_fixed_anchor,row_plus_count,all,constraint_state,20,2760.0,0.8427330046552448,0.18191934921595482,0.18191868287186425,0.18191998382937477,0.0,0.0,0.0,0.6073906448449247,0.44101328502415427
24,2,permute_both_fixed_anchor,row_plus_count,all,fair_binomial,20,2760.0,1.0246523538712,0.0,0.0,0.0,-0.18191934921595482,-0.1819199838293749,-0.18191871460253467,0.6915640748081244,0.4782608695652173
24,2,permute_both_fixed_anchor,row_plus_count,all,serialized_context,20,2760.0,1.0141408911388505,0.010511462732349108,0.009734809932972434,0.011182488178339499,-0.17140788648360572,-0.1721592954756231,-0.17075581646008497,0.6842579446610674,0.5129239407206301
24,2,permute_both_fixed_anchor,row_plus_count,all,state_plus_context,20,2760.0,0.8613991254316666,0.16325322843953333,0.1622585323655165,0.1643773983894424,-0.018666120776421536,-0.01964860451409953,-0.017529831369580286,0.6128819441758634,0.45358078794859813
24,2,permute_both_fixed_anchor,row_plus_count,early,constraint_state,20,552.0,1.0114064161365828,0.013245937734640268,0.01322129530531875,0.01326961127235281,0.0,0.0,0.0,0.6831300510639732,0.5068900966183574
24,2,permute_both_fixed_anchor,row_plus_count,early,fair_binomial,20,552.0,1.0246523538712227,0.0,0.0,0.0,-0.013245937734640268,-0.013269467673519462,-0.013221194410882495,0.6915640748081244,0.4782608695652173
24,2,permute_both_fixed_anchor,row_plus_count,early,serialized_context,20,552.0,1.01508171246263,0.009570641408593072,0.008254851655450939,0.010946746555941566,-0.003675296326047195,-0.004993942598045095,-0.0023174179629834404,0.6852273695989846,0.5158829772539335
24,2,permute_both_fixed_anchor,row_plus_count,early,state_plus_context,20,552.0,1.0240864033936306,0.0005659504775923363,-0.002566016107728623,0.003869663118853117,-0.012679987257047932,-0.01591252351992997,-0.009350527823127824,0.6865100579181057,0.517953855508685
24,2,permute_both_fixed_anchor,row_plus_count,late,constraint_state,20,1104.0,0.6206023985714728,0.404049955299732,0.40391630302907944,0.40419108507038054,0.0,0.0,0.0,0.5000000000000003,0.33730374396135254
24,2,permute_both_fixed_anchor,row_plus_count,late,fair_binomial,20,1104.0,1.0246523538712045,0.0,0.0,0.0,-0.404049955299732,-0.40418988959501984,-0.40391909185819264,0.6915640748081244,0.4782608695652173
24,2,permute_both_fixed_anchor,row_plus_count,late,serialized_context,20,1104.0,1.0132696667649028,0.011382687106301725,0.010416049817127654,0.012257807600180217,-0.39266726819343023,-0.3936256513281342,-0.39178004741359074,0.6837896456662425,0.5121033049057948
24,2,permute_both_fixed_anchor,row_plus_count,late,state_plus_context,20,1104.0,0.6375201901723121,0.3871321636988926,0.3850124622208695,0.3893990991132969,-0.016917791600839404,-0.019041201227847793,-0.014638022976519251,0.5059470187938244,0.3493277106119763
24,2,permute_both_fixed_anchor,row_plus_count,middle,constraint_state,20,1104.0,0.9805269049983429,0.04412544887286161,0.043978416500263,0.04426400114781389,0.0,0.0,0.0,0.6625520019436234,0.5117844202898554
24,2,permute_both_fixed_anchor,row_plus_count,middle,fair_binomial,20,1104.0,1.0246523538712045,0.0,0.0,0.0,-0.04412544887286161,-0.044262245942218524,-0.043979918257865305,0.6915640748081244,0.4782608695652173
24,2,permute_both_fixed_anchor,row_plus_count,middle,serialized_context,20,1104.0,1.0145417048509118,0.010110649020292573,0.009328749824736833,0.010852434945793738,-0.034014799852569035,-0.03482342885391477,-0.03324739387678674,0.6842405075930176,0.5122650582688136
24,2,permute_both_fixed_anchor,row_plus_count,middle,state_plus_context,20,1104.0,1.003934421710038,0.02071793216116651,0.018080146718998158,0.02344674837153852,-0.0234075167116951,-0.026039801502720165,-0.020652360177060916,0.668889022956174,0.525647331505178
24,2,permute_both_renormalized,pressured_pair_agreement_count,all,constraint_state,20,2640.0,0.7171904509209095,0.40509097557316903,0.40238750291810393,0.40797424825949896,0.0,0.0,0.0,0.5512834441095849,0.4292324960918714
24,2,permute_both_renormalized,pressured_pair_agreement_count,all,fair_binomial,20,2640.0,1.1222814264940788,0.0,0.0,0.0,-0.40509097557316903,-0.40802766782803085,-0.40236095521664866,0.7868268036753693,0.6191098484848485
24,2,permute_both_renormalized,pressured_pair_agreement_count,all,serialized_context,20,2640.0,1.0229543111413042,0.09932711535277444,0.09641731347054541,0.1022164901311161,-0.3057638602203946,-0.30829973594943716,-0.30353510846468884,0.7359915477470087,0.6448770274610635
24,2,permute_both_renormalized,pressured_pair_agreement_count,all,state_plus_context,20,2640.0,0.7335235230222625,0.38875790347181616,0.3854279636188512,0.39246390775180473,-0.016333072101352965,-0.018179440882654375,-0.014504553145318209,0.5571523105945833,0.4303469982587499
24,2,permute_both_renormalized,pressured_pair_agreement_count,early,constraint_state,20,528.0,0.9892505278939898,0.04206845893914145,0.037159817831998045,0.04706579248072307,0.0,0.0,0.0,0.6694838809959741,0.5445128367003365
24,2,permute_both_renormalized,pressured_pair_agreement_count,early,fair_binomial,20,528.0,1.0313189868331314,0.0,0.0,0.0,-0.04206845893914145,-0.047027690978566794,-0.037254645305932546,0.6983151464091452,0.48787878787878797
24,2,permute_both_renormalized,pressured_pair_agreement_count,early,serialized_context,20,528.0,1.0259211427452741,0.005397844087857273,-0.003597238478987048,0.01494128953255606,-0.03667061485128418,-0.041953036218759704,-0.03125584954061702,0.6849135789785744,0.5888915067337885
24,2,permute_both_renormalized,pressured_pair_agreement_count,early,state_plus_context,20,528.0,0.9978756750303027,0.033443311802828626,0.02828492723181196,0.038917056713875145,-0.008625147136312822,-0.010538001118948164,-0.006727493603857457,0.6724419169271709,0.5466110704046552
24,2,permute_both_renormalized,pressured_pair_agreement_count,late,constraint_state,20,1056.0,0.38965843734732464,0.8362143603929493,0.8305372683534352,0.8420301625126958,0.0,0.0,0.0,0.38152312517838616,0.2551807133838385
24,2,permute_both_renormalized,pressured_pair_agreement_count,late,fair_binomial,20,1056.0,1.2258727977402741,0.0,0.0,0.0,-0.8362143603929493,-0.8421925159725384,-0.8304114080565372,0.87666641583943,0.768560606060606
24,2,permute_both_renormalized,pressured_pair_agreement_count,late,serialized_context,20,1056.0,1.0489748222572963,0.17689797548297756,0.17184142545002978,0.18233213370068022,-0.6593163849099717,-0.664552109910747,-0.6542138262360643,0.8210288653609519,0.7437517043668609
24,2,permute_both_renormalized,pressured_pair_agreement_count,late,state_plus_context,20,1056.0,0.4016427263731323,0.8242300713671418,0.8176769993943611,0.8305070193466125,-0.011984289025807638,-0.01382765460798886,-0.010027501677117715,0.3875415842053068,0.2563956154261783
24,2,permute_both_renormalized,pressured_pair_agreement_count,middle,constraint_state,20,1056.0,0.908692426007954,0.15547884907044868,0.14912115983558677,0.16213270411818137,0.0,0.0,0.0,0.6244297904540183,0.5456441084956707
24,2,permute_both_renormalized,pressured_pair_agreement_count,middle,fair_binomial,20,1056.0,1.0641712750784027,0.0,0.0,0.0,-0.15547884907044868,-0.16217306423776773,-0.14906006825951618,0.7315700890220568,0.5352746212121212
24,2,permute_both_renormalized,pressured_pair_agreement_count,middle,serialized_context,20,1056.0,0.995450384223328,0.0687208908550748,0.06399945556905698,0.07361831200923065,-0.08675795821537388,-0.09235621990237576,-0.0813344305902282,0.6673651158026562,0.573995110918903
24,2,permute_both_renormalized,pressured_pair_agreement_count,middle,state_plus_context,20,1056.0,0.9332282436673726,0.13094303141103011,0.12372549451717105,0.1384443718470329,-0.02453581765941857,-0.02814029151036484,-0.020986734969801187,0.6321196098563938,0.5461663450183696
24,2,permute_both_renormalized,row_plus_count,all,constraint_state,20,2760.0,0.8427332902312837,0.18191906363991608,0.1819185242185092,0.18191960306132302,0.0,0.0,0.0,0.6073906448449247,0.441520330112721
24,2,permute_both_renormalized,row_plus_count,all,fair_binomial,20,2760.0,1.0246523538712,0.0,0.0,0.0,-0.18191906363991608,-0.1819196030613227,-0.18191852421850938,0.6915640748081244,0.4782608695652173
24,2,permute_both_renormalized,row_plus_count,all,serialized_context,20,2760.0,1.0132989712670857,0.01135338260411406,0.010786337898092236,0.011911700148762985,-0.170565681035802,-0.1711361786017651,-0.17002369063940487,0.684100443351937,0.5120646568969539
24,2,permute_both_renormalized,row_plus_count,all,state_plus_context,20,2760.0,0.8618917515983577,0.16276060227284234,0.16089190852941915,0.16446856677053878,-0.019158461367073738,-0.0210120010464732,-0.017417748618639557,0.6131177181141142,0.45411643477372643
24,2,permute_both_renormalized,row_plus_count,early,constraint_state,20,552.0,1.0114033435806262,0.013249010290596542,0.013222459471323098,0.01327401941213175,0.0,0.0,0.0,0.6831300510639732,0.5083413848631239
24,2,permute_both_renormalized,row_plus_count,early,fair_binomial,20,552.0,1.0246523538712224,0.0,0.0,0.0,-0.013249010290596542,-0.013273464364372966,-0.013222837398741609,0.6915640748081244,0.4782608695652173
24,2,permute_both_renormalized,row_plus_count,early,serialized_context,20,552.0,1.015365095303078,0.009287258568144986,0.00818727652665943,0.01032837211845918,-0.003961751722451556,-0.005057600848804412,-0.0029603424879987928,0.6853557133535181,0.5154131178799574
24,2,permute_both_renormalized,row_plus_count,early,state_plus_context,20,552.0,1.026282821929112,-0.0016304680578891674,-0.004996721283340699,0.0019249280006475324,-0.014879478348485709,-0.018245196979993595,-0.011275865540545892,0.6874374337063021,0.520103677140899
24,2,permute_both_renormalized,row_plus_count,late,constraint_state,20,1104.0,0.620585485937567,0.40406686793363783,0.40390038931957845,0.40424715536795175,0.0,0.0,0.0,0.5000000000000003,0.33679045893719783
24,2,permute_both_renormalized,row_plus_count,late,fair_binomial,20,1104.0,1.0246523538712047,0.0,0.0,0.0,-0.40406686793363783,-0.4042459580513687,-0.4039007525528984,0.6915640748081244,0.4782608695652173
24,2,permute_both_renormalized,row_plus_count,late,serialized_context,20,1104.0,1.0121676550671943,0.012484698804010597,0.011708570707423857,0.01323254922696657,-0.39158216912962723,-0.3924228073882899,-0.3907692900366006,0.6837335072576527,0.5113270824131148
24,2,permute_both_renormalized,row_plus_count,late,state_plus_context,20,1104.0,0.6364709822523705,0.3881813716188342,0.3859871476931414,0.39041127168033685,-0.015885496314803644,-0.018106287493118784,-0.013575661314389186,0.5053282217427986,0.3480777138042924
24,2,permute_both_renormalized,row_plus_count,middle,constraint_state,20,1104.0,0.9805460678503252,0.04410628602087986,0.04392720681084162,0.04427511336448341,0.0,0.0,0.0,0.6625520019436234,0.5128396739130437
24,2,permute_both_renormalized,row_plus_count,middle,fair_binomial,20,1104.0,1.0246523538712047,0.0,0.0,0.0,-0.04410628602087986,-0.04427280610627166,-0.04392744245026871,0.6915640748081244,0.4782608695652173
24,2,permute_both_renormalized,row_plus_count,middle,serialized_context,20,1104.0,1.013397225448984,0.011255128422220517,0.010452432933933047,0.012039648563792695,-0.03285115759865935,-0.03370015317666828,-0.03204110582216974,0.6838385560228203,0.5111280008892893
24,2,permute_both_renormalized,row_plus_count,middle,state_plus_context,20,1104.0,1.0051169857789688,0.019535368092236244,0.016344218411322317,0.02259599182231599,-0.02457091792864362,-0.027771329521291337,-0.021633032586250444,0.6694245578552164,0.5271615345595755
24,4,catalog,pressured_pair_agreement_count,all,constraint_state,20,1320.0,1.1853334711366448,0.7244800989251938,0.7127358802224668,0.7375640374162772,0.0,0.0,0.0,0.9687095426352175,0.6499791666666661
24,4,catalog,pressured_pair_agreement_count,all,fair_binomial,20,1320.0,1.9098135700618386,0.0,0.0,0.0,-0.7244800989251938,-0.7370162513264596,-0.7124474812531932,1.448002744052405,1.1709848484848482
24,4,catalog,pressured_pair_agreement_count,all,serialized_context,20,1320.0,1.3914791615317426,0.5183344085300964,0.4941582899720909,0.5406423947296534,-0.20614569039509756,-0.22811259227833472,-0.18529226629540088,1.3546595614464771,1.1402372088519948
24,4,catalog,pressured_pair_agreement_count,all,state_plus_context,20,1320.0,0.7362358836925267,1.1735776863693124,1.1516863999553828,1.1939484654700123,0.4490975874441183,0.4252788903302183,0.47172373607498086,0.9024591446506578,0.6036514404887842
24,4,catalog,pressured_pair_agreement_count,early,constraint_state,20,264.0,1.7036724367082983,-0.04851509651608703,-0.05706377208417663,-0.04002337018476301,0.0,0.0,0.0,1.2142670560330258,0.9498484848484857
24,4,catalog,pressured_pair_agreement_count,early,fair_binomial,20,264.0,1.6551573401922108,0.0,0.0,0.0,0.04851509651608703,0.040555535716046295,0.05675398997226248,1.2338158672889097,0.8549242424242424
24,4,catalog,pressured_pair_agreement_count,early,serialized_context,20,264.0,1.4089070233302563,0.24625031686195492,0.21113300373793306,0.2809471418223178,0.29476541337804196,0.2605492848381493,0.32681438728442586,1.2461637102137306,1.0173648712428869
24,4,catalog,pressured_pair_agreement_count,early,state_plus_context,20,264.0,1.2574636733644267,0.3976936668277842,0.36532174107108945,0.4291049338397269,0.44620876334387133,0.4141917533652179,0.47599755821250417,1.1963157335763488,0.8982950165947166
24,4,catalog,pressured_pair_agreement_count,late,constraint_state,20,528.0,0.4341227960879941,1.7168088175546026,1.6979774311203912,1.735047821070245,0.0,0.0,0.0,0.4811504668589377,0.24640151515151518
24,4,catalog,pressured_pair_agreement_count,late,fair_binomial,20,528.0,2.1509316136425958,0.0,0.0,0.0,-1.7168088175546026,-1.735023109389245,-1.6984129329214122,1.6238515509214242,1.4511363636363637
24,4,catalog,pressured_pair_agreement_count,late,serialized_context,20,528.0,1.4096539216661184,0.741277691976478,0.7186844055017898,0.763690225732063,-0.9755311255781244,-0.9975037624589638,-0.955464615732682,1.4947594841979859,1.3209582556518091
24,4,catalog,pressured_pair_agreement_count,late,state_plus_context,20,528.0,0.3584138355025134,1.792517778140083,1.7750880236137943,1.8105203983663987,0.07570896058548063,0.062120340864213565,0.08803708631519769,0.45368963578800575,0.2360475137343773
24,4,catalog,pressured_pair_agreement_count,middle,constraint_state,20,528.0,1.6773746633994673,0.1186489780165498,0.09679487886241592,0.14109884111729043,0.0,0.0,0.0,1.1727556847370106,0.903622159090909
24,4,catalog,pressured_pair_agreement_count,middle,fair_binomial,20,528.0,1.7960236414160171,0.0,0.0,0.0,-0.1186489780165498,-0.141727799856277,-0.09737738027698987,1.3574571255783565,1.0488636363636366
24,4,catalog,pressured_pair_agreement_count,middle,serialized_context,20,528.0,1.3645904704981067,0.4314331709179105,0.40129561777993683,0.45843320332667153,0.3127841929013607,0.27522543886607115,0.3504731391240079,1.254925110723088,1.0209523308567339
24,4,catalog,pressured_pair_agreement_count,middle,state_plus_context,20,528.0,0.8534440370465888,0.9425796043694283,0.906998998444703,0.9766648876711869,0.8239306263528787,0.7753780021098334,0.8724150334284367,1.0553709636655886,0.8239335791902249
24,4,catalog,row_plus_count,all,constraint_state,20,1380.0,0.9964170442430792,0.3638666214224303,0.36386478104351216,0.36386858872403127,0.0,0.0,0.0,0.7529651530709309,0.4143961352657003
24,4,catalog,row_plus_count,all,fair_binomial,20,1380.0,1.3602836656655097,0.0,0.0,0.0,-0.3638666214224303,-0.3638685887240322,-0.36386478104351283,0.9325048082403138,0.5531884057971014
24,4,catalog,row_plus_count,all,serialized_context,20,1380.0,0.9722455413752712,0.3880381242902384,0.36547308540262446,0.41140755744120044,0.024171502867808163,0.0017714780586383454,0.04781236869923125,0.8786581848480519,0.575072966483361
24,4,catalog,row_plus_count,all,state_plus_context,20,1380.0,0.5738847983851898,0.7863988672803198,0.7698297750478846,0.8029708646097903,0.4225322458578895,0.40584208973138935,0.4392543468311576,0.6498200038838805,0.3596210475679616
24,4,catalog,row_plus_count,early,constraint_state,20,276.0,1.3369431938419065,0.025027150667163333,0.024891865950119985,0.025158856690136167,0.0,0.0,0.0,0.9136643851522563,0.5572463768115945
24,4,catalog,row_plus_count,early,fair_binomial,20,276.0,1.3619703445090703,0.0,0.0,0.0,-0.025027150667163333,-0.025158215992012064,-0.02489462130434687,0.9325048082403138,0.5333333333333333
24,4,catalog,row_plus_count,early,serialized_context,20,276.0,0.8795957351069861,0.4823746094020837,0.4581886689079726,0.5078922361132112,0.45734745873492033,0.43310353164224463,0.48250578586218634,0.8667536776828213,0.5478696027624378
24,4,catalog,row_plus_count,early,state_plus_context,20,276.0,0.8431817676172966,0.5187885768917736,0.48908524675627313,0.5478699008732942,0.4937614262246103,0.46427200871746754,0.5220330659263854,0.8538610674129563,0.511378533186454
24,4,catalog,row_plus_count,late,constraint_state,20,552.0,0.5440739192111239,0.8154033416058415,0.8147670828001875,0.8160859400692427,0.0,0.0,0.0,0.5107539184552492,0.24465579710144927
24,4,catalog,row_plus_count,late,fair_binomial,20,552.0,1.359477260816965,0.0,0.0,0.0,-0.8154033416058415,-0.8160751988887094,-0.8147735812144103,0.9325048082403138,0.56268115942029
24,4,catalog,row_plus_count,late,serialized_context,20,552.0,0.9900134372102896,0.3694638236066754,0.3443452353283179,0.3946914361368616,-0.44593951799916587,-0.47069474067415523,-0.42070267681208007,0.8712659338856252,0.5728449476853477
24,4,catalog,row_plus_count,late,state_plus_context,20,552.0,0.3365093289953929,1.0229679318215723,1.0111026853290885,1.0350843425122522,0.20756459021573098,0.19533579857229497,0.21998859130288825,0.4206336696240732,0.20111166718398094
24,4,catalog,row_plus_count,middle,constraint_state,20,552.0,1.2784970944756382,0.08174963661666834,0.08113597768696801,0.08232666620171976,0.0,0.0,0.0,0.8597269536210952,0.5127113526570048
24,4,catalog,row_plus_count,middle,fair_binomial,20,552.0,1.3602467310923065,0.0,0.0,0.0,-0.08174963661666834,-0.08231931201156081,-0.0811452671971522,0.9325048082403138,0.5536231884057972
24,4,catalog,row_plus_count,middle,serialized_context,20,552.0,1.000802548674398,0.35944418241790893,0.33480440970010306,0.384885099341967,0.27769454580124053,0.2530344386559451,0.30279714288738346,0.8917611761344866,0.5909026671418355
24,4,catalog,row_plus_count,middle,state_plus_context,20,552.0,0.6766117831589332,0.6836349479333735,0.6637231242741379,0.7037251104988638,0.6018853113167052,0.5816914958751912,0.6220853904480257,0.7166157796708068,0.44225168514269575
24,4,permute_both_fixed_anchor,pressured_pair_agreement_count,all,constraint_state,20,1320.0,0.9230616656638049,0.7490425380366942,0.743730682357846,0.7547838890100074,0.0,0.0,0.0,0.7130175890828758,0.508733585858586
24,4,permute_both_fixed_anchor,pressured_pair_agreement_count,all,fair_binomial,20,1320.0,1.6721042037004992,0.0,0.0,0.0,-0.7490425380366942,-0.7547586765129245,-0.7436328822899569,1.2600836692938535,1.0295833333333335
24,4,permute_both_fixed_anchor,pressured_pair_agreement_count,all,serialized_context,20,1320.0,1.4493978736518058,0.22270633004869342,0.21458766537216795,0.23181841261993977,-0.5263362079880008,-0.5326169407753947,-0.5200088445845397,1.1259432787488306,0.9390715536058677
24,4,permute_both_fixed_anchor,pressured_pair_agreement_count,all,state_plus_context,20,1320.0,0.9494878599368158,0.7226163437636831,0.7173446627181099,0.7282526679657524,-0.026426194273010996,-0.02821255243226165,-0.024697627485347796,0.7210668772940108,0.5200817573632694
24,4,permute_both_fixed_anchor,pressured_pair_agreement_count,early,constraint_state,20,264.0,1.3058741031892016,0.07353633641750043,0.0637441098470237,0.08306534342569429,0.0,0.0,0.0,0.899322140999762,0.7508333333333332
24,4,permute_both_fixed_anchor,pressured_pair_agreement_count,early,fair_binomial,20,264.0,1.3794104396067017,0.0,0.0,0.0,-0.07353633641750043,-0.08284596248302775,-0.06369798888025577,0.9671301504512051,0.719128787878788
24,4,permute_both_fixed_anchor,pressured_pair_agreement_count,early,serialized_context,20,264.0,1.3732909311039747,0.0061195085027272444,-0.010242192098324197,0.022593657853047355,-0.06741682791477319,-0.07622345182019537,-0.0589983379327729,0.9407623685690865,0.7906302647692013
24,4,permute_both_fixed_anchor,pressured_pair_agreement_count,early,state_plus_context,20,264.0,1.3187595435135246,0.06065089609317763,0.05006109440569155,0.07065103775586976,-0.012885440324322794,-0.016509389733739676,-0.009225644459385401,0.9007092474891676,0.7505728815869162
24,4,permute_both_fixed_anchor,pressured_pair_agreement_count,late,constraint_state,20,528.0,0.44953232028352924,1.5670154649735655,1.5567970029721883,1.5772039475004678,0.0,0.0,0.0,0.43870067876735863,0.23499053030303027
24,4,permute_both_fixed_anchor,pressured_pair_agreement_count,late,fair_binomial,20,528.0,2.016547785257095,0.0,0.0,0.0,-1.5670154649735655,-1.5772196533538034,-1.55713057859887,1.533155581669343,1.378787878787879
24,4,permute_both_fixed_anchor,pressured_pair_agreement_count,late,serialized_context,20,528.0,1.5637856279289803,0.4527621573281146,0.43930662859540376,0.46686331436187123,-1.1142533076454508,-1.1266373616966006,-1.1021846660920265,1.3785097148355745,1.1991696220759271
24,4,permute_both_fixed_anchor,pressured_pair_agreement_count,late,state_plus_context,20,528.0,0.4624512028942104,1.5540965823628843,1.5424630492936264,1.5656743185005748,-0.012918882610681113,-0.015581012959444257,-0.01040010208818776,0.4454371746260172,0.24796237683660513
24,4,permute_both_fixed_anchor,pressured_pair_agreement_count,middle,constraint_state,20,528.0,1.205184792281395,0.268822711909496,0.25852345006699384,0.2796544785910004,0.0,0.0,0.0,0.8204051405235312,0.6614267676767677
24,4,permute_both_fixed_anchor,pressured_pair_agreement_count,middle,fair_binomial,20,528.0,1.474007504190891,0.0,0.0,0.0,-0.268822711909496,-0.27979383344947,-0.25853090551763114,1.0723563234842795,0.8356060606060606
24,4,permute_both_fixed_anchor,pressured_pair_agreement_count,middle,serialized_context,20,528.0,1.3730635906485467,0.10094391354234418,0.08741262664518733,0.11330146121252037,-0.16787879836715186,-0.1774775446223992,-0.15855868623342467,0.9084342393980449,0.7531941295541409
24,4,permute_both_fixed_anchor,pressured_pair_agreement_count,middle,state_plus_context,20,528.0,1.2518886751910683,0.22211882899982244,0.20893169544952886,0.23516472887904494,-0.04670388290967355,-0.0526089212960088,-0.04137950773156991,0.8335188548734636,0.6769555757781107
24,4,permute_both_fixed_anchor,row_plus_count,all,constraint_state,20,1380.0,0.9854323086528665,0.36383869843194405,0.363837429205104,0.36384003112012575,0.0,0.0,0.0,0.7529651530709309,0.5269227053140101
24,4,permute_both_fixed_anchor,row_plus_count,all,fair_binomial,20,1380.0,1.3492710070848104,0.0,0.0,0.0,-0.36383869843194405,-0.36384003112012553,-0.36383742920510465,0.9325048082403138,0.6828260869565218
24,4,permute_both_fixed_anchor,row_plus_count,all,serialized_context,20,1380.0,1.3237646367715024,0.02550637031330839,0.02426616860512941,0.02678509476565282,-0.3383323281186357,-0.3395792685237226,-0.337082964185961,0.9107160202093988,0.7183911322461894
24,4,permute_both_fixed_anchor,row_plus_count,all,state_plus_context,20,1380.0,1.0128372289532632,0.33643377813154746,0.3342736537125249,0.3387287022431908,-0.027404920300396658,-0.029588606898431645,-0.025036954958920755,0.7576773392635506,0.5379124245199138
24,4,permute_both_fixed_anchor,row_plus_count,early,constraint_state,20,276.0,1.3229207141462112,0.02649187546928571,0.02644335244280786,0.026539180867455197,0.0,0.0,0.0,0.9136643851522563,0.7098550724637678
24,4,permute_both_fixed_anchor,row_plus_count,early,fair_binomial,20,276.0,1.349412589615497,0.0,0.0,0.0,-0.02649187546928571,-0.026538853527612503,-0.02644256671845203,0.9325048082403138,0.681159420289855
24,4,permute_both_fixed_anchor,row_plus_count,early,serialized_context,20,276.0,1.3311742457297169,0.018238343885780293,0.015768965770050027,0.020822504435840442,-0.008253531583505414,-0.010762343030990591,-0.0056592368921876855,0.9170359416386604,0.7268868584173169
24,4,permute_both_fixed_anchor,row_plus_count,early,state_plus_context,20,276.0,1.3385529462348387,0.010859643380658368,0.006921493569792854,0.014996753028119375,-0.01563223208862734,-0.019639183451134346,-0.011329214388472396,0.916113065596192,0.7178062101510763
24,4,permute_both_fixed_anchor,row_plus_count,late,constraint_state,20,552.0,0.5412049531774513,0.808099910599499,0.8078391318361097,0.8083774762216985,0.0,0.0,0.0,0.5107539184552492,0.2801630434782609
24,4,permute_both_fixed_anchor,row_plus_count,late,fair_binomial,20,552.0,1.3493048637769502,0.0,0.0,0.0,-0.808099910599499,-0.8083887893242669,-0.8078314138227932,0.9325048082403138,0.682427536231884
24,4,permute_both_fixed_anchor,row_plus_count,late,serialized_context,20,552.0,1.3208761085394616,0.028428755237488945,0.02632385923903543,0.030494203455193346,-0.7796711553620101,-0.7819049472325522,-0.7775587757792506,0.9088991695379237,0.7154477972678874
24,4,permute_both_fixed_anchor,row_plus_count,late,state_plus_context,20,552.0,0.5605963785527532,0.7887084852241972,0.785515566265493,0.7917099036525983,-0.019391425375301845,-0.022679321417264236,-0.016328818855430166,0.5156657693881159,0.29117763469637503
24,4,permute_both_fixed_anchor,row_plus_count,middle,constraint_state,20,552.0,1.2609154613816194,0.08825089774576944,0.08795159850089718,0.08852435719158003,0.0,0.0,0.0,0.859726953621095,0.6822161835748789
24,4,permute_both_fixed_anchor,row_plus_count,middle,fair_binomial,20,552.0,1.349166359127389,0.0,0.0,0.0,-0.08825089774576944,-0.0885272084287309,-0.08795909127018778,0.9325048082403138,0.6840579710144927
24,4,permute_both_fixed_anchor,row_plus_count,middle,serialized_context,20,552.0,1.3229483605244359,0.02621799860295314,0.02352087910612231,0.028666956079860077,-0.0620328991428163,-0.06471660250737704,-0.05952675658522665,0.9093559921619006,0.7170866041389282
24,4,permute_both_fixed_anchor,row_plus_count,middle,state_plus_context,20,552.0,1.3022202207129863,0.046946138414402726,0.04199171933858688,0.05202317802997799,-0.041304759331366715,-0.04631702384055526,-0.036121244378419584,0.8657930919690455,0.6947003215278716
24,4,permute_both_renormalized,pressured_pair_agreement_count,all,constraint_state,20,1320.0,0.9263272605085549,0.7484267821781342,0.7429282854047554,0.7538407526495726,0.0,0.0,0.0,0.7163151176686491,0.5122847222222222
24,4,permute_both_renormalized,pressured_pair_agreement_count,all,fair_binomial,20,1320.0,1.6747540426866887,0.0,0.0,0.0,-0.7484267821781342,-0.7537435232923306,-0.7430626940861463,1.2623459435525748,1.031628787878788
24,4,permute_both_renormalized,pressured_pair_agreement_count,all,serialized_context,20,1320.0,1.4523133118485925,0.2224407308380963,0.214766850219608,0.229917593875363,-0.525986051340038,-0.5319617193022587,-0.5208589985268122,1.1280652920874166,0.9424037171691826
24,4,permute_both_renormalized,pressured_pair_agreement_count,all,state_plus_context,20,1320.0,0.9554219470275969,0.7193320956590918,0.7127943995046977,0.7260068961817188,-0.029094686519042418,-0.03141724358952104,-0.026674318466424818,0.7240784234979041,0.5240421078121723
24,4,permute_both_renormalized,pressured_pair_agreement_count,early,constraint_state,20,264.0,1.31754088647045,0.06782937175304073,0.057469252909991955,0.07787600964483245,0.0,0.0,0.0,0.9104853293664356,0.7616287878787878
24,4,permute_both_renormalized,pressured_pair_agreement_count,early,fair_binomial,20,264.0,1.385370258223491,0.0,0.0,0.0,-0.06782937175304073,-0.0779960193694708,-0.05782146521701056,0.9743191180810244,0.7287878787878788
24,4,permute_both_renormalized,pressured_pair_agreement_count,early,serialized_context,20,264.0,1.3842971744161336,0.0010730838073573557,-0.013218153429144862,0.015736590613735703,-0.06675628794568336,-0.0747319560378604,-0.058642744324411473,0.9532316588117761,0.8004821792949933
24,4,permute_both_renormalized,pressured_pair_agreement_count,early,state_plus_context,20,264.0,1.3341956555279697,0.05117460269552121,0.04050760091437859,0.061840366630011315,-0.016654769057519513,-0.02207578374373988,-0.011503058072564696,0.9146837667209994,0.7664336363271901
24,4,permute_both_renormalized,pressured_pair_agreement_count,late,constraint_state,20,528.0,0.452139079677608,1.5660893585771656,1.5544206539357983,1.5779418938801295,0.0,0.0,0.0,0.4413135323038027,0.2363162878787879
24,4,permute_both_renormalized,pressured_pair_agreement_count,late,fair_binomial,20,528.0,2.018228438254773,0.0,0.0,0.0,-1.5660893585771656,-1.5780851390494017,-1.554832099254311,1.53438355161321,1.3808712121212119
24,4,permute_both_renormalized,pressured_pair_agreement_count,late,serialized_context,20,528.0,1.5671491798917634,0.45107925836300994,0.4391764843647228,0.46344195496475277,-1.1150101002141555,-1.1288097823111185,-1.1029585321862856,1.3792181088107038,1.199638678436581
24,4,permute_both_renormalized,pressured_pair_agreement_count,late,state_plus_context,20,528.0,0.4686981003066434,1.54953033794813,1.5368789899541122,1.5624150855465728,-0.016559020629035366,-0.01972857394679881,-0.013459993881097069,0.4481901006190938,0.25047908534438007
24,4,permute_both_renormalized,pressured_pair_agreement_count,middle,constraint_state,20,528.0,1.2049086283585655,0.2710629109917274,0.2569333681139765,0.2849393328047827,0.0,0.0,0.0,0.8197686742580265,0.6635811237373735
24,4,permute_both_renormalized,pressured_pair_agreement_count,middle,fair_binomial,20,528.0,1.4759715393502932,0.0,0.0,0.0,-0.2710629109917274,-0.2848345068438409,-0.257428857594154,1.0739636472826288,0.8338068181818181
24,4,permute_both_renormalized,pressured_pair_agreement_count,middle,serialized_context,20,528.0,1.3714855125216538,0.1044860268286392,0.08941029881980281,0.11930081562063703,-0.1665768841630881,-0.17866073100776564,-0.15458513342459856,0.9072376086753087,0.7561295248388783
24,4,permute_both_renormalized,pressured_pair_agreement_count,middle,state_plus_context,20,528.0,1.252758939498365,0.22321259985192773,0.2065165079266863,0.23967900278542217,-0.047850311139799595,-0.052566634568780066,-0.043159105158735916,0.8306598709983977,0.6764093660224562
24,4,permute_both_renormalized,row_plus_count,all,constraint_state,20,1380.0,0.9855067489513771,0.3638381272798661,0.3638370484370522,0.3638392695840217,0.0,0.0,0.0,0.7529651530709309,0.5276099033816429
24,4,permute_both_renormalized,row_plus_count,all,fair_binomial,20,1380.0,1.349344876231243,0.0,0.0,0.0,-0.3638381272798661,-0.3638392061226804,-0.3638370484370518,0.9325048082403138,0.6819565217391305
24,4,permute_both_renormalized,row_plus_count,all,serialized_context,20,1380.0,1.3236938780635397,0.02565099816770352,0.0244766871586732,0.02671558184953091,-0.33818712911216253,-0.3393211801290665,-0.3371049751886124,0.9106250900059095,0.7173535004910164
24,4,permute_both_renormalized,row_plus_count,all,state_plus_context,20,1380.0,1.0144426232331658,0.3349022529980773,0.3329086999960013,0.33665099161638556,-0.028935874281788797,-0.030988595396836363,-0.027151805664563922,0.7583226233761448,0.5381102811248006
24,4,permute_both_renormalized,row_plus_count,early,constraint_state,20,276.0,1.3227606749792304,0.02649802058119821,0.0264449161518524,0.02654683138572927,0.0,0.0,0.0,0.9136643851522563,0.7118115942028983
24,4,permute_both_renormalized,row_plus_count,early,fair_binomial,20,276.0,1.3492586955604289,0.0,0.0,0.0,-0.02649802058119821,-0.026547628793582388,-0.02644352757150906,0.9325048082403138,0.6829710144927537
24,4,permute_both_renormalized,row_plus_count,early,serialized_context,20,276.0,1.3303630299564027,0.01889566560402598,0.016695989078011616,0.02093343356037227,-0.007602354977172232,-0.00974030057975609,-0.00550450010346225,0.917102378522441,0.72728588784179
24,4,permute_both_renormalized,row_plus_count,early,state_plus_context,20,276.0,1.336068472795486,0.013190222764942739,0.007712257946981605,0.01839838770370657,-0.013307797816255473,-0.018852909144397825,-0.0081885694888469,0.9154709622040968,0.7182779547356379
24,4,permute_both_renormalized,row_plus_count,late,constraint_state,20,552.0,0.5411557385041332,0.8081337358673103,0.8077879691474216,0.8084988478290831,0.0,0.0,0.0,0.5107539184552492,0.28097826086956523
24,4,permute_both_renormalized,row_plus_count,late,fair_binomial,20,552.0,1.3492894743714436,0.0,0.0,0.0,-0.8081337358673103,-0.8084846781890942,-0.807794427852554,0.9325048082403138,0.682608695652174
24,4,permute_both_renormalized,row_plus_count,late,serialized_context,20,552.0,1.321397111571358,0.027892362800085325,0.026042080817605746,0.029737473013763706,-0.7802413730672251,-0.7820211271183717,-0.7784826741937529,0.9093771489083776,0.7162658720766667
24,4,permute_both_renormalized,row_plus_count,late,state_plus_context,20,552.0,0.5647180485882531,0.7845714257831904,0.7809279534053299,0.7880988749594554,-0.023562310084119863,-0.027266180016105687,-0.020015129277538995,0.5182829423073719,0.2926247543631808
24,4,permute_both_renormalized,row_plus_count,middle,constraint_state,20,552.0,1.2612307963847047,0.08821257204180735,0.08785635698821197,0.08854702490877775,0.0,0.0,0.0,0.859726953621095,0.6821407004830917
24,4,permute_both_renormalized,row_plus_count,middle,fair_binomial,20,552.0,1.349443368426512,0.0,0.0,0.0,-0.08821257204180735,-0.08854960029304924,-0.08785256911780212,0.9325048082403138,0.6807971014492754
24,4,permute_both_renormalized,row_plus_count,middle,serialized_context,20,552.0,1.32265606860929,0.026787299817221565,0.024328824383010993,0.029147703345452355,-0.061425272224585784,-0.0638147949329356,-0.059206583672911865,0.9086175022022436,0.7134749352299791
24,4,permute_both_renormalized,row_plus_count,middle,state_plus_context,20,552.0,1.3033542730969183,0.046089095329593724,0.04290492597053108,0.049194912691481435,-0.04212347671221363,-0.045290837466436286,-0.03920659974045639,0.8659907499358322,0.693511971081002
24,8,catalog,pressured_pair_agreement_count,all,constraint_state,20,792.0,1.1740723878351293,1.3387436155632442,1.3242693588569099,1.3536927968971488,0.0,0.0,0.0,1.1183246423678954,0.6433922558922569
24,8,catalog,pressured_pair_agreement_count,all,fair_binomial,20,792.0,2.5128160033983735,0.0,0.0,0.0,-1.3387436155632442,-1.3538695152300322,-1.3244251904442315,2.2026808356024365,1.765909090909091
24,8,catalog,pressured_pair_agreement_count,all,serialized_context,20,792.0,1.4866391735265847,1.026176829871789,0.9778421339408769,1.0740809086074734,-0.3125667856914551,-0.3539557929661241,-0.27236944616414216,1.975919611462483,1.5788920630099714
24,8,catalog,pressured_pair_agreement_count,all,state_plus_context,20,792.0,0.6779164479064669,1.8348995554919068,1.7897181251231984,1.8802896410352112,0.4961559399286625,0.45930281962755637,0.5321447683115667,1.0849817261885126,0.5920399697534767
24,8,catalog,pressured_pair_agreement_count,early,constraint_state,20,264.0,2.3706601428145593,-0.2620632672568709,-0.31919056136285506,-0.20694677182072027,0.0,0.0,0.0,1.736844152431625,1.2751893939393946
24,8,catalog,pressured_pair_agreement_count,early,fair_binomial,20,264.0,2.1085968755576885,0.0,0.0,0.0,0.2620632672568709,0.20559319088078912,0.3193811715112581,1.8009524859069905,1.2297348484848487
24,8,catalog,pressured_pair_agreement_count,early,serialized_context,20,264.0,1.2949879856092248,0.813608889948464,0.7527750337690471,0.8730298466724364,1.0756721572053347,0.9741906266008327,1.1780328017197408,1.8497006906289672,1.3192255322351039
24,8,catalog,pressured_pair_agreement_count,early,state_plus_context,20,264.0,1.129069222332825,0.9795276532248639,0.9105348472028862,1.0466198121302968,1.2415909204817346,1.1310010471663055,1.3525078684716678,1.7112381006976292,1.1930517739223507
24,8,catalog,pressured_pair_agreement_count,late,constraint_state,20,264.0,0.0,3.029017827451961,2.9939999789047356,3.063856870832693,0.0,0.0,0.0,0.0,0.0
24,8,catalog,pressured_pair_agreement_count,late,fair_binomial,20,264.0,3.029017827451961,0.0,0.0,0.0,-3.029017827451961,-3.0637246538129683,-2.9933112054250315,2.623121679741369,2.3984848484848484
24,8,catalog,pressured_pair_agreement_count,late,serialized_context,20,264.0,1.3221135131005812,1.7069043143513791,1.6551747878973673,1.756708229715267,-1.3221135131005812,-1.361624747373856,-1.2846863092328642,2.295707085503588,1.9646000869929712
24,8,catalog,pressured_pair_agreement_count,late,state_plus_context,20,264.0,0.0,3.029017827451961,2.9934333310409826,3.063560747309564,0.0,0.0,0.0,0.0,0.0
24,8,catalog,pressured_pair_agreement_count,middle,constraint_state,20,264.0,1.1515570206908357,1.2492762864945646,1.1849491423114327,1.3157577876527955,0.0,0.0,0.0,0.8523014991852669,0.6549873737373735
24,8,catalog,pressured_pair_agreement_count,middle,fair_binomial,20,264.0,2.4008333071854002,0.0,0.0,0.0,-1.2492762864945646,-1.316219127457065,-1.1841933319486664,2.1031929034599477,1.6695075757575757
24,8,catalog,pressured_pair_agreement_count,middle,serialized_context,20,264.0,1.8428160218699507,0.5580172853154493,0.5067490909796539,0.609924338036557,-0.6912590011791154,-0.7460598135461227,-0.6350965460952429,1.7327863676559105,1.4528505698018406
24,8,catalog,pressured_pair_agreement_count,middle,state_plus_context,20,264.0,0.9046801213865772,1.496153185798823,1.4371742435062251,1.553532370388611,0.24687689930425855,0.22856342488433962,0.2643499902595713,0.7719607476551302,0.5830681353380794
24,8,catalog,row_plus_count,all,constraint_state,20,828.0,0.9356846952119623,0.6969080290429859,0.6964646298997098,0.6973502628985275,0.0,0.0,0.0,0.8057762482965363,0.3549677938808373
24,8,catalog,row_plus_count,all,fair_binomial,20,828.0,1.6325927242549483,0.0,0.0,0.0,-0.6969080290429859,-0.6973527709488775,-0.69645618164053,1.179535649239177,0.6946859903381642
24,8,catalog,row_plus_count,all,serialized_context,20,828.0,0.8419419700683491,0.7906507541865992,0.7549115002113321,0.825264267116673,0.09374272514361334,0.056919579338352004,0.12778964615061866,1.0967262184952675,0.6275650088945578
24,8,catalog,row_plus_count,all,state_plus_context,20,828.0,0.47622322881917106,1.1563694954357773,1.1373884636121978,1.1744171426865362,0.4594614663927913,0.4400257432737398,0.4775560598996178,0.7882715659734948,0.33269990298709384
24,8,catalog,row_plus_count,early,constraint_state,20,276.0,1.5849609664359527,0.05143895533463091,0.04858226097859928,0.05424632718718661,0.0,0.0,0.0,1.1190057698883777,0.556449275362318
24,8,catalog,row_plus_count,early,fair_binomial,20,276.0,1.6363999217705836,0.0,0.0,0.0,-0.05143895533463091,-0.05426889639772902,-0.04863180397909409,1.179535649239177,0.6351449275362318
24,8,catalog,row_plus_count,early,serialized_context,20,276.0,0.5890501530363228,1.0473497687342606,1.0060319115676142,1.0850143468395728,0.99591081339963,0.9536617408710893,1.0357510592544246,1.1087436531324972,0.5289077241227774
24,8,catalog,row_plus_count,early,state_plus_context,20,276.0,0.5151418351437841,1.1212580866267996,1.0737861298877918,1.1641886456490684,1.0698191312921685,1.0218350355349282,1.1145759252654466,1.087798272498803,0.48332539676926434
24,8,catalog,row_plus_count,late,constraint_state,20,276.0,0.0,1.6308066832116623,1.6295453193556035,1.6321675836662517,0.0,0.0,0.0,0.0,0.0
24,8,catalog,row_plus_count,late,fair_binomial,20,276.0,1.6308066832116623,0.0,0.0,0.0,-1.6308066832116623,-1.6321521974590603,-1.6295342730121605,1.179535649239177,0.7384057971014493
24,8,catalog,row_plus_count,late,serialized_context,20,276.0,0.6430136000215071,0.9877930831901554,0.9498479211049827,1.024311181767339,-0.6430136000215071,-0.6805756520630929,-0.607328269463359,1.063725639840058,0.6103530434591453
24,8,catalog,row_plus_count,late,state_plus_context,20,276.0,0.0,1.6308066832116623,1.6295299765399474,1.6321847695551046,0.0,0.0,0.0,0.0,0.0
24,8,catalog,row_plus_count,middle,constraint_state,20,276.0,1.2220931191999358,0.4084784485825841,0.4056427133875805,0.4113245508626367,0.0,0.0,0.0,0.8340576562282992,0.5084541062801933
24,8,catalog,row_plus_count,middle,fair_binomial,20,276.0,1.6305715677825199,0.0,0.0,0.0,-0.4084784485825841,-0.41133627014337043,-0.40567634801501423,1.179535649239177,0.7105072463768116
24,8,catalog,row_plus_count,middle,serialized_context,20,276.0,1.2937621571472184,0.3368094106353013,0.2865169599067658,0.3874624817030521,-0.07166903794728281,-0.12366131865659888,-0.020062165485957,1.1168934745976384,0.7434342591017515
24,8,catalog,row_plus_count,middle,state_plus_context,20,276.0,0.9135278513137299,0.7170437164687901,0.6964547055913649,0.7381279996621397,0.30856526788620586,0.2865619539306326,0.3302216980391587,0.82505902149402,0.5147743121920167
24,8,permute_both_fixed_anchor,pressured_pair_agreement_count,all,constraint_state,20,792.0,0.8877584677230216,1.1971960162157274,1.1886648051189888,1.2062804350727245,0.0,0.0,0.0,0.7762604535805243,0.4979124579124572
24,8,permute_both_fixed_anchor,pressured_pair_agreement_count,all,fair_binomial,20,792.0,2.084954483938749,0.0,0.0,0.0,-1.1971960162157274,-1.2063079283831957,-1.1887278677695645,1.8300355810708648,1.5655934343434346
24,8,permute_both_fixed_anchor,pressured_pair_agreement_count,all,serialized_context,20,792.0,1.6987302327906835,0.38622425114806563,0.37589859614342974,0.39712301653347504,-0.8109717650676618,-0.8228236111291284,-0.7983983759048415,1.4599664649501805,1.1713881073223207
24,8,permute_both_fixed_anchor,pressured_pair_agreement_count,all,state_plus_context,20,792.0,0.9106288469915244,1.1743256369472248,1.1659265721064875,1.1830123061242475,-0.022870379268502706,-0.026909357052128505,-0.018735955963221262,0.7815967281044311,0.5063941880279731
24,8,permute_both_fixed_anchor,pressured_pair_agreement_count,early,constraint_state,20,264.0,1.5119436213144222,0.18173377472673238,0.16724165087867815,0.19534844197708673,0.0,0.0,0.0,1.0972783925577223,0.8826893939393934
24,8,permute_both_fixed_anchor,pressured_pair_agreement_count,early,fair_binomial,20,264.0,1.6936773960411542,0.0,0.0,0.0,-0.18173377472673238,-0.19513830988178732,-0.16741297016129278,1.3095511047670436,1.0138257575757577
24,8,permute_both_fixed_anchor,pressured_pair_agreement_count,early,serialized_context,20,264.0,1.6368893170346825,0.05678807900647169,0.03975560735050322,0.07473137250780425,-0.12494569572026068,-0.13382507826829282,-0.11557416418372374,1.190380740115894,0.9167792117065892
24,8,permute_both_fixed_anchor,pressured_pair_agreement_count,early,state_plus_context,20,264.0,1.5320746644439787,0.16160273159717545,0.14597714547377458,0.17704038612264203,-0.020131043129556915,-0.026963659216159015,-0.013592100442650941,1.0997546208786484,0.8863249857123578
24,8,permute_both_fixed_anchor,pressured_pair_agreement_count,late,constraint_state,20,264.0,0.0,2.506939804255941,2.4915083436646643,2.5264678613171583,0.0,0.0,0.0,0.0,0.0
24,8,permute_both_fixed_anchor,pressured_pair_agreement_count,late,fair_binomial,20,264.0,2.506939804255941,0.0,0.0,0.0,-2.506939804255941,-2.525946367398138,-2.491607731255994,2.2597259898749784,2.1297348484848486
24,8,permute_both_fixed_anchor,pressured_pair_agreement_count,late,serialized_context,20,264.0,1.7832632799119525,0.7236765243439884,0.7026245214562848,0.744294829845175,-1.7832632799119525,-1.8082154312856866,-1.7601029030809108,1.8307142658023579,1.576949195749643
24,8,permute_both_fixed_anchor,pressured_pair_agreement_count,late,state_plus_context,20,264.0,0.0,2.506939804255941,2.4913749523411477,2.5261706093487724,0.0,0.0,0.0,0.0,0.0
24,8,permute_both_fixed_anchor,pressured_pair_agreement_count,middle,constraint_state,20,264.0,1.15133178185465,0.9029144696644424,0.8835718094185917,0.9232596043133715,0.0,0.0,0.0,0.7759799261297704,0.6110479797979798
24,8,permute_both_fixed_anchor,pressured_pair_agreement_count,middle,fair_binomial,20,264.0,2.0542462515190922,0.0,0.0,0.0,-0.9029144696644424,-0.9234595323686839,-0.8831289356956129,1.7948170116041944,1.553219696969697
24,8,permute_both_fixed_anchor,pressured_pair_agreement_count,middle,serialized_context,20,264.0,1.676038101425415,0.37820815009367725,0.3525063837138486,0.4040395628362627,-0.5247063195707652,-0.5535685699243661,-0.497848690245882,1.2725790666210877,1.0204359145107307
24,8,permute_both_fixed_anchor,pressured_pair_agreement_count,middle,state_plus_context,20,264.0,1.1998118765305925,0.8544343749885002,0.8321835302148854,0.8746593994989182,-0.04848009467594243,-0.05891725917504896,-0.0384293626305212,0.7884830158718266,0.6328575783715612
24,8,permute_both_fixed_anchor,row_plus_count,all,constraint_state,20,828.0,0.9206634815845092,0.6954500231584981,0.6951971423865477,0.6957011641971457,0.0,0.0,0.0,0.805776248296536,0.5179468599033813
24,8,permute_both_fixed_anchor,row_plus_count,all,fair_binomial,20,828.0,1.6161135047430075,0.0,0.0,0.0,-0.6954500231584981,-0.6956965064386021,-0.6951909504993983,1.179535649239177,0.8869565217391304
24,8,permute_both_fixed_anchor,row_plus_count,all,serialized_context,20,828.0,1.5390299147416104,0.07708359000139674,0.07378660484875732,0.08003540730884405,-0.6183664331571014,-0.6217022569874067,-0.6154556349802895,1.1109015919026959,0.8943456195869703
24,8,permute_both_fixed_anchor,row_plus_count,all,state_plus_context,20,828.0,0.9444520588049408,0.6716614459380666,0.6683735511084526,0.6746781362346194,-0.023788577220431456,-0.026908858594796168,-0.0208833262477322,0.8116570549217696,0.5269150978652082
24,8,permute_both_fixed_anchor,row_plus_count,early,constraint_state,20,276.0,1.5304153746953708,0.08521165999596061,0.08498576799551016,0.08542419925136516,0.0,0.0,0.0,1.1190057698883777,0.8918840579710146
24,8,permute_both_fixed_anchor,row_plus_count,early,fair_binomial,20,276.0,1.6156270346913317,0.0,0.0,0.0,-0.08521165999596061,-0.08542920759059548,-0.08498649314288864,1.179535649239177,0.8920289855072463
24,8,permute_both_fixed_anchor,row_plus_count,early,serialized_context,20,276.0,1.5481238215969146,0.06750321309441687,0.06388428309166269,0.07124087454679251,-0.017708446901543738,-0.021380432360227422,-0.014086624492538913,1.1253509237603005,0.9077336894041107
24,8,permute_both_fixed_anchor,row_plus_count,early,state_plus_context,20,276.0,1.5510155992523973,0.0646114354389341,0.05686683741233844,0.07183463261695364,-0.0206002245570265,-0.028446166358310213,-0.013537979030135736,1.1215839964659857,0.9009184340787689
24,8,permute_both_fixed_anchor,row_plus_count,late,constraint_state,20,276.0,0.0,1.6161998211989794,1.6156762140548981,1.6167594168584676,0.0,0.0,0.0,0.0,0.0
24,8,permute_both_fixed_anchor,row_plus_count,late,fair_binomial,20,276.0,1.6161998211989794,0.0,0.0,0.0,-1.6161998211989794,-1.6167646571110017,-1.6156729989676895,1.179535649239177,0.8887681159420289
24,8,permute_both_fixed_anchor,row_plus_count,late,serialized_context,20,276.0,1.5328674610724886,0.08333236012649049,0.07764840921947,0.08852803975721477,-1.5328674610724886,-1.5385395814655585,-1.5278395615715268,1.1032744069964013,0.8888962548638416
24,8,permute_both_fixed_anchor,row_plus_count,late,state_plus_context,20,276.0,0.0,1.6161998211989794,1.6156603012889796,1.6167645094215306,0.0,0.0,0.0,0.0,0.0
24,8,permute_both_fixed_anchor,row_plus_count,middle,constraint_state,20,276.0,1.2315750700581602,0.38493858828048594,0.3843451971449726,0.3855429617450592,0.0,0.0,0.0,0.8340576562282997,0.6619565217391309
24,8,permute_both_fixed_anchor,row_plus_count,middle,fair_binomial,20,276.0,1.616513658338646,0.0,0.0,0.0,-0.38493858828048594,-0.38553066234966504,-0.3843234406083031,1.179535649239177,0.880072463768116
24,8,permute_both_fixed_anchor,row_plus_count,middle,serialized_context,20,276.0,1.5360984615554274,0.08041519678321882,0.07674104244033073,0.08417463889714277,-0.30452339149726715,-0.30828661330590906,-0.3008609954141976,1.1039236528645469,0.8864069144929594
24,8,permute_both_fixed_anchor,row_plus_count,middle,state_plus_context,20,276.0,1.2823405771624243,0.33417308117622196,0.32632351923397973,0.3415087887575727,-0.05076550710426401,-0.05867384963150665,-0.04323737561139969,0.8475606966546867,0.6798268595168555
24,8,permute_both_renormalized,pressured_pair_agreement_count,all,constraint_state,20,792.0,0.8941818072786619,1.1904367494782684,1.1827784417480847,1.1981926343697875,0.0,0.0,0.0,0.7859828163879075,0.5029208754208749
24,8,permute_both_renormalized,pressured_pair_agreement_count,all,fair_binomial,20,792.0,2.08461855675693,0.0,0.0,0.0,-1.1904367494782684,-1.1984558872739,-1.1825539086056431,1.8300368822157331,1.5653409090909092
24,8,permute_both_renormalized,pressured_pair_agreement_count,all,serialized_context,20,792.0,1.7109384215474648,0.3736801352094653,0.3598524945981678,0.386108272835223,-0.816756614268803,-0.8296435937587177,-0.804451504947349,1.4647742186806096,1.175148716191499
24,8,permute_both_renormalized,pressured_pair_agreement_count,all,state_plus_context,20,792.0,0.9158813619553643,1.168737194801566,1.1591110489629735,1.178614809303532,-0.021699554676702416,-0.024725305034463654,-0.01856649938375929,0.791643959855761,0.5104196082382189
24,8,permute_both_renormalized,pressured_pair_agreement_count,early,constraint_state,20,264.0,1.5287426273782692,0.1669981162473365,0.15621999218888444,0.1780895077449482,0.0,0.0,0.0,1.1156836329559183,0.8972727272727266
24,8,permute_both_renormalized,pressured_pair_agreement_count,early,fair_binomial,20,264.0,1.6957407436256058,0.0,0.0,0.0,-0.1669981162473365,-0.17827554991650238,-0.15619093409011925,1.3122441982568833,1.0147727272727274
24,8,permute_both_renormalized,pressured_pair_agreement_count,early,serialized_context,20,264.0,1.655512828153683,0.040227915471922684,0.02274124006563739,0.057721886009511475,-0.12677020077541376,-0.13625886815978813,-0.11722934284683961,1.2116235443756733,0.9411362901230756
24,8,permute_both_renormalized,pressured_pair_agreement_count,early,state_plus_context,20,264.0,1.5469238133310017,0.14881693029460405,0.13413643509974604,0.16327061380710117,-0.018181185952732416,-0.02325986001627482,-0.01323979395103367,1.119020383463798,0.8998387976874073
24,8,permute_both_renormalized,pressured_pair_agreement_count,late,constraint_state,20,264.0,0.0,2.5025044777432743,2.48059345254201,2.5245525261723114,0.0,0.0,0.0,0.0,0.0
24,8,permute_both_renormalized,pressured_pair_agreement_count,late,fair_binomial,20,264.0,2.5025044777432743,0.0,0.0,0.0,-2.5025044777432743,-2.5240773314493383,-2.480709834837204,2.2566308712199197,2.1312499999999996
24,8,permute_both_renormalized,pressured_pair_agreement_count,late,serialized_context,20,264.0,1.7835773302798639,0.7189271474634107,0.6919753658761955,0.7433692461825209,-1.7835773302798639,-1.8163606053703893,-1.7534976322034035,1.8272774479806,1.5714883870527119
24,8,permute_both_renormalized,pressured_pair_agreement_count,late,state_plus_context,20,264.0,0.0,2.5025044777432743,2.4813610279929863,2.524463087148547,0.0,0.0,0.0,0.0,0.0
24,8,permute_both_renormalized,pressured_pair_agreement_count,middle,constraint_state,20,264.0,1.1538027944577236,0.9018076544441286,0.8877785185315089,0.9170770543977963,0.0,0.0,0.0,0.7793167475028944,0.6114898989898989
24,8,permute_both_renormalized,pressured_pair_agreement_count,middle,fair_binomial,20,264.0,2.0556104489018523,0.0,0.0,0.0,-0.9018076544441286,-0.9175239075906995,-0.8876477260353078,1.7965528981257086,1.55
24,8,permute_both_renormalized,pressured_pair_agreement_count,middle,serialized_context,20,264.0,1.6937251062088525,0.3618853426929998,0.337480953128381,0.38738027730353036,-0.5399223117511288,-0.5611922926571482,-0.5192173807425388,1.2738899064715892,1.0128214713987105
24,8,permute_both_renormalized,pressured_pair_agreement_count,middle,state_plus_context,20,264.0,1.2007202725350916,0.8548901763667608,0.8373461274793461,0.8718788231199665,-0.04691747807736772,-0.056323899152805425,-0.03857795880947752,0.7915692109854009,0.6314200270272488
24,8,permute_both_renormalized,row_plus_count,all,constraint_state,20,828.0,0.9208271435667449,0.6954716214169089,0.6951448494305358,0.695809237829733,0.0,0.0,0.0,0.8057762482965363,0.51622383252818
24,8,permute_both_renormalized,row_plus_count,all,fair_binomial,20,828.0,1.6162987649836538,0.0,0.0,0.0,-0.6954716214169089,-0.6958041483567732,-0.6951465653219723,1.179535649239177,0.8886473429951689
24,8,permute_both_renormalized,row_plus_count,all,serialized_context,20,828.0,1.5364554482458543,0.07984331673779946,0.077607899084406,0.0818193272622922,-0.6156283046791095,-0.6178222205404958,-0.6136382778181729,1.1109668055979371,0.8931394415682966
24,8,permute_both_renormalized,row_plus_count,all,state_plus_context,20,828.0,0.94597490519283,0.6703238597908237,0.6655650451152368,0.6746960484320799,-0.02514776162608524,-0.02976278465685406,-0.020831449069988125,0.8115478187187867,0.5250264794096973
24,8,permute_both_renormalized,row_plus_count,early,constraint_state,20,276.0,1.5315212111986791,0.0850877946780898,0.08490615574505078,0.08527580821027572,0.0,0.0,0.0,1.1190057698883777,0.886231884057971
24,8,permute_both_renormalized,row_plus_count,early,fair_binomial,20,276.0,1.616609005876769,0.0,0.0,0.0,-0.0850877946780898,-0.08527195724464115,-0.08490435948251884,1.179535649239177,0.8884057971014492
24,8,permute_both_renormalized,row_plus_count,early,serialized_context,20,276.0,1.5473432352817622,0.06926577059500716,0.06661370403951275,0.07213132269128844,-0.015822024083082642,-0.01851042031986839,-0.012958495240938601,1.126495655112742,0.9029015927535596
24,8,permute_both_renormalized,row_plus_count,early,state_plus_context,20,276.0,1.5602134381650266,0.05639556771174259,0.05019846902296953,0.06213106579554409,-0.028692226966347212,-0.03473513619291549,-0.022854880125547476,1.1222069197363451,0.8944514193051278
24,8,permute_both_renormalized,row_plus_count,late,constraint_state,20,276.0,0.0,1.6162674717346022,1.6155995201966604,1.6169962388190964,0.0,0.0,0.0,0.0,0.0
24,8,permute_both_renormalized,row_plus_count,late,fair_binomial,20,276.0,1.6162674717346022,0.0,0.0,0.0,-1.6162674717346022,-1.6169997790727606,-1.6155959918216711,1.179535649239177,0.8913043478260867
24,8,permute_both_renormalized,row_plus_count,late,serialized_context,20,276.0,1.5321143685035887,0.08415310323101335,0.08019886457109897,0.08780845317367827,-1.5321143685035887,-1.5357330508819604,-1.5285216429824,1.103066199270137,0.8873799806463974
24,8,permute_both_renormalized,row_plus_count,late,state_plus_context,20,276.0,0.0,1.6162674717346022,1.61558979977821,1.6169733314582588,0.0,0.0,0.0,0.0,0.0
24,8,permute_both_renormalized,row_plus_count,middle,constraint_state,20,276.0,1.2309602195015583,0.38505959783796734,0.3845414157596461,0.3855950397966933,0.0,0.0,0.0,0.8340576562282997,0.6624396135265702
24,8,permute_both_renormalized,row_plus_count,middle,fair_binomial,20,276.0,1.6160198173395255,0.0,0.0,0.0,-0.38505959783796734,-0.3855875025267934,-0.38453431871725363,1.179535649239177,0.886231884057971
24,8,permute_both_renormalized,row_plus_count,middle,serialized_context,20,276.0,1.529908740952214,0.0861110763873115,0.08217000829653616,0.089917369610405,-0.29894852145065587,-0.3031295415316044,-0.29483352062391954,1.1031647795791912,0.889136751304933
24,8,permute_both_renormalized,row_plus_count,middle,state_plus_context,20,276.0,1.2777112774134634,0.33830853992606225,0.32706883856234226,0.3488019573515109,-0.04675105791190509,-0.057993663997262114,-0.03624336569063493,0.8464349797763104,0.680628018923964
28,2,catalog,pressured_pair_agreement_count,all,constraint_state,20,30264.0,0.7821816074631677,0.3425770356571797,0.34211715117921027,0.3430444036315821,0.0,0.0,0.0,0.5951370456327598,0.464269087513287
28,2,catalog,pressured_pair_agreement_count,all,fair_binomial,20,30264.0,1.1247586431203471,0.0,0.0,0.0,-0.3425770356571797,-0.34305177994091807,-0.34210101105894375,0.7891013960836916,0.6226837166270156
28,2,catalog,pressured_pair_agreement_count,all,serialized_context,20,30264.0,1.0387868783297227,0.08597176479062504,0.08505490720351563,0.08689124466289622,-0.25660527086655466,-0.2573747264612409,-0.2558117223089421,0.7496222946967801,0.6447510375141988
28,2,catalog,pressured_pair_agreement_count,all,state_plus_context,20,30264.0,0.5938695729556758,0.5308890701646716,0.5289376056902585,0.5328834527846065,0.18831203450749195,0.18640003773196273,0.19030770203700595,0.5096486875277182,0.3594752820461774
28,2,catalog,pressured_pair_agreement_count,early,constraint_state,20,7566.0,1.0101486678541327,0.042604112823952475,0.04124245570093863,0.0439355382224853,0.0,0.0,0.0,0.6897401245569647,0.567404777353216
28,2,catalog,pressured_pair_agreement_count,early,fair_binomial,20,7566.0,1.0527527806780852,0.0,0.0,0.0,-0.042604112823952475,-0.04395310329981718,-0.04126561259041485,0.7202711196325142,0.5188012159661644
28,2,catalog,pressured_pair_agreement_count,early,serialized_context,20,7566.0,1.0201416019726193,0.032611178705466135,0.03135083903077043,0.03388506394598953,-0.00999293411848634,-0.0111429633816577,-0.008762682485632426,0.6887197396724354,0.5732686972875392
28,2,catalog,pressured_pair_agreement_count,early,state_plus_context,20,7566.0,0.8956655789018535,0.15708720177623176,0.15505652140291992,0.15894721005583534,0.1144830889522793,0.1130916535062241,0.1158046014124212,0.6365537724499531,0.5201122203649089
28,2,catalog,pressured_pair_agreement_count,late,constraint_state,20,10088.0,0.3977408410465799,0.8251300554023244,0.8243076242315478,0.825952101331949,0.0,0.0,0.0,0.3955860843522673,0.24823470129526845
28,2,catalog,pressured_pair_agreement_count,late,fair_binomial,20,10088.0,1.2228708964489043,0.0,0.0,0.0,-0.8251300554023244,-0.8259410452754256,-0.8242823025018741,0.8742021364905787,0.7642297779540047
28,2,catalog,pressured_pair_agreement_count,late,serialized_context,20,10088.0,1.0605905019908475,0.162280394458057,0.16125455920602894,0.16333327266436604,-0.6628496609442674,-0.6640921180559134,-0.6616274344154226,0.8314200937018625,0.7424762901102789
28,2,catalog,pressured_pair_agreement_count,late,state_plus_context,20,10088.0,0.21129459776186837,1.011576298687036,1.0094628321991823,1.0140169489020352,0.18644624328471157,0.18437292327017182,0.1888241750358535,0.26478326696757654,0.13383963122149264
28,2,catalog,pressured_pair_agreement_count,middle,constraint_state,20,12610.0,0.9529539843619222,0.1365183735618287,0.1352097998644958,0.13773182038912618,0.0,0.0,0.0,0.6628765078932313,0.5752151825837437
28,2,catalog,pressured_pair_agreement_count,middle,fair_binomial,20,12610.0,1.0894723579237506,0.0,0.0,0.0,-0.1365183735618287,-0.13771897090743443,-0.1352177776386426,0.7561524761400461,0.5717763679619349
28,2,catalog,pressured_pair_agreement_count,middle,serialized_context,20,12610.0,1.0325311452151111,0.05694121270863968,0.05527631591950962,0.058533848031972764,-0.07957716085318899,-0.08078194635484065,-0.07828039328415873,0.7148554143909764,0.6094602395733204
28,2,catalog,pressured_pair_agreement_count,middle,state_plus_context,20,12610.0,0.7188519495430072,0.3706204083807435,0.36734429864177837,0.3738190006824793,0.2341020348189148,0.23116280651017831,0.2372233628912565,0.5693428317496274,0.4436016397146827
28,2,catalog,row_plus_count,all,constraint_state,20,31428.0,0.8688465664624256,0.1580381454779921,0.1580381388982936,0.1580381520576907,0.0,0.0,0.0,0.6200235223162754,0.43813593408310847
28,2,catalog,row_plus_count,all,fair_binomial,20,31428.0,1.026884711940418,0.0,0.0,0.0,-0.1580381454779921,-0.15803815205769073,-0.15803813889829352,0.693888666488711,0.4814814814814814
28,2,catalog,row_plus_count,all,serialized_context,20,31428.0,0.941594514992843,0.0852901969475749,0.08481109093418482,0.08572624980208747,-0.07274794853041719,-0.07321033559260447,-0.07232849987476779,0.6531300520926296,0.5307067827646827
28,2,catalog,row_plus_count,all,state_plus_context,20,31428.0,0.5571205141010389,0.469764197839379,0.4677474190243354,0.4718108313975856,0.31172605236138684,0.30970920395599905,0.3137544038261562,0.47554119676137746,0.34324911878679004
28,2,catalog,row_plus_count,early,constraint_state,20,7857.0,1.0158626528125723,0.011022059128210571,0.01102074566707425,0.011023372589347014,0.0,0.0,0.0,0.6863807932487769,0.5051570111192178
28,2,catalog,row_plus_count,early,fair_binomial,20,7857.0,1.0268847119407822,0.0,0.0,0.0,-0.011022059128210571,-0.011023372589346991,-0.011020745667074238,0.693888666488711,0.4814814814814814
28,2,catalog,row_plus_count,early,serialized_context,20,7857.0,0.9837190799352233,0.04316563200555924,0.04227413479450348,0.044003709318896564,0.032143572877348675,0.031241686281211954,0.03296266429532067,0.6790107670553057,0.5514572216842504
28,2,catalog,row_plus_count,early,state_plus_context,20,7857.0,0.6749198763190158,0.35196483562176695,0.3495206723962997,0.3544613958314918,0.3409427764935563,0.3385270833611845,0.3433988403156006,0.5420942937481779,0.44292212273472886
28,2,catalog,row_plus_count,late,constraint_state,20,10476.0,0.6121054436469968,0.41477926829381895,0.41476687371675486,0.4147916628708831,0.0,0.0,0.0,0.4984544012479549,0.3331853760977498
28,2,catalog,row_plus_count,late,fair_binomial,20,10476.0,1.026884711940816,0.0,0.0,0.0,-0.41477926829381895,-0.4147916628708831,-0.41476687371675486,0.693888666488711,0.4814814814814814
28,2,catalog,row_plus_count,late,serialized_context,20,10476.0,0.9262449438273078,0.10063976811350801,0.10015141804143579,0.10111361275054304,-0.31413950018031106,-0.31461982935447225,-0.31366164656706896,0.6349265010894185,0.5208775755472326
28,2,catalog,row_plus_count,late,state_plus_context,20,10476.0,0.400731371326286,0.62615334061453,0.6239543252545001,0.6284819708797872,0.21137407232071093,0.2091943712242874,0.21369520206078396,0.39200339200080275,0.2539349511399423
28,2,catalog,row_plus_count,middle,constraint_state,20,13095.0,0.98602981290471,0.04085489903612561,0.04084575565987977,0.040864042412371814,0.0,0.0,0.0,0.6642239198025435,0.4818837342497183
28,2,catalog,row_plus_count,middle,fair_binomial,20,13095.0,1.0268847119408353,0.0,0.0,0.0,-0.04085489903612561,-0.04086404241237153,-0.040845755659879766,0.693888666488711,0.4814814814814814
28,2,catalog,row_plus_count,middle,serialized_context,20,13095.0,0.9285994329599296,0.09828527898090625,0.09737936604427942,0.09915395650258704,0.05743037994478066,0.05650756707693397,0.058305365773008835,0.6516506788327914,0.5261198851869078
28,2,catalog,row_plus_count,middle,state_plus_context,20,13095.0,0.6115522109900492,0.41533250095078655,0.41304942601592076,0.41748615559147434,0.37447760191466084,0.37224436085099694,0.37666273781570525,0.4934278426904909,0.3548966505355062
28,2,permute_both_fixed_anchor,pressured_pair_agreement_count,all,constraint_state,20,30264.0,0.7453522299478468,0.3734916213611288,0.37286990610378273,0.37409994922010686,0.0,0.0,0.0,0.5658185084801389,0.44403521092310266
28,2,permute_both_fixed_anchor,pressured_pair_agreement_count,all,fair_binomial,20,30264.0,1.1188438513089756,0.0,0.0,0.0,-0.3734916213611288,-0.37411200415245727,-0.3728596726227575,0.7836758748406134,0.6141504758128471
28,2,permute_both_fixed_anchor,pressured_pair_agreement_count,all,serialized_context,20,30264.0,1.0334295730024752,0.08541427830650043,0.08461321305288018,0.08623499101187165,-0.2880773430546283,-0.2887853257515696,-0.28742616320297026,0.7420548817561831,0.6458013706458723
28,2,permute_both_fixed_anchor,pressured_pair_agreement_count,all,state_plus_context,20,30264.0,0.7506671895670922,0.3681766617418833,0.3674622827780401,0.3689292220502963,-0.005314959619245452,-0.005642072027248039,-0.005024744799381011,0.5675862188976266,0.44509955519279154
28,2,permute_both_fixed_anchor,pressured_pair_agreement_count,early,constraint_state,20,7566.0,0.9960507503163992,0.03946954494490754,0.038240382723233005,0.04072253355065544,0.0,0.0,0.0,0.6753796008018265,0.5479564378919947
28,2,permute_both_fixed_anchor,pressured_pair_agreement_count,early,fair_binomial,20,7566.0,1.0355202952613065,0.0,0.0,0.0,-0.03946954494490754,-0.04072243582988245,-0.03824926088134011,0.702796656564352,0.4939399947131906
28,2,permute_both_fixed_anchor,pressured_pair_agreement_count,early,serialized_context,20,7566.0,1.027270477157012,0.00824981810429436,0.00632529079182942,0.010381939244354493,-0.031219726840613183,-0.03237060612991412,-0.030071830631095506,0.6868374212230449,0.5845591302015795
28,2,permute_both_fixed_anchor,pressured_pair_agreement_count,early,state_plus_context,20,7566.0,0.9985813470290198,0.036938948232286564,0.03561257229253088,0.038220263855935674,-0.0025305967126209804,-0.002948725694925507,-0.0020916089109279425,0.6762435111839757,0.5489979759737371
28,2,permute_both_fixed_anchor,pressured_pair_agreement_count,late,constraint_state,20,10088.0,0.36396065714643855,0.8762457898234123,0.8747460249901258,0.877734071289407,0.0,0.0,0.0,0.3685220357025528,0.238630468543484
28,2,permute_both_fixed_anchor,pressured_pair_agreement_count,late,fair_binomial,20,10088.0,1.2402064469698506,0.0,0.0,0.0,-0.8762457898234123,-0.8776995933383823,-0.8747431616457824,0.8883908690029388,0.7892396907216495
28,2,permute_both_fixed_anchor,pressured_pair_agreement_count,late,serialized_context,20,10088.0,1.0727228813579288,0.16748356561192207,0.16664999415461443,0.16831610496161495,-0.7087622242114902,-0.7101866654365644,-0.7072141521661124,0.8465005642260488,0.7721525945683803
28,2,permute_both_fixed_anchor,pressured_pair_agreement_count,late,state_plus_context,20,10088.0,0.367207545842295,0.8729989011275556,0.8714533411343633,0.8744762703294275,-0.0032468886958564565,-0.0035099475759321763,-0.0029410845174480784,0.3700744187740694,0.23948129283944133
28,2,permute_both_fixed_anchor,pressured_pair_agreement_count,middle,constraint_state,20,12610.0,0.9000463759678945,0.17170153244185188,0.17029510424783384,0.17318104186859415,0.0,0.0,0.0,0.6213017452547029,0.5460062686454432
28,2,permute_both_fixed_anchor,pressured_pair_agreement_count,middle,fair_binomial,20,12610.0,1.0717479084097465,0.0,0.0,0.0,-0.17170153244185188,-0.17318079229771033,-0.1702977242383511,0.7390539107544922,0.5462053925455987
28,2,permute_both_fixed_anchor,pressured_pair_agreement_count,middle,serialized_context,20,12610.0,1.0056903838253162,0.0660575245844303,0.06516376377065548,0.06696323276252257,-0.10564400785742153,-0.10743946537809237,-0.1039400292937902,0.6820853027661752,0.5814657357744344
28,2,permute_both_fixed_anchor,pressured_pair_agreement_count,middle,state_plus_context,20,12610.0,0.9086864100697746,0.1630614983399719,0.1613792169211259,0.16482813837332197,-0.008640034101879985,-0.009321707349802914,-0.007980959701081827,0.6238641181323037,0.5472551126069003
28,2,permute_both_fixed_anchor,row_plus_count,all,constraint_state,20,31428.0,0.8688445662341462,0.1580401457062716,0.1580400568803438,0.15804023128347425,0.0,0.0,0.0,0.6200235223162773,0.4538007019090135
28,2,permute_both_fixed_anchor,row_plus_count,all,fair_binomial,20,31428.0,1.0268847119404179,0.0,0.0,0.0,-0.1580401457062716,-0.15804023453219904,-0.1580400568803453,0.693888666488711,0.4814814814814814
28,2,permute_both_fixed_anchor,row_plus_count,all,serialized_context,20,31428.0,1.018189496876958,0.008695215063459615,0.008658322388155174,0.008734382151548491,-0.14934493064281198,-0.14938053288003392,-0.1493067127810833,0.6883097357115078,0.5115920330934597
28,2,permute_both_fixed_anchor,row_plus_count,all,state_plus_context,20,31428.0,0.8738764205249268,0.15300829141549083,0.152689324571498,0.15332650707155648,-0.005031854290780752,-0.005350805800804811,-0.004710810859104136,0.6216054828049598,0.4588811172840307
28,2,permute_both_fixed_anchor,row_plus_count,early,constraint_state,20,7857.0,1.0153086322856781,0.011576079655104599,0.01157123632294226,0.01158104643833344,0.0,0.0,0.0,0.6863807932487802,0.5094503646622707
28,2,permute_both_fixed_anchor,row_plus_count,early,fair_binomial,20,7857.0,1.026884711940783,0.0,0.0,0.0,-0.011576079655104599,-0.011580967188174592,-0.011571270424295524,0.693888666488711,0.4814814814814814
28,2,permute_both_fixed_anchor,row_plus_count,early,serialized_context,20,7857.0,1.01902996926115,0.007854742679632954,0.0077764881132640785,0.007939231590949983,-0.0037213369754716453,-0.0038025192675327636,-0.0036370522074670826,0.6889120523101459,0.5135115436521329
28,2,permute_both_fixed_anchor,row_plus_count,early,state_plus_context,20,7857.0,1.0183841269009966,0.008500585039786356,0.008082507011899262,0.008920018062244904,-0.0030754946153182415,-0.003501630509099619,-0.002655581871242108,0.6872639380269701,0.5136440077108217
28,2,permute_both_fixed_anchor,row_plus_count,late,constraint_state,20,10476.0,0.6174740909749434,0.40941062096587244,0.4093542291034245,0.40947014475068017,0.0,0.0,0.0,0.4984544012479537,0.33558212422044204
28,2,permute_both_fixed_anchor,row_plus_count,late,fair_binomial,20,10476.0,1.026884711940816,0.0,0.0,0.0,-0.40941062096587244,-0.409468887094715,-0.40935314300237013,0.693888666488711,0.4814814814814814
28,2,permute_both_fixed_anchor,row_plus_count,late,serialized_context,20,10476.0,1.0179186057049123,0.008966106235903371,0.00889872115200111,0.009034696695595796,-0.400444514729969,-0.40054110316373,-0.40034824852183,0.6881042684090579,0.5109898269607
28,2,permute_both_fixed_anchor,row_plus_count,late,state_plus_context,20,10476.0,0.6213633292228666,0.40552138271794896,0.40518108710717354,0.4058527595819714,-0.00388923824792336,-0.004251830548300597,-0.00354005856257272,0.499838858512952,0.34061080048916226
28,2,permute_both_fixed_anchor,row_plus_count,middle,constraint_state,20,13095.0,0.9820625068105671,0.04482220513026855,0.044773660632802276,0.04486750317158886,0.0,0.0,0.0,0.6642239198025433,0.5149857664078784
28,2,permute_both_fixed_anchor,row_plus_count,middle,fair_binomial,20,13095.0,1.0268847119408353,0.0,0.0,0.0,-0.04482220513026855,-0.044869137419632305,-0.04477400452472985,0.693888666488711,0.4814814814814814
28,2,permute_both_fixed_anchor,row_plus_count,middle,serialized_context,20,13095.0,1.0179019263841116,0.008982785556723983,0.008920892210507255,0.009041185512141585,-0.03583941957354457,-0.035921255701080554,-0.035761546123332266,0.6881125035481349,0.5109220916644627
28,2,permute_both_fixed_anchor,row_plus_count,middle,state_plus_context,20,13095.0,0.9891822697409329,0.037702442199902673,0.03705037881428127,0.0383532539989745,-0.007119762930365875,-0.007790099155480172,-0.006491324288010299,0.6663884709799224,0.5206396364638527
28,2,permute_both_renormalized,pressured_pair_agreement_count,all,constraint_state,20,30264.0,0.7458854421061636,0.37312903920860074,0.3723493136349955,0.37395296741298256,0.0,0.0,0.0,0.5662193711735322,0.4444664402750795
28,2,permute_both_renormalized,pressured_pair_agreement_count,all,fair_binomial,20,30264.0,1.1190144813147644,0.0,0.0,0.0,-0.37312903920860074,-0.37395860547351234,-0.37232350936471176,0.7838330970513634,0.6143966428760242
28,2,permute_both_renormalized,pressured_pair_agreement_count,all,serialized_context,20,30264.0,1.0341344331043658,0.08488004821039827,0.0839894912711889,0.08579100883219076,-0.28824899099820245,-0.2888402339369395,-0.2876889340757961,0.7424087764165537,0.6458373328576663
28,2,permute_both_renormalized,pressured_pair_agreement_count,all,state_plus_context,20,30264.0,0.7512675627952218,0.36774691851954244,0.36697749094798154,0.3685762719477101,-0.005382120689058351,-0.005619438894147667,-0.005150082733747494,0.5680910495745808,0.4456277969913092
28,2,permute_both_renormalized,pressured_pair_agreement_count,early,constraint_state,20,7566.0,0.9957817264202525,0.04034321745216964,0.03888677441887474,0.0417972999755402,0.0,0.0,0.0,0.6753974323450851,0.548246631661569
28,2,permute_both_renormalized,pressured_pair_agreement_count,early,fair_binomial,20,7566.0,1.036124943872422,0.0,0.0,0.0,-0.04034321745216964,-0.0417642386436983,-0.0388671068778612,0.7034227396845993,0.49481231826592653
28,2,permute_both_renormalized,pressured_pair_agreement_count,early,serialized_context,20,7566.0,1.027779064663765,0.008345879208657214,0.0063303867199453485,0.010291342502046453,-0.03199733824351243,-0.03290737057208369,-0.031110871802004867,0.687097581429734,0.5847957939882578
28,2,permute_both_renormalized,pressured_pair_agreement_count,early,state_plus_context,20,7566.0,0.998091796627293,0.03803314724512913,0.036523833541013344,0.03954162647219249,-0.0023100702070405154,-0.002547046551473831,-0.002086828807962827,0.6761800777988187,0.5496147043968365
28,2,permute_both_renormalized,pressured_pair_agreement_count,late,constraint_state,20,10088.0,0.3644682846974615,0.876463053505033,0.8749499129586096,0.8779342902026007,0.0,0.0,0.0,0.36895704913198507,0.23922853885804898
28,2,permute_both_renormalized,pressured_pair_agreement_count,late,fair_binomial,20,10088.0,1.2409313382024945,0.0,0.0,0.0,-0.876463053505033,-0.877960851508817,-0.8749458750358391,0.8889780014927309,0.790285487708168
28,2,permute_both_renormalized,pressured_pair_agreement_count,late,serialized_context,20,10088.0,1.0737046213252595,0.16722671687723503,0.16567630007861026,0.16884912087640955,-0.709236336627798,-0.7108685803731866,-0.7074953918356037,0.8476112190651135,0.7731590636160056
28,2,permute_both_renormalized,pressured_pair_agreement_count,late,state_plus_context,20,10088.0,0.3681054523746716,0.8728258858278227,0.8712338674471426,0.874478759707526,-0.0036371676772101067,-0.004000992207849219,-0.003281194723559664,0.3709099345892949,0.24027878981599038
28,2,permute_both_renormalized,pressured_pair_agreement_count,middle,constraint_state,20,12610.0,0.9010813974447297,0.17013332082612426,0.16849774768485423,0.17166946343775685,0.0,0.0,0.0,0.6219614199948384,0.5463886465767909
28,2,permute_both_renormalized,pressured_pair_agreement_count,middle,fair_binomial,20,12610.0,1.0712147182708542,0.0,0.0,0.0,-0.17013332082612426,-0.17167793998627853,-0.16843684252429406,0.7385281808415356,0.545436161776368
28,2,permute_both_renormalized,pressured_pair_agreement_count,middle,serialized_context,20,12610.0,1.0062915035920803,0.06492321467877404,0.06351641108817098,0.06623724803241152,-0.10521010614735023,-0.1067820681780519,-0.10364768627216404,0.6817428347908783,0.5806048715726434
28,2,permute_both_renormalized,pressured_pair_agreement_count,middle,state_plus_context,20,12610.0,0.9097027108324142,0.16151200743844005,0.15981411444415855,0.16314181774208997,-0.008621313387684204,-0.009072424028114269,-0.008148972288662695,0.6246116741677852,0.5475148582882443
28,2,permute_both_renormalized,row_plus_count,all,constraint_state,20,31428.0,0.8688445103067096,0.15804020163370808,0.15804007003974108,0.1580403282929009,0.0,0.0,0.0,0.6200235223162771,0.4538889902452022
28,2,permute_both_renormalized,row_plus_count,all,fair_binomial,20,31428.0,1.026884711940418,0.0,0.0,0.0,-0.15804020163370808,-0.15804032664797715,-0.15804006839481718,0.693888666488711,0.4814814814814814
28,2,permute_both_renormalized,row_plus_count,all,serialized_context,20,31428.0,1.018217780578771,0.008666931361646747,0.00862504822491945,0.008707063279629659,-0.14937327027206138,-0.1494136654010817,-0.1493333429321715,0.688303505809641,0.5117274006821978
28,2,permute_both_renormalized,row_plus_count,all,state_plus_context,20,31428.0,0.8737838823309098,0.15310082960950805,0.15284656203744426,0.1534089057579936,-0.004939372024200061,-0.0051929747360982634,-0.004642679457838079,0.6215738053457409,0.4588500016486569
28,2,permute_both_renormalized,row_plus_count,early,constraint_state,20,7857.0,1.0153080421922809,0.011576669748502211,0.011571695400274714,0.011581258716270623,0.0,0.0,0.0,0.68638079324878,0.5096029790073251
28,2,permute_both_renormalized,row_plus_count,early,fair_binomial,20,7857.0,1.0268847119407831,0.0,0.0,0.0,-0.011576669748502211,-0.011581343813889287,-0.011571882063587904,0.693888666488711,0.4814814814814814
28,2,permute_both_renormalized,row_plus_count,early,serialized_context,20,7857.0,1.0190695249249553,0.00781518701582774,0.0077422927998625655,0.007890644215629048,-0.0037614827326744706,-0.003837826322148234,-0.0036834869435967105,0.6889123075767575,0.5136534141529866
28,2,permute_both_renormalized,row_plus_count,early,state_plus_context,20,7857.0,1.0181080668417017,0.008776645099081071,0.008474239207360366,0.009089722457405209,-0.00280002464942114,-0.003102002088500313,-0.0024914740298812256,0.6872862951998295,0.5136864975536837
28,2,permute_both_renormalized,row_plus_count,late,constraint_state,20,10476.0,0.6174218587858961,0.4094628531549199,0.40940091152641395,0.40952848353868665,0.0,0.0,0.0,0.4984544012479537,0.33570462644775534
28,2,permute_both_renormalized,row_plus_count,late,fair_binomial,20,10476.0,1.026884711940816,0.0,0.0,0.0,-0.4094628531549199,-0.40952764033766087,-0.4094001633660471,0.693888666488711,0.4814814814814814
28,2,permute_both_renormalized,row_plus_count,late,serialized_context,20,10476.0,1.0179499965991277,0.008934715341688137,0.008869924840047193,0.009005157488613169,-0.40052813781323177,-0.4006370386639264,-0.4004300619885242,0.6880972945344095,0.5111260941049423
28,2,permute_both_renormalized,row_plus_count,late,state_plus_context,20,10476.0,0.6211590127420904,0.4057256991987255,0.4053605595602365,0.4060819560408248,-0.0037371539561945,-0.004100746049726835,-0.003369763435379844,0.4997441362169437,0.34029275241594215
28,2,permute_both_renormalized,row_plus_count,middle,constraint_state,20,13095.0,0.9821045123919963,0.04478019954883966,0.044728386339689855,0.044830025629252035,0.0,0.0,0.0,0.6642239198025434,0.5150080880258465
28,2,permute_both_renormalized,row_plus_count,middle,fair_binomial,20,13095.0,1.0268847119408353,0.0,0.0,0.0,-0.04478019954883966,-0.04482872671759598,-0.04472964407581298,0.693888666488711,0.4814814814814814
28,2,permute_both_renormalized,row_plus_count,middle,serialized_context,20,13095.0,1.017920961154792,0.008963750786044144,0.008892478296509049,0.009030164555379343,-0.035816448762795515,-0.03590206129000404,-0.035736293570321646,0.6881029712649105,0.5110528378615375
28,2,permute_both_renormalized,row_plus_count,middle,state_plus_context,20,13095.0,0.9892892672955028,0.03759544464533289,0.03701955904032011,0.03816484356491684,-0.0071847549035067735,-0.007733165510563163,-0.006605803344478318,0.6663606230736496,0.5207939034918125
28,4,catalog,pressured_pair_agreement_count,all,constraint_state,20,15132.0,1.036119601305129,0.6798082175847799,0.6783870391678372,0.6812021818551315,0.0,0.0,0.0,0.8031146803161805,0.6018283549211331
28,4,catalog,pressured_pair_agreement_count,all,fair_binomial,20,15132.0,1.7159278188899094,0.0,0.0,0.0,-0.6798082175847799,-0.6811603452914998,-0.678389950244033,1.296107036442602,1.044746233148295
28,4,catalog,pressured_pair_agreement_count,all,serialized_context,20,15132.0,1.445887096407329,0.2700407224825802,0.2681991698672504,0.2719438062391918,-0.40976749510219984,-0.41131925356823934,-0.4082396668064942,1.1955013114177249,0.999052846240501
28,4,catalog,pressured_pair_agreement_count,all,state_plus_context,20,15132.0,0.7856850127406333,0.930242806149276,0.9271438039093335,0.9334680615382758,0.25043458856449596,0.24760071596941483,0.25345566999724245,0.6787379442422301,0.4693961685467232
28,4,catalog,pressured_pair_agreement_count,early,constraint_state,20,5044.0,1.3489598781000798,0.10114564603986195,0.09933964655772275,0.10270505592903188,0.0,0.0,0.0,0.9451532575646203,0.7843345228654508
28,4,catalog,pressured_pair_agreement_count,early,fair_binomial,20,5044.0,1.4501055241399414,0.0,0.0,0.0,-0.10114564603986195,-0.10267788949770998,-0.09942830254599631,1.0463694575300482,0.7967783505154639
28,4,catalog,pressured_pair_agreement_count,early,serialized_context,20,5044.0,1.3890996690398958,0.06100585510004582,0.059100752917358376,0.06291310884524431,-0.04013979093981614,-0.04204373579532932,-0.038064851849364735,0.9306935538280248,0.7782473341398886
28,4,catalog,pressured_pair_agreement_count,early,state_plus_context,20,5044.0,1.2090542000961402,0.2410513240438016,0.23787956212841835,0.24441562671592096,0.13990567800393963,0.13716416343137317,0.14280734895472297,0.8589736109162928,0.69104570114328
28,4,catalog,pressured_pair_agreement_count,late,constraint_state,20,5044.0,0.474616267510824,1.6153504687333615,1.613446440081486,1.6172667674371997,0.0,0.0,0.0,0.4836495594194378,0.29324940523394133
28,4,catalog,pressured_pair_agreement_count,late,fair_binomial,20,5044.0,2.0899667362441856,0.0,0.0,0.0,-1.6153504687333615,-1.6172906286988749,-1.6133613235233193,1.5823247011242574,1.3977894528152262
28,4,catalog,pressured_pair_agreement_count,late,serialized_context,20,5044.0,1.5084660221131516,0.5815007141310333,0.5786175711588829,0.5845301689872956,-1.0338497546023282,-1.0368670772948305,-1.030760692638148,1.5107752784589836,1.3197890237051755
28,4,catalog,pressured_pair_agreement_count,late,state_plus_context,20,5044.0,0.22088353799236363,1.8690831982518215,1.865713018752753,1.8723506541445727,0.25373272951846026,0.25077145092174247,0.2567450993908215,0.28371524055766295,0.15392595063586126
28,4,catalog,pressured_pair_agreement_count,middle,constraint_state,20,5044.0,1.2847826583043642,0.3229285379807115,0.3196348717881908,0.3262726894422462,0.0,0.0,0.0,0.8987254111872731,0.7279011366640289
28,4,catalog,pressured_pair_agreement_count,middle,fair_binomial,20,5044.0,1.6077111962850759,0.0,0.0,0.0,-0.3229285379807115,-0.32629225091624503,-0.31950582243821635,1.20042011188341,0.9396708961141951
28,4,catalog,pressured_pair_agreement_count,middle,serialized_context,20,5044.0,1.4400955980690147,0.16761559821606092,0.16492812299201492,0.17034776325064416,-0.1553129397646506,-0.15884277492887403,-0.15170115602562065,1.0672321096918662,0.8991221808764447
28,4,catalog,pressured_pair_agreement_count,middle,state_plus_context,20,5044.0,0.9271173001333889,0.6805938961516868,0.6755230946868006,0.6856878655802682,0.3576653581709752,0.35305204422692804,0.36244467069250685,0.7507789668490579,0.5632168538610295
28,4,catalog,row_plus_count,all,constraint_state,20,15714.0,1.0420438508482646,0.3160762909565551,0.3160762777971577,0.31607630411595283,0.0,0.0,0.0,0.78331363253398,0.5241627423528968
28,4,catalog,row_plus_count,all,fair_binomial,20,15714.0,1.3581201418048199,0.0,0.0,0.0,-0.3160762909565551,-0.31607630411595283,-0.31607627779715786,0.9428090415820632,0.6902125493190786
28,4,catalog,row_plus_count,all,serialized_context,20,15714.0,1.112703024217534,0.24541711758728546,0.2438101005987923,0.2469648856690623,-0.07065917336926965,-0.07228589674483046,-0.0690923640695749,0.8836103811809343,0.7142470538905847
28,4,catalog,row_plus_count,all,state_plus_context,20,15714.0,0.6071634691699183,0.7509566726349015,0.7483299389644925,0.7535383902161784,0.4348803816783464,0.4322595366453136,0.4374372803582634,0.5963918401161213,0.4034125078396477
28,4,catalog,row_plus_count,early,constraint_state,20,5238.0,1.3338283866936542,0.02600166555194309,0.025994953885404768,0.02600861589587482,0.0,0.0,0.0,0.9202790773710421,0.6601234567901206
28,4,catalog,row_plus_count,early,fair_binomial,20,5238.0,1.3598300522455973,0.0,0.0,0.0,-0.02600166555194309,-0.026008489700744444,-0.02599490569122724,0.9428090415820632,0.6700840015273004
28,4,catalog,row_plus_count,early,serialized_context,20,5238.0,1.1064789730926898,0.25335107915290755,0.2510633921025391,0.25542341588953066,0.22734941360096433,0.22508594123735912,0.22945598378929408,0.9144274041462663,0.7212155443951725
28,4,catalog,row_plus_count,early,state_plus_context,20,5238.0,0.7962198092286734,0.5636102430169239,0.5596239214135735,0.5676109677962268,0.5376085774649807,0.5334237245897914,0.5415154935829104,0.7560853440690927,0.582336298465971
28,4,catalog,row_plus_count,late,constraint_state,20,5238.0,0.5243098045160226,0.8295585365873794,0.8295337474332509,0.8295833257415082,0.0,0.0,0.0,0.5091750772173157,0.2959049255441008
28,4,catalog,row_plus_count,late,fair_binomial,20,5238.0,1.3538683411034023,0.0,0.0,0.0,-0.8295585365873794,-0.8295833257415082,-0.8295337474332509,0.9428090415820632,0.7402634593356243
28,4,catalog,row_plus_count,late,serialized_context,20,5238.0,1.019312168596828,0.3345561725065738,0.33261501098176166,0.336443016448747,-0.4950023640808058,-0.496856086415971,-0.4930799940012164,0.8305331580810771,0.6993219482689401
28,4,catalog,row_plus_count,late,state_plus_context,20,5238.0,0.32672713480296134,1.0271412063004406,1.024529912706874,1.0296002584437636,0.19758266971306118,0.19498836864799055,0.20009121983482095,0.43284012459687443,0.23201809289653852
28,4,catalog,row_plus_count,middle,constraint_state,20,5238.0,1.267993361334855,0.09266867073009977,0.09264984002562829,0.09268788240100564,0.0,0.0,0.0,0.8570693678078628,0.6164598447244506
28,4,catalog,row_plus_count,middle,fair_binomial,20,5238.0,1.360662032064955,0.0,0.0,0.0,-0.09266867073009977,-0.09268785065380328,-0.0926498400256276,0.9428090415820632,0.6602901870943109
28,4,catalog,row_plus_count,middle,serialized_context,20,5238.0,1.2123179309630756,0.14834410110187926,0.1457250807714075,0.1504647249429186,0.055675430371779466,0.05304113662882395,0.05780812165915777,0.9035101032888282,0.7222036690076395
28,4,catalog,row_plus_count,middle,state_plus_context,20,5238.0,0.698543463478116,0.662118568586839,0.6596508759789697,0.6645587632445306,0.5694498978567393,0.5670252100546734,0.5720161618811129,0.5549936911743062,0.3958831321564285
28,4,permute_both_fixed_anchor,pressured_pair_agreement_count,all,constraint_state,20,15132.0,0.9733770409411049,0.6911714071848112,0.6895860090509189,0.6927717469295391,0.0,0.0,0.0,0.7400735814976216,0.542183892853991
28,4,permute_both_fixed_anchor,pressured_pair_agreement_count,all,fair_binomial,20,15132.0,1.664548448125916,0.0,0.0,0.0,-0.6911714071848112,-0.6927479747343369,-0.6895230675016579,1.2531600487733634,1.0175588157546922
28,4,permute_both_fixed_anchor,pressured_pair_agreement_count,all,serialized_context,20,15132.0,1.4650247186347596,0.19952372949115663,0.1977106138315806,0.20162782941720986,-0.49164767769365464,-0.49314769115160856,-0.49003530834555653,1.1453550728226713,0.9626558434195245
28,4,permute_both_fixed_anchor,pressured_pair_agreement_count,all,state_plus_context,20,15132.0,0.9817870490354554,0.6827613990904606,0.6809925476375619,0.6844984533495964,-0.008410008094350552,-0.008871883585125471,-0.007962331532384802,0.7421082995280612,0.5466916235506277
28,4,permute_both_fixed_anchor,pressured_pair_agreement_count,early,constraint_state,20,5044.0,1.3061200478386858,0.08778812844828046,0.08554267523151862,0.08992844136757137,0.0,0.0,0.0,0.9015397112626916,0.7506777028813129
28,4,permute_both_fixed_anchor,pressured_pair_agreement_count,early,fair_binomial,20,5044.0,1.3939081762869665,0.0,0.0,0.0,-0.08778812844828046,-0.08993499609714588,-0.08554482545442522,0.9846381078291021,0.7347442505947661
28,4,permute_both_fixed_anchor,pressured_pair_agreement_count,early,serialized_context,20,5044.0,1.3847954119218637,0.009112764365103021,0.005773907062333007,0.012195124922929401,-0.07867536408317743,-0.08028672278420446,-0.07720700757131839,0.9321982787111839,0.7839960770865986
28,4,permute_both_fixed_anchor,pressured_pair_agreement_count,early,state_plus_context,20,5044.0,1.311204274529938,0.08270390175702866,0.0803459723526992,0.08488890901188373,-0.005084226691251792,-0.005939675379919467,-0.004173389425858819,0.9025558178144241,0.7513808330085295
28,4,permute_both_fixed_anchor,pressured_pair_agreement_count,late,constraint_state,20,5044.0,0.43191497923636224,1.6440835516632202,1.640882390198621,1.6469760308536954,0.0,0.0,0.0,0.4270019199265612,0.23347045995241872
28,4,permute_both_fixed_anchor,pressured_pair_agreement_count,late,fair_binomial,20,5044.0,2.0759985308995823,0.0,0.0,0.0,-1.6440835516632202,-1.6470416496074818,-1.640862114099161,1.5752054848739507,1.4325436161776368
28,4,permute_both_fixed_anchor,pressured_pair_agreement_count,late,serialized_context,20,5044.0,1.608511499599142,0.46748703130044006,0.46490072188398723,0.470346884749367,-1.1765965203627802,-1.1798839179521785,-1.1732564150334752,1.4596377676831223,1.2943359144686946
28,4,permute_both_fixed_anchor,pressured_pair_agreement_count,late,state_plus_context,20,5044.0,0.4358860104409802,1.6401125204586022,1.637202050777403,1.6428860224059445,-0.0039710312046180056,-0.0046115307104023515,-0.003248162452457469,0.42865901634520015,0.23915595733875442
28,4,permute_both_fixed_anchor,pressured_pair_agreement_count,middle,constraint_state,20,5044.0,1.182096095748181,0.34164254144249995,0.33794214379895443,0.3448800859784559,0.0,0.0,0.0,0.8049559601733025,0.6424035157282596
28,4,permute_both_fixed_anchor,pressured_pair_agreement_count,middle,fair_binomial,20,5044.0,1.523738637190681,0.0,0.0,0.0,-0.34164254144249995,-0.3448945525001576,-0.33785152717198524,1.1226624437264707,0.8853885804916732
28,4,permute_both_fixed_anchor,pressured_pair_agreement_count,middle,serialized_context,20,5044.0,1.4017672443833424,0.1219713928073384,0.11898478925697775,0.1251212657257516,-0.21967114863516146,-0.22345481872880543,-0.21569569001865668,0.9674162210629056,0.8096355387032803
28,4,permute_both_fixed_anchor,pressured_pair_agreement_count,middle,state_plus_context,20,5044.0,1.1982708621354279,0.32546777505525304,0.32114361252071355,0.32932517745597756,-0.01617476638724692,-0.017299828208462074,-0.015073097594812127,0.8085484640612439,0.6495380803046045
28,4,permute_both_fixed_anchor,row_plus_count,all,constraint_state,20,15714.0,1.041859290768734,0.3160802914131722,0.3160801170511649,0.3160804657751785,0.0,0.0,0.0,0.7833136325339825,0.5593961859912588
28,4,permute_both_fixed_anchor,row_plus_count,all,fair_binomial,20,15714.0,1.3579395821819058,0.0,0.0,0.0,-0.3160802914131722,-0.31608045919548133,-0.31608012034101557,0.9428090415820632,0.6923380425098639
28,4,permute_both_fixed_anchor,row_plus_count,all,serialized_context,20,15714.0,1.3368889874893226,0.021050594692583368,0.020937185251867687,0.021154930200459506,-0.2950296967205888,-0.2951448083582204,-0.2949254689444157,0.9268329210058296,0.7264285942302858
28,4,permute_both_fixed_anchor,row_plus_count,all,state_plus_context,20,15714.0,1.0508086121517446,0.3071309700301613,0.30646755091841155,0.30777944009677016,-0.008949321383010777,-0.009608330340591472,-0.008294148847558538,0.785069846836157,0.564933244878652
28,4,permute_both_fixed_anchor,row_plus_count,early,constraint_state,20,5238.0,1.3293317142806527,0.028633275991732366,0.028617212707907975,0.028649987172735404,0.0,0.0,0.0,0.9202790773710487,0.7184663357515522
28,4,permute_both_fixed_anchor,row_plus_count,early,fair_binomial,20,5238.0,1.357964990272385,0.0,0.0,0.0,-0.028633275991732366,-0.02864930596622638,-0.028617032381905036,0.9428090415820632,0.6920389461626575
28,4,permute_both_fixed_anchor,row_plus_count,early,serialized_context,20,5238.0,1.3390810691066228,0.018883921165761965,0.01868924590367289,0.01906462314129248,-0.009749354825970401,-0.009953586678435634,-0.009560774060143778,0.928852240935589,0.7295810728133818
28,4,permute_both_fixed_anchor,row_plus_count,early,state_plus_context,20,5238.0,1.335350617276662,0.022614372995722942,0.02179592401315525,0.023454410333390668,-0.006018902996009423,-0.006851839529876514,-0.005164215594135455,0.9213635978627959,0.7223860422010107
28,4,permute_both_fixed_anchor,row_plus_count,late,constraint_state,20,5238.0,0.5390642804829674,0.8188212419314287,0.8187074181948927,0.8189405440648948,0.0,0.0,0.0,0.5091750772173157,0.2787323405880106
28,4,permute_both_fixed_anchor,row_plus_count,late,fair_binomial,20,5238.0,1.3578855224143962,0.0,0.0,0.0,-0.8188212419314287,-0.8189400136721405,-0.8187058821079557,0.9428090415820632,0.6929744177166858
28,4,permute_both_fixed_anchor,row_plus_count,late,serialized_context,20,5238.0,1.3357984937818483,0.022087028632547957,0.021924814765286484,0.022248901619076816,-0.7967342132988808,-0.7969795741251878,-0.7965016646973061,0.9258111427048081,0.72534914546291
28,4,permute_both_fixed_anchor,row_plus_count,late,state_plus_context,20,5238.0,0.5443773625651962,0.8135081598491999,0.8130715480937307,0.8139295499142197,-0.005313082082228882,-0.005739448095861604,-0.004871107184528702,0.510998517550944,0.28484110777858695
28,4,permute_both_fixed_anchor,row_plus_count,middle,constraint_state,20,5238.0,1.2571818775424373,0.10078635631598856,0.10066824497522785,0.1009009670194737,0.0,0.0,0.0,0.8570693678078657,0.6809898816342141
28,4,permute_both_fixed_anchor,row_plus_count,middle,fair_binomial,20,5238.0,1.3579682338584258,0.0,0.0,0.0,-0.10078635631598856,-0.10090050707553165,-0.10066797746623947,0.9428090415820632,0.6920007636502482
28,4,permute_both_fixed_anchor,row_plus_count,middle,serialized_context,20,5238.0,1.3357873995795424,0.022180834278883444,0.021973046294588676,0.022369196518615606,-0.07860552203710511,-0.07885613343980093,-0.07836689724085479,0.9258320497621295,0.7243555644145522
28,4,permute_both_fixed_anchor,row_plus_count,middle,state_plus_context,20,5238.0,1.2726978566133802,0.08527037724504546,0.08370088654309248,0.08674831177546193,-0.015515979070943098,-0.01705207319624451,-0.014098147674031026,0.8596351896415323,0.687572584656359
28,4,permute_both_renormalized,pressured_pair_agreement_count,all,constraint_state,20,15132.0,0.9747437163361143,0.6915711902624924,0.6902119851939644,0.6928429270028631,0.0,0.0,0.0,0.7415468520494721,0.5434088906511532
28,4,permute_both_renormalized,pressured_pair_agreement_count,all,fair_binomial,20,15132.0,1.6663149065986065,0.0,0.0,0.0,-0.6915711902624924,-0.6928725627829496,-0.6902358227006269,1.2547450693008821,1.0196933650541897
28,4,permute_both_renormalized,pressured_pair_agreement_count,all,serialized_context,20,15132.0,1.4658759123372254,0.2004389942613812,0.19883353534927892,0.2021055151050108,-0.4911321960011111,-0.4920200778742355,-0.4901775036708977,1.1466686566815207,0.9639115890254406
28,4,permute_both_renormalized,pressured_pair_agreement_count,all,state_plus_context,20,15132.0,0.9833788943907346,0.682936012207872,0.6814204360590885,0.6844140200755437,-0.008635178054620251,-0.009100368673587883,-0.008158101002493392,0.7436785557987562,0.5480308426656841
28,4,permute_both_renormalized,pressured_pair_agreement_count,early,constraint_state,20,5044.0,1.3095327418156546,0.0870391742490714,0.08485879937583285,0.08931267258084016,0.0,0.0,0.0,0.9049964354925596,0.7537050621200128
28,4,permute_both_renormalized,pressured_pair_agreement_count,early,fair_binomial,20,5044.0,1.3965719160647259,0.0,0.0,0.0,-0.0870391742490714,-0.08925894615458227,-0.08485943305567878,0.9877645526943576,0.7388679619349722
28,4,permute_both_renormalized,pressured_pair_agreement_count,early,serialized_context,20,5044.0,1.3884880705998712,0.008083845464854567,0.005773118241475937,0.010612405091015546,-0.07895532878421682,-0.0802566091445083,-0.0778009698528547,0.9365663016250865,0.7868932915317142
28,4,permute_both_renormalized,pressured_pair_agreement_count,early,state_plus_context,20,5044.0,1.3153526216905058,0.08121929437421989,0.07897630416194072,0.08350345586798374,-0.005819879874851508,-0.006530148596825613,-0.005124073947724788,0.9061856102455493,0.7548139913053071
28,4,permute_both_renormalized,pressured_pair_agreement_count,late,constraint_state,20,5044.0,0.4337047194044086,1.6449997585779244,1.6417493427168224,1.6481303003049153,0.0,0.0,0.0,0.42899319136343184,0.23543318794607448
28,4,permute_both_renormalized,pressured_pair_agreement_count,late,fair_binomial,20,5044.0,2.078704477982333,0.0,0.0,0.0,-1.6449997585779244,-1.6482939109143755,-1.6417780483508528,1.5770023763953973,1.433366375892149
28,4,permute_both_renormalized,pressured_pair_agreement_count,late,serialized_context,20,5044.0,1.6090812734664748,0.4696232045158585,0.4669608692283315,0.4722640373624661,-1.175376554062066,-1.1778919287285465,-1.172901951382596,1.4614070348507198,1.296143694616393
28,4,permute_both_renormalized,pressured_pair_agreement_count,late,state_plus_context,20,5044.0,0.4388791671371995,1.6398253108451335,1.636484223597368,1.643153260473536,-0.005174447732790943,-0.0058865463142623465,-0.004484845834989428,0.43149185929171374,0.24162704609169575
28,4,permute_both_renormalized,pressured_pair_agreement_count,middle,constraint_state,20,5044.0,1.1809936877881917,0.3426746379600547,0.3395361836575558,0.3457347838792063,0.0,0.0,0.0,0.8040826493629776,0.6410884218873927
28,4,permute_both_renormalized,pressured_pair_agreement_count,middle,fair_binomial,20,5044.0,1.5236683257482464,0.0,0.0,0.0,-0.3426746379600547,-0.3457205848200705,-0.33960104461125007,1.1226920139347158,0.8868457573354481
28,4,permute_both_renormalized,pressured_pair_agreement_count,middle,serialized_context,20,5044.0,1.4000583929453139,0.12360993280293271,0.11998988149666821,0.12688554496854848,-0.21906470515712204,-0.22118722226667048,-0.2170016080886822,0.9651570068828537,0.8086977809282235
28,4,permute_both_renormalized,pressured_pair_agreement_count,middle,state_plus_context,20,5044.0,1.1959048943445008,0.32776343140374575,0.32417354464747544,0.331281526220075,-0.014911206556308943,-0.01586559610091796,-0.013876046957130404,0.8073056414970404,0.6476514906000486
28,4,permute_both_renormalized,row_plus_count,all,constraint_state,20,15714.0,1.0418489075580668,0.3160804032680452,0.3160801433699607,0.31608065987628003,0.0,0.0,0.0,0.7833136325339827,0.5604294472020691
28,4,permute_both_renormalized,row_plus_count,all,fair_binomial,20,15714.0,1.357929310826112,0.0,0.0,0.0,-0.3160804032680452,-0.3160806598762806,-0.3160801466598101,0.9428090415820632,0.6924589537991599
28,4,permute_both_renormalized,row_plus_count,all,serialized_context,20,15714.0,1.3369063816351892,0.021022929190922933,0.020914720883883714,0.02112376111412205,-0.29505747407712224,-0.2951604175443871,-0.2949552934002767,0.9268293126764092,0.7271764197349955
28,4,permute_both_renormalized,row_plus_count,all,state_plus_context,20,15714.0,1.0507768251694842,0.30715248565662756,0.30658912147122147,0.30769481973079954,-0.008927917611417601,-0.009486171264428122,-0.008390209587732076,0.785218948750582,0.5663306122681887
28,4,permute_both_renormalized,row_plus_count,early,constraint_state,20,5238.0,1.3291968678084223,0.02862053929912598,0.0285990573421618,0.028641223210519495,0.0,0.0,0.0,0.920279077371049,0.7201501845488028
28,4,permute_both_renormalized,row_plus_count,early,fair_binomial,20,5238.0,1.357817407107548,0.0,0.0,0.0,-0.02862053929912598,-0.028640949149620124,-0.028599128930299412,0.9428090415820632,0.6937762504772814
28,4,permute_both_renormalized,row_plus_count,early,serialized_context,20,5238.0,1.3390113027701083,0.0188061043374398,0.01862436113107763,0.018982795760345218,-0.00981443496168618,-0.009999744364662356,-0.009636181989485704,0.928871169570279,0.7317437553593931
28,4,permute_both_renormalized,row_plus_count,early,state_plus_context,20,5238.0,1.3354093937464708,0.022408013361077304,0.021640127233608062,0.023140928956875723,-0.006212525938048674,-0.006977483904805734,-0.005471462282992738,0.9214928410917504,0.7245327101840572
28,4,permute_both_renormalized,row_plus_count,late,constraint_state,20,5238.0,0.5390295532047411,0.818925706309523,0.8188066245683568,0.8190543292248414,0.0,0.0,0.0,0.5091750772173157,0.27903780068728523
28,4,permute_both_renormalized,row_plus_count,late,fair_binomial,20,5238.0,1.357955259514264,0.0,0.0,0.0,-0.818925706309523,-0.8190547601343745,-0.8188017756573996,0.9428090415820632,0.6921534936998854
28,4,permute_both_renormalized,row_plus_count,late,serialized_context,20,5238.0,1.335805811997698,0.022149447516566157,0.02202381743200802,0.022275264650251626,-0.796776258792957,-0.7969792720785309,-0.7965697718664239,0.9257913441075427,0.7251415354742833
28,4,permute_both_renormalized,row_plus_count,late,state_plus_context,20,5238.0,0.5434211727965567,0.8145340867177078,0.814011004142771,0.8150222089973831,-0.00439161959181546,-0.0049432788713618244,-0.0038600622297164477,0.5103855983346164,0.2847845894592189
28,4,permute_both_renormalized,row_plus_count,middle,constraint_state,20,5238.0,1.2573203016608967,0.10069496419511315,0.10057285565856908,0.10081195488285558,0.0,0.0,0.0,0.8570693678078657,0.6821003563701181
28,4,permute_both_renormalized,row_plus_count,middle,fair_binomial,20,5238.0,1.3580152658560103,0.0,0.0,0.0,-0.10069496419511315,-0.10081298494168478,-0.10056829617449413,0.9428090415820632,0.6914471172203133
28,4,permute_both_renormalized,row_plus_count,middle,serialized_context,20,5238.0,1.335902030137762,0.022113235718247626,0.02191760342080366,0.02229174446859916,-0.07858172847686551,-0.0788106795157497,-0.07835514656919212,0.9258220229762342,0.7246439683713051
28,4,permute_both_renormalized,row_plus_count,middle,state_plus_context,20,5238.0,1.2734999089654204,0.08451535689058967,0.08310612833247262,0.0858573642130281,-0.016179607304523457,-0.017607167500022083,-0.014860936697062994,0.86026899078008,0.6896745371612912
28,8,catalog,pressured_pair_agreement_count,all,constraint_state,20,7566.0,1.0312533182089063,1.1457772654093734,1.1431992598728011,1.1482996466297766,0.0,0.0,0.0,0.9344555045432669,0.6075094722001961
28,8,catalog,pressured_pair_agreement_count,all,fair_binomial,20,7566.0,2.17703058361828,0.0,0.0,0.0,-1.1457772654093734,-1.1483536370764462,-1.1430787898001795,1.9238467417664011,1.6143602960613272
28,8,catalog,pressured_pair_agreement_count,all,serialized_context,20,7566.0,1.7013874805791995,0.4756431030390801,0.47203865234587516,0.47922176647922343,-0.6701341623702934,-0.6734497739726297,-0.6669193083094025,1.6168507111283368,1.282041571300219
28,8,catalog,pressured_pair_agreement_count,all,state_plus_context,20,7566.0,0.8413447905264604,1.3356857930918196,1.3325357135453237,1.3390852270317581,0.18990852768244598,0.1876387839986479,0.19222637560649264,0.7989557582391879,0.5011747302266703
28,8,catalog,pressured_pair_agreement_count,early,constraint_state,20,2522.0,1.648629342518856,0.12819430716804675,0.1256788622825907,0.13058330299949444,0.0,0.0,0.0,1.2477243525922375,0.9976870208828975
28,8,catalog,pressured_pair_agreement_count,early,fair_binomial,20,2522.0,1.7768236496869025,0.0,0.0,0.0,-0.12819430716804675,-0.13059582711995968,-0.1257101212323388,1.4268851499482422,1.0623711340206188
28,8,catalog,pressured_pair_agreement_count,early,serialized_context,20,2522.0,1.6359968473826147,0.14082680230428765,0.13648450912305782,0.14528213594762315,0.012632495136240962,0.009488319997870543,0.01590661471068874,1.1927880070263785,0.9739780193728791
28,8,catalog,pressured_pair_agreement_count,early,state_plus_context,20,2522.0,1.4716985748443452,0.3051250748425571,0.30046813693230817,0.3099659118254388,0.17693076767451035,0.17373115437860567,0.18036292006978996,1.0867231661017855,0.8616180112932972
28,8,catalog,pressured_pair_agreement_count,late,constraint_state,20,2522.0,0.0,2.796136155033047,2.791774259053639,2.8002261061025333,0.0,0.0,0.0,0.0,0.0
28,8,catalog,pressured_pair_agreement_count,late,fair_binomial,20,2522.0,2.796136155033047,0.0,0.0,0.0,-2.796136155033047,-2.8003067405243067,-2.7919656011203635,2.500568876932354,2.376209357652656
28,8,catalog,pressured_pair_agreement_count,late,serialized_context,20,2522.0,1.8588770617498231,0.9372590932832241,0.9315183649636526,0.9426440136557777,-1.8588770617498231,-1.8662963016211283,-1.8515217880407349,2.179657335459886,1.858713945913808
28,8,catalog,pressured_pair_agreement_count,late,state_plus_context,20,2522.0,0.0,2.796136155033047,2.7917833245651207,2.8002102163862994,0.0,0.0,0.0,0.0,0.0
28,8,catalog,pressured_pair_agreement_count,middle,constraint_state,20,2522.0,1.445130612107865,0.5130013340262192,0.5074272847823045,0.5183711311308077,0.0,0.0,0.0,1.0308707157217014,0.8248413957176843
28,8,catalog,pressured_pair_agreement_count,middle,fair_binomial,20,2522.0,1.9581319461340843,0.0,0.0,0.0,-0.5130013340262192,-0.5182523848597014,-0.5074682470748192,1.677617136986277,1.4045003965107055
28,8,catalog,pressured_pair_agreement_count,middle,serialized_context,20,2522.0,1.609288532605166,0.34884341352891807,0.3427397622057272,0.3552510246828222,-0.1641579204973011,-0.1696645479151044,-0.15859184579182148,1.2917209625499262,1.0134327486139623
28,8,catalog,pressured_pair_agreement_count,middle,state_plus_context,20,2522.0,1.0523357967350546,0.9057961493990294,0.901279139273143,0.9105525306994655,0.3927948153728102,0.38842462092325153,0.3971775528033979,0.8566620459064742,0.6419061793867133
28,8,catalog,row_plus_count,all,constraint_state,20,7857.0,1.024065385104651,0.6321525819130649,0.6321525555942714,0.6321526082318586,0.0,0.0,0.0,0.8981004187394156,0.5273259513809362
28,8,catalog,row_plus_count,all,fair_binomial,20,7857.0,1.656217967017716,0.0,0.0,0.0,-0.6321525819130649,-0.6321526082318585,-0.6321525555942713,1.2171612389003694,0.815285732467863
28,8,catalog,row_plus_count,all,serialized_context,20,7857.0,1.0801836879166897,0.576034279101026,0.5718832927946574,0.5799496001316641,-0.0561183028120388,-0.06011663469207568,-0.05224544542921807,1.0643511676635182,0.7686443314215787
28,8,catalog,row_plus_count,all,state_plus_context,20,7857.0,0.5757282399856074,1.0804897270321085,1.0778698506752025,1.0831016211428441,0.4483371451190436,0.4456791408836839,0.4509213245635662,0.7040811811548232,0.3890667506658891
28,8,catalog,row_plus_count,early,constraint_state,20,2619.0,1.6028687086204354,0.05200333110398333,0.051989938371364675,0.052017485769469865,0.0,0.0,0.0,1.1758894715842665,0.8274532264222966
28,8,catalog,row_plus_count,early,fair_binomial,20,2619.0,1.6548720397244185,0.0,0.0,0.0,-0.05200333110398333,-0.052017296051264574,-0.05198981138255355,1.2171612389003694,0.8505918289423444
28,8,catalog,row_plus_count,early,serialized_context,20,2619.0,1.0961104368586547,0.5587616028657638,0.5537674606904481,0.5636692185264044,0.5067582717617803,0.501632375584166,0.5116227316453726,1.1251779064959715,0.7971298230679841
28,8,catalog,row_plus_count,early,state_plus_context,20,2619.0,1.0189773191141644,0.6358947206102542,0.6314244245951531,0.6401317131404933,0.583891389506271,0.5794377925308164,0.5882229259018302,1.091054089399533,0.7918349395893478
28,8,catalog,row_plus_count,late,constraint_state,20,2619.0,0.0,1.6591170731747447,1.6590674948664876,1.6591666514830021,0.0,0.0,0.0,0.0,0.0
28,8,catalog,row_plus_count,late,fair_binomial,20,2619.0,1.6591170731747447,0.0,0.0,0.0,-1.6591170731747447,-1.6591666514830021,-1.6590674948664876,1.2171612389003694,0.7410462008400153
28,8,catalog,row_plus_count,late,serialized_context,20,2619.0,0.9679146002267036,0.6912024729480413,0.6868320042121857,0.6954122724164216,-0.9679146002267036,-0.9721913535347845,-0.963721035245572,0.9394316401287472,0.6598289417603926
28,8,catalog,row_plus_count,late,state_plus_context,20,2619.0,0.0,1.6591170731747447,1.6590674948664876,1.6591666514830021,0.0,0.0,0.0,0.0,0.0
28,8,catalog,row_plus_count,middle,constraint_state,20,2619.0,1.4693274466936237,0.18533734146029562,0.18529942607373034,0.18537608227413402,0.0,0.0,0.0,1.0183501544346314,0.754524627720504
28,8,catalog,row_plus_count,middle,fair_binomial,20,2619.0,1.6546647881539198,0.0,0.0,0.0,-0.18533734146029562,-0.1853759552853227,-0.18529955306254164,1.2171612389003694,0.8542191676212294
28,8,catalog,row_plus_count,middle,serialized_context,20,2619.0,1.176526026664738,0.47813876148918144,0.4744299866876507,0.4818764617723321,0.29280142002888576,0.2890960838504683,0.2965602935851931,1.1179951420867622,0.8489742294363539
28,8,catalog,row_plus_count,middle,state_plus_context,20,2619.0,0.7082074008426587,0.9464573873112612,0.9427735124111506,0.9502362987395614,0.7611200458509654,0.7573058882343541,0.7648782752542562,0.5447698353524809,0.3753653124083169
28,8,permute_both_fixed_anchor,pressured_pair_agreement_count,all,constraint_state,20,7566.0,0.9859663034553405,1.111371694681256,1.1085722448687017,1.114112712673512,0.0,0.0,0.0,0.8752589167368422,0.5738941756983013
28,8,permute_both_fixed_anchor,pressured_pair_agreement_count,all,fair_binomial,20,7566.0,2.097337998136596,0.0,0.0,0.0,-1.111371694681256,-1.114222455822783,-1.108599103574995,1.8408301942917085,1.5450502246894002
28,8,permute_both_fixed_anchor,pressured_pair_agreement_count,all,serialized_context,20,7566.0,1.7637764505358597,0.3335615476007366,0.33012405028037844,0.33675050216913155,-0.7778101470805192,-0.7809823888351726,-0.7743636376002249,1.5690019256596632,1.2670870358278825
28,8,permute_both_fixed_anchor,pressured_pair_agreement_count,all,state_plus_context,20,7566.0,0.9948882751131659,1.1024497230234303,1.0992277128710044,1.1056766271849896,-0.008921971657825562,-0.009686126509044895,-0.008148248751589251,0.8768138520278675,0.5779754998765562
28,8,permute_both_fixed_anchor,pressured_pair_agreement_count,early,constraint_state,20,2522.0,1.569021511279343,0.1228242725163458,0.11968862373233659,0.1257759976396594,0.0,0.0,0.0,1.1626212041594184,0.9499339148823681
28,8,permute_both_fixed_anchor,pressured_pair_agreement_count,early,fair_binomial,20,2522.0,1.6918457837956886,0.0,0.0,0.0,-0.1228242725163458,-0.1257745424736802,-0.11978340524977464,1.3064972558368546,1.0026367961934972
28,8,permute_both_fixed_anchor,pressured_pair_agreement_count,early,serialized_context,20,2522.0,1.659588742731478,0.03225704106421069,0.02688801163771208,0.03686190690883923,-0.09056723145213512,-0.0934999318297477,-0.0878052310178881,1.2384088486190978,0.9704594821542226
28,8,permute_both_fixed_anchor,pressured_pair_agreement_count,early,state_plus_context,20,2522.0,1.5724535153563903,0.11939226843929847,0.11597785264994477,0.12280831336276062,-0.003432004077047335,-0.004393796990109403,-0.002528056417780312,1.1630701340253835,0.9501047827568652
28,8,permute_both_fixed_anchor,pressured_pair_agreement_count,late,constraint_state,20,2522.0,0.0,2.6655923880247907,2.6581470941487977,2.672614871771135,0.0,0.0,0.0,0.0,0.0
28,8,permute_both_fixed_anchor,pressured_pair_agreement_count,late,fair_binomial,20,2522.0,2.6655923880247907,0.0,0.0,0.0,-2.6655923880247907,-2.6726729761089367,-2.658180570482972,2.3956432644281853,2.270519429024584
28,8,permute_both_fixed_anchor,pressured_pair_agreement_count,late,serialized_context,20,2522.0,1.908575984492694,0.7570164035320964,0.7527518391780406,0.7613979272520375,-1.908575984492694,-1.9162451946996737,-1.8997975593329113,2.0758897191456356,1.8378597671773793
28,8,permute_both_fixed_anchor,pressured_pair_agreement_count,late,state_plus_context,20,2522.0,0.0,2.6655923880247907,2.6579796237754527,2.6724750538697184,0.0,0.0,0.0,0.0,0.0
28,8,permute_both_fixed_anchor,pressured_pair_agreement_count,middle,constraint_state,20,2522.0,1.3888773990866843,0.5456984235018918,0.5409668066924985,0.5502481235636839,0.0,0.0,0.0,0.9728324367654174,0.7717486122125299
28,8,permute_both_fixed_anchor,pressured_pair_agreement_count,middle,fair_binomial,20,2522.0,1.934575822588576,0.0,0.0,0.0,-0.5456984235018918,-0.5502302213703246,-0.5409100399421126,1.6490731196086585,1.3619944488501188
28,8,permute_both_fixed_anchor,pressured_pair_agreement_count,middle,serialized_context,20,2522.0,1.7231646243833751,0.21141119820520093,0.20619983762456928,0.21667773381317176,-0.33428722529669086,-0.3392747144541171,-0.3291478571034991,1.2416831910326747,0.9929418581520496
28,8,permute_both_fixed_anchor,pressured_pair_agreement_count,middle,state_plus_context,20,2522.0,1.412211309983102,0.5223645126054741,0.5170321294135443,0.527717588382789,-0.02333391089641772,-0.025522471984935343,-0.021078727751834322,0.9764931159666783,0.7838217168728031
28,8,permute_both_fixed_anchor,row_plus_count,all,constraint_state,20,7857.0,1.0054819004357847,0.6321605828262685,0.6321602341022569,0.6321609447096769,0.0,0.0,0.0,0.8981004187394159,0.5779411140808624
28,8,permute_both_fixed_anchor,row_plus_count,all,fair_binomial,20,7857.0,1.6376424832620533,0.0,0.0,0.0,-0.6321605828262685,-0.6321609251350765,-0.6321602341022561,1.2171612389003694,0.920822196767214
28,8,permute_both_fixed_anchor,row_plus_count,all,serialized_context,20,7857.0,1.5768881131785362,0.06075437008351714,0.060392007827455345,0.06110372189173271,-0.5714062127427514,-0.5717611239439027,-0.5710512379171219,1.1699043948146055,0.937192885126602
28,8,permute_both_fixed_anchor,row_plus_count,all,state_plus_context,20,7857.0,1.0148946299403074,0.6227478533217459,0.6221020173766476,0.6233913824422646,-0.009412729504522733,-0.010050340554192171,-0.008773550578916123,0.8997121381713177,0.5828958306900011
28,8,permute_both_fixed_anchor,row_plus_count,early,constraint_state,20,2619.0,1.5804481675605833,0.0572665519835693,0.05723486923753715,0.05729951397497911,0.0,0.0,0.0,1.1758894715842665,0.9315896652666418
28,8,permute_both_fixed_anchor,row_plus_count,early,fair_binomial,20,2619.0,1.6377147195441526,0.0,0.0,0.0,-0.0572665519835693,-0.057298974187441974,-0.05723357806464119,1.2171612389003694,0.9214203894616265
28,8,permute_both_fixed_anchor,row_plus_count,early,serialized_context,20,2619.0,1.584610176031269,0.05310454351288372,0.05270206233647964,0.05349890309839183,-0.004162008470685585,-0.004548297682666019,-0.0037701440379720305,1.179359066082817,0.9447589522028714
28,8,permute_both_fixed_anchor,row_plus_count,early,state_plus_context,20,2619.0,1.5845330061427114,0.05318171340144125,0.052094181168770834,0.054209509282887654,-0.004084838582128059,-0.005156718168544588,-0.00306413162781233,1.176187289922673,0.9339962130019052
28,8,permute_both_fixed_anchor,row_plus_count,late,constraint_state,20,2619.0,0.0,1.637642483862908,1.6374146342249505,1.6378842366253192,0.0,0.0,0.0,0.0,0.0
28,8,permute_both_fixed_anchor,row_plus_count,late,fair_binomial,20,2619.0,1.637642483862908,0.0,0.0,0.0,-1.637642483862908,-1.6378855672367194,-1.6374093711721245,1.2171612389003694,0.9199312714776633
28,8,permute_both_fixed_anchor,row_plus_count,late,serialized_context,20,2619.0,1.5728820352550403,0.06476044860786764,0.06432918640384905,0.0651874490132633,-1.5728820352550403,-1.5733136168830137,-1.5724359987792556,1.1650576579717913,0.9330635699192987
28,8,permute_both_fixed_anchor,row_plus_count,late,state_plus_context,20,2619.0,0.0,1.637642483862908,1.6374073033342535,1.637881769313996,0.0,0.0,0.0,0.0,0.0
28,8,permute_both_fixed_anchor,row_plus_count,middle,constraint_state,20,2619.0,1.4359975337468545,0.20157271263206272,0.20133716900630674,0.2017965773444587,0.0,0.0,0.0,1.0183501544346314,0.802233676975945
28,8,permute_both_fixed_anchor,row_plus_count,middle,fair_binomial,20,2619.0,1.637570246378917,0.0,0.0,0.0,-0.20157271263206272,-0.201793114026172,-0.20133024906022998,1.2171612389003694,0.9211149293623521
28,8,permute_both_fixed_anchor,row_plus_count,middle,serialized_context,20,2619.0,1.5731721282492923,0.06439811812962497,0.06366580800709223,0.06508696751819275,-0.13717459450243777,-0.1380076738483713,-0.13640213315674327,1.1652387258659787,0.9337561332576371
28,8,permute_both_fixed_anchor,row_plus_count,middle,state_plus_context,20,2619.0,1.460150883678206,0.17741936270071107,0.17551858578597312,0.17926717920547164,-0.024153349931351643,-0.025991258956478743,-0.02238240817267343,1.0222657646102935,0.8146912790680989
28,8,permute_both_renormalized,pressured_pair_agreement_count,all,constraint_state,20,7566.0,0.9867600369752341,1.110730871194688,1.1085930402250057,1.1129001661190951,0.0,0.0,0.0,0.8763557425407182,0.5738479161159589
28,8,permute_both_renormalized,pressured_pair_agreement_count,all,fair_binomial,20,7566.0,2.0974909081699225,0.0,0.0,0.0,-1.110730871194688,-1.1128742736713222,-1.1086908757768639,1.8411187447865873,1.5462661908538196
28,8,permute_both_renormalized,pressured_pair_agreement_count,all,serialized_context,20,7566.0,1.7634956654318732,0.3339952427380492,0.3301967688542945,0.337384965735887,-0.7767356284566387,-0.7794648723938733,-0.7740461976304446,1.5686809922543097,1.2669193891796495
28,8,permute_both_renormalized,pressured_pair_agreement_count,all,state_plus_context,20,7566.0,0.9945619574365079,1.1029289507334143,1.100924901228489,1.1049683202056098,-0.007801920461273715,-0.008463141138818523,-0.0071336393952128345,0.8775349264014445,0.5775991897571704
28,8,permute_both_renormalized,pressured_pair_agreement_count,early,constraint_state,20,2522.0,1.571019711264109,0.12014098979992642,0.11726728470497715,0.12273440231798677,0.0,0.0,0.0,1.1649990113701838,0.9508855405762618
28,8,permute_both_renormalized,pressured_pair_agreement_count,early,fair_binomial,20,2522.0,1.6911607010640353,0.0,0.0,0.0,-0.12014098979992642,-0.12276118626878048,-0.11726116566641921,1.3055815082897415,1.0037073750991277
28,8,permute_both_renormalized,pressured_pair_agreement_count,early,serialized_context,20,2522.0,1.6635916737916066,0.027569027272428694,0.023336507190554315,0.031459075396417076,-0.09257196252749773,-0.09554420558852378,-0.08976385879831836,1.2408316972145101,0.969908182978604
28,8,permute_both_renormalized,pressured_pair_agreement_count,early,state_plus_context,20,2522.0,1.5743869082343334,0.11677379282970206,0.11339601544853223,0.11980783245017743,-0.003367196970224362,-0.0047683238801711735,-0.0022404156113445236,1.1653098698558828,0.9512311986482652
28,8,permute_both_renormalized,pressured_pair_agreement_count,late,constraint_state,20,2522.0,0.0,2.665866168036981,2.660211034117234,2.6712288859244397,0.0,0.0,0.0,0.0,0.0
28,8,permute_both_renormalized,pressured_pair_agreement_count,late,fair_binomial,20,2522.0,2.665866168036981,0.0,0.0,0.0,-2.665866168036981,-2.6711816198079847,-2.6604776113993345,2.3960384458158837,2.271510705789056
28,8,permute_both_renormalized,pressured_pair_agreement_count,late,serialized_context,20,2522.0,1.9059086504813987,0.7599575175555822,0.7529422287003034,0.7665899206386262,-1.9059086504813987,-1.9126228970967598,-1.8995539520033025,2.0765535792476557,1.839994226359591
28,8,permute_both_renormalized,pressured_pair_agreement_count,late,state_plus_context,20,2522.0,0.0,2.665866168036981,2.660383537144182,2.6712581519298686,0.0,0.0,0.0,0.0,0.0
28,8,permute_both_renormalized,pressured_pair_agreement_count,middle,constraint_state,20,2522.0,1.3892603996615964,0.546185455746423,0.5420211818763694,0.5499856131083702,0.0,0.0,0.0,0.9729100606439927,0.77065820777161
28,8,permute_both_renormalized,pressured_pair_agreement_count,middle,fair_binomial,20,2522.0,1.935445855408019,0.0,0.0,0.0,-0.546185455746423,-0.5500583775991204,-0.5419171360002307,1.6501734855288621,1.3635804916732752
28,8,permute_both_renormalized,pressured_pair_agreement_count,middle,serialized_context,20,2522.0,1.7209866720225822,0.21445918338543685,0.20910038620287882,0.21950519381139347,-0.3317262723609861,-0.3356901274140515,-0.32763741610653385,1.2367785070194388,0.9908557582007568
28,8,permute_both_renormalized,pressured_pair_agreement_count,middle,state_plus_context,20,2522.0,1.4092989640751894,0.5261468913328299,0.5208882383576849,0.5307395746363068,-0.020038564413593064,-0.021608961553191638,-0.018481572838869795,0.975720107338994,0.7815663706232467
28,8,permute_both_renormalized,row_plus_count,all,constraint_state,20,7857.0,1.0056284882604898,0.6321608065360117,0.6321602735804464,0.6321613065930853,0.0,0.0,0.0,0.8981004187394157,0.5772686776123207
28,8,permute_both_renormalized,row_plus_count,all,fair_binomial,20,7857.0,1.637789294796502,0.0,0.0,0.0,-0.6321608065360117,-0.6321613065930853,-0.6321602801601462,1.2171612389003694,0.9212294768995799
28,8,permute_both_renormalized,row_plus_count,all,serialized_context,20,7857.0,1.5770537977019798,0.06073549709452194,0.06040707798102627,0.0610672959535421,-0.5714253094414898,-0.5717508254716667,-0.5711060306005624,1.169797407184833,0.9368998127779198
28,8,permute_both_renormalized,row_plus_count,all,state_plus_context,20,7857.0,1.0158318525616794,0.6219574422348224,0.6213767231615867,0.6225281757254253,-0.010203364301189455,-0.010793745942060846,-0.009640052078491943,0.8996368342119236,0.5822123028058857
28,8,permute_both_renormalized,row_plus_count,early,constraint_state,20,2619.0,1.5803607514253828,0.05724107859835572,0.05719874690385323,0.05728173880916412,0.0,0.0,0.0,1.175889471584267,0.9317296678121423
28,8,permute_both_renormalized,row_plus_count,early,fair_binomial,20,2619.0,1.6376018300237387,0.0,0.0,0.0,-0.05724107859835572,-0.05728221511121391,-0.057197812099643634,1.2171612389003694,0.9217640320733105
28,8,permute_both_renormalized,row_plus_count,early,serialized_context,20,2619.0,1.5842158450983692,0.05338598492536921,0.05290508581599194,0.05385051853062904,-0.0038550936729865094,-0.004315708554783217,-0.0034001882282217615,1.1793539119590366,0.9447480321248921
28,8,permute_both_renormalized,row_plus_count,early,state_plus_context,20,2619.0,1.5834040066584596,0.054197823365279105,0.05341235930834951,0.05495032821894986,-0.003043255233076614,-0.003820908443168638,-0.002305042473459303,1.1762042736436995,0.93423696515464
28,8,permute_both_renormalized,row_plus_count,late,constraint_state,20,2619.0,0.0,1.637851412619097,1.637609748814797,1.6381109907471576,0.0,0.0,0.0,0.0,0.0
28,8,permute_both_renormalized,row_plus_count,late,fair_binomial,20,2619.0,1.637851412619097,0.0,0.0,0.0,-1.637851412619097,-1.6381130239567823,-1.6376111860112719,1.2171612389003694,0.9221076746849943
28,8,permute_both_renormalized,row_plus_count,late,serialized_context,20,2619.0,1.5731231072803449,0.0647283053387522,0.06407065870965425,0.06532545228001542,-1.5731231072803449,-1.5738535487412777,-1.5724470128874337,1.1649721732234377,0.9339108156499423
28,8,permute_both_renormalized,row_plus_count,late,state_plus_context,20,2619.0,0.0,1.637851412619097,1.637614038067218,1.6381099385538271,0.0,0.0,0.0,0.0,0.0
28,8,permute_both_renormalized,row_plus_count,middle,constraint_state,20,2619.0,1.4365247133561705,0.20138992839031816,0.20114294500011684,0.20162100113984308,0.0,0.0,0.0,1.0183501544346314,0.8000763650248187
28,8,permute_both_renormalized,row_plus_count,middle,fair_binomial,20,2619.0,1.6379146417464887,0.0,0.0,0.0,-0.20138992839031816,-0.20161736614659945,-0.20114895930535895,1.2171612389003694,0.9198167239404352
28,8,permute_both_renormalized,row_plus_count,middle,serialized_context,20,2619.0,1.5738224407272337,0.06409220101925506,0.06363571085535905,0.0645850998881489,-0.1372977273710631,-0.13786061827146975,-0.1367147066241226,1.1650071416245962,0.9320405905589227
28,8,permute_both_renormalized,row_plus_count,middle,state_plus_context,20,2619.0,1.4640915510265826,0.17382309071990626,0.17196376443553021,0.1758114070928681,-0.027566837670411938,-0.029308600842978056,-0.02569678179684195,1.022047553513859,0.812399943263018
