instance_id,order,class_index,presentation_seed,hidden_rows,seed_rows,seed_digest,target_digest,block_size,policy,tie_repetition,tie_seed,max_nodes,max_seconds,solved,termination,elapsed_seconds,nodes,backtracks,dead_ends,candidate_evaluations,exact_prunes,symmetry_prunes,completed_rows,scoring_calls,scoring_seconds,solution_digest,verification_passed
d16-c0-h4-s21864815,16,0,21864815,4,12,48ccfef7f142571e4f0b4c6aa4e6c66d012bb3d0cf526a854a8440724a2838e1,b7faa5b885b41898600fc0346af01157dfe9859be4cad07caa2f46dabc3eb156,2,all_pair_product,0,44125636,300000,30.0,True,solved,0.14124260004609823,982,950,950,3906,2801,79,11,447,0.023543300456367433,6dd7de846866f0a246b0ba90bd2e95862634d24526a7120336db49983a66132e,True
d16-c0-h4-s21864815,16,0,21864815,4,12,48ccfef7f142571e4f0b4c6aa4e6c66d012bb3d0cf526a854a8440724a2838e1,b7faa5b885b41898600fc0346af01157dfe9859be4cad07caa2f46dabc3eb156,2,balance_only,0,44125636,300000,30.0,True,solved,0.16757340007461607,1413,1381,1381,5628,4098,91,12,625,0.007949698949232697,6dd7de846866f0a246b0ba90bd2e95862634d24526a7120336db49983a66132e,True
d16-c0-h4-s21864815,16,0,21864815,4,12,48ccfef7f142571e4f0b4c6aa4e6c66d012bb3d0cf526a854a8440724a2838e1,b7faa5b885b41898600fc0346af01157dfe9859be4cad07caa2f46dabc3eb156,2,lexicographic,0,44125636,300000,30.0,True,solved,0.0644548999844119,545,513,513,2172,1582,21,4,0,0.0,6dd7de846866f0a246b0ba90bd2e95862634d24526a7120336db49983a66132e,True
d16-c0-h4-s21864815,16,0,21864815,4,12,48ccfef7f142571e4f0b4c6aa4e6c66d012bb3d0cf526a854a8440724a2838e1,b7faa5b885b41898600fc0346af01157dfe9859be4cad07caa2f46dabc3eb156,2,minimum_max_pressure,0,44125636,300000,30.0,True,solved,0.1808154999744147,1768,1736,1736,7042,5125,120,15,783,0.00633860076777637,6dd7de846866f0a246b0ba90bd2e95862634d24526a7120336db49983a66132e,True
d16-c0-h4-s21864815,16,0,21864815,4,12,48ccfef7f142571e4f0b4c6aa4e6c66d012bb3d0cf526a854a8440724a2838e1,b7faa5b885b41898600fc0346af01157dfe9859be4cad07caa2f46dabc3eb156,2,random_order,0,44125636,300000,30.0,True,solved,0.16665199992712587,1613,1581,1581,6422,4660,120,15,719,0.005637600668706,6dd7de846866f0a246b0ba90bd2e95862634d24526a7120336db49983a66132e,True
d16-c0-h4-s21864815,16,0,21864815,4,12,48ccfef7f142571e4f0b4c6aa4e6c66d012bb3d0cf526a854a8440724a2838e1,b7faa5b885b41898600fc0346af01157dfe9859be4cad07caa2f46dabc3eb156,2,all_pair_product,1,54125655,300000,30.0,True,solved,0.09892949997447431,982,950,950,3906,2801,79,11,447,0.014983298373408616,6dd7de846866f0a246b0ba90bd2e95862634d24526a7120336db49983a66132e,True
d16-c0-h4-s21864815,16,0,21864815,4,12,48ccfef7f142571e4f0b4c6aa4e6c66d012bb3d0cf526a854a8440724a2838e1,b7faa5b885b41898600fc0346af01157dfe9859be4cad07caa2f46dabc3eb156,2,balance_only,1,54125655,300000,30.0,True,solved,0.14934520004317164,1538,1506,1506,6128,4476,86,12,678,0.007303200080059469,6dd7de846866f0a246b0ba90bd2e95862634d24526a7120336db49983a66132e,True
d16-c0-h4-s21864815,16,0,21864815,4,12,48ccfef7f142571e4f0b4c6aa4e6c66d012bb3d0cf526a854a8440724a2838e1,b7faa5b885b41898600fc0346af01157dfe9859be4cad07caa2f46dabc3eb156,2,lexicographic,1,54125655,300000,30.0,True,solved,0.06767670006956905,545,513,513,2172,1582,21,4,0,0.0,6dd7de846866f0a246b0ba90bd2e95862634d24526a7120336db49983a66132e,True
d16-c0-h4-s21864815,16,0,21864815,4,12,48ccfef7f142571e4f0b4c6aa4e6c66d012bb3d0cf526a854a8440724a2838e1,b7faa5b885b41898600fc0346af01157dfe9859be4cad07caa2f46dabc3eb156,2,minimum_max_pressure,1,54125655,300000,30.0,True,solved,0.11177550000138581,1113,1081,1081,4436,3245,50,8,497,0.003985197865404189,6dd7de846866f0a246b0ba90bd2e95862634d24526a7120336db49983a66132e,True
d16-c0-h4-s21864815,16,0,21864815,4,12,48ccfef7f142571e4f0b4c6aa4e6c66d012bb3d0cf526a854a8440724a2838e1,b7faa5b885b41898600fc0346af01157dfe9859be4cad07caa2f46dabc3eb156,2,random_order,1,54125655,300000,30.0,True,solved,0.1185768999857828,1027,995,995,4092,2988,50,8,466,0.003984999959357083,6dd7de846866f0a246b0ba90bd2e95862634d24526a7120336db49983a66132e,True
d16-c0-h4-s21864815,16,0,21864815,4,12,48ccfef7f142571e4f0b4c6aa4e6c66d012bb3d0cf526a854a8440724a2838e1,b7faa5b885b41898600fc0346af01157dfe9859be4cad07caa2f46dabc3eb156,2,all_pair_product,2,64125674,300000,30.0,True,solved,0.12396170001011342,890,858,858,3540,2536,69,10,406,0.01842750108335167,6dd7de846866f0a246b0ba90bd2e95862634d24526a7120336db49983a66132e,True
d16-c0-h4-s21864815,16,0,21864815,4,12,48ccfef7f142571e4f0b4c6aa4e6c66d012bb3d0cf526a854a8440724a2838e1,b7faa5b885b41898600fc0346af01157dfe9859be4cad07caa2f46dabc3eb156,2,balance_only,2,64125674,300000,30.0,True,solved,0.169045599992387,1347,1315,1315,5366,3917,76,11,595,0.00812919856980443,6dd7de846866f0a246b0ba90bd2e95862634d24526a7120336db49983a66132e,True
d16-c0-h4-s21864815,16,0,21864815,4,12,48ccfef7f142571e4f0b4c6aa4e6c66d012bb3d0cf526a854a8440724a2838e1,b7faa5b885b41898600fc0346af01157dfe9859be4cad07caa2f46dabc3eb156,2,lexicographic,2,64125674,300000,30.0,True,solved,0.07754399999976158,545,513,513,2172,1582,21,4,0,0.0,6dd7de846866f0a246b0ba90bd2e95862634d24526a7120336db49983a66132e,True
d16-c0-h4-s21864815,16,0,21864815,4,12,48ccfef7f142571e4f0b4c6aa4e6c66d012bb3d0cf526a854a8440724a2838e1,b7faa5b885b41898600fc0346af01157dfe9859be4cad07caa2f46dabc3eb156,2,minimum_max_pressure,2,64125674,300000,30.0,True,solved,0.12353649991564453,962,930,930,3834,2802,45,7,432,0.004451899905689061,6dd7de846866f0a246b0ba90bd2e95862634d24526a7120336db49983a66132e,True
d16-c0-h4-s21864815,16,0,21864815,4,12,48ccfef7f142571e4f0b4c6aa4e6c66d012bb3d0cf526a854a8440724a2838e1,b7faa5b885b41898600fc0346af01157dfe9859be4cad07caa2f46dabc3eb156,2,random_order,2,64125674,300000,30.0,True,solved,0.08018579997587949,772,740,740,3074,2232,45,7,355,0.002909500850364566,6dd7de846866f0a246b0ba90bd2e95862634d24526a7120336db49983a66132e,True
d16-c0-h4-s21864815,16,0,21864815,4,12,48ccfef7f142571e4f0b4c6aa4e6c66d012bb3d0cf526a854a8440724a2838e1,b7faa5b885b41898600fc0346af01157dfe9859be4cad07caa2f46dabc3eb156,4,all_pair_product,0,46125642,300000,30.0,True,solved,0.13981870003044605,348,332,332,5264,4662,169,10,70,0.006964500294998288,6dd7de846866f0a246b0ba90bd2e95862634d24526a7120336db49983a66132e,True
d16-c0-h4-s21864815,16,0,21864815,4,12,48ccfef7f142571e4f0b4c6aa4e6c66d012bb3d0cf526a854a8440724a2838e1,b7faa5b885b41898600fc0346af01157dfe9859be4cad07caa2f46dabc3eb156,4,balance_only,0,46125642,300000,30.0,True,solved,0.1296670000301674,437,421,421,6648,5997,161,9,74,0.0013376000570133328,6dd7de846866f0a246b0ba90bd2e95862634d24526a7120336db49983a66132e,True
d16-c0-h4-s21864815,16,0,21864815,4,12,48ccfef7f142571e4f0b4c6aa4e6c66d012bb3d0cf526a854a8440724a2838e1,b7faa5b885b41898600fc0346af01157dfe9859be4cad07caa2f46dabc3eb156,4,lexicographic,0,46125642,300000,30.0,True,solved,0.09744110004976392,256,240,240,4016,3668,55,4,0,0.0,6dd7de846866f0a246b0ba90bd2e95862634d24526a7120336db49983a66132e,True
d16-c0-h4-s21864815,16,0,21864815,4,12,48ccfef7f142571e4f0b4c6aa4e6c66d012bb3d0cf526a854a8440724a2838e1,b7faa5b885b41898600fc0346af01157dfe9859be4cad07caa2f46dabc3eb156,4,minimum_max_pressure,0,46125642,300000,30.0,True,solved,0.3107046999502927,897,881,881,13784,12595,259,13,127,0.0016286001773551106,6dd7de846866f0a246b0ba90bd2e95862634d24526a7120336db49983a66132e,True
d16-c0-h4-s21864815,16,0,21864815,4,12,48ccfef7f142571e4f0b4c6aa4e6c66d012bb3d0cf526a854a8440724a2838e1,b7faa5b885b41898600fc0346af01157dfe9859be4cad07caa2f46dabc3eb156,4,random_order,0,46125642,300000,30.0,True,solved,0.3233768999343738,837,821,821,12856,11735,259,13,121,0.0014124996960163116,6dd7de846866f0a246b0ba90bd2e95862634d24526a7120336db49983a66132e,True
d16-c0-h4-s21864815,16,0,21864815,4,12,48ccfef7f142571e4f0b4c6aa4e6c66d012bb3d0cf526a854a8440724a2838e1,b7faa5b885b41898600fc0346af01157dfe9859be4cad07caa2f46dabc3eb156,4,all_pair_product,1,56125661,300000,30.0,True,solved,0.09330850001424551,304,288,288,4600,4065,145,9,62,0.005480399704538286,6dd7de846866f0a246b0ba90bd2e95862634d24526a7120336db49983a66132e,True
d16-c0-h4-s21864815,16,0,21864815,4,12,48ccfef7f142571e4f0b4c6aa4e6c66d012bb3d0cf526a854a8440724a2838e1,b7faa5b885b41898600fc0346af01157dfe9859be4cad07caa2f46dabc3eb156,4,balance_only,1,56125661,300000,30.0,True,solved,0.04885779996402562,137,121,121,2080,1834,55,4,28,0.0005216002464294434,6dd7de846866f0a246b0ba90bd2e95862634d24526a7120336db49983a66132e,True
d16-c0-h4-s21864815,16,0,21864815,4,12,48ccfef7f142571e4f0b4c6aa4e6c66d012bb3d0cf526a854a8440724a2838e1,b7faa5b885b41898600fc0346af01157dfe9859be4cad07caa2f46dabc3eb156,4,lexicographic,1,56125661,300000,30.0,True,solved,0.07517940003890544,256,240,240,4016,3668,55,4,0,0.0,6dd7de846866f0a246b0ba90bd2e95862634d24526a7120336db49983a66132e,True
d16-c0-h4-s21864815,16,0,21864815,4,12,48ccfef7f142571e4f0b4c6aa4e6c66d012bb3d0cf526a854a8440724a2838e1,b7faa5b885b41898600fc0346af01157dfe9859be4cad07caa2f46dabc3eb156,4,minimum_max_pressure,1,56125661,300000,30.0,True,solved,0.20015519997105002,454,438,438,7008,6476,44,4,54,0.0008937001693993807,6dd7de846866f0a246b0ba90bd2e95862634d24526a7120336db49983a66132e,True
d16-c0-h4-s21864815,16,0,21864815,4,12,48ccfef7f142571e4f0b4c6aa4e6c66d012bb3d0cf526a854a8440724a2838e1,b7faa5b885b41898600fc0346af01157dfe9859be4cad07caa2f46dabc3eb156,4,random_order,1,56125661,300000,30.0,True,solved,0.07744799996726215,233,217,217,3600,3292,44,4,33,0.00035299977753311396,6dd7de846866f0a246b0ba90bd2e95862634d24526a7120336db49983a66132e,True
d16-c0-h4-s21864815,16,0,21864815,4,12,48ccfef7f142571e4f0b4c6aa4e6c66d012bb3d0cf526a854a8440724a2838e1,b7faa5b885b41898600fc0346af01157dfe9859be4cad07caa2f46dabc3eb156,4,all_pair_product,2,66125680,300000,30.0,True,solved,0.15337740001268685,348,332,332,5264,4662,169,10,70,0.007571600144729018,6dd7de846866f0a246b0ba90bd2e95862634d24526a7120336db49983a66132e,True
d16-c0-h4-s21864815,16,0,21864815,4,12,48ccfef7f142571e4f0b4c6aa4e6c66d012bb3d0cf526a854a8440724a2838e1,b7faa5b885b41898600fc0346af01157dfe9859be4cad07caa2f46dabc3eb156,4,balance_only,2,66125680,300000,30.0,True,solved,0.1564229999203235,457,441,441,6968,6285,174,9,76,0.0014113994548097253,6dd7de846866f0a246b0ba90bd2e95862634d24526a7120336db49983a66132e,True
d16-c0-h4-s21864815,16,0,21864815,4,12,48ccfef7f142571e4f0b4c6aa4e6c66d012bb3d0cf526a854a8440724a2838e1,b7faa5b885b41898600fc0346af01157dfe9859be4cad07caa2f46dabc3eb156,4,lexicographic,2,66125680,300000,30.0,True,solved,0.08423710009083152,256,240,240,4016,3668,55,4,0,0.0,6dd7de846866f0a246b0ba90bd2e95862634d24526a7120336db49983a66132e,True
d16-c0-h4-s21864815,16,0,21864815,4,12,48ccfef7f142571e4f0b4c6aa4e6c66d012bb3d0cf526a854a8440724a2838e1,b7faa5b885b41898600fc0346af01157dfe9859be4cad07caa2f46dabc3eb156,4,minimum_max_pressure,2,66125680,300000,30.0,True,solved,0.3111504999687895,853,837,837,13080,11919,261,13,125,0.0014887003926560283,6dd7de846866f0a246b0ba90bd2e95862634d24526a7120336db49983a66132e,True
d16-c0-h4-s21864815,16,0,21864815,4,12,48ccfef7f142571e4f0b4c6aa4e6c66d012bb3d0cf526a854a8440724a2838e1,b7faa5b885b41898600fc0346af01157dfe9859be4cad07caa2f46dabc3eb156,4,random_order,2,66125680,300000,30.0,True,solved,0.24233969999477267,746,730,730,11432,10375,261,13,115,0.001068700454197824,6dd7de846866f0a246b0ba90bd2e95862634d24526a7120336db49983a66132e,True
d16-c0-h4-s21864815,16,0,21864815,4,12,48ccfef7f142571e4f0b4c6aa4e6c66d012bb3d0cf526a854a8440724a2838e1,b7faa5b885b41898600fc0346af01157dfe9859be4cad07caa2f46dabc3eb156,8,all_pair_product,0,50125654,300000,30.0,True,solved,0.381996100069955,108,100,100,14848,12904,1295,8,16,0.009709100355394185,6dd7de846866f0a246b0ba90bd2e95862634d24526a7120336db49983a66132e,True
d16-c0-h4-s21864815,16,0,21864815,4,12,48ccfef7f142571e4f0b4c6aa4e6c66d012bb3d0cf526a854a8440724a2838e1,b7faa5b885b41898600fc0346af01157dfe9859be4cad07caa2f46dabc3eb156,8,balance_only,0,50125654,300000,30.0,True,solved,0.45894939999561757,142,134,134,18816,17600,642,5,10,0.0010945999529212713,6dd7de846866f0a246b0ba90bd2e95862634d24526a7120336db49983a66132e,True
d16-c0-h4-s21864815,16,0,21864815,4,12,48ccfef7f142571e4f0b4c6aa4e6c66d012bb3d0cf526a854a8440724a2838e1,b7faa5b885b41898600fc0346af01157dfe9859be4cad07caa2f46dabc3eb156,8,lexicographic,0,50125654,300000,30.0,True,solved,0.6327406000345945,228,220,220,29696,28722,421,4,0,0.0,6dd7de846866f0a246b0ba90bd2e95862634d24526a7120336db49983a66132e,True
d16-c0-h4-s21864815,16,0,21864815,4,12,48ccfef7f142571e4f0b4c6aa4e6c66d012bb3d0cf526a854a8440724a2838e1,b7faa5b885b41898600fc0346af01157dfe9859be4cad07caa2f46dabc3eb156,8,minimum_max_pressure,0,50125654,300000,30.0,True,solved,0.7109248000197113,225,217,217,29824,27880,1295,8,16,0.0005144000751897693,6dd7de846866f0a246b0ba90bd2e95862634d24526a7120336db49983a66132e,True
d16-c0-h4-s21864815,16,0,21864815,4,12,48ccfef7f142571e4f0b4c6aa4e6c66d012bb3d0cf526a854a8440724a2838e1,b7faa5b885b41898600fc0346af01157dfe9859be4cad07caa2f46dabc3eb156,8,random_order,0,50125654,300000,30.0,True,solved,1.0079943999880925,302,294,294,39680,37736,1295,8,16,0.0004148001316934824,6dd7de846866f0a246b0ba90bd2e95862634d24526a7120336db49983a66132e,True
d16-c0-h4-s21864815,16,0,21864815,4,12,48ccfef7f142571e4f0b4c6aa4e6c66d012bb3d0cf526a854a8440724a2838e1,b7faa5b885b41898600fc0346af01157dfe9859be4cad07caa2f46dabc3eb156,8,all_pair_product,1,60125673,300000,30.0,True,solved,0.272002000012435,64,56,56,8960,7501,852,6,12,0.007947299862280488,6dd7de846866f0a246b0ba90bd2e95862634d24526a7120336db49983a66132e,True
d16-c0-h4-s21864815,16,0,21864815,4,12,48ccfef7f142571e4f0b4c6aa4e6c66d012bb3d0cf526a854a8440724a2838e1,b7faa5b885b41898600fc0346af01157dfe9859be4cad07caa2f46dabc3eb156,8,balance_only,1,60125673,300000,30.0,True,solved,1.0391117999097332,313,305,305,41088,39142,1236,8,16,0.0014455999480560422,6dd7de846866f0a246b0ba90bd2e95862634d24526a7120336db49983a66132e,True
d16-c0-h4-s21864815,16,0,21864815,4,12,48ccfef7f142571e4f0b4c6aa4e6c66d012bb3d0cf526a854a8440724a2838e1,b7faa5b885b41898600fc0346af01157dfe9859be4cad07caa2f46dabc3eb156,8,lexicographic,1,60125673,300000,30.0,True,solved,0.7199639999307692,228,220,220,29696,28722,421,4,0,0.0,6dd7de846866f0a246b0ba90bd2e95862634d24526a7120336db49983a66132e,True
d16-c0-h4-s21864815,16,0,21864815,4,12,48ccfef7f142571e4f0b4c6aa4e6c66d012bb3d0cf526a854a8440724a2838e1,b7faa5b885b41898600fc0346af01157dfe9859be4cad07caa2f46dabc3eb156,8,minimum_max_pressure,1,60125673,300000,30.0,True,solved,1.5740412001032382,500,492,492,65664,62502,2323,13,26,0.000697000534273684,6dd7de846866f0a246b0ba90bd2e95862634d24526a7120336db49983a66132e,True
d16-c0-h4-s21864815,16,0,21864815,4,12,48ccfef7f142571e4f0b4c6aa4e6c66d012bb3d0cf526a854a8440724a2838e1,b7faa5b885b41898600fc0346af01157dfe9859be4cad07caa2f46dabc3eb156,8,random_order,1,60125673,300000,30.0,True,solved,1.8856546999886632,630,622,622,82304,79142,2323,13,26,0.00047560001257807016,6dd7de846866f0a246b0ba90bd2e95862634d24526a7120336db49983a66132e,True
d16-c0-h4-s21864815,16,0,21864815,4,12,48ccfef7f142571e4f0b4c6aa4e6c66d012bb3d0cf526a854a8440724a2838e1,b7faa5b885b41898600fc0346af01157dfe9859be4cad07caa2f46dabc3eb156,8,all_pair_product,2,70125692,300000,30.0,True,solved,0.16870220005512238,31,23,23,4608,3392,642,5,10,0.00705730018671602,6dd7de846866f0a246b0ba90bd2e95862634d24526a7120336db49983a66132e,True
d16-c0-h4-s21864815,16,0,21864815,4,12,48ccfef7f142571e4f0b4c6aa4e6c66d012bb3d0cf526a854a8440724a2838e1,b7faa5b885b41898600fc0346af01157dfe9859be4cad07caa2f46dabc3eb156,8,balance_only,2,70125692,300000,30.0,True,solved,1.0965333000058308,330,322,322,43392,41204,1457,9,18,0.0012882003793492913,6dd7de846866f0a246b0ba90bd2e95862634d24526a7120336db49983a66132e,True
d16-c0-h4-s21864815,16,0,21864815,4,12,48ccfef7f142571e4f0b4c6aa4e6c66d012bb3d0cf526a854a8440724a2838e1,b7faa5b885b41898600fc0346af01157dfe9859be4cad07caa2f46dabc3eb156,8,lexicographic,2,70125692,300000,30.0,True,solved,0.748749400023371,228,220,220,29696,28722,421,4,0,0.0,6dd7de846866f0a246b0ba90bd2e95862634d24526a7120336db49983a66132e,True
d16-c0-h4-s21864815,16,0,21864815,4,12,48ccfef7f142571e4f0b4c6aa4e6c66d012bb3d0cf526a854a8440724a2838e1,b7faa5b885b41898600fc0346af01157dfe9859be4cad07caa2f46dabc3eb156,8,minimum_max_pressure,2,70125692,300000,30.0,True,solved,1.525047899922356,440,432,432,57856,54937,2113,12,24,0.0007326999912038445,6dd7de846866f0a246b0ba90bd2e95862634d24526a7120336db49983a66132e,True
d16-c0-h4-s21864815,16,0,21864815,4,12,48ccfef7f142571e4f0b4c6aa4e6c66d012bb3d0cf526a854a8440724a2838e1,b7faa5b885b41898600fc0346af01157dfe9859be4cad07caa2f46dabc3eb156,8,random_order,2,70125692,300000,30.0,True,solved,1.9277617000043392,571,563,563,74624,71705,2113,12,24,0.0004985003033652902,6dd7de846866f0a246b0ba90bd2e95862634d24526a7120336db49983a66132e,True
d16-c1-h4-s21864816,16,1,21864816,4,12,634b1b2d54c4314ea39c7f51035ef005ae6a2fbacd689a5ede8702bd536cd5a6,f20b8509c9a648539b7301c2dfe55da4a46ec7a87477aeb9933a9e6583ce3c12,2,all_pair_product,0,44125637,300000,30.0,True,solved,0.15506120002828538,1259,1227,1227,5016,3656,48,10,548,0.022818098310381174,f20b8509c9a648539b7301c2dfe55da4a46ec7a87477aeb9933a9e6583ce3c12,True
d16-c1-h4-s21864816,16,1,21864816,4,12,634b1b2d54c4314ea39c7f51035ef005ae6a2fbacd689a5ede8702bd536cd5a6,f20b8509c9a648539b7301c2dfe55da4a46ec7a87477aeb9933a9e6583ce3c12,2,balance_only,0,44125637,300000,30.0,True,solved,0.23620519996620715,2377,2345,2345,9484,7016,60,12,1037,0.010966599103994668,f20b8509c9a648539b7301c2dfe55da4a46ec7a87477aeb9933a9e6583ce3c12,True
d16-c1-h4-s21864816,16,1,21864816,4,12,634b1b2d54c4314ea39c7f51035ef005ae6a2fbacd689a5ede8702bd536cd5a6,f20b8509c9a648539b7301c2dfe55da4a46ec7a87477aeb9933a9e6583ce3c12,2,lexicographic,0,44125637,300000,30.0,True,solved,0.04296959994826466,522,490,490,2080,1510,17,4,0,0.0,f20b8509c9a648539b7301c2dfe55da4a46ec7a87477aeb9933a9e6583ce3c12,True
d16-c1-h4-s21864816,16,1,21864816,4,12,634b1b2d54c4314ea39c7f51035ef005ae6a2fbacd689a5ede8702bd536cd5a6,f20b8509c9a648539b7301c2dfe55da4a46ec7a87477aeb9933a9e6583ce3c12,2,minimum_max_pressure,0,44125637,300000,30.0,True,solved,0.2456167999189347,2292,2260,2260,9146,6773,50,11,1001,0.008568501798436046,f20b8509c9a648539b7301c2dfe55da4a46ec7a87477aeb9933a9e6583ce3c12,True
d16-c1-h4-s21864816,16,1,21864816,4,12,634b1b2d54c4314ea39c7f51035ef005ae6a2fbacd689a5ede8702bd536cd5a6,f20b8509c9a648539b7301c2dfe55da4a46ec7a87477aeb9933a9e6583ce3c12,2,random_order,0,44125637,300000,30.0,True,solved,0.18752679997123778,2215,2183,2183,8838,6546,50,11,962,0.006257702247239649,f20b8509c9a648539b7301c2dfe55da4a46ec7a87477aeb9933a9e6583ce3c12,True
d16-c1-h4-s21864816,16,1,21864816,4,12,634b1b2d54c4314ea39c7f51035ef005ae6a2fbacd689a5ede8702bd536cd5a6,f20b8509c9a648539b7301c2dfe55da4a46ec7a87477aeb9933a9e6583ce3c12,2,all_pair_product,1,54125656,300000,30.0,True,solved,0.17450209998060018,1259,1227,1227,5016,3656,48,10,548,0.025841099326498806,f20b8509c9a648539b7301c2dfe55da4a46ec7a87477aeb9933a9e6583ce3c12,True
d16-c1-h4-s21864816,16,1,21864816,4,12,634b1b2d54c4314ea39c7f51035ef005ae6a2fbacd689a5ede8702bd536cd5a6,f20b8509c9a648539b7301c2dfe55da4a46ec7a87477aeb9933a9e6583ce3c12,2,balance_only,1,54125656,300000,30.0,True,solved,0.22831260005477816,2210,2178,2178,8816,6516,60,12,963,0.010856201755814254,f20b8509c9a648539b7301c2dfe55da4a46ec7a87477aeb9933a9e6583ce3c12,True
d16-c1-h4-s21864816,16,1,21864816,4,12,634b1b2d54c4314ea39c7f51035ef005ae6a2fbacd689a5ede8702bd536cd5a6,f20b8509c9a648539b7301c2dfe55da4a46ec7a87477aeb9933a9e6583ce3c12,2,lexicographic,1,54125656,300000,30.0,True,solved,0.051714600063860416,522,490,490,2080,1510,17,4,0,0.0,f20b8509c9a648539b7301c2dfe55da4a46ec7a87477aeb9933a9e6583ce3c12,True
d16-c1-h4-s21864816,16,1,21864816,4,12,634b1b2d54c4314ea39c7f51035ef005ae6a2fbacd689a5ede8702bd536cd5a6,f20b8509c9a648539b7301c2dfe55da4a46ec7a87477aeb9933a9e6583ce3c12,2,minimum_max_pressure,1,54125656,300000,30.0,True,solved,0.0589268000330776,464,432,432,1848,1342,6,4,215,0.0020938991801813245,f20b8509c9a648539b7301c2dfe55da4a46ec7a87477aeb9933a9e6583ce3c12,True
d16-c1-h4-s21864816,16,1,21864816,4,12,634b1b2d54c4314ea39c7f51035ef005ae6a2fbacd689a5ede8702bd536cd5a6,f20b8509c9a648539b7301c2dfe55da4a46ec7a87477aeb9933a9e6583ce3c12,2,random_order,1,54125656,300000,30.0,True,solved,0.04254459997173399,398,366,366,1584,1155,6,4,179,0.0014126005116850138,f20b8509c9a648539b7301c2dfe55da4a46ec7a87477aeb9933a9e6583ce3c12,True
d16-c1-h4-s21864816,16,1,21864816,4,12,634b1b2d54c4314ea39c7f51035ef005ae6a2fbacd689a5ede8702bd536cd5a6,f20b8509c9a648539b7301c2dfe55da4a46ec7a87477aeb9933a9e6583ce3c12,2,all_pair_product,2,64125675,300000,30.0,True,solved,0.1630196999758482,1259,1227,1227,5016,3656,48,10,548,0.024590698536485434,f20b8509c9a648539b7301c2dfe55da4a46ec7a87477aeb9933a9e6583ce3c12,True
d16-c1-h4-s21864816,16,1,21864816,4,12,634b1b2d54c4314ea39c7f51035ef005ae6a2fbacd689a5ede8702bd536cd5a6,f20b8509c9a648539b7301c2dfe55da4a46ec7a87477aeb9933a9e6583ce3c12,2,balance_only,2,64125675,300000,30.0,True,solved,0.2341275999788195,2373,2341,2341,9468,7003,60,12,1035,0.011052100802771747,f20b8509c9a648539b7301c2dfe55da4a46ec7a87477aeb9933a9e6583ce3c12,True
d16-c1-h4-s21864816,16,1,21864816,4,12,634b1b2d54c4314ea39c7f51035ef005ae6a2fbacd689a5ede8702bd536cd5a6,f20b8509c9a648539b7301c2dfe55da4a46ec7a87477aeb9933a9e6583ce3c12,2,lexicographic,2,64125675,300000,30.0,True,solved,0.05921650002710521,522,490,490,2080,1510,17,4,0,0.0,f20b8509c9a648539b7301c2dfe55da4a46ec7a87477aeb9933a9e6583ce3c12,True
d16-c1-h4-s21864816,16,1,21864816,4,12,634b1b2d54c4314ea39c7f51035ef005ae6a2fbacd689a5ede8702bd536cd5a6,f20b8509c9a648539b7301c2dfe55da4a46ec7a87477aeb9933a9e6583ce3c12,2,minimum_max_pressure,2,64125675,300000,30.0,True,solved,0.054041100083850324,617,585,585,2460,1794,11,4,285,0.001958698849193752,f20b8509c9a648539b7301c2dfe55da4a46ec7a87477aeb9933a9e6583ce3c12,True
d16-c1-h4-s21864816,16,1,21864816,4,12,634b1b2d54c4314ea39c7f51035ef005ae6a2fbacd689a5ede8702bd536cd5a6,f20b8509c9a648539b7301c2dfe55da4a46ec7a87477aeb9933a9e6583ce3c12,2,random_order,2,64125675,300000,30.0,True,solved,0.07662730000447482,504,472,472,2008,1460,11,4,231,0.002508400473743677,f20b8509c9a648539b7301c2dfe55da4a46ec7a87477aeb9933a9e6583ce3c12,True
d16-c1-h4-s21864816,16,1,21864816,4,12,634b1b2d54c4314ea39c7f51035ef005ae6a2fbacd689a5ede8702bd536cd5a6,f20b8509c9a648539b7301c2dfe55da4a46ec7a87477aeb9933a9e6583ce3c12,4,all_pair_product,0,46125643,300000,30.0,True,solved,0.33168409997597337,854,838,838,13344,12206,194,15,112,0.014509300701320171,f20b8509c9a648539b7301c2dfe55da4a46ec7a87477aeb9933a9e6583ce3c12,True
d16-c1-h4-s21864816,16,1,21864816,4,12,634b1b2d54c4314ea39c7f51035ef005ae6a2fbacd689a5ede8702bd536cd5a6,f20b8509c9a648539b7301c2dfe55da4a46ec7a87477aeb9933a9e6583ce3c12,4,balance_only,0,46125643,300000,30.0,True,solved,0.32327819999773055,997,981,981,15632,14409,167,13,116,0.0025210995227098465,f20b8509c9a648539b7301c2dfe55da4a46ec7a87477aeb9933a9e6583ce3c12,True
d16-c1-h4-s21864816,16,1,21864816,4,12,634b1b2d54c4314ea39c7f51035ef005ae6a2fbacd689a5ede8702bd536cd5a6,f20b8509c9a648539b7301c2dfe55da4a46ec7a87477aeb9933a9e6583ce3c12,4,lexicographic,0,46125643,300000,30.0,True,solved,0.08543370000552386,231,215,215,3624,3291,43,4,0,0.0,f20b8509c9a648539b7301c2dfe55da4a46ec7a87477aeb9933a9e6583ce3c12,True
d16-c1-h4-s21864816,16,1,21864816,4,12,634b1b2d54c4314ea39c7f51035ef005ae6a2fbacd689a5ede8702bd536cd5a6,f20b8509c9a648539b7301c2dfe55da4a46ec7a87477aeb9933a9e6583ce3c12,4,minimum_max_pressure,0,46125643,300000,30.0,True,solved,0.3498536000261083,934,918,918,14672,13556,117,10,106,0.00139559933450073,f20b8509c9a648539b7301c2dfe55da4a46ec7a87477aeb9933a9e6583ce3c12,True
d16-c1-h4-s21864816,16,1,21864816,4,12,634b1b2d54c4314ea39c7f51035ef005ae6a2fbacd689a5ede8702bd536cd5a6,f20b8509c9a648539b7301c2dfe55da4a46ec7a87477aeb9933a9e6583ce3c12,4,random_order,0,46125643,300000,30.0,True,solved,0.2667996999807656,755,739,739,11848,10929,117,10,89,0.0010370999807491899,f20b8509c9a648539b7301c2dfe55da4a46ec7a87477aeb9933a9e6583ce3c12,True
d16-c1-h4-s21864816,16,1,21864816,4,12,634b1b2d54c4314ea39c7f51035ef005ae6a2fbacd689a5ede8702bd536cd5a6,f20b8509c9a648539b7301c2dfe55da4a46ec7a87477aeb9933a9e6583ce3c12,4,all_pair_product,1,56125662,300000,30.0,True,solved,0.335526300012134,789,773,773,12320,11262,178,14,105,0.01441079971846193,f20b8509c9a648539b7301c2dfe55da4a46ec7a87477aeb9933a9e6583ce3c12,True
d16-c1-h4-s21864816,16,1,21864816,4,12,634b1b2d54c4314ea39c7f51035ef005ae6a2fbacd689a5ede8702bd536cd5a6,f20b8509c9a648539b7301c2dfe55da4a46ec7a87477aeb9933a9e6583ce3c12,4,balance_only,1,56125662,300000,30.0,True,solved,0.37484970001969486,1095,1079,1079,17144,15808,183,14,130,0.0026978006353601813,f20b8509c9a648539b7301c2dfe55da4a46ec7a87477aeb9933a9e6583ce3c12,True
d16-c1-h4-s21864816,16,1,21864816,4,12,634b1b2d54c4314ea39c7f51035ef005ae6a2fbacd689a5ede8702bd536cd5a6,f20b8509c9a648539b7301c2dfe55da4a46ec7a87477aeb9933a9e6583ce3c12,4,lexicographic,1,56125662,300000,30.0,True,solved,0.074980300036259,231,215,215,3624,3291,43,4,0,0.0,f20b8509c9a648539b7301c2dfe55da4a46ec7a87477aeb9933a9e6583ce3c12,True
d16-c1-h4-s21864816,16,1,21864816,4,12,634b1b2d54c4314ea39c7f51035ef005ae6a2fbacd689a5ede8702bd536cd5a6,f20b8509c9a648539b7301c2dfe55da4a46ec7a87477aeb9933a9e6583ce3c12,4,minimum_max_pressure,1,56125662,300000,30.0,True,solved,0.3132461999775842,968,952,952,15200,14019,143,11,109,0.0012416995596140623,f20b8509c9a648539b7301c2dfe55da4a46ec7a87477aeb9933a9e6583ce3c12,True
d16-c1-h4-s21864816,16,1,21864816,4,12,634b1b2d54c4314ea39c7f51035ef005ae6a2fbacd689a5ede8702bd536cd5a6,f20b8509c9a648539b7301c2dfe55da4a46ec7a87477aeb9933a9e6583ce3c12,4,random_order,1,56125662,300000,30.0,True,solved,0.2602812999393791,769,753,753,12056,11088,143,11,92,0.0009365000296384096,f20b8509c9a648539b7301c2dfe55da4a46ec7a87477aeb9933a9e6583ce3c12,True
d16-c1-h4-s21864816,16,1,21864816,4,12,634b1b2d54c4314ea39c7f51035ef005ae6a2fbacd689a5ede8702bd536cd5a6,f20b8509c9a648539b7301c2dfe55da4a46ec7a87477aeb9933a9e6583ce3c12,4,all_pair_product,2,66125681,300000,30.0,True,solved,0.298490000073798,854,838,838,13344,12206,194,15,112,0.013001100393012166,f20b8509c9a648539b7301c2dfe55da4a46ec7a87477aeb9933a9e6583ce3c12,True
d16-c1-h4-s21864816,16,1,21864816,4,12,634b1b2d54c4314ea39c7f51035ef005ae6a2fbacd689a5ede8702bd536cd5a6,f20b8509c9a648539b7301c2dfe55da4a46ec7a87477aeb9933a9e6583ce3c12,4,balance_only,2,66125681,300000,30.0,True,solved,0.2965241998899728,993,977,977,15568,14347,167,13,116,0.0022042999044060707,f20b8509c9a648539b7301c2dfe55da4a46ec7a87477aeb9933a9e6583ce3c12,True
d16-c1-h4-s21864816,16,1,21864816,4,12,634b1b2d54c4314ea39c7f51035ef005ae6a2fbacd689a5ede8702bd536cd5a6,f20b8509c9a648539b7301c2dfe55da4a46ec7a87477aeb9933a9e6583ce3c12,4,lexicographic,2,66125681,300000,30.0,True,solved,0.09494290000293404,231,215,215,3624,3291,43,4,0,0.0,f20b8509c9a648539b7301c2dfe55da4a46ec7a87477aeb9933a9e6583ce3c12,True
d16-c1-h4-s21864816,16,1,21864816,4,12,634b1b2d54c4314ea39c7f51035ef005ae6a2fbacd689a5ede8702bd536cd5a6,f20b8509c9a648539b7301c2dfe55da4a46ec7a87477aeb9933a9e6583ce3c12,4,minimum_max_pressure,2,66125681,300000,30.0,True,solved,0.4096602000063285,1092,1076,1076,17152,15847,150,12,122,0.0016891995910555124,f20b8509c9a648539b7301c2dfe55da4a46ec7a87477aeb9933a9e6583ce3c12,True
d16-c1-h4-s21864816,16,1,21864816,4,12,634b1b2d54c4314ea39c7f51035ef005ae6a2fbacd689a5ede8702bd536cd5a6,f20b8509c9a648539b7301c2dfe55da4a46ec7a87477aeb9933a9e6583ce3c12,4,random_order,2,66125681,300000,30.0,True,solved,0.39458570000715554,981,965,965,15384,14208,150,12,113,0.0013778995489701629,f20b8509c9a648539b7301c2dfe55da4a46ec7a87477aeb9933a9e6583ce3c12,True
d16-c1-h4-s21864816,16,1,21864816,4,12,634b1b2d54c4314ea39c7f51035ef005ae6a2fbacd689a5ede8702bd536cd5a6,f20b8509c9a648539b7301c2dfe55da4a46ec7a87477aeb9933a9e6583ce3c12,8,all_pair_product,0,50125655,300000,30.0,True,solved,1.9608057999284938,584,576,576,76544,73139,2174,14,28,0.018936099600978196,f20b8509c9a648539b7301c2dfe55da4a46ec7a87477aeb9933a9e6583ce3c12,True
d16-c1-h4-s21864816,16,1,21864816,4,12,634b1b2d54c4314ea39c7f51035ef005ae6a2fbacd689a5ede8702bd536cd5a6,f20b8509c9a648539b7301c2dfe55da4a46ec7a87477aeb9933a9e6583ce3c12,8,balance_only,0,50125655,300000,30.0,True,solved,1.5770428000250831,453,445,445,59136,56947,1279,9,18,0.001589700230397284,f20b8509c9a648539b7301c2dfe55da4a46ec7a87477aeb9933a9e6583ce3c12,True
d16-c1-h4-s21864816,16,1,21864816,4,12,634b1b2d54c4314ea39c7f51035ef005ae6a2fbacd689a5ede8702bd536cd5a6,f20b8509c9a648539b7301c2dfe55da4a46ec7a87477aeb9933a9e6583ce3c12,8,lexicographic,0,50125655,300000,30.0,True,solved,0.6424930000212044,205,197,197,26752,25778,310,4,0,0.0,f20b8509c9a648539b7301c2dfe55da4a46ec7a87477aeb9933a9e6583ce3c12,True
d16-c1-h4-s21864816,16,1,21864816,4,12,634b1b2d54c4314ea39c7f51035ef005ae6a2fbacd689a5ede8702bd536cd5a6,f20b8509c9a648539b7301c2dfe55da4a46ec7a87477aeb9933a9e6583ce3c12,8,minimum_max_pressure,0,50125655,300000,30.0,True,solved,1.6393139000283554,467,459,459,61184,58509,1677,11,22,0.0008500999538227916,f20b8509c9a648539b7301c2dfe55da4a46ec7a87477aeb9933a9e6583ce3c12,True
d16-c1-h4-s21864816,16,1,21864816,4,12,634b1b2d54c4314ea39c7f51035ef005ae6a2fbacd689a5ede8702bd536cd5a6,f20b8509c9a648539b7301c2dfe55da4a46ec7a87477aeb9933a9e6583ce3c12,8,random_order,0,50125655,300000,30.0,True,solved,3.311433000024408,1011,1003,1003,131072,127910,1988,13,26,0.0006573002319782972,f20b8509c9a648539b7301c2dfe55da4a46ec7a87477aeb9933a9e6583ce3c12,True
d16-c1-h4-s21864816,16,1,21864816,4,12,634b1b2d54c4314ea39c7f51035ef005ae6a2fbacd689a5ede8702bd536cd5a6,f20b8509c9a648539b7301c2dfe55da4a46ec7a87477aeb9933a9e6583ce3c12,8,all_pair_product,1,60125674,300000,30.0,True,solved,2.0833546000067145,584,576,576,76544,73139,2174,14,28,0.015085799852386117,f20b8509c9a648539b7301c2dfe55da4a46ec7a87477aeb9933a9e6583ce3c12,True
d16-c1-h4-s21864816,16,1,21864816,4,12,634b1b2d54c4314ea39c7f51035ef005ae6a2fbacd689a5ede8702bd536cd5a6,f20b8509c9a648539b7301c2dfe55da4a46ec7a87477aeb9933a9e6583ce3c12,8,balance_only,1,60125674,300000,30.0,True,solved,1.103323300019838,320,312,312,41856,40154,893,7,14,0.0017588000046089292,f20b8509c9a648539b7301c2dfe55da4a46ec7a87477aeb9933a9e6583ce3c12,True
d16-c1-h4-s21864816,16,1,21864816,4,12,634b1b2d54c4314ea39c7f51035ef005ae6a2fbacd689a5ede8702bd536cd5a6,f20b8509c9a648539b7301c2dfe55da4a46ec7a87477aeb9933a9e6583ce3c12,8,lexicographic,1,60125674,300000,30.0,True,solved,0.671489900094457,205,197,197,26752,25778,310,4,0,0.0,f20b8509c9a648539b7301c2dfe55da4a46ec7a87477aeb9933a9e6583ce3c12,True
d16-c1-h4-s21864816,16,1,21864816,4,12,634b1b2d54c4314ea39c7f51035ef005ae6a2fbacd689a5ede8702bd536cd5a6,f20b8509c9a648539b7301c2dfe55da4a46ec7a87477aeb9933a9e6583ce3c12,8,minimum_max_pressure,1,60125674,300000,30.0,True,solved,1.0137771000154316,298,290,290,39168,37222,1093,8,16,0.0006456002593040466,f20b8509c9a648539b7301c2dfe55da4a46ec7a87477aeb9933a9e6583ce3c12,True
d16-c1-h4-s21864816,16,1,21864816,4,12,634b1b2d54c4314ea39c7f51035ef005ae6a2fbacd689a5ede8702bd536cd5a6,f20b8509c9a648539b7301c2dfe55da4a46ec7a87477aeb9933a9e6583ce3c12,8,random_order,1,60125674,300000,30.0,True,solved,1.9396702999947593,592,584,584,76800,74854,1093,8,16,0.0004734001122415066,f20b8509c9a648539b7301c2dfe55da4a46ec7a87477aeb9933a9e6583ce3c12,True
d16-c1-h4-s21864816,16,1,21864816,4,12,634b1b2d54c4314ea39c7f51035ef005ae6a2fbacd689a5ede8702bd536cd5a6,f20b8509c9a648539b7301c2dfe55da4a46ec7a87477aeb9933a9e6583ce3c12,8,all_pair_product,2,70125693,300000,30.0,True,solved,1.9930600000079721,584,576,576,76544,73139,2174,14,28,0.015801399829797447,f20b8509c9a648539b7301c2dfe55da4a46ec7a87477aeb9933a9e6583ce3c12,True
d16-c1-h4-s21864816,16,1,21864816,4,12,634b1b2d54c4314ea39c7f51035ef005ae6a2fbacd689a5ede8702bd536cd5a6,f20b8509c9a648539b7301c2dfe55da4a46ec7a87477aeb9933a9e6583ce3c12,8,balance_only,2,70125693,300000,30.0,True,solved,0.8822527000447735,232,224,224,30464,29005,694,6,12,0.001211400143802166,f20b8509c9a648539b7301c2dfe55da4a46ec7a87477aeb9933a9e6583ce3c12,True
d16-c1-h4-s21864816,16,1,21864816,4,12,634b1b2d54c4314ea39c7f51035ef005ae6a2fbacd689a5ede8702bd536cd5a6,f20b8509c9a648539b7301c2dfe55da4a46ec7a87477aeb9933a9e6583ce3c12,8,lexicographic,2,70125693,300000,30.0,True,solved,0.6553095000563189,205,197,197,26752,25778,310,4,0,0.0,f20b8509c9a648539b7301c2dfe55da4a46ec7a87477aeb9933a9e6583ce3c12,True
d16-c1-h4-s21864816,16,1,21864816,4,12,634b1b2d54c4314ea39c7f51035ef005ae6a2fbacd689a5ede8702bd536cd5a6,f20b8509c9a648539b7301c2dfe55da4a46ec7a87477aeb9933a9e6583ce3c12,8,minimum_max_pressure,2,70125693,300000,30.0,True,solved,0.7890221999259666,205,197,197,27264,25318,1093,8,16,0.000593000091612339,f20b8509c9a648539b7301c2dfe55da4a46ec7a87477aeb9933a9e6583ce3c12,True
d16-c1-h4-s21864816,16,1,21864816,4,12,634b1b2d54c4314ea39c7f51035ef005ae6a2fbacd689a5ede8702bd536cd5a6,f20b8509c9a648539b7301c2dfe55da4a46ec7a87477aeb9933a9e6583ce3c12,8,random_order,2,70125693,300000,30.0,True,solved,1.8564107000129297,532,524,524,69248,67058,1205,9,18,0.0006148001411929727,f20b8509c9a648539b7301c2dfe55da4a46ec7a87477aeb9933a9e6583ce3c12,True
d16-c2-h4-s21864817,16,2,21864817,4,12,1f0fad482681da78b4bb128ffc8e315b5a3c3a91b504adceabdf9481ba8971d7,843ba0af4b6bb5c548b0225ed3da86b94527b40d8b4a48ffe465506ab4457dbe,2,all_pair_product,0,44125638,300000,30.0,True,solved,0.07894659996964037,725,693,693,2880,2054,53,10,345,0.011839199694804847,508fef64c77842ba7a6d9fa657c77b32ad32ff01edf24d538dc0cf1a38972361,True
d16-c2-h4-s21864817,16,2,21864817,4,12,1f0fad482681da78b4bb128ffc8e315b5a3c3a91b504adceabdf9481ba8971d7,843ba0af4b6bb5c548b0225ed3da86b94527b40d8b4a48ffe465506ab4457dbe,2,balance_only,0,44125638,300000,30.0,True,solved,0.04416349995881319,477,445,445,1900,1378,20,4,226,0.002166799153201282,508fef64c77842ba7a6d9fa657c77b32ad32ff01edf24d538dc0cf1a38972361,True
d16-c2-h4-s21864817,16,2,21864817,4,12,1f0fad482681da78b4bb128ffc8e315b5a3c3a91b504adceabdf9481ba8971d7,843ba0af4b6bb5c548b0225ed3da86b94527b40d8b4a48ffe465506ab4457dbe,2,lexicographic,0,44125638,300000,30.0,True,solved,0.054705999908037484,609,577,577,2428,1776,20,4,0,0.0,508fef64c77842ba7a6d9fa657c77b32ad32ff01edf24d538dc0cf1a38972361,True
d16-c2-h4-s21864817,16,2,21864817,4,12,1f0fad482681da78b4bb128ffc8e315b5a3c3a91b504adceabdf9481ba8971d7,843ba0af4b6bb5c548b0225ed3da86b94527b40d8b4a48ffe465506ab4457dbe,2,minimum_max_pressure,0,44125638,300000,30.0,True,solved,0.0387236000970006,341,309,309,1354,956,25,5,165,0.0014589003985747695,508fef64c77842ba7a6d9fa657c77b32ad32ff01edf24d538dc0cf1a38972361,True
d16-c2-h4-s21864817,16,2,21864817,4,12,1f0fad482681da78b4bb128ffc8e315b5a3c3a91b504adceabdf9481ba8971d7,843ba0af4b6bb5c548b0225ed3da86b94527b40d8b4a48ffe465506ab4457dbe,2,random_order,0,44125638,300000,30.0,True,solved,0.05789940000977367,435,403,403,1730,1244,28,5,203,0.0019202990224584937,508fef64c77842ba7a6d9fa657c77b32ad32ff01edf24d538dc0cf1a38972361,True
d16-c2-h4-s21864817,16,2,21864817,4,12,1f0fad482681da78b4bb128ffc8e315b5a3c3a91b504adceabdf9481ba8971d7,843ba0af4b6bb5c548b0225ed3da86b94527b40d8b4a48ffe465506ab4457dbe,2,all_pair_product,1,54125657,300000,30.0,True,solved,0.11126140004489571,725,693,693,2880,2054,53,10,345,0.01550280035007745,508fef64c77842ba7a6d9fa657c77b32ad32ff01edf24d538dc0cf1a38972361,True
d16-c2-h4-s21864817,16,2,21864817,4,12,1f0fad482681da78b4bb128ffc8e315b5a3c3a91b504adceabdf9481ba8971d7,843ba0af4b6bb5c548b0225ed3da86b94527b40d8b4a48ffe465506ab4457dbe,2,balance_only,1,54125657,300000,30.0,True,solved,0.06207059998996556,408,376,376,1624,1174,15,4,194,0.002766899182461202,508fef64c77842ba7a6d9fa657c77b32ad32ff01edf24d538dc0cf1a38972361,True
d16-c2-h4-s21864817,16,2,21864817,4,12,1f0fad482681da78b4bb128ffc8e315b5a3c3a91b504adceabdf9481ba8971d7,843ba0af4b6bb5c548b0225ed3da86b94527b40d8b4a48ffe465506ab4457dbe,2,lexicographic,1,54125657,300000,30.0,True,solved,0.048862399999052286,609,577,577,2428,1776,20,4,0,0.0,508fef64c77842ba7a6d9fa657c77b32ad32ff01edf24d538dc0cf1a38972361,True
d16-c2-h4-s21864817,16,2,21864817,4,12,1f0fad482681da78b4bb128ffc8e315b5a3c3a91b504adceabdf9481ba8971d7,843ba0af4b6bb5c548b0225ed3da86b94527b40d8b4a48ffe465506ab4457dbe,2,minimum_max_pressure,1,54125657,300000,30.0,True,solved,0.038709199987351894,227,195,195,898,609,20,5,118,0.0014001993695273995,508fef64c77842ba7a6d9fa657c77b32ad32ff01edf24d538dc0cf1a38972361,True
d16-c2-h4-s21864817,16,2,21864817,4,12,1f0fad482681da78b4bb128ffc8e315b5a3c3a91b504adceabdf9481ba8971d7,843ba0af4b6bb5c548b0225ed3da86b94527b40d8b4a48ffe465506ab4457dbe,2,random_order,1,54125657,300000,30.0,True,solved,0.04558180004823953,405,373,373,1610,1151,23,5,194,0.0015573003329336643,508fef64c77842ba7a6d9fa657c77b32ad32ff01edf24d538dc0cf1a38972361,True
d16-c2-h4-s21864817,16,2,21864817,4,12,1f0fad482681da78b4bb128ffc8e315b5a3c3a91b504adceabdf9481ba8971d7,843ba0af4b6bb5c548b0225ed3da86b94527b40d8b4a48ffe465506ab4457dbe,2,all_pair_product,2,64125676,300000,30.0,True,solved,0.10673640004824847,725,693,693,2880,2054,53,10,345,0.01584959984757006,508fef64c77842ba7a6d9fa657c77b32ad32ff01edf24d538dc0cf1a38972361,True
d16-c2-h4-s21864817,16,2,21864817,4,12,1f0fad482681da78b4bb128ffc8e315b5a3c3a91b504adceabdf9481ba8971d7,843ba0af4b6bb5c548b0225ed3da86b94527b40d8b4a48ffe465506ab4457dbe,2,balance_only,2,64125676,300000,30.0,True,solved,0.045895099989138544,513,481,481,2044,1487,20,4,242,0.0023307997034862638,508fef64c77842ba7a6d9fa657c77b32ad32ff01edf24d538dc0cf1a38972361,True
d16-c2-h4-s21864817,16,2,21864817,4,12,1f0fad482681da78b4bb128ffc8e315b5a3c3a91b504adceabdf9481ba8971d7,843ba0af4b6bb5c548b0225ed3da86b94527b40d8b4a48ffe465506ab4457dbe,2,lexicographic,2,64125676,300000,30.0,True,solved,0.0644339999416843,609,577,577,2428,1776,20,4,0,0.0,508fef64c77842ba7a6d9fa657c77b32ad32ff01edf24d538dc0cf1a38972361,True
d16-c2-h4-s21864817,16,2,21864817,4,12,1f0fad482681da78b4bb128ffc8e315b5a3c3a91b504adceabdf9481ba8971d7,843ba0af4b6bb5c548b0225ed3da86b94527b40d8b4a48ffe465506ab4457dbe,2,minimum_max_pressure,2,64125676,300000,30.0,True,solved,0.024283200036734343,296,264,264,1176,828,12,4,149,0.0009840000420808792,508fef64c77842ba7a6d9fa657c77b32ad32ff01edf24d538dc0cf1a38972361,True
d16-c2-h4-s21864817,16,2,21864817,4,12,1f0fad482681da78b4bb128ffc8e315b5a3c3a91b504adceabdf9481ba8971d7,843ba0af4b6bb5c548b0225ed3da86b94527b40d8b4a48ffe465506ab4457dbe,2,random_order,2,64125676,300000,30.0,True,solved,0.06178420002106577,492,460,460,1960,1423,15,4,235,0.0021973004331812263,508fef64c77842ba7a6d9fa657c77b32ad32ff01edf24d538dc0cf1a38972361,True
d16-c2-h4-s21864817,16,2,21864817,4,12,1f0fad482681da78b4bb128ffc8e315b5a3c3a91b504adceabdf9481ba8971d7,843ba0af4b6bb5c548b0225ed3da86b94527b40d8b4a48ffe465506ab4457dbe,4,all_pair_product,0,46125644,300000,30.0,True,solved,0.08919129997957498,263,247,247,3992,3467,173,11,61,0.005035500158555806,508fef64c77842ba7a6d9fa657c77b32ad32ff01edf24d538dc0cf1a38972361,True
d16-c2-h4-s21864817,16,2,21864817,4,12,1f0fad482681da78b4bb128ffc8e315b5a3c3a91b504adceabdf9481ba8971d7,843ba0af4b6bb5c548b0225ed3da86b94527b40d8b4a48ffe465506ab4457dbe,4,balance_only,0,46125644,300000,30.0,True,solved,0.12906019994989038,397,381,381,6272,5734,81,6,48,0.0009910004446282983,508fef64c77842ba7a6d9fa657c77b32ad32ff01edf24d538dc0cf1a38972361,True
d16-c2-h4-s21864817,16,2,21864817,4,12,1f0fad482681da78b4bb128ffc8e315b5a3c3a91b504adceabdf9481ba8971d7,843ba0af4b6bb5c548b0225ed3da86b94527b40d8b4a48ffe465506ab4457dbe,4,lexicographic,0,46125644,300000,30.0,True,solved,0.10508480004500598,268,252,252,4224,3859,56,4,0,0.0,508fef64c77842ba7a6d9fa657c77b32ad32ff01edf24d538dc0cf1a38972361,True
d16-c2-h4-s21864817,16,2,21864817,4,12,1f0fad482681da78b4bb128ffc8e315b5a3c3a91b504adceabdf9481ba8971d7,843ba0af4b6bb5c548b0225ed3da86b94527b40d8b4a48ffe465506ab4457dbe,4,minimum_max_pressure,0,46125644,300000,30.0,True,solved,0.18205009994562715,474,458,458,7200,6420,234,14,91,0.001065399730578065,508fef64c77842ba7a6d9fa657c77b32ad32ff01edf24d538dc0cf1a38972361,True
d16-c2-h4-s21864817,16,2,21864817,4,12,1f0fad482681da78b4bb128ffc8e315b5a3c3a91b504adceabdf9481ba8971d7,843ba0af4b6bb5c548b0225ed3da86b94527b40d8b4a48ffe465506ab4457dbe,4,random_order,0,46125644,300000,30.0,True,solved,0.27927729999646544,750,734,734,11584,10545,251,14,110,0.0012193004367873073,508fef64c77842ba7a6d9fa657c77b32ad32ff01edf24d538dc0cf1a38972361,True
d16-c2-h4-s21864817,16,2,21864817,4,12,1f0fad482681da78b4bb128ffc8e315b5a3c3a91b504adceabdf9481ba8971d7,843ba0af4b6bb5c548b0225ed3da86b94527b40d8b4a48ffe465506ab4457dbe,4,all_pair_product,1,56125663,300000,30.0,True,solved,0.0753893000073731,205,189,189,3112,2689,127,9,49,0.004796899971552193,508fef64c77842ba7a6d9fa657c77b32ad32ff01edf24d538dc0cf1a38972361,True
d16-c2-h4-s21864817,16,2,21864817,4,12,1f0fad482681da78b4bb128ffc8e315b5a3c3a91b504adceabdf9481ba8971d7,843ba0af4b6bb5c548b0225ed3da86b94527b40d8b4a48ffe465506ab4457dbe,4,balance_only,1,56125663,300000,30.0,True,solved,0.10689209995325655,311,295,295,4896,4433,81,6,43,0.0008833000902086496,508fef64c77842ba7a6d9fa657c77b32ad32ff01edf24d538dc0cf1a38972361,True
d16-c2-h4-s21864817,16,2,21864817,4,12,1f0fad482681da78b4bb128ffc8e315b5a3c3a91b504adceabdf9481ba8971d7,843ba0af4b6bb5c548b0225ed3da86b94527b40d8b4a48ffe465506ab4457dbe,4,lexicographic,1,56125663,300000,30.0,True,solved,0.10489990003407001,268,252,252,4224,3859,56,4,0,0.0,508fef64c77842ba7a6d9fa657c77b32ad32ff01edf24d538dc0cf1a38972361,True
d16-c2-h4-s21864817,16,2,21864817,4,12,1f0fad482681da78b4bb128ffc8e315b5a3c3a91b504adceabdf9481ba8971d7,843ba0af4b6bb5c548b0225ed3da86b94527b40d8b4a48ffe465506ab4457dbe,4,minimum_max_pressure,1,56125663,300000,30.0,True,solved,0.017597800004296005,29,13,13,416,278,26,4,17,0.0002495999215170741,508fef64c77842ba7a6d9fa657c77b32ad32ff01edf24d538dc0cf1a38972361,True
d16-c2-h4-s21864817,16,2,21864817,4,12,1f0fad482681da78b4bb128ffc8e315b5a3c3a91b504adceabdf9481ba8971d7,843ba0af4b6bb5c548b0225ed3da86b94527b40d8b4a48ffe465506ab4457dbe,4,random_order,1,56125663,300000,30.0,True,solved,0.055855699931271374,127,111,111,1984,1756,39,4,23,0.00024489976931363344,508fef64c77842ba7a6d9fa657c77b32ad32ff01edf24d538dc0cf1a38972361,True
d16-c2-h4-s21864817,16,2,21864817,4,12,1f0fad482681da78b4bb128ffc8e315b5a3c3a91b504adceabdf9481ba8971d7,843ba0af4b6bb5c548b0225ed3da86b94527b40d8b4a48ffe465506ab4457dbe,4,all_pair_product,2,66125682,300000,30.0,True,solved,0.08192579995375127,232,216,216,3536,3064,150,10,54,0.0055789005709812045,508fef64c77842ba7a6d9fa657c77b32ad32ff01edf24d538dc0cf1a38972361,True
d16-c2-h4-s21864817,16,2,21864817,4,12,1f0fad482681da78b4bb128ffc8e315b5a3c3a91b504adceabdf9481ba8971d7,843ba0af4b6bb5c548b0225ed3da86b94527b40d8b4a48ffe465506ab4457dbe,4,balance_only,2,66125682,300000,30.0,True,solved,0.13328009995166212,365,349,349,5760,5252,81,6,46,0.0010411996627226472,508fef64c77842ba7a6d9fa657c77b32ad32ff01edf24d538dc0cf1a38972361,True
d16-c2-h4-s21864817,16,2,21864817,4,12,1f0fad482681da78b4bb128ffc8e315b5a3c3a91b504adceabdf9481ba8971d7,843ba0af4b6bb5c548b0225ed3da86b94527b40d8b4a48ffe465506ab4457dbe,4,lexicographic,2,66125682,300000,30.0,True,solved,0.10893059999216348,268,252,252,4224,3859,56,4,0,0.0,508fef64c77842ba7a6d9fa657c77b32ad32ff01edf24d538dc0cf1a38972361,True
d16-c2-h4-s21864817,16,2,21864817,4,12,1f0fad482681da78b4bb128ffc8e315b5a3c3a91b504adceabdf9481ba8971d7,843ba0af4b6bb5c548b0225ed3da86b94527b40d8b4a48ffe465506ab4457dbe,4,minimum_max_pressure,2,66125682,300000,30.0,True,solved,0.06263890000991523,141,125,125,2168,1866,88,7,34,0.0004194000503048301,508fef64c77842ba7a6d9fa657c77b32ad32ff01edf24d538dc0cf1a38972361,True
d16-c2-h4-s21864817,16,2,21864817,4,12,1f0fad482681da78b4bb128ffc8e315b5a3c3a91b504adceabdf9481ba8971d7,843ba0af4b6bb5c548b0225ed3da86b94527b40d8b4a48ffe465506ab4457dbe,4,random_order,2,66125682,300000,30.0,True,solved,0.14601819997187704,355,339,339,5592,5095,101,7,47,0.000547099276445806,508fef64c77842ba7a6d9fa657c77b32ad32ff01edf24d538dc0cf1a38972361,True
d16-c2-h4-s21864817,16,2,21864817,4,12,1f0fad482681da78b4bb128ffc8e315b5a3c3a91b504adceabdf9481ba8971d7,843ba0af4b6bb5c548b0225ed3da86b94527b40d8b4a48ffe465506ab4457dbe,8,all_pair_product,0,50125656,300000,30.0,True,solved,0.6075423000147566,187,179,179,25088,22900,1457,9,18,0.008857100154273212,508fef64c77842ba7a6d9fa657c77b32ad32ff01edf24d538dc0cf1a38972361,True
d16-c2-h4-s21864817,16,2,21864817,4,12,1f0fad482681da78b4bb128ffc8e315b5a3c3a91b504adceabdf9481ba8971d7,843ba0af4b6bb5c548b0225ed3da86b94527b40d8b4a48ffe465506ab4457dbe,8,balance_only,0,50125656,300000,30.0,True,solved,1.277283399947919,383,375,375,50176,47988,1457,9,18,0.0015149001264944673,508fef64c77842ba7a6d9fa657c77b32ad32ff01edf24d538dc0cf1a38972361,True
d16-c2-h4-s21864817,16,2,21864817,4,12,1f0fad482681da78b4bb128ffc8e315b5a3c3a91b504adceabdf9481ba8971d7,843ba0af4b6bb5c548b0225ed3da86b94527b40d8b4a48ffe465506ab4457dbe,8,lexicographic,0,50125656,300000,30.0,True,solved,0.7764945999952033,241,233,233,31360,30386,420,4,0,0.0,508fef64c77842ba7a6d9fa657c77b32ad32ff01edf24d538dc0cf1a38972361,True
d16-c2-h4-s21864817,16,2,21864817,4,12,1f0fad482681da78b4bb128ffc8e315b5a3c3a91b504adceabdf9481ba8971d7,843ba0af4b6bb5c548b0225ed3da86b94527b40d8b4a48ffe465506ab4457dbe,8,minimum_max_pressure,0,50125656,300000,30.0,True,solved,0.8594389000209048,286,278,278,37760,35572,1457,9,18,0.0005503998836502433,508fef64c77842ba7a6d9fa657c77b32ad32ff01edf24d538dc0cf1a38972361,True
d16-c2-h4-s21864817,16,2,21864817,4,12,1f0fad482681da78b4bb128ffc8e315b5a3c3a91b504adceabdf9481ba8971d7,843ba0af4b6bb5c548b0225ed3da86b94527b40d8b4a48ffe465506ab4457dbe,8,random_order,0,50125656,300000,30.0,True,solved,2.1945552999386564,571,563,563,74624,71708,2125,12,24,0.0005404999246820807,508fef64c77842ba7a6d9fa657c77b32ad32ff01edf24d538dc0cf1a38972361,True
d16-c2-h4-s21864817,16,2,21864817,4,12,1f0fad482681da78b4bb128ffc8e315b5a3c3a91b504adceabdf9481ba8971d7,843ba0af4b6bb5c548b0225ed3da86b94527b40d8b4a48ffe465506ab4457dbe,8,all_pair_product,1,60125675,300000,30.0,True,solved,1.0302757000317797,231,223,223,30848,28415,1658,10,20,0.016180899692699313,508fef64c77842ba7a6d9fa657c77b32ad32ff01edf24d538dc0cf1a38972361,True
d16-c2-h4-s21864817,16,2,21864817,4,12,1f0fad482681da78b4bb128ffc8e315b5a3c3a91b504adceabdf9481ba8971d7,843ba0af4b6bb5c548b0225ed3da86b94527b40d8b4a48ffe465506ab4457dbe,8,balance_only,1,60125675,300000,30.0,True,solved,1.6498014000244439,425,417,417,55680,53247,1658,10,20,0.0015690004220232368,508fef64c77842ba7a6d9fa657c77b32ad32ff01edf24d538dc0cf1a38972361,True
d16-c2-h4-s21864817,16,2,21864817,4,12,1f0fad482681da78b4bb128ffc8e315b5a3c3a91b504adceabdf9481ba8971d7,843ba0af4b6bb5c548b0225ed3da86b94527b40d8b4a48ffe465506ab4457dbe,8,lexicographic,1,60125675,300000,30.0,True,solved,0.9654865999473259,241,233,233,31360,30386,420,4,0,0.0,508fef64c77842ba7a6d9fa657c77b32ad32ff01edf24d538dc0cf1a38972361,True
d16-c2-h4-s21864817,16,2,21864817,4,12,1f0fad482681da78b4bb128ffc8e315b5a3c3a91b504adceabdf9481ba8971d7,843ba0af4b6bb5c548b0225ed3da86b94527b40d8b4a48ffe465506ab4457dbe,8,minimum_max_pressure,1,60125675,300000,30.0,True,solved,1.3885678000515327,362,354,354,47616,45183,1658,10,20,0.0008332002907991409,508fef64c77842ba7a6d9fa657c77b32ad32ff01edf24d538dc0cf1a38972361,True
d16-c2-h4-s21864817,16,2,21864817,4,12,1f0fad482681da78b4bb128ffc8e315b5a3c3a91b504adceabdf9481ba8971d7,843ba0af4b6bb5c548b0225ed3da86b94527b40d8b4a48ffe465506ab4457dbe,8,random_order,1,60125675,300000,30.0,True,solved,2.2996018000412732,653,645,645,85120,82202,2091,12,24,0.0005485997535288334,508fef64c77842ba7a6d9fa657c77b32ad32ff01edf24d538dc0cf1a38972361,True
d16-c2-h4-s21864817,16,2,21864817,4,12,1f0fad482681da78b4bb128ffc8e315b5a3c3a91b504adceabdf9481ba8971d7,843ba0af4b6bb5c548b0225ed3da86b94527b40d8b4a48ffe465506ab4457dbe,8,all_pair_product,2,70125694,300000,30.0,True,solved,0.6866300998954102,187,179,179,25088,22900,1457,9,18,0.008760899654589593,508fef64c77842ba7a6d9fa657c77b32ad32ff01edf24d538dc0cf1a38972361,True
d16-c2-h4-s21864817,16,2,21864817,4,12,1f0fad482681da78b4bb128ffc8e315b5a3c3a91b504adceabdf9481ba8971d7,843ba0af4b6bb5c548b0225ed3da86b94527b40d8b4a48ffe465506ab4457dbe,8,balance_only,2,70125694,300000,30.0,True,solved,1.302989499992691,362,354,354,47488,45300,1457,9,18,0.0015933004906401038,508fef64c77842ba7a6d9fa657c77b32ad32ff01edf24d538dc0cf1a38972361,True
d16-c2-h4-s21864817,16,2,21864817,4,12,1f0fad482681da78b4bb128ffc8e315b5a3c3a91b504adceabdf9481ba8971d7,843ba0af4b6bb5c548b0225ed3da86b94527b40d8b4a48ffe465506ab4457dbe,8,lexicographic,2,70125694,300000,30.0,True,solved,0.8839667999418452,241,233,233,31360,30386,420,4,0,0.0,508fef64c77842ba7a6d9fa657c77b32ad32ff01edf24d538dc0cf1a38972361,True
d16-c2-h4-s21864817,16,2,21864817,4,12,1f0fad482681da78b4bb128ffc8e315b5a3c3a91b504adceabdf9481ba8971d7,843ba0af4b6bb5c548b0225ed3da86b94527b40d8b4a48ffe465506ab4457dbe,8,minimum_max_pressure,2,70125694,300000,30.0,True,solved,1.0025999000063166,291,283,283,38400,36212,1457,9,18,0.0007234998047351837,508fef64c77842ba7a6d9fa657c77b32ad32ff01edf24d538dc0cf1a38972361,True
d16-c2-h4-s21864817,16,2,21864817,4,12,1f0fad482681da78b4bb128ffc8e315b5a3c3a91b504adceabdf9481ba8971d7,843ba0af4b6bb5c548b0225ed3da86b94527b40d8b4a48ffe465506ab4457dbe,8,random_order,2,70125694,300000,30.0,True,solved,1.6485503999283537,450,442,442,58752,56564,1457,9,18,0.0005852000322192907,508fef64c77842ba7a6d9fa657c77b32ad32ff01edf24d538dc0cf1a38972361,True
d16-c3-h4-s21864818,16,3,21864818,4,12,52e361edb8f6a1e014649e53d70b17fed3a688c3a33698cd8d354ea79a5648e2,a09a081504121688a8ae053bbe9f7844bd3655e94537cfbb711998b705f5da13,2,all_pair_product,0,44125639,300000,30.0,True,solved,0.17708780011162162,1550,1518,1518,6178,4522,53,11,684,0.026393300620839,62531babf2974519c23748f6f8d3c31e266eb7a5f8464ade7167c65d4a2f9a46,True
d16-c3-h4-s21864818,16,3,21864818,4,12,52e361edb8f6a1e014649e53d70b17fed3a688c3a33698cd8d354ea79a5648e2,a09a081504121688a8ae053bbe9f7844bd3655e94537cfbb711998b705f5da13,2,balance_only,0,44125639,300000,30.0,True,solved,0.27746020001359284,2489,2457,2457,9930,7338,75,13,1083,0.012825600453652442,62531babf2974519c23748f6f8d3c31e266eb7a5f8464ade7167c65d4a2f9a46,True
d16-c3-h4-s21864818,16,3,21864818,4,12,52e361edb8f6a1e014649e53d70b17fed3a688c3a33698cd8d354ea79a5648e2,a09a081504121688a8ae053bbe9f7844bd3655e94537cfbb711998b705f5da13,2,lexicographic,0,44125639,300000,30.0,True,solved,0.045575099997222424,497,465,465,1980,1435,22,4,0,0.0,62531babf2974519c23748f6f8d3c31e266eb7a5f8464ade7167c65d4a2f9a46,True
d16-c3-h4-s21864818,16,3,21864818,4,12,52e361edb8f6a1e014649e53d70b17fed3a688c3a33698cd8d354ea79a5648e2,a09a081504121688a8ae053bbe9f7844bd3655e94537cfbb711998b705f5da13,2,minimum_max_pressure,0,44125639,300000,30.0,True,solved,0.10301259998232126,783,751,751,3120,2271,22,6,357,0.0034893988631665707,62531babf2974519c23748f6f8d3c31e266eb7a5f8464ade7167c65d4a2f9a46,True
d16-c3-h4-s21864818,16,3,21864818,4,12,52e361edb8f6a1e014649e53d70b17fed3a688c3a33698cd8d354ea79a5648e2,a09a081504121688a8ae053bbe9f7844bd3655e94537cfbb711998b705f5da13,2,random_order,0,44125639,300000,30.0,True,solved,0.09430930006783456,935,903,903,3728,2734,22,6,416,0.0031743006547912955,62531babf2974519c23748f6f8d3c31e266eb7a5f8464ade7167c65d4a2f9a46,True
d16-c3-h4-s21864818,16,3,21864818,4,12,52e361edb8f6a1e014649e53d70b17fed3a688c3a33698cd8d354ea79a5648e2,a09a081504121688a8ae053bbe9f7844bd3655e94537cfbb711998b705f5da13,2,all_pair_product,1,54125658,300000,30.0,True,solved,0.17202109994832426,1289,1257,1257,5136,3746,47,10,570,0.025512700085528195,62531babf2974519c23748f6f8d3c31e266eb7a5f8464ade7167c65d4a2f9a46,True
d16-c3-h4-s21864818,16,3,21864818,4,12,52e361edb8f6a1e014649e53d70b17fed3a688c3a33698cd8d354ea79a5648e2,a09a081504121688a8ae053bbe9f7844bd3655e94537cfbb711998b705f5da13,2,balance_only,1,54125658,300000,30.0,True,solved,0.2870066000614315,2457,2425,2425,9802,7240,75,13,1069,0.013183502247557044,62531babf2974519c23748f6f8d3c31e266eb7a5f8464ade7167c65d4a2f9a46,True
d16-c3-h4-s21864818,16,3,21864818,4,12,52e361edb8f6a1e014649e53d70b17fed3a688c3a33698cd8d354ea79a5648e2,a09a081504121688a8ae053bbe9f7844bd3655e94537cfbb711998b705f5da13,2,lexicographic,1,54125658,300000,30.0,True,solved,0.05454719997942448,497,465,465,1980,1435,22,4,0,0.0,62531babf2974519c23748f6f8d3c31e266eb7a5f8464ade7167c65d4a2f9a46,True
d16-c3-h4-s21864818,16,3,21864818,4,12,52e361edb8f6a1e014649e53d70b17fed3a688c3a33698cd8d354ea79a5648e2,a09a081504121688a8ae053bbe9f7844bd3655e94537cfbb711998b705f5da13,2,minimum_max_pressure,1,54125658,300000,30.0,True,solved,0.2160448000067845,2144,2112,2112,8550,6291,74,13,935,0.007326100487262011,62531babf2974519c23748f6f8d3c31e266eb7a5f8464ade7167c65d4a2f9a46,True
d16-c3-h4-s21864818,16,3,21864818,4,12,52e361edb8f6a1e014649e53d70b17fed3a688c3a33698cd8d354ea79a5648e2,a09a081504121688a8ae053bbe9f7844bd3655e94537cfbb711998b705f5da13,2,random_order,1,54125658,300000,30.0,True,solved,0.2411891999654472,2375,2343,2343,9474,7000,74,13,1029,0.007761397515423596,62531babf2974519c23748f6f8d3c31e266eb7a5f8464ade7167c65d4a2f9a46,True
d16-c3-h4-s21864818,16,3,21864818,4,12,52e361edb8f6a1e014649e53d70b17fed3a688c3a33698cd8d354ea79a5648e2,a09a081504121688a8ae053bbe9f7844bd3655e94537cfbb711998b705f5da13,2,all_pair_product,2,64125677,300000,30.0,True,solved,0.21007900009863079,1289,1257,1257,5136,3746,47,10,570,0.03023510065395385,62531babf2974519c23748f6f8d3c31e266eb7a5f8464ade7167c65d4a2f9a46,True
d16-c3-h4-s21864818,16,3,21864818,4,12,52e361edb8f6a1e014649e53d70b17fed3a688c3a33698cd8d354ea79a5648e2,a09a081504121688a8ae053bbe9f7844bd3655e94537cfbb711998b705f5da13,2,balance_only,2,64125677,300000,30.0,True,solved,0.28288419998716563,2490,2458,2458,9934,7340,75,13,1083,0.013403196702711284,62531babf2974519c23748f6f8d3c31e266eb7a5f8464ade7167c65d4a2f9a46,True
d16-c3-h4-s21864818,16,3,21864818,4,12,52e361edb8f6a1e014649e53d70b17fed3a688c3a33698cd8d354ea79a5648e2,a09a081504121688a8ae053bbe9f7844bd3655e94537cfbb711998b705f5da13,2,lexicographic,2,64125677,300000,30.0,True,solved,0.04400029999669641,497,465,465,1980,1435,22,4,0,0.0,62531babf2974519c23748f6f8d3c31e266eb7a5f8464ade7167c65d4a2f9a46,True
d16-c3-h4-s21864818,16,3,21864818,4,12,52e361edb8f6a1e014649e53d70b17fed3a688c3a33698cd8d354ea79a5648e2,a09a081504121688a8ae053bbe9f7844bd3655e94537cfbb711998b705f5da13,2,minimum_max_pressure,2,64125677,300000,30.0,True,solved,0.13927449996117502,1051,1019,1019,4190,3057,38,7,469,0.004696498159319162,62531babf2974519c23748f6f8d3c31e266eb7a5f8464ade7167c65d4a2f9a46,True
d16-c3-h4-s21864818,16,3,21864818,4,12,52e361edb8f6a1e014649e53d70b17fed3a688c3a33698cd8d354ea79a5648e2,a09a081504121688a8ae053bbe9f7844bd3655e94537cfbb711998b705f5da13,2,random_order,2,64125677,300000,30.0,True,solved,0.1674990999745205,1285,1253,1253,5126,3776,38,7,563,0.005486199981532991,62531babf2974519c23748f6f8d3c31e266eb7a5f8464ade7167c65d4a2f9a46,True
d16-c3-h4-s21864818,16,3,21864818,4,12,52e361edb8f6a1e014649e53d70b17fed3a688c3a33698cd8d354ea79a5648e2,a09a081504121688a8ae053bbe9f7844bd3655e94537cfbb711998b705f5da13,4,all_pair_product,0,46125645,300000,30.0,True,solved,0.22439630003646016,615,599,599,9560,8678,168,11,87,0.010422099381685257,62531babf2974519c23748f6f8d3c31e266eb7a5f8464ade7167c65d4a2f9a46,True
d16-c3-h4-s21864818,16,3,21864818,4,12,52e361edb8f6a1e014649e53d70b17fed3a688c3a33698cd8d354ea79a5648e2,a09a081504121688a8ae053bbe9f7844bd3655e94537cfbb711998b705f5da13,4,balance_only,0,46125645,300000,30.0,True,solved,0.28961940004955977,814,798,798,12800,11780,146,10,91,0.002210999373346567,62531babf2974519c23748f6f8d3c31e266eb7a5f8464ade7167c65d4a2f9a46,True
d16-c3-h4-s21864818,16,3,21864818,4,12,52e361edb8f6a1e014649e53d70b17fed3a688c3a33698cd8d354ea79a5648e2,a09a081504121688a8ae053bbe9f7844bd3655e94537cfbb711998b705f5da13,4,lexicographic,0,46125645,300000,30.0,True,solved,0.09190820006188005,223,207,207,3488,3163,58,4,0,0.0,62531babf2974519c23748f6f8d3c31e266eb7a5f8464ade7167c65d4a2f9a46,True
d16-c3-h4-s21864818,16,3,21864818,4,12,52e361edb8f6a1e014649e53d70b17fed3a688c3a33698cd8d354ea79a5648e2,a09a081504121688a8ae053bbe9f7844bd3655e94537cfbb711998b705f5da13,4,minimum_max_pressure,0,46125645,300000,30.0,True,solved,0.05811880005057901,198,182,182,3032,2694,62,6,38,0.00032899982761591673,62531babf2974519c23748f6f8d3c31e266eb7a5f8464ade7167c65d4a2f9a46,True
d16-c3-h4-s21864818,16,3,21864818,4,12,52e361edb8f6a1e014649e53d70b17fed3a688c3a33698cd8d354ea79a5648e2,a09a081504121688a8ae053bbe9f7844bd3655e94537cfbb711998b705f5da13,4,random_order,0,46125645,300000,30.0,True,solved,0.15609970001969486,492,476,476,7736,7143,76,6,55,0.0005611003143712878,62531babf2974519c23748f6f8d3c31e266eb7a5f8464ade7167c65d4a2f9a46,True
d16-c3-h4-s21864818,16,3,21864818,4,12,52e361edb8f6a1e014649e53d70b17fed3a688c3a33698cd8d354ea79a5648e2,a09a081504121688a8ae053bbe9f7844bd3655e94537cfbb711998b705f5da13,4,all_pair_product,1,56125664,300000,30.0,True,solved,0.24987800000235438,614,598,598,9552,8671,168,11,86,0.012004100950434804,62531babf2974519c23748f6f8d3c31e266eb7a5f8464ade7167c65d4a2f9a46,True
d16-c3-h4-s21864818,16,3,21864818,4,12,52e361edb8f6a1e014649e53d70b17fed3a688c3a33698cd8d354ea79a5648e2,a09a081504121688a8ae053bbe9f7844bd3655e94537cfbb711998b705f5da13,4,balance_only,1,56125664,300000,30.0,True,solved,0.2837000999134034,891,875,875,14024,12880,191,11,100,0.0023047003196552396,62531babf2974519c23748f6f8d3c31e266eb7a5f8464ade7167c65d4a2f9a46,True
d16-c3-h4-s21864818,16,3,21864818,4,12,52e361edb8f6a1e014649e53d70b17fed3a688c3a33698cd8d354ea79a5648e2,a09a081504121688a8ae053bbe9f7844bd3655e94537cfbb711998b705f5da13,4,lexicographic,1,56125664,300000,30.0,True,solved,0.0639751999406144,223,207,207,3488,3163,58,4,0,0.0,62531babf2974519c23748f6f8d3c31e266eb7a5f8464ade7167c65d4a2f9a46,True
d16-c3-h4-s21864818,16,3,21864818,4,12,52e361edb8f6a1e014649e53d70b17fed3a688c3a33698cd8d354ea79a5648e2,a09a081504121688a8ae053bbe9f7844bd3655e94537cfbb711998b705f5da13,4,minimum_max_pressure,1,56125664,300000,30.0,True,solved,0.06079719995614141,186,170,170,2856,2520,62,6,36,0.00036509998608380556,62531babf2974519c23748f6f8d3c31e266eb7a5f8464ade7167c65d4a2f9a46,True
d16-c3-h4-s21864818,16,3,21864818,4,12,52e361edb8f6a1e014649e53d70b17fed3a688c3a33698cd8d354ea79a5648e2,a09a081504121688a8ae053bbe9f7844bd3655e94537cfbb711998b705f5da13,4,random_order,1,56125664,300000,30.0,True,solved,0.20325200003571808,492,476,476,7752,7116,100,6,56,0.0006364003056660295,62531babf2974519c23748f6f8d3c31e266eb7a5f8464ade7167c65d4a2f9a46,True
d16-c3-h4-s21864818,16,3,21864818,4,12,52e361edb8f6a1e014649e53d70b17fed3a688c3a33698cd8d354ea79a5648e2,a09a081504121688a8ae053bbe9f7844bd3655e94537cfbb711998b705f5da13,4,all_pair_product,2,66125683,300000,30.0,True,solved,0.18286599998828024,615,599,599,9560,8678,168,11,87,0.008842199807986617,62531babf2974519c23748f6f8d3c31e266eb7a5f8464ade7167c65d4a2f9a46,True
d16-c3-h4-s21864818,16,3,21864818,4,12,52e361edb8f6a1e014649e53d70b17fed3a688c3a33698cd8d354ea79a5648e2,a09a081504121688a8ae053bbe9f7844bd3655e94537cfbb711998b705f5da13,4,balance_only,2,66125683,300000,30.0,True,solved,0.4669397999532521,1178,1162,1162,18520,17025,255,14,132,0.003277200274169445,62531babf2974519c23748f6f8d3c31e266eb7a5f8464ade7167c65d4a2f9a46,True
d16-c3-h4-s21864818,16,3,21864818,4,12,52e361edb8f6a1e014649e53d70b17fed3a688c3a33698cd8d354ea79a5648e2,a09a081504121688a8ae053bbe9f7844bd3655e94537cfbb711998b705f5da13,4,lexicographic,2,66125683,300000,30.0,True,solved,0.06835979991592467,223,207,207,3488,3163,58,4,0,0.0,62531babf2974519c23748f6f8d3c31e266eb7a5f8464ade7167c65d4a2f9a46,True
d16-c3-h4-s21864818,16,3,21864818,4,12,52e361edb8f6a1e014649e53d70b17fed3a688c3a33698cd8d354ea79a5648e2,a09a081504121688a8ae053bbe9f7844bd3655e94537cfbb711998b705f5da13,4,minimum_max_pressure,2,66125683,300000,30.0,True,solved,0.2795467999530956,686,670,670,10728,9758,189,12,91,0.0012293994659557939,62531babf2974519c23748f6f8d3c31e266eb7a5f8464ade7167c65d4a2f9a46,True
d16-c3-h4-s21864818,16,3,21864818,4,12,52e361edb8f6a1e014649e53d70b17fed3a688c3a33698cd8d354ea79a5648e2,a09a081504121688a8ae053bbe9f7844bd3655e94537cfbb711998b705f5da13,4,random_order,2,66125683,300000,30.0,True,solved,0.3904422000050545,1118,1102,1102,17656,16268,227,12,118,0.0012543012853711843,62531babf2974519c23748f6f8d3c31e266eb7a5f8464ade7167c65d4a2f9a46,True
d16-c3-h4-s21864818,16,3,21864818,4,12,52e361edb8f6a1e014649e53d70b17fed3a688c3a33698cd8d354ea79a5648e2,a09a081504121688a8ae053bbe9f7844bd3655e94537cfbb711998b705f5da13,8,all_pair_product,0,50125657,300000,30.0,True,solved,1.969192299991846,628,620,620,82048,78886,1914,13,26,0.014540800242684782,62531babf2974519c23748f6f8d3c31e266eb7a5f8464ade7167c65d4a2f9a46,True
d16-c3-h4-s21864818,16,3,21864818,4,12,52e361edb8f6a1e014649e53d70b17fed3a688c3a33698cd8d354ea79a5648e2,a09a081504121688a8ae053bbe9f7844bd3655e94537cfbb711998b705f5da13,8,balance_only,0,50125657,300000,30.0,True,solved,1.7855001999996603,522,514,514,68096,65664,1398,10,20,0.002058199723251164,62531babf2974519c23748f6f8d3c31e266eb7a5f8464ade7167c65d4a2f9a46,True
d16-c3-h4-s21864818,16,3,21864818,4,12,52e361edb8f6a1e014649e53d70b17fed3a688c3a33698cd8d354ea79a5648e2,a09a081504121688a8ae053bbe9f7844bd3655e94537cfbb711998b705f5da13,8,lexicographic,0,50125657,300000,30.0,True,solved,0.680696600000374,197,189,189,25728,24754,338,4,0,0.0,62531babf2974519c23748f6f8d3c31e266eb7a5f8464ade7167c65d4a2f9a46,True
d16-c3-h4-s21864818,16,3,21864818,4,12,52e361edb8f6a1e014649e53d70b17fed3a688c3a33698cd8d354ea79a5648e2,a09a081504121688a8ae053bbe9f7844bd3655e94537cfbb711998b705f5da13,8,minimum_max_pressure,0,50125657,300000,30.0,True,solved,2.0456565000349656,610,602,602,79488,76811,1562,11,22,0.0008732004789635539,62531babf2974519c23748f6f8d3c31e266eb7a5f8464ade7167c65d4a2f9a46,True
d16-c3-h4-s21864818,16,3,21864818,4,12,52e361edb8f6a1e014649e53d70b17fed3a688c3a33698cd8d354ea79a5648e2,a09a081504121688a8ae053bbe9f7844bd3655e94537cfbb711998b705f5da13,8,random_order,0,50125657,300000,30.0,True,solved,2.8152469000779092,829,821,821,107648,104729,1752,12,24,0.0007307998603209853,62531babf2974519c23748f6f8d3c31e266eb7a5f8464ade7167c65d4a2f9a46,True
d16-c3-h4-s21864818,16,3,21864818,4,12,52e361edb8f6a1e014649e53d70b17fed3a688c3a33698cd8d354ea79a5648e2,a09a081504121688a8ae053bbe9f7844bd3655e94537cfbb711998b705f5da13,8,all_pair_product,1,60125676,300000,30.0,True,solved,1.988138800021261,575,567,567,75136,72218,1722,12,24,0.017813200363889337,62531babf2974519c23748f6f8d3c31e266eb7a5f8464ade7167c65d4a2f9a46,True
d16-c3-h4-s21864818,16,3,21864818,4,12,52e361edb8f6a1e014649e53d70b17fed3a688c3a33698cd8d354ea79a5648e2,a09a081504121688a8ae053bbe9f7844bd3655e94537cfbb711998b705f5da13,8,balance_only,1,60125676,300000,30.0,True,solved,0.8198682999936864,243,235,235,31872,30413,719,6,12,0.001424499903805554,62531babf2974519c23748f6f8d3c31e266eb7a5f8464ade7167c65d4a2f9a46,True
d16-c3-h4-s21864818,16,3,21864818,4,12,52e361edb8f6a1e014649e53d70b17fed3a688c3a33698cd8d354ea79a5648e2,a09a081504121688a8ae053bbe9f7844bd3655e94537cfbb711998b705f5da13,8,lexicographic,1,60125676,300000,30.0,True,solved,0.595450900029391,197,189,189,25728,24754,338,4,0,0.0,62531babf2974519c23748f6f8d3c31e266eb7a5f8464ade7167c65d4a2f9a46,True
d16-c3-h4-s21864818,16,3,21864818,4,12,52e361edb8f6a1e014649e53d70b17fed3a688c3a33698cd8d354ea79a5648e2,a09a081504121688a8ae053bbe9f7844bd3655e94537cfbb711998b705f5da13,8,minimum_max_pressure,1,60125676,300000,30.0,True,solved,2.109282100107521,611,603,603,79744,76826,1722,12,24,0.0008939998224377632,62531babf2974519c23748f6f8d3c31e266eb7a5f8464ade7167c65d4a2f9a46,True
d16-c3-h4-s21864818,16,3,21864818,4,12,52e361edb8f6a1e014649e53d70b17fed3a688c3a33698cd8d354ea79a5648e2,a09a081504121688a8ae053bbe9f7844bd3655e94537cfbb711998b705f5da13,8,random_order,1,60125676,300000,30.0,True,solved,2.0080158999189734,594,586,586,77056,75112,1071,8,16,0.0004700004355981946,62531babf2974519c23748f6f8d3c31e266eb7a5f8464ade7167c65d4a2f9a46,True
d16-c3-h4-s21864818,16,3,21864818,4,12,52e361edb8f6a1e014649e53d70b17fed3a688c3a33698cd8d354ea79a5648e2,a09a081504121688a8ae053bbe9f7844bd3655e94537cfbb711998b705f5da13,8,all_pair_product,2,70125695,300000,30.0,True,solved,2.2489199999254197,628,620,620,82048,78886,1914,13,26,0.01686469977721572,62531babf2974519c23748f6f8d3c31e266eb7a5f8464ade7167c65d4a2f9a46,True
d16-c3-h4-s21864818,16,3,21864818,4,12,52e361edb8f6a1e014649e53d70b17fed3a688c3a33698cd8d354ea79a5648e2,a09a081504121688a8ae053bbe9f7844bd3655e94537cfbb711998b705f5da13,8,balance_only,2,70125695,300000,30.0,True,solved,1.7933580999961123,537,529,529,70016,67584,1398,10,20,0.001921999966725707,62531babf2974519c23748f6f8d3c31e266eb7a5f8464ade7167c65d4a2f9a46,True
d16-c3-h4-s21864818,16,3,21864818,4,12,52e361edb8f6a1e014649e53d70b17fed3a688c3a33698cd8d354ea79a5648e2,a09a081504121688a8ae053bbe9f7844bd3655e94537cfbb711998b705f5da13,8,lexicographic,2,70125695,300000,30.0,True,solved,0.6385776000097394,197,189,189,25728,24754,338,4,0,0.0,62531babf2974519c23748f6f8d3c31e266eb7a5f8464ade7167c65d4a2f9a46,True
d16-c3-h4-s21864818,16,3,21864818,4,12,52e361edb8f6a1e014649e53d70b17fed3a688c3a33698cd8d354ea79a5648e2,a09a081504121688a8ae053bbe9f7844bd3655e94537cfbb711998b705f5da13,8,minimum_max_pressure,2,70125695,300000,30.0,True,solved,2.04836440004874,608,600,600,79232,76555,1562,11,22,0.0009029001230373979,62531babf2974519c23748f6f8d3c31e266eb7a5f8464ade7167c65d4a2f9a46,True
d16-c3-h4-s21864818,16,3,21864818,4,12,52e361edb8f6a1e014649e53d70b17fed3a688c3a33698cd8d354ea79a5648e2,a09a081504121688a8ae053bbe9f7844bd3655e94537cfbb711998b705f5da13,8,random_order,2,70125695,300000,30.0,True,solved,2.399951300001703,738,730,730,95744,93312,1398,10,20,0.0005241999169811606,62531babf2974519c23748f6f8d3c31e266eb7a5f8464ade7167c65d4a2f9a46,True
d16-c4-h4-s21864819,16,4,21864819,4,12,9cd928e2beb4b39954b56069ecec15fc731fd4357aca00a544cc5975377ae27d,a5a7df727c1c1becf1e9db797bef4a2c2daa44509adc22ad634486429db0abd6,2,all_pair_product,0,44125640,300000,30.0,True,solved,0.12472299998626113,991,959,959,3948,2868,33,8,431,0.018554799491539598,80bc3ceb4fe4746c6ea1a18c9eb58f2a79455985050c62c137238824588a84d5,True
d16-c4-h4-s21864819,16,4,21864819,4,12,9cd928e2beb4b39954b56069ecec15fc731fd4357aca00a544cc5975377ae27d,a5a7df727c1c1becf1e9db797bef4a2c2daa44509adc22ad634486429db0abd6,2,balance_only,0,44125640,300000,30.0,True,solved,0.24574069993104786,1832,1800,1800,7306,5366,67,11,786,0.010979299317114055,80bc3ceb4fe4746c6ea1a18c9eb58f2a79455985050c62c137238824588a84d5,True
d16-c4-h4-s21864819,16,4,21864819,4,12,9cd928e2beb4b39954b56069ecec15fc731fd4357aca00a544cc5975377ae27d,a5a7df727c1c1becf1e9db797bef4a2c2daa44509adc22ad634486429db0abd6,2,lexicographic,0,44125640,300000,30.0,True,solved,0.07516529993154109,553,521,521,2204,1606,20,4,0,0.0,80bc3ceb4fe4746c6ea1a18c9eb58f2a79455985050c62c137238824588a84d5,True
d16-c4-h4-s21864819,16,4,21864819,4,12,9cd928e2beb4b39954b56069ecec15fc731fd4357aca00a544cc5975377ae27d,a5a7df727c1c1becf1e9db797bef4a2c2daa44509adc22ad634486429db0abd6,2,minimum_max_pressure,0,44125640,300000,30.0,True,solved,0.1602411000058055,1215,1183,1183,4844,3536,44,8,524,0.005298598785884678,80bc3ceb4fe4746c6ea1a18c9eb58f2a79455985050c62c137238824588a84d5,True
d16-c4-h4-s21864819,16,4,21864819,4,12,9cd928e2beb4b39954b56069ecec15fc731fd4357aca00a544cc5975377ae27d,a5a7df727c1c1becf1e9db797bef4a2c2daa44509adc22ad634486429db0abd6,2,random_order,0,44125640,300000,30.0,True,solved,0.15410200005862862,1265,1233,1233,5044,3699,44,8,543,0.004928698646835983,80bc3ceb4fe4746c6ea1a18c9eb58f2a79455985050c62c137238824588a84d5,True
d16-c4-h4-s21864819,16,4,21864819,4,12,9cd928e2beb4b39954b56069ecec15fc731fd4357aca00a544cc5975377ae27d,a5a7df727c1c1becf1e9db797bef4a2c2daa44509adc22ad634486429db0abd6,2,all_pair_product,1,54125659,300000,30.0,True,solved,0.25821240001823753,1784,1752,1752,7112,5210,64,12,777,0.03730899770744145,80bc3ceb4fe4746c6ea1a18c9eb58f2a79455985050c62c137238824588a84d5,True
d16-c4-h4-s21864819,16,4,21864819,4,12,9cd928e2beb4b39954b56069ecec15fc731fd4357aca00a544cc5975377ae27d,a5a7df727c1c1becf1e9db797bef4a2c2daa44509adc22ad634486429db0abd6,2,balance_only,1,54125659,300000,30.0,True,solved,0.2343953000381589,2188,2156,2156,8726,6424,76,13,947,0.011078001349233091,80bc3ceb4fe4746c6ea1a18c9eb58f2a79455985050c62c137238824588a84d5,True
d16-c4-h4-s21864819,16,4,21864819,4,12,9cd928e2beb4b39954b56069ecec15fc731fd4357aca00a544cc5975377ae27d,a5a7df727c1c1becf1e9db797bef4a2c2daa44509adc22ad634486429db0abd6,2,lexicographic,1,54125659,300000,30.0,True,solved,0.08971249999012798,553,521,521,2204,1606,20,4,0,0.0,80bc3ceb4fe4746c6ea1a18c9eb58f2a79455985050c62c137238824588a84d5,True
d16-c4-h4-s21864819,16,4,21864819,4,12,9cd928e2beb4b39954b56069ecec15fc731fd4357aca00a544cc5975377ae27d,a5a7df727c1c1becf1e9db797bef4a2c2daa44509adc22ad634486429db0abd6,2,minimum_max_pressure,1,54125659,300000,30.0,True,solved,0.212744600023143,2054,2022,2022,8192,6020,75,12,891,0.007258198922500014,80bc3ceb4fe4746c6ea1a18c9eb58f2a79455985050c62c137238824588a84d5,True
d16-c4-h4-s21864819,16,4,21864819,4,12,9cd928e2beb4b39954b56069ecec15fc731fd4357aca00a544cc5975377ae27d,a5a7df727c1c1becf1e9db797bef4a2c2daa44509adc22ad634486429db0abd6,2,random_order,1,54125659,300000,30.0,True,solved,0.2535372000420466,2151,2119,2119,8580,6329,75,12,928,0.008258701185695827,80bc3ceb4fe4746c6ea1a18c9eb58f2a79455985050c62c137238824588a84d5,True
d16-c4-h4-s21864819,16,4,21864819,4,12,9cd928e2beb4b39954b56069ecec15fc731fd4357aca00a544cc5975377ae27d,a5a7df727c1c1becf1e9db797bef4a2c2daa44509adc22ad634486429db0abd6,2,all_pair_product,2,64125678,300000,30.0,True,solved,0.14267840003594756,1350,1318,1318,5380,3927,49,10,601,0.021572198369540274,80bc3ceb4fe4746c6ea1a18c9eb58f2a79455985050c62c137238824588a84d5,True
d16-c4-h4-s21864819,16,4,21864819,4,12,9cd928e2beb4b39954b56069ecec15fc731fd4357aca00a544cc5975377ae27d,a5a7df727c1c1becf1e9db797bef4a2c2daa44509adc22ad634486429db0abd6,2,balance_only,2,64125678,300000,30.0,True,solved,0.26612009992823005,2293,2261,2261,9146,6733,82,13,989,0.01212060113903135,80bc3ceb4fe4746c6ea1a18c9eb58f2a79455985050c62c137238824588a84d5,True
d16-c4-h4-s21864819,16,4,21864819,4,12,9cd928e2beb4b39954b56069ecec15fc731fd4357aca00a544cc5975377ae27d,a5a7df727c1c1becf1e9db797bef4a2c2daa44509adc22ad634486429db0abd6,2,lexicographic,2,64125678,300000,30.0,True,solved,0.048280199989676476,553,521,521,2204,1606,20,4,0,0.0,80bc3ceb4fe4746c6ea1a18c9eb58f2a79455985050c62c137238824588a84d5,True
d16-c4-h4-s21864819,16,4,21864819,4,12,9cd928e2beb4b39954b56069ecec15fc731fd4357aca00a544cc5975377ae27d,a5a7df727c1c1becf1e9db797bef4a2c2daa44509adc22ad634486429db0abd6,2,minimum_max_pressure,2,64125678,300000,30.0,True,solved,0.20929050003178418,1872,1840,1840,7466,5482,69,11,820,0.007175902021117508,80bc3ceb4fe4746c6ea1a18c9eb58f2a79455985050c62c137238824588a84d5,True
d16-c4-h4-s21864819,16,4,21864819,4,12,9cd928e2beb4b39954b56069ecec15fc731fd4357aca00a544cc5975377ae27d,a5a7df727c1c1becf1e9db797bef4a2c2daa44509adc22ad634486429db0abd6,2,random_order,2,64125678,300000,30.0,True,solved,0.19565070001408458,1926,1894,1894,7682,5660,69,11,837,0.0063819014467298985,80bc3ceb4fe4746c6ea1a18c9eb58f2a79455985050c62c137238824588a84d5,True
d16-c4-h4-s21864819,16,4,21864819,4,12,9cd928e2beb4b39954b56069ecec15fc731fd4357aca00a544cc5975377ae27d,a5a7df727c1c1becf1e9db797bef4a2c2daa44509adc22ad634486429db0abd6,4,all_pair_product,0,46125646,300000,30.0,True,solved,0.08720569999422878,209,193,193,3264,2872,79,7,38,0.004912999924272299,80bc3ceb4fe4746c6ea1a18c9eb58f2a79455985050c62c137238824588a84d5,True
d16-c4-h4-s21864819,16,4,21864819,4,12,9cd928e2beb4b39954b56069ecec15fc731fd4357aca00a544cc5975377ae27d,a5a7df727c1c1becf1e9db797bef4a2c2daa44509adc22ad634486429db0abd6,4,balance_only,0,46125646,300000,30.0,True,solved,0.35334450006484985,1008,992,992,15896,14599,218,13,113,0.0026387006510049105,80bc3ceb4fe4746c6ea1a18c9eb58f2a79455985050c62c137238824588a84d5,True
d16-c4-h4-s21864819,16,4,21864819,4,12,9cd928e2beb4b39954b56069ecec15fc731fd4357aca00a544cc5975377ae27d,a5a7df727c1c1becf1e9db797bef4a2c2daa44509adc22ad634486429db0abd6,4,lexicographic,0,46125646,300000,30.0,True,solved,0.07168629998341203,252,236,236,3968,3619,49,4,0,0.0,80bc3ceb4fe4746c6ea1a18c9eb58f2a79455985050c62c137238824588a84d5,True
d16-c4-h4-s21864819,16,4,21864819,4,12,9cd928e2beb4b39954b56069ecec15fc731fd4357aca00a544cc5975377ae27d,a5a7df727c1c1becf1e9db797bef4a2c2daa44509adc22ad634486429db0abd6,4,minimum_max_pressure,0,46125646,300000,30.0,True,solved,0.14678919990547,367,351,351,5800,5272,70,6,45,0.0005904997233301401,80bc3ceb4fe4746c6ea1a18c9eb58f2a79455985050c62c137238824588a84d5,True
d16-c4-h4-s21864819,16,4,21864819,4,12,9cd928e2beb4b39954b56069ecec15fc731fd4357aca00a544cc5975377ae27d,a5a7df727c1c1becf1e9db797bef4a2c2daa44509adc22ad634486429db0abd6,4,random_order,0,46125646,300000,30.0,True,solved,0.22768470004666597,570,554,554,9024,8298,102,7,61,0.0007916002068668604,80bc3ceb4fe4746c6ea1a18c9eb58f2a79455985050c62c137238824588a84d5,True
d16-c4-h4-s21864819,16,4,21864819,4,12,9cd928e2beb4b39954b56069ecec15fc731fd4357aca00a544cc5975377ae27d,a5a7df727c1c1becf1e9db797bef4a2c2daa44509adc22ad634486429db0abd6,4,all_pair_product,1,56125665,300000,30.0,True,solved,0.08910730003844947,209,193,193,3264,2872,79,7,38,0.004675500211305916,80bc3ceb4fe4746c6ea1a18c9eb58f2a79455985050c62c137238824588a84d5,True
d16-c4-h4-s21864819,16,4,21864819,4,12,9cd928e2beb4b39954b56069ecec15fc731fd4357aca00a544cc5975377ae27d,a5a7df727c1c1becf1e9db797bef4a2c2daa44509adc22ad634486429db0abd6,4,balance_only,1,56125665,300000,30.0,True,solved,0.26804859994444996,758,742,742,11928,10928,167,11,90,0.0019195005297660828,80bc3ceb4fe4746c6ea1a18c9eb58f2a79455985050c62c137238824588a84d5,True
d16-c4-h4-s21864819,16,4,21864819,4,12,9cd928e2beb4b39954b56069ecec15fc731fd4357aca00a544cc5975377ae27d,a5a7df727c1c1becf1e9db797bef4a2c2daa44509adc22ad634486429db0abd6,4,lexicographic,1,56125665,300000,30.0,True,solved,0.12478299997746944,252,236,236,3968,3619,49,4,0,0.0,80bc3ceb4fe4746c6ea1a18c9eb58f2a79455985050c62c137238824588a84d5,True
d16-c4-h4-s21864819,16,4,21864819,4,12,9cd928e2beb4b39954b56069ecec15fc731fd4357aca00a544cc5975377ae27d,a5a7df727c1c1becf1e9db797bef4a2c2daa44509adc22ad634486429db0abd6,4,minimum_max_pressure,1,56125665,300000,30.0,True,solved,0.09969080006703734,307,291,291,4824,4357,67,6,41,0.00045759999193251133,80bc3ceb4fe4746c6ea1a18c9eb58f2a79455985050c62c137238824588a84d5,True
d16-c4-h4-s21864819,16,4,21864819,4,12,9cd928e2beb4b39954b56069ecec15fc731fd4357aca00a544cc5975377ae27d,a5a7df727c1c1becf1e9db797bef4a2c2daa44509adc22ad634486429db0abd6,4,random_order,1,56125665,300000,30.0,True,solved,0.06187199999112636,149,133,133,2320,2075,26,4,24,0.00031170027796179056,80bc3ceb4fe4746c6ea1a18c9eb58f2a79455985050c62c137238824588a84d5,True
d16-c4-h4-s21864819,16,4,21864819,4,12,9cd928e2beb4b39954b56069ecec15fc731fd4357aca00a544cc5975377ae27d,a5a7df727c1c1becf1e9db797bef4a2c2daa44509adc22ad634486429db0abd6,4,all_pair_product,2,66125684,300000,30.0,True,solved,0.08042829995974898,227,211,211,3544,3135,79,7,40,0.004561899811960757,80bc3ceb4fe4746c6ea1a18c9eb58f2a79455985050c62c137238824588a84d5,True
d16-c4-h4-s21864819,16,4,21864819,4,12,9cd928e2beb4b39954b56069ecec15fc731fd4357aca00a544cc5975377ae27d,a5a7df727c1c1becf1e9db797bef4a2c2daa44509adc22ad634486429db0abd6,4,balance_only,2,66125684,300000,30.0,True,solved,0.2933192999335006,843,827,827,13280,12200,167,11,96,0.002297900151461363,80bc3ceb4fe4746c6ea1a18c9eb58f2a79455985050c62c137238824588a84d5,True
d16-c4-h4-s21864819,16,4,21864819,4,12,9cd928e2beb4b39954b56069ecec15fc731fd4357aca00a544cc5975377ae27d,a5a7df727c1c1becf1e9db797bef4a2c2daa44509adc22ad634486429db0abd6,4,lexicographic,2,66125684,300000,30.0,True,solved,0.09185129997786134,252,236,236,3968,3619,49,4,0,0.0,80bc3ceb4fe4746c6ea1a18c9eb58f2a79455985050c62c137238824588a84d5,True
d16-c4-h4-s21864819,16,4,21864819,4,12,9cd928e2beb4b39954b56069ecec15fc731fd4357aca00a544cc5975377ae27d,a5a7df727c1c1becf1e9db797bef4a2c2daa44509adc22ad634486429db0abd6,4,minimum_max_pressure,2,66125684,300000,30.0,True,solved,0.1404459000332281,469,453,453,7400,6744,102,7,56,0.0006279002409428358,80bc3ceb4fe4746c6ea1a18c9eb58f2a79455985050c62c137238824588a84d5,True
d16-c4-h4-s21864819,16,4,21864819,4,12,9cd928e2beb4b39954b56069ecec15fc731fd4357aca00a544cc5975377ae27d,a5a7df727c1c1becf1e9db797bef4a2c2daa44509adc22ad634486429db0abd6,4,random_order,2,66125684,300000,30.0,True,solved,0.13897920004092157,440,424,424,6944,6372,83,6,50,0.0005032002227380872,80bc3ceb4fe4746c6ea1a18c9eb58f2a79455985050c62c137238824588a84d5,True
d16-c4-h4-s21864819,16,4,21864819,4,12,9cd928e2beb4b39954b56069ecec15fc731fd4357aca00a544cc5975377ae27d,a5a7df727c1c1becf1e9db797bef4a2c2daa44509adc22ad634486429db0abd6,8,all_pair_product,0,50125658,300000,30.0,True,solved,0.6132170999189839,155,147,147,20736,19035,858,7,14,0.009831600356847048,80bc3ceb4fe4746c6ea1a18c9eb58f2a79455985050c62c137238824588a84d5,True
d16-c4-h4-s21864819,16,4,21864819,4,12,9cd928e2beb4b39954b56069ecec15fc731fd4357aca00a544cc5975377ae27d,a5a7df727c1c1becf1e9db797bef4a2c2daa44509adc22ad634486429db0abd6,8,balance_only,0,50125658,300000,30.0,True,solved,1.3065201999852434,356,348,348,46464,44762,859,7,14,0.0017578999977558851,80bc3ceb4fe4746c6ea1a18c9eb58f2a79455985050c62c137238824588a84d5,True
d16-c4-h4-s21864819,16,4,21864819,4,12,9cd928e2beb4b39954b56069ecec15fc731fd4357aca00a544cc5975377ae27d,a5a7df727c1c1becf1e9db797bef4a2c2daa44509adc22ad634486429db0abd6,8,lexicographic,0,50125658,300000,30.0,True,solved,0.8030285999411717,226,218,218,29440,28466,274,4,0,0.0,80bc3ceb4fe4746c6ea1a18c9eb58f2a79455985050c62c137238824588a84d5,True
d16-c4-h4-s21864819,16,4,21864819,4,12,9cd928e2beb4b39954b56069ecec15fc731fd4357aca00a544cc5975377ae27d,a5a7df727c1c1becf1e9db797bef4a2c2daa44509adc22ad634486429db0abd6,8,minimum_max_pressure,0,50125658,300000,30.0,True,solved,0.7638653999892995,180,172,172,24064,22120,1078,8,16,0.0007585003040730953,80bc3ceb4fe4746c6ea1a18c9eb58f2a79455985050c62c137238824588a84d5,True
d16-c4-h4-s21864819,16,4,21864819,4,12,9cd928e2beb4b39954b56069ecec15fc731fd4357aca00a544cc5975377ae27d,a5a7df727c1c1becf1e9db797bef4a2c2daa44509adc22ad634486429db0abd6,8,random_order,0,50125658,300000,30.0,True,solved,2.1844401999842376,612,604,604,79360,77416,1078,8,16,0.00045710010454058647,80bc3ceb4fe4746c6ea1a18c9eb58f2a79455985050c62c137238824588a84d5,True
d16-c4-h4-s21864819,16,4,21864819,4,12,9cd928e2beb4b39954b56069ecec15fc731fd4357aca00a544cc5975377ae27d,a5a7df727c1c1becf1e9db797bef4a2c2daa44509adc22ad634486429db0abd6,8,all_pair_product,1,60125677,300000,30.0,True,solved,0.5177483999868855,131,123,123,17536,16077,639,6,12,0.010115400305949152,80bc3ceb4fe4746c6ea1a18c9eb58f2a79455985050c62c137238824588a84d5,True
d16-c4-h4-s21864819,16,4,21864819,4,12,9cd928e2beb4b39954b56069ecec15fc731fd4357aca00a544cc5975377ae27d,a5a7df727c1c1becf1e9db797bef4a2c2daa44509adc22ad634486429db0abd6,8,balance_only,1,60125677,300000,30.0,True,solved,1.1521394000155851,310,302,302,40576,38874,859,7,14,0.0017930000321939588,80bc3ceb4fe4746c6ea1a18c9eb58f2a79455985050c62c137238824588a84d5,True
d16-c4-h4-s21864819,16,4,21864819,4,12,9cd928e2beb4b39954b56069ecec15fc731fd4357aca00a544cc5975377ae27d,a5a7df727c1c1becf1e9db797bef4a2c2daa44509adc22ad634486429db0abd6,8,lexicographic,1,60125677,300000,30.0,True,solved,0.7384081999771297,226,218,218,29440,28466,274,4,0,0.0,80bc3ceb4fe4746c6ea1a18c9eb58f2a79455985050c62c137238824588a84d5,True
d16-c4-h4-s21864819,16,4,21864819,4,12,9cd928e2beb4b39954b56069ecec15fc731fd4357aca00a544cc5975377ae27d,a5a7df727c1c1becf1e9db797bef4a2c2daa44509adc22ad634486429db0abd6,8,minimum_max_pressure,1,60125677,300000,30.0,True,solved,0.6680354999843985,155,147,147,20736,19034,859,7,14,0.0006829999620094895,80bc3ceb4fe4746c6ea1a18c9eb58f2a79455985050c62c137238824588a84d5,True
d16-c4-h4-s21864819,16,4,21864819,4,12,9cd928e2beb4b39954b56069ecec15fc731fd4357aca00a544cc5975377ae27d,a5a7df727c1c1becf1e9db797bef4a2c2daa44509adc22ad634486429db0abd6,8,random_order,1,60125677,300000,30.0,True,solved,1.4537543000187725,429,421,421,55808,54106,859,7,14,0.0005141001893207431,80bc3ceb4fe4746c6ea1a18c9eb58f2a79455985050c62c137238824588a84d5,True
d16-c4-h4-s21864819,16,4,21864819,4,12,9cd928e2beb4b39954b56069ecec15fc731fd4357aca00a544cc5975377ae27d,a5a7df727c1c1becf1e9db797bef4a2c2daa44509adc22ad634486429db0abd6,8,all_pair_product,2,70125696,300000,30.0,True,solved,1.0175518000032753,276,268,268,36480,34292,1225,9,18,0.01738560013473034,80bc3ceb4fe4746c6ea1a18c9eb58f2a79455985050c62c137238824588a84d5,True
d16-c4-h4-s21864819,16,4,21864819,4,12,9cd928e2beb4b39954b56069ecec15fc731fd4357aca00a544cc5975377ae27d,a5a7df727c1c1becf1e9db797bef4a2c2daa44509adc22ad634486429db0abd6,8,balance_only,2,70125696,300000,30.0,True,solved,1.7967344999779016,507,499,499,66048,63859,1226,9,18,0.0022768001072108746,80bc3ceb4fe4746c6ea1a18c9eb58f2a79455985050c62c137238824588a84d5,True
d16-c4-h4-s21864819,16,4,21864819,4,12,9cd928e2beb4b39954b56069ecec15fc731fd4357aca00a544cc5975377ae27d,a5a7df727c1c1becf1e9db797bef4a2c2daa44509adc22ad634486429db0abd6,8,lexicographic,2,70125696,300000,30.0,True,solved,0.7406377999577671,226,218,218,29440,28466,274,4,0,0.0,80bc3ceb4fe4746c6ea1a18c9eb58f2a79455985050c62c137238824588a84d5,True
d16-c4-h4-s21864819,16,4,21864819,4,12,9cd928e2beb4b39954b56069ecec15fc731fd4357aca00a544cc5975377ae27d,a5a7df727c1c1becf1e9db797bef4a2c2daa44509adc22ad634486429db0abd6,8,minimum_max_pressure,2,70125696,300000,30.0,True,solved,2.13170969998464,628,620,620,82304,78657,2338,15,30,0.0013935997849330306,80bc3ceb4fe4746c6ea1a18c9eb58f2a79455985050c62c137238824588a84d5,True
d16-c4-h4-s21864819,16,4,21864819,4,12,9cd928e2beb4b39954b56069ecec15fc731fd4357aca00a544cc5975377ae27d,a5a7df727c1c1becf1e9db797bef4a2c2daa44509adc22ad634486429db0abd6,8,random_order,2,70125696,300000,30.0,True,solved,3.670599899953231,1145,1137,1137,148480,144833,2338,15,30,0.0008112997747957706,80bc3ceb4fe4746c6ea1a18c9eb58f2a79455985050c62c137238824588a84d5,True
d16-c0-h6-s21866815,16,0,21866815,6,10,607a9337f15d4c6bb16d1eddf32bb8211e99654d8aa4d685577c8a760bd55fe8,4b076880aa5186b0022d38aa5633e22b5ec23b254b22374ade46dd78ec972dcc,2,all_pair_product,0,44127636,300000,30.0,True,solved,1.424587200046517,11387,11339,11339,45406,33492,457,71,5167,0.20520980248693377,7e95a6038d046a3ec5842925ba47a7132167f26c3217b4ef7dc1f91a5e7366a8,True
d16-c0-h6-s21866815,16,0,21866815,6,10,607a9337f15d4c6bb16d1eddf32bb8211e99654d8aa4d685577c8a760bd55fe8,4b076880aa5186b0022d38aa5633e22b5ec23b254b22374ade46dd78ec972dcc,2,balance_only,0,44127636,300000,30.0,True,solved,1.2225806000642478,11866,11818,11818,47320,34943,474,72,5358,0.059524599462747574,97231e0df1ed0fc88629fc7b1fb47c58f71e42f363ed5b6c1e23f04545985371,True
d16-c0-h6-s21866815,16,0,21866815,6,10,607a9337f15d4c6bb16d1eddf32bb8211e99654d8aa4d685577c8a760bd55fe8,4b076880aa5186b0022d38aa5633e22b5ec23b254b22374ade46dd78ec972dcc,2,lexicographic,0,44127636,300000,30.0,True,solved,0.052173399948515,616,568,568,2452,1765,30,6,0,0.0,97231e0df1ed0fc88629fc7b1fb47c58f71e42f363ed5b6c1e23f04545985371,True
d16-c0-h6-s21866815,16,0,21866815,6,10,607a9337f15d4c6bb16d1eddf32bb8211e99654d8aa4d685577c8a760bd55fe8,4b076880aa5186b0022d38aa5633e22b5ec23b254b22374ade46dd78ec972dcc,2,minimum_max_pressure,0,44127636,300000,30.0,True,solved,0.7862405000487342,7321,7273,7273,29192,21529,292,46,3335,0.028621203149668872,7e95a6038d046a3ec5842925ba47a7132167f26c3217b4ef7dc1f91a5e7366a8,True
d16-c0-h6-s21866815,16,0,21866815,6,10,607a9337f15d4c6bb16d1eddf32bb8211e99654d8aa4d685577c8a760bd55fe8,4b076880aa5186b0022d38aa5633e22b5ec23b254b22374ade46dd78ec972dcc,2,random_order,0,44127636,300000,30.0,True,solved,0.7767978999763727,7306,7258,7258,29132,21499,292,46,3322,0.026934297056868672,7e95a6038d046a3ec5842925ba47a7132167f26c3217b4ef7dc1f91a5e7366a8,True
d16-c0-h6-s21866815,16,0,21866815,6,10,607a9337f15d4c6bb16d1eddf32bb8211e99654d8aa4d685577c8a760bd55fe8,4b076880aa5186b0022d38aa5633e22b5ec23b254b22374ade46dd78ec972dcc,2,all_pair_product,1,54127655,300000,30.0,True,solved,1.3113899000454694,11387,11339,11339,45406,33492,457,71,5167,0.19177250668872148,7e95a6038d046a3ec5842925ba47a7132167f26c3217b4ef7dc1f91a5e7366a8,True
d16-c0-h6-s21866815,16,0,21866815,6,10,607a9337f15d4c6bb16d1eddf32bb8211e99654d8aa4d685577c8a760bd55fe8,4b076880aa5186b0022d38aa5633e22b5ec23b254b22374ade46dd78ec972dcc,2,balance_only,1,54127655,300000,30.0,True,solved,1.2629851000383496,11914,11866,11866,47512,35086,474,72,5378,0.06167330150492489,97231e0df1ed0fc88629fc7b1fb47c58f71e42f363ed5b6c1e23f04545985371,True
d16-c0-h6-s21866815,16,0,21866815,6,10,607a9337f15d4c6bb16d1eddf32bb8211e99654d8aa4d685577c8a760bd55fe8,4b076880aa5186b0022d38aa5633e22b5ec23b254b22374ade46dd78ec972dcc,2,lexicographic,1,54127655,300000,30.0,True,solved,0.0736411000834778,616,568,568,2452,1765,30,6,0,0.0,97231e0df1ed0fc88629fc7b1fb47c58f71e42f363ed5b6c1e23f04545985371,True
d16-c0-h6-s21866815,16,0,21866815,6,10,607a9337f15d4c6bb16d1eddf32bb8211e99654d8aa4d685577c8a760bd55fe8,4b076880aa5186b0022d38aa5633e22b5ec23b254b22374ade46dd78ec972dcc,2,minimum_max_pressure,1,54127655,300000,30.0,True,solved,1.7379992000060156,16726,16678,16678,66704,49263,665,100,7571,0.06319330248516053,7e95a6038d046a3ec5842925ba47a7132167f26c3217b4ef7dc1f91a5e7366a8,True
d16-c0-h6-s21866815,16,0,21866815,6,10,607a9337f15d4c6bb16d1eddf32bb8211e99654d8aa4d685577c8a760bd55fe8,4b076880aa5186b0022d38aa5633e22b5ec23b254b22374ade46dd78ec972dcc,2,random_order,1,54127655,300000,30.0,True,solved,1.6819419000530615,16831,16783,16783,67124,49597,665,100,7610,0.058080696035176516,7e95a6038d046a3ec5842925ba47a7132167f26c3217b4ef7dc1f91a5e7366a8,True
d16-c0-h6-s21866815,16,0,21866815,6,10,607a9337f15d4c6bb16d1eddf32bb8211e99654d8aa4d685577c8a760bd55fe8,4b076880aa5186b0022d38aa5633e22b5ec23b254b22374ade46dd78ec972dcc,2,all_pair_product,2,64127674,300000,30.0,True,solved,1.2634010999463499,10682,10634,10634,42594,31414,427,67,4846,0.18311109591741115,7e95a6038d046a3ec5842925ba47a7132167f26c3217b4ef7dc1f91a5e7366a8,True
d16-c0-h6-s21866815,16,0,21866815,6,10,607a9337f15d4c6bb16d1eddf32bb8211e99654d8aa4d685577c8a760bd55fe8,4b076880aa5186b0022d38aa5633e22b5ec23b254b22374ade46dd78ec972dcc,2,balance_only,2,64127674,300000,30.0,True,solved,1.1162465999368578,11015,10967,10967,43924,32423,440,68,4975,0.05578910117037594,97231e0df1ed0fc88629fc7b1fb47c58f71e42f363ed5b6c1e23f04545985371,True
d16-c0-h6-s21866815,16,0,21866815,6,10,607a9337f15d4c6bb16d1eddf32bb8211e99654d8aa4d685577c8a760bd55fe8,4b076880aa5186b0022d38aa5633e22b5ec23b254b22374ade46dd78ec972dcc,2,lexicographic,2,64127674,300000,30.0,True,solved,0.09853740001562983,616,568,568,2452,1765,30,6,0,0.0,97231e0df1ed0fc88629fc7b1fb47c58f71e42f363ed5b6c1e23f04545985371,True
d16-c0-h6-s21866815,16,0,21866815,6,10,607a9337f15d4c6bb16d1eddf32bb8211e99654d8aa4d685577c8a760bd55fe8,4b076880aa5186b0022d38aa5633e22b5ec23b254b22374ade46dd78ec972dcc,2,minimum_max_pressure,2,64127674,300000,30.0,True,solved,0.4560742999892682,4513,4465,4465,17994,13260,172,29,2060,0.01664699928369373,7e95a6038d046a3ec5842925ba47a7132167f26c3217b4ef7dc1f91a5e7366a8,True
d16-c0-h6-s21866815,16,0,21866815,6,10,607a9337f15d4c6bb16d1eddf32bb8211e99654d8aa4d685577c8a760bd55fe8,4b076880aa5186b0022d38aa5633e22b5ec23b254b22374ade46dd78ec972dcc,2,random_order,2,64127674,300000,30.0,True,solved,0.5027260999195278,4281,4233,4233,17066,12570,172,29,1959,0.017157401307485998,97231e0df1ed0fc88629fc7b1fb47c58f71e42f363ed5b6c1e23f04545985371,True
d16-c0-h6-s21866815,16,0,21866815,6,10,607a9337f15d4c6bb16d1eddf32bb8211e99654d8aa4d685577c8a760bd55fe8,4b076880aa5186b0022d38aa5633e22b5ec23b254b22374ade46dd78ec972dcc,4,all_pair_product,0,46127642,300000,30.0,True,solved,2.1619920000666752,6478,6454,6454,99400,90825,1980,100,1058,0.09610699745826423,7e95a6038d046a3ec5842925ba47a7132167f26c3217b4ef7dc1f91a5e7366a8,True
d16-c0-h6-s21866815,16,0,21866815,6,10,607a9337f15d4c6bb16d1eddf32bb8211e99654d8aa4d685577c8a760bd55fe8,4b076880aa5186b0022d38aa5633e22b5ec23b254b22374ade46dd78ec972dcc,4,balance_only,0,46127642,300000,30.0,True,solved,1.6446239999495447,5466,5442,5442,83848,76637,1673,84,890,0.01488619763404131,7e95a6038d046a3ec5842925ba47a7132167f26c3217b4ef7dc1f91a5e7366a8,True
d16-c0-h6-s21866815,16,0,21866815,6,10,607a9337f15d4c6bb16d1eddf32bb8211e99654d8aa4d685577c8a760bd55fe8,4b076880aa5186b0022d38aa5633e22b5ec23b254b22374ade46dd78ec972dcc,4,lexicographic,0,46127642,300000,30.0,True,solved,0.08661919995211065,245,221,221,3792,3390,83,6,0,0.0,97231e0df1ed0fc88629fc7b1fb47c58f71e42f363ed5b6c1e23f04545985371,True
d16-c0-h6-s21866815,16,0,21866815,6,10,607a9337f15d4c6bb16d1eddf32bb8211e99654d8aa4d685577c8a760bd55fe8,4b076880aa5186b0022d38aa5633e22b5ec23b254b22374ade46dd78ec972dcc,4,minimum_max_pressure,0,46127642,300000,30.0,True,solved,1.3772985999239609,4481,4457,4457,69096,63253,1298,65,693,0.006869402248412371,7e95a6038d046a3ec5842925ba47a7132167f26c3217b4ef7dc1f91a5e7366a8,True
d16-c0-h6-s21866815,16,0,21866815,6,10,607a9337f15d4c6bb16d1eddf32bb8211e99654d8aa4d685577c8a760bd55fe8,4b076880aa5186b0022d38aa5633e22b5ec23b254b22374ade46dd78ec972dcc,4,random_order,0,46127642,300000,30.0,True,solved,1.4971098999958485,4316,4292,4292,66640,60980,1298,65,668,0.0066763004288077354,7e95a6038d046a3ec5842925ba47a7132167f26c3217b4ef7dc1f91a5e7366a8,True
d16-c0-h6-s21866815,16,0,21866815,6,10,607a9337f15d4c6bb16d1eddf32bb8211e99654d8aa4d685577c8a760bd55fe8,4b076880aa5186b0022d38aa5633e22b5ec23b254b22374ade46dd78ec972dcc,4,all_pair_product,1,56127661,300000,30.0,True,solved,2.111054199980572,5827,5803,5803,89408,81713,1749,89,947,0.0927489985479042,7e95a6038d046a3ec5842925ba47a7132167f26c3217b4ef7dc1f91a5e7366a8,True
d16-c0-h6-s21866815,16,0,21866815,6,10,607a9337f15d4c6bb16d1eddf32bb8211e99654d8aa4d685577c8a760bd55fe8,4b076880aa5186b0022d38aa5633e22b5ec23b254b22374ade46dd78ec972dcc,4,balance_only,1,56127661,300000,30.0,True,solved,1.693091099965386,5277,5253,5253,80840,73880,1602,81,865,0.015399001422338188,7e95a6038d046a3ec5842925ba47a7132167f26c3217b4ef7dc1f91a5e7366a8,True
d16-c0-h6-s21866815,16,0,21866815,6,10,607a9337f15d4c6bb16d1eddf32bb8211e99654d8aa4d685577c8a760bd55fe8,4b076880aa5186b0022d38aa5633e22b5ec23b254b22374ade46dd78ec972dcc,4,lexicographic,1,56127661,300000,30.0,True,solved,0.07965369999874383,245,221,221,3792,3390,83,6,0,0.0,97231e0df1ed0fc88629fc7b1fb47c58f71e42f363ed5b6c1e23f04545985371,True
d16-c0-h6-s21866815,16,0,21866815,6,10,607a9337f15d4c6bb16d1eddf32bb8211e99654d8aa4d685577c8a760bd55fe8,4b076880aa5186b0022d38aa5633e22b5ec23b254b22374ade46dd78ec972dcc,4,minimum_max_pressure,1,56127661,300000,30.0,True,solved,1.6174662000266835,5299,5275,5275,81312,74438,1493,76,843,0.00845070113427937,7e95a6038d046a3ec5842925ba47a7132167f26c3217b4ef7dc1f91a5e7366a8,True
d16-c0-h6-s21866815,16,0,21866815,6,10,607a9337f15d4c6bb16d1eddf32bb8211e99654d8aa4d685577c8a760bd55fe8,4b076880aa5186b0022d38aa5633e22b5ec23b254b22374ade46dd78ec972dcc,4,random_order,1,56127661,300000,30.0,True,solved,1.4733223000075668,5013,4989,4989,76792,70197,1493,76,819,0.007133601466193795,7e95a6038d046a3ec5842925ba47a7132167f26c3217b4ef7dc1f91a5e7366a8,True
d16-c0-h6-s21866815,16,0,21866815,6,10,607a9337f15d4c6bb16d1eddf32bb8211e99654d8aa4d685577c8a760bd55fe8,4b076880aa5186b0022d38aa5633e22b5ec23b254b22374ade46dd78ec972dcc,4,all_pair_product,2,66127680,300000,30.0,True,solved,2.2558483000611886,6422,6398,6398,98520,90025,1955,99,1050,0.09660320251714438,7e95a6038d046a3ec5842925ba47a7132167f26c3217b4ef7dc1f91a5e7366a8,True
d16-c0-h6-s21866815,16,0,21866815,6,10,607a9337f15d4c6bb16d1eddf32bb8211e99654d8aa4d685577c8a760bd55fe8,4b076880aa5186b0022d38aa5633e22b5ec23b254b22374ade46dd78ec972dcc,4,balance_only,2,66127680,300000,30.0,True,solved,1.7215686000417918,5701,5677,5677,87416,79913,1727,87,928,0.01546330179553479,7e95a6038d046a3ec5842925ba47a7132167f26c3217b4ef7dc1f91a5e7366a8,True
d16-c0-h6-s21866815,16,0,21866815,6,10,607a9337f15d4c6bb16d1eddf32bb8211e99654d8aa4d685577c8a760bd55fe8,4b076880aa5186b0022d38aa5633e22b5ec23b254b22374ade46dd78ec972dcc,4,lexicographic,2,66127680,300000,30.0,True,solved,0.09485100000165403,245,221,221,3792,3390,83,6,0,0.0,97231e0df1ed0fc88629fc7b1fb47c58f71e42f363ed5b6c1e23f04545985371,True
d16-c0-h6-s21866815,16,0,21866815,6,10,607a9337f15d4c6bb16d1eddf32bb8211e99654d8aa4d685577c8a760bd55fe8,4b076880aa5186b0022d38aa5633e22b5ec23b254b22374ade46dd78ec972dcc,4,minimum_max_pressure,2,66127680,300000,30.0,True,solved,2.049602499930188,5913,5889,5889,90640,82941,1707,86,957,0.010745999636128545,7e95a6038d046a3ec5842925ba47a7132167f26c3217b4ef7dc1f91a5e7366a8,True
d16-c0-h6-s21866815,16,0,21866815,6,10,607a9337f15d4c6bb16d1eddf32bb8211e99654d8aa4d685577c8a760bd55fe8,4b076880aa5186b0022d38aa5633e22b5ec23b254b22374ade46dd78ec972dcc,4,random_order,2,66127680,300000,30.0,True,solved,1.9377592001110315,5753,5729,5729,88152,80622,1707,86,940,0.009309200686402619,7e95a6038d046a3ec5842925ba47a7132167f26c3217b4ef7dc1f91a5e7366a8,True
d16-c0-h6-s21866815,16,0,21866815,6,10,607a9337f15d4c6bb16d1eddf32bb8211e99654d8aa4d685577c8a760bd55fe8,4b076880aa5186b0022d38aa5633e22b5ec23b254b22374ade46dd78ec972dcc,8,all_pair_product,0,50127654,300000,30.0,True,solved,13.301519599976018,4004,3992,3992,522496,503445,14203,78,156,0.07657950057182461,7e95a6038d046a3ec5842925ba47a7132167f26c3217b4ef7dc1f91a5e7366a8,True
d16-c0-h6-s21866815,16,0,21866815,6,10,607a9337f15d4c6bb16d1eddf32bb8211e99654d8aa4d685577c8a760bd55fe8,4b076880aa5186b0022d38aa5633e22b5ec23b254b22374ade46dd78ec972dcc,8,balance_only,0,50127654,300000,30.0,True,solved,12.794397399993613,3904,3892,3892,508544,491684,12422,69,138,0.009581100312061608,7e95a6038d046a3ec5842925ba47a7132167f26c3217b4ef7dc1f91a5e7366a8,True
d16-c0-h6-s21866815,16,0,21866815,6,10,607a9337f15d4c6bb16d1eddf32bb8211e99654d8aa4d685577c8a760bd55fe8,4b076880aa5186b0022d38aa5633e22b5ec23b254b22374ade46dd78ec972dcc,8,lexicographic,0,50127654,300000,30.0,True,solved,0.590727600036189,210,198,198,27648,26181,591,6,0,0.0,97231e0df1ed0fc88629fc7b1fb47c58f71e42f363ed5b6c1e23f04545985371,True
d16-c0-h6-s21866815,16,0,21866815,6,10,607a9337f15d4c6bb16d1eddf32bb8211e99654d8aa4d685577c8a760bd55fe8,4b076880aa5186b0022d38aa5633e22b5ec23b254b22374ade46dd78ec972dcc,8,minimum_max_pressure,0,50127654,300000,30.0,True,solved,13.569312599953264,4121,4109,4109,537472,518428,14145,78,156,0.00451789959333837,7e95a6038d046a3ec5842925ba47a7132167f26c3217b4ef7dc1f91a5e7366a8,True
d16-c0-h6-s21866815,16,0,21866815,6,10,607a9337f15d4c6bb16d1eddf32bb8211e99654d8aa4d685577c8a760bd55fe8,4b076880aa5186b0022d38aa5633e22b5ec23b254b22374ade46dd78ec972dcc,8,random_order,0,50127654,300000,30.0,True,solved,2.7301263998961076,898,886,886,117248,112857,2869,18,36,0.0007505003595724702,7e95a6038d046a3ec5842925ba47a7132167f26c3217b4ef7dc1f91a5e7366a8,True
d16-c0-h6-s21866815,16,0,21866815,6,10,607a9337f15d4c6bb16d1eddf32bb8211e99654d8aa4d685577c8a760bd55fe8,4b076880aa5186b0022d38aa5633e22b5ec23b254b22374ade46dd78ec972dcc,8,all_pair_product,1,60127673,300000,30.0,True,solved,13.121742299990728,4004,3992,3992,522496,503445,14203,78,156,0.06447800016030669,7e95a6038d046a3ec5842925ba47a7132167f26c3217b4ef7dc1f91a5e7366a8,True
d16-c0-h6-s21866815,16,0,21866815,6,10,607a9337f15d4c6bb16d1eddf32bb8211e99654d8aa4d685577c8a760bd55fe8,4b076880aa5186b0022d38aa5633e22b5ec23b254b22374ade46dd78ec972dcc,8,balance_only,1,60127673,300000,30.0,True,solved,14.51568099996075,4486,4474,4474,584320,565025,14299,79,158,0.01056480046827346,7e95a6038d046a3ec5842925ba47a7132167f26c3217b4ef7dc1f91a5e7366a8,True
d16-c0-h6-s21866815,16,0,21866815,6,10,607a9337f15d4c6bb16d1eddf32bb8211e99654d8aa4d685577c8a760bd55fe8,4b076880aa5186b0022d38aa5633e22b5ec23b254b22374ade46dd78ec972dcc,8,lexicographic,1,60127673,300000,30.0,True,solved,0.6353859999217093,210,198,198,27648,26181,591,6,0,0.0,97231e0df1ed0fc88629fc7b1fb47c58f71e42f363ed5b6c1e23f04545985371,True
d16-c0-h6-s21866815,16,0,21866815,6,10,607a9337f15d4c6bb16d1eddf32bb8211e99654d8aa4d685577c8a760bd55fe8,4b076880aa5186b0022d38aa5633e22b5ec23b254b22374ade46dd78ec972dcc,8,minimum_max_pressure,1,60127673,300000,30.0,True,solved,16.093641699990258,4686,4674,4674,610816,589828,15581,86,172,0.005251901689916849,7e95a6038d046a3ec5842925ba47a7132167f26c3217b4ef7dc1f91a5e7366a8,True
d16-c0-h6-s21866815,16,0,21866815,6,10,607a9337f15d4c6bb16d1eddf32bb8211e99654d8aa4d685577c8a760bd55fe8,4b076880aa5186b0022d38aa5633e22b5ec23b254b22374ade46dd78ec972dcc,8,random_order,1,60127673,300000,30.0,True,solved,6.068837400060147,1972,1960,1960,257024,248251,6275,36,72,0.0014932008925825357,7e95a6038d046a3ec5842925ba47a7132167f26c3217b4ef7dc1f91a5e7366a8,True
d16-c0-h6-s21866815,16,0,21866815,6,10,607a9337f15d4c6bb16d1eddf32bb8211e99654d8aa4d685577c8a760bd55fe8,4b076880aa5186b0022d38aa5633e22b5ec23b254b22374ade46dd78ec972dcc,8,all_pair_product,2,70127692,300000,30.0,True,solved,15.731129299965687,4004,3992,3992,522496,503445,14203,78,156,0.08128109970130026,7e95a6038d046a3ec5842925ba47a7132167f26c3217b4ef7dc1f91a5e7366a8,True
d16-c0-h6-s21866815,16,0,21866815,6,10,607a9337f15d4c6bb16d1eddf32bb8211e99654d8aa4d685577c8a760bd55fe8,4b076880aa5186b0022d38aa5633e22b5ec23b254b22374ade46dd78ec972dcc,8,balance_only,2,70127692,300000,30.0,True,solved,13.934003000031225,3912,3900,3900,509568,492708,12422,69,138,0.010123799671418965,7e95a6038d046a3ec5842925ba47a7132167f26c3217b4ef7dc1f91a5e7366a8,True
d16-c0-h6-s21866815,16,0,21866815,6,10,607a9337f15d4c6bb16d1eddf32bb8211e99654d8aa4d685577c8a760bd55fe8,4b076880aa5186b0022d38aa5633e22b5ec23b254b22374ade46dd78ec972dcc,8,lexicographic,2,70127692,300000,30.0,True,solved,0.6712171999970451,210,198,198,27648,26181,591,6,0,0.0,97231e0df1ed0fc88629fc7b1fb47c58f71e42f363ed5b6c1e23f04545985371,True
d16-c0-h6-s21866815,16,0,21866815,6,10,607a9337f15d4c6bb16d1eddf32bb8211e99654d8aa4d685577c8a760bd55fe8,4b076880aa5186b0022d38aa5633e22b5ec23b254b22374ade46dd78ec972dcc,8,minimum_max_pressure,2,70127692,300000,30.0,True,solved,17.43330680008512,4468,4456,4456,582528,562259,15102,83,166,0.005668299505487084,97231e0df1ed0fc88629fc7b1fb47c58f71e42f363ed5b6c1e23f04545985371,True
d16-c0-h6-s21866815,16,0,21866815,6,10,607a9337f15d4c6bb16d1eddf32bb8211e99654d8aa4d685577c8a760bd55fe8,4b076880aa5186b0022d38aa5633e22b5ec23b254b22374ade46dd78ec972dcc,8,random_order,2,70127692,300000,30.0,True,solved,8.2691195999505,2431,2419,2419,316800,306056,7803,44,88,0.002016199636273086,97231e0df1ed0fc88629fc7b1fb47c58f71e42f363ed5b6c1e23f04545985371,True
d16-c1-h6-s21866816,16,1,21866816,6,10,83efeb6a7051807221bcac813633a071eb9a578b171e6f54123b355c9f206c1a,80c8ea58d3a780b1599e49acc565693c66fdda312d6dca51378e772452fafb93,2,all_pair_product,0,44127637,300000,30.0,True,solved,1.2925144999753684,9172,9124,9124,36584,27012,332,52,4168,0.19093189912382513,89ceff4496dcb55bc6b294af4c4830ddee58101f2ecb4dd0ccd0575c2780b57c,True
d16-c1-h6-s21866816,16,1,21866816,6,10,83efeb6a7051807221bcac813633a071eb9a578b171e6f54123b355c9f206c1a,80c8ea58d3a780b1599e49acc565693c66fdda312d6dca51378e772452fafb93,2,balance_only,0,44127637,300000,30.0,True,solved,0.8521513999439776,6949,6901,6901,27722,20493,235,37,3176,0.0426282990956679,89ceff4496dcb55bc6b294af4c4830ddee58101f2ecb4dd0ccd0575c2780b57c,True
d16-c1-h6-s21866816,16,1,21866816,6,10,83efeb6a7051807221bcac813633a071eb9a578b171e6f54123b355c9f206c1a,80c8ea58d3a780b1599e49acc565693c66fdda312d6dca51378e772452fafb93,2,lexicographic,0,44127637,300000,30.0,True,solved,0.10183759999927133,587,539,539,2336,1678,33,6,0,0.0,89ceff4496dcb55bc6b294af4c4830ddee58101f2ecb4dd0ccd0575c2780b57c,True
d16-c1-h6-s21866816,16,1,21866816,6,10,83efeb6a7051807221bcac813633a071eb9a578b171e6f54123b355c9f206c1a,80c8ea58d3a780b1599e49acc565693c66fdda312d6dca51378e772452fafb93,2,minimum_max_pressure,0,44127637,300000,30.0,True,solved,1.014873699983582,8089,8041,8041,32266,23827,292,45,3668,0.036773700499907136,89ceff4496dcb55bc6b294af4c4830ddee58101f2ecb4dd0ccd0575c2780b57c,True
d16-c1-h6-s21866816,16,1,21866816,6,10,83efeb6a7051807221bcac813633a071eb9a578b171e6f54123b355c9f206c1a,80c8ea58d3a780b1599e49acc565693c66fdda312d6dca51378e772452fafb93,2,random_order,0,44127637,300000,30.0,True,solved,0.9360113999573514,8387,8339,8339,33458,24736,296,45,3798,0.03237079398240894,89ceff4496dcb55bc6b294af4c4830ddee58101f2ecb4dd0ccd0575c2780b57c,True
d16-c1-h6-s21866816,16,1,21866816,6,10,83efeb6a7051807221bcac813633a071eb9a578b171e6f54123b355c9f206c1a,80c8ea58d3a780b1599e49acc565693c66fdda312d6dca51378e772452fafb93,2,all_pair_product,1,54127656,300000,30.0,True,solved,1.4597821000497788,9209,9161,9161,36732,27124,332,52,4183,0.2105355013627559,89ceff4496dcb55bc6b294af4c4830ddee58101f2ecb4dd0ccd0575c2780b57c,True
d16-c1-h6-s21866816,16,1,21866816,6,10,83efeb6a7051807221bcac813633a071eb9a578b171e6f54123b355c9f206c1a,80c8ea58d3a780b1599e49acc565693c66fdda312d6dca51378e772452fafb93,2,balance_only,1,54127656,300000,30.0,True,solved,0.8535360998939723,6937,6889,6889,27674,20449,244,37,3169,0.042571906466037035,89ceff4496dcb55bc6b294af4c4830ddee58101f2ecb4dd0ccd0575c2780b57c,True
d16-c1-h6-s21866816,16,1,21866816,6,10,83efeb6a7051807221bcac813633a071eb9a578b171e6f54123b355c9f206c1a,80c8ea58d3a780b1599e49acc565693c66fdda312d6dca51378e772452fafb93,2,lexicographic,1,54127656,300000,30.0,True,solved,0.07034390000626445,587,539,539,2336,1678,33,6,0,0.0,89ceff4496dcb55bc6b294af4c4830ddee58101f2ecb4dd0ccd0575c2780b57c,True
d16-c1-h6-s21866816,16,1,21866816,6,10,83efeb6a7051807221bcac813633a071eb9a578b171e6f54123b355c9f206c1a,80c8ea58d3a780b1599e49acc565693c66fdda312d6dca51378e772452fafb93,2,minimum_max_pressure,1,54127656,300000,30.0,True,solved,1.1185099999420345,8689,8641,8641,34660,25592,321,48,3936,0.04032190004363656,89ceff4496dcb55bc6b294af4c4830ddee58101f2ecb4dd0ccd0575c2780b57c,True
d16-c1-h6-s21866816,16,1,21866816,6,10,83efeb6a7051807221bcac813633a071eb9a578b171e6f54123b355c9f206c1a,80c8ea58d3a780b1599e49acc565693c66fdda312d6dca51378e772452fafb93,2,random_order,1,54127656,300000,30.0,True,solved,1.1240773999597877,9074,9026,9026,36200,26764,326,48,4102,0.0383472015382722,89ceff4496dcb55bc6b294af4c4830ddee58101f2ecb4dd0ccd0575c2780b57c,True
d16-c1-h6-s21866816,16,1,21866816,6,10,83efeb6a7051807221bcac813633a071eb9a578b171e6f54123b355c9f206c1a,80c8ea58d3a780b1599e49acc565693c66fdda312d6dca51378e772452fafb93,2,all_pair_product,2,64127675,300000,30.0,True,solved,1.3954696001019329,9172,9124,9124,36584,27012,332,52,4168,0.20065089885611087,89ceff4496dcb55bc6b294af4c4830ddee58101f2ecb4dd0ccd0575c2780b57c,True
d16-c1-h6-s21866816,16,1,21866816,6,10,83efeb6a7051807221bcac813633a071eb9a578b171e6f54123b355c9f206c1a,80c8ea58d3a780b1599e49acc565693c66fdda312d6dca51378e772452fafb93,2,balance_only,2,64127675,300000,30.0,True,solved,0.9803242000052705,8072,8024,8024,32202,23800,286,43,3685,0.04905770055484027,89ceff4496dcb55bc6b294af4c4830ddee58101f2ecb4dd0ccd0575c2780b57c,True
d16-c1-h6-s21866816,16,1,21866816,6,10,83efeb6a7051807221bcac813633a071eb9a578b171e6f54123b355c9f206c1a,80c8ea58d3a780b1599e49acc565693c66fdda312d6dca51378e772452fafb93,2,lexicographic,2,64127675,300000,30.0,True,solved,0.07344690000172704,587,539,539,2336,1678,33,6,0,0.0,89ceff4496dcb55bc6b294af4c4830ddee58101f2ecb4dd0ccd0575c2780b57c,True
d16-c1-h6-s21866816,16,1,21866816,6,10,83efeb6a7051807221bcac813633a071eb9a578b171e6f54123b355c9f206c1a,80c8ea58d3a780b1599e49acc565693c66fdda312d6dca51378e772452fafb93,2,minimum_max_pressure,2,64127675,300000,30.0,True,solved,1.2029671999625862,9411,9363,9363,37540,27724,345,52,4273,0.04284459806513041,89ceff4496dcb55bc6b294af4c4830ddee58101f2ecb4dd0ccd0575c2780b57c,True
d16-c1-h6-s21866816,16,1,21866816,6,10,83efeb6a7051807221bcac813633a071eb9a578b171e6f54123b355c9f206c1a,80c8ea58d3a780b1599e49acc565693c66fdda312d6dca51378e772452fafb93,2,random_order,2,64127675,300000,30.0,True,solved,1.3269923999905586,9760,9712,9712,38936,28793,346,52,4422,0.045141794136725366,89ceff4496dcb55bc6b294af4c4830ddee58101f2ecb4dd0ccd0575c2780b57c,True
d16-c1-h6-s21866816,16,1,21866816,6,10,83efeb6a7051807221bcac813633a071eb9a578b171e6f54123b355c9f206c1a,80c8ea58d3a780b1599e49acc565693c66fdda312d6dca51378e772452fafb93,4,all_pair_product,0,46127643,300000,30.0,True,solved,0.3687722999602556,729,705,705,11328,10246,212,15,98,0.016679399413987994,89ceff4496dcb55bc6b294af4c4830ddee58101f2ecb4dd0ccd0575c2780b57c,True
d16-c1-h6-s21866816,16,1,21866816,6,10,83efeb6a7051807221bcac813633a071eb9a578b171e6f54123b355c9f206c1a,80c8ea58d3a780b1599e49acc565693c66fdda312d6dca51378e772452fafb93,4,balance_only,0,46127643,300000,30.0,True,solved,0.777810400002636,2039,2015,2015,31208,28602,478,28,300,0.006855701794847846,89ceff4496dcb55bc6b294af4c4830ddee58101f2ecb4dd0ccd0575c2780b57c,True
d16-c1-h6-s21866816,16,1,21866816,6,10,83efeb6a7051807221bcac813633a071eb9a578b171e6f54123b355c9f206c1a,80c8ea58d3a780b1599e49acc565693c66fdda312d6dca51378e772452fafb93,4,lexicographic,0,46127643,300000,30.0,True,solved,0.09215059992857277,244,220,220,3704,3300,72,6,0,0.0,89ceff4496dcb55bc6b294af4c4830ddee58101f2ecb4dd0ccd0575c2780b57c,True
d16-c1-h6-s21866816,16,1,21866816,6,10,83efeb6a7051807221bcac813633a071eb9a578b171e6f54123b355c9f206c1a,80c8ea58d3a780b1599e49acc565693c66fdda312d6dca51378e772452fafb93,4,minimum_max_pressure,0,46127643,300000,30.0,True,solved,1.0588653999147937,2557,2533,2533,38832,35570,600,35,403,0.005432399571873248,89ceff4496dcb55bc6b294af4c4830ddee58101f2ecb4dd0ccd0575c2780b57c,True
d16-c1-h6-s21866816,16,1,21866816,6,10,83efeb6a7051807221bcac813633a071eb9a578b171e6f54123b355c9f206c1a,80c8ea58d3a780b1599e49acc565693c66fdda312d6dca51378e772452fafb93,4,random_order,0,46127643,300000,30.0,True,solved,1.2235732999397442,2845,2821,2821,43384,39860,616,35,429,0.0055067011853680015,89ceff4496dcb55bc6b294af4c4830ddee58101f2ecb4dd0ccd0575c2780b57c,True
d16-c1-h6-s21866816,16,1,21866816,6,10,83efeb6a7051807221bcac813633a071eb9a578b171e6f54123b355c9f206c1a,80c8ea58d3a780b1599e49acc565693c66fdda312d6dca51378e772452fafb93,4,all_pair_product,1,56127662,300000,30.0,True,solved,0.34584730002097785,729,705,705,11328,10246,212,15,98,0.016256000264547765,89ceff4496dcb55bc6b294af4c4830ddee58101f2ecb4dd0ccd0575c2780b57c,True
d16-c1-h6-s21866816,16,1,21866816,6,10,83efeb6a7051807221bcac813633a071eb9a578b171e6f54123b355c9f206c1a,80c8ea58d3a780b1599e49acc565693c66fdda312d6dca51378e772452fafb93,4,balance_only,1,56127662,300000,30.0,True,solved,1.1260795999551192,2362,2338,2338,36264,33275,537,31,333,0.009562400169670582,89ceff4496dcb55bc6b294af4c4830ddee58101f2ecb4dd0ccd0575c2780b57c,True
d16-c1-h6-s21866816,16,1,21866816,6,10,83efeb6a7051807221bcac813633a071eb9a578b171e6f54123b355c9f206c1a,80c8ea58d3a780b1599e49acc565693c66fdda312d6dca51378e772452fafb93,4,lexicographic,1,56127662,300000,30.0,True,solved,0.09607139998115599,244,220,220,3704,3300,72,6,0,0.0,89ceff4496dcb55bc6b294af4c4830ddee58101f2ecb4dd0ccd0575c2780b57c,True
d16-c1-h6-s21866816,16,1,21866816,6,10,83efeb6a7051807221bcac813633a071eb9a578b171e6f54123b355c9f206c1a,80c8ea58d3a780b1599e49acc565693c66fdda312d6dca51378e772452fafb93,4,minimum_max_pressure,1,56127662,300000,30.0,True,solved,1.1611548999790102,2747,2723,2723,41896,38357,662,38,416,0.006034900085069239,89ceff4496dcb55bc6b294af4c4830ddee58101f2ecb4dd0ccd0575c2780b57c,True
d16-c1-h6-s21866816,16,1,21866816,6,10,83efeb6a7051807221bcac813633a071eb9a578b171e6f54123b355c9f206c1a,80c8ea58d3a780b1599e49acc565693c66fdda312d6dca51378e772452fafb93,4,random_order,1,56127662,300000,30.0,True,solved,1.45892400003504,3176,3152,3152,48680,44741,677,38,453,0.006057800375856459,89ceff4496dcb55bc6b294af4c4830ddee58101f2ecb4dd0ccd0575c2780b57c,True
d16-c1-h6-s21866816,16,1,21866816,6,10,83efeb6a7051807221bcac813633a071eb9a578b171e6f54123b355c9f206c1a,80c8ea58d3a780b1599e49acc565693c66fdda312d6dca51378e772452fafb93,4,all_pair_product,2,66127681,300000,30.0,True,solved,0.5231473000021651,1040,1016,1016,16176,14706,291,19,132,0.025905300281010568,89ceff4496dcb55bc6b294af4c4830ddee58101f2ecb4dd0ccd0575c2780b57c,True
d16-c1-h6-s21866816,16,1,21866816,6,10,83efeb6a7051807221bcac813633a071eb9a578b171e6f54123b355c9f206c1a,80c8ea58d3a780b1599e49acc565693c66fdda312d6dca51378e772452fafb93,4,balance_only,2,66127681,300000,30.0,True,solved,1.2021694000577554,2569,2545,2545,39432,36176,600,34,356,0.010066200396977365,89ceff4496dcb55bc6b294af4c4830ddee58101f2ecb4dd0ccd0575c2780b57c,True
d16-c1-h6-s21866816,16,1,21866816,6,10,83efeb6a7051807221bcac813633a071eb9a578b171e6f54123b355c9f206c1a,80c8ea58d3a780b1599e49acc565693c66fdda312d6dca51378e772452fafb93,4,lexicographic,2,66127681,300000,30.0,True,solved,0.1055910000577569,244,220,220,3704,3300,72,6,0,0.0,89ceff4496dcb55bc6b294af4c4830ddee58101f2ecb4dd0ccd0575c2780b57c,True
d16-c1-h6-s21866816,16,1,21866816,6,10,83efeb6a7051807221bcac813633a071eb9a578b171e6f54123b355c9f206c1a,80c8ea58d3a780b1599e49acc565693c66fdda312d6dca51378e772452fafb93,4,minimum_max_pressure,2,66127681,300000,30.0,True,solved,1.4807978000026196,3490,3466,3466,53488,49043,843,47,494,0.00735869980417192,89ceff4496dcb55bc6b294af4c4830ddee58101f2ecb4dd0ccd0575c2780b57c,True
d16-c1-h6-s21866816,16,1,21866816,6,10,83efeb6a7051807221bcac813633a071eb9a578b171e6f54123b355c9f206c1a,80c8ea58d3a780b1599e49acc565693c66fdda312d6dca51378e772452fafb93,4,random_order,2,66127681,300000,30.0,True,solved,1.7332492000423372,3846,3822,3822,59144,54379,850,47,518,0.006874701590277255,89ceff4496dcb55bc6b294af4c4830ddee58101f2ecb4dd0ccd0575c2780b57c,True
d16-c1-h6-s21866816,16,1,21866816,6,10,83efeb6a7051807221bcac813633a071eb9a578b171e6f54123b355c9f206c1a,80c8ea58d3a780b1599e49acc565693c66fdda312d6dca51378e772452fafb93,8,all_pair_product,0,50127655,300000,30.0,True,solved,10.925592200015672,2694,2682,2682,350720,339491,7708,46,92,0.06776659993920475,89ceff4496dcb55bc6b294af4c4830ddee58101f2ecb4dd0ccd0575c2780b57c,True
d16-c1-h6-s21866816,16,1,21866816,6,10,83efeb6a7051807221bcac813633a071eb9a578b171e6f54123b355c9f206c1a,80c8ea58d3a780b1599e49acc565693c66fdda312d6dca51378e772452fafb93,8,balance_only,0,50127655,300000,30.0,True,solved,12.055064899963327,3059,3047,3047,397312,386326,7536,45,90,0.00802100042346865,89ceff4496dcb55bc6b294af4c4830ddee58101f2ecb4dd0ccd0575c2780b57c,True
d16-c1-h6-s21866816,16,1,21866816,6,10,83efeb6a7051807221bcac813633a071eb9a578b171e6f54123b355c9f206c1a,80c8ea58d3a780b1599e49acc565693c66fdda312d6dca51378e772452fafb93,8,lexicographic,0,50127655,300000,30.0,True,solved,0.8661118999589235,201,189,189,26496,25029,576,6,0,0.0,89ceff4496dcb55bc6b294af4c4830ddee58101f2ecb4dd0ccd0575c2780b57c,True
d16-c1-h6-s21866816,16,1,21866816,6,10,83efeb6a7051807221bcac813633a071eb9a578b171e6f54123b355c9f206c1a,80c8ea58d3a780b1599e49acc565693c66fdda312d6dca51378e772452fafb93,8,minimum_max_pressure,0,50127655,300000,30.0,True,solved,9.686636599944904,2443,2431,2431,317696,308177,6431,39,78,0.0031100998166948557,89ceff4496dcb55bc6b294af4c4830ddee58101f2ecb4dd0ccd0575c2780b57c,True
d16-c1-h6-s21866816,16,1,21866816,6,10,83efeb6a7051807221bcac813633a071eb9a578b171e6f54123b355c9f206c1a,80c8ea58d3a780b1599e49acc565693c66fdda312d6dca51378e772452fafb93,8,random_order,0,50127655,300000,30.0,True,solved,12.479040599893779,3053,3041,3041,396416,385686,7260,44,88,0.002757399925030768,89ceff4496dcb55bc6b294af4c4830ddee58101f2ecb4dd0ccd0575c2780b57c,True
d16-c1-h6-s21866816,16,1,21866816,6,10,83efeb6a7051807221bcac813633a071eb9a578b171e6f54123b355c9f206c1a,80c8ea58d3a780b1599e49acc565693c66fdda312d6dca51378e772452fafb93,8,all_pair_product,1,60127674,300000,30.0,True,solved,10.538114700000733,2746,2734,2734,357504,346033,7898,47,94,0.06249690009281039,89ceff4496dcb55bc6b294af4c4830ddee58101f2ecb4dd0ccd0575c2780b57c,True
d16-c1-h6-s21866816,16,1,21866816,6,10,83efeb6a7051807221bcac813633a071eb9a578b171e6f54123b355c9f206c1a,80c8ea58d3a780b1599e49acc565693c66fdda312d6dca51378e772452fafb93,8,balance_only,1,60127674,300000,30.0,True,solved,12.014812399982475,3019,3007,3007,392064,381321,7345,44,88,0.008403199724853039,89ceff4496dcb55bc6b294af4c4830ddee58101f2ecb4dd0ccd0575c2780b57c,True
d16-c1-h6-s21866816,16,1,21866816,6,10,83efeb6a7051807221bcac813633a071eb9a578b171e6f54123b355c9f206c1a,80c8ea58d3a780b1599e49acc565693c66fdda312d6dca51378e772452fafb93,8,lexicographic,1,60127674,300000,30.0,True,solved,0.840518599958159,201,189,189,26496,25029,576,6,0,0.0,89ceff4496dcb55bc6b294af4c4830ddee58101f2ecb4dd0ccd0575c2780b57c,True
d16-c1-h6-s21866816,16,1,21866816,6,10,83efeb6a7051807221bcac813633a071eb9a578b171e6f54123b355c9f206c1a,80c8ea58d3a780b1599e49acc565693c66fdda312d6dca51378e772452fafb93,8,minimum_max_pressure,1,60127674,300000,30.0,True,solved,10.172188199940138,2689,2677,2677,349696,339201,7180,43,86,0.0030890993075445294,89ceff4496dcb55bc6b294af4c4830ddee58101f2ecb4dd0ccd0575c2780b57c,True
d16-c1-h6-s21866816,16,1,21866816,6,10,83efeb6a7051807221bcac813633a071eb9a578b171e6f54123b355c9f206c1a,80c8ea58d3a780b1599e49acc565693c66fdda312d6dca51378e772452fafb93,8,random_order,1,60127674,300000,30.0,True,solved,12.987256599939428,3357,3345,3345,435712,424245,7822,47,94,0.0027057999977841973,89ceff4496dcb55bc6b294af4c4830ddee58101f2ecb4dd0ccd0575c2780b57c,True
d16-c1-h6-s21866816,16,1,21866816,6,10,83efeb6a7051807221bcac813633a071eb9a578b171e6f54123b355c9f206c1a,80c8ea58d3a780b1599e49acc565693c66fdda312d6dca51378e772452fafb93,8,all_pair_product,2,70127693,300000,30.0,True,solved,10.094773499993607,2694,2682,2682,350720,339491,7708,46,92,0.056138500454835594,89ceff4496dcb55bc6b294af4c4830ddee58101f2ecb4dd0ccd0575c2780b57c,True
d16-c1-h6-s21866816,16,1,21866816,6,10,83efeb6a7051807221bcac813633a071eb9a578b171e6f54123b355c9f206c1a,80c8ea58d3a780b1599e49acc565693c66fdda312d6dca51378e772452fafb93,8,balance_only,2,70127693,300000,30.0,True,solved,6.53779700002633,1806,1794,1794,234752,227913,4597,28,56,0.006021799985319376,89ceff4496dcb55bc6b294af4c4830ddee58101f2ecb4dd0ccd0575c2780b57c,True
d16-c1-h6-s21866816,16,1,21866816,6,10,83efeb6a7051807221bcac813633a071eb9a578b171e6f54123b355c9f206c1a,80c8ea58d3a780b1599e49acc565693c66fdda312d6dca51378e772452fafb93,8,lexicographic,2,70127693,300000,30.0,True,solved,0.7933125999988988,201,189,189,26496,25029,576,6,0,0.0,89ceff4496dcb55bc6b294af4c4830ddee58101f2ecb4dd0ccd0575c2780b57c,True
d16-c1-h6-s21866816,16,1,21866816,6,10,83efeb6a7051807221bcac813633a071eb9a578b171e6f54123b355c9f206c1a,80c8ea58d3a780b1599e49acc565693c66fdda312d6dca51378e772452fafb93,8,minimum_max_pressure,2,70127693,300000,30.0,True,solved,7.543532000039704,2044,2032,2032,266112,257565,5717,35,70,0.0025738999247550964,89ceff4496dcb55bc6b294af4c4830ddee58101f2ecb4dd0ccd0575c2780b57c,True
d16-c1-h6-s21866816,16,1,21866816,6,10,83efeb6a7051807221bcac813633a071eb9a578b171e6f54123b355c9f206c1a,80c8ea58d3a780b1599e49acc565693c66fdda312d6dca51378e772452fafb93,8,random_order,2,70127693,300000,30.0,True,solved,0.9057398000732064,261,249,249,34304,32591,770,7,14,0.0005844003753736615,89ceff4496dcb55bc6b294af4c4830ddee58101f2ecb4dd0ccd0575c2780b57c,True
d16-c2-h6-s21866817,16,2,21866817,6,10,abdd2f849136dbd21ce7bba431de9892aaf7d51c8f12cd8081a30bd9274ba532,6c740f23759133b475c266b3efbf3ab8158f049b493548a50a390f8cb687a21f,2,all_pair_product,0,44127638,300000,30.0,True,solved,0.7626111999852583,5664,5616,5616,22576,16596,245,40,2560,0.11209909711033106,e281b7f7ed1242b76ebb29bf82532430bfb46b360dad8deaff938e5184eee03f,True
d16-c2-h6-s21866817,16,2,21866817,6,10,abdd2f849136dbd21ce7bba431de9892aaf7d51c8f12cd8081a30bd9274ba532,6c740f23759133b475c266b3efbf3ab8158f049b493548a50a390f8cb687a21f,2,balance_only,0,44127638,300000,30.0,True,solved,0.8643693999620155,6575,6527,6527,26216,19323,273,42,2956,0.04211519891396165,e281b7f7ed1242b76ebb29bf82532430bfb46b360dad8deaff938e5184eee03f,True
d16-c2-h6-s21866817,16,2,21866817,6,10,abdd2f849136dbd21ce7bba431de9892aaf7d51c8f12cd8081a30bd9274ba532,6c740f23759133b475c266b3efbf3ab8158f049b493548a50a390f8cb687a21f,2,lexicographic,0,44127638,300000,30.0,True,solved,0.07624860003124923,603,555,555,2400,1725,30,6,0,0.0,e281b7f7ed1242b76ebb29bf82532430bfb46b360dad8deaff938e5184eee03f,True
d16-c2-h6-s21866817,16,2,21866817,6,10,abdd2f849136dbd21ce7bba431de9892aaf7d51c8f12cd8081a30bd9274ba532,6c740f23759133b475c266b3efbf3ab8158f049b493548a50a390f8cb687a21f,2,minimum_max_pressure,0,44127638,300000,30.0,True,solved,0.544245500001125,4164,4116,4116,16596,12194,179,30,1889,0.019302402972243726,e281b7f7ed1242b76ebb29bf82532430bfb46b360dad8deaff938e5184eee03f,True
d16-c2-h6-s21866817,16,2,21866817,6,10,abdd2f849136dbd21ce7bba431de9892aaf7d51c8f12cd8081a30bd9274ba532,6c740f23759133b475c266b3efbf3ab8158f049b493548a50a390f8cb687a21f,2,random_order,0,44127638,300000,30.0,True,solved,0.6104250999633223,4401,4353,4353,17544,12913,189,30,1991,0.020662698312662542,e281b7f7ed1242b76ebb29bf82532430bfb46b360dad8deaff938e5184eee03f,True
d16-c2-h6-s21866817,16,2,21866817,6,10,abdd2f849136dbd21ce7bba431de9892aaf7d51c8f12cd8081a30bd9274ba532,6c740f23759133b475c266b3efbf3ab8158f049b493548a50a390f8cb687a21f,2,all_pair_product,1,54127657,300000,30.0,True,solved,0.7923175999894738,5875,5827,5827,23418,17221,252,41,2655,0.11597739835269749,e281b7f7ed1242b76ebb29bf82532430bfb46b360dad8deaff938e5184eee03f,True
d16-c2-h6-s21866817,16,2,21866817,6,10,abdd2f849136dbd21ce7bba431de9892aaf7d51c8f12cd8081a30bd9274ba532,6c740f23759133b475c266b3efbf3ab8158f049b493548a50a390f8cb687a21f,2,balance_only,1,54127657,300000,30.0,True,solved,0.8879617999773473,6713,6665,6665,26768,19742,268,42,3017,0.042902995366603136,e281b7f7ed1242b76ebb29bf82532430bfb46b360dad8deaff938e5184eee03f,True
d16-c2-h6-s21866817,16,2,21866817,6,10,abdd2f849136dbd21ce7bba431de9892aaf7d51c8f12cd8081a30bd9274ba532,6c740f23759133b475c266b3efbf3ab8158f049b493548a50a390f8cb687a21f,2,lexicographic,1,54127657,300000,30.0,True,solved,0.05663460004143417,603,555,555,2400,1725,30,6,0,0.0,e281b7f7ed1242b76ebb29bf82532430bfb46b360dad8deaff938e5184eee03f,True
d16-c2-h6-s21866817,16,2,21866817,6,10,abdd2f849136dbd21ce7bba431de9892aaf7d51c8f12cd8081a30bd9274ba532,6c740f23759133b475c266b3efbf3ab8158f049b493548a50a390f8cb687a21f,2,minimum_max_pressure,1,54127657,300000,30.0,True,solved,0.40940980007871985,3509,3461,3461,13988,10288,136,24,1589,0.01491280016489327,e281b7f7ed1242b76ebb29bf82532430bfb46b360dad8deaff938e5184eee03f,True
d16-c2-h6-s21866817,16,2,21866817,6,10,abdd2f849136dbd21ce7bba431de9892aaf7d51c8f12cd8081a30bd9274ba532,6c740f23759133b475c266b3efbf3ab8158f049b493548a50a390f8cb687a21f,2,random_order,1,54127657,300000,30.0,True,solved,0.42493139998987317,3642,3594,3594,14520,10695,140,24,1644,0.01467600092291832,e281b7f7ed1242b76ebb29bf82532430bfb46b360dad8deaff938e5184eee03f,True
d16-c2-h6-s21866817,16,2,21866817,6,10,abdd2f849136dbd21ce7bba431de9892aaf7d51c8f12cd8081a30bd9274ba532,6c740f23759133b475c266b3efbf3ab8158f049b493548a50a390f8cb687a21f,2,all_pair_product,2,64127676,300000,30.0,True,solved,1.191192000056617,8137,8089,8089,32440,23893,339,54,3651,0.17230270022992045,e281b7f7ed1242b76ebb29bf82532430bfb46b360dad8deaff938e5184eee03f,True
d16-c2-h6-s21866817,16,2,21866817,6,10,abdd2f849136dbd21ce7bba431de9892aaf7d51c8f12cd8081a30bd9274ba532,6c740f23759133b475c266b3efbf3ab8158f049b493548a50a390f8cb687a21f,2,balance_only,2,64127676,300000,30.0,True,solved,1.2209555000299588,9531,9483,9483,38008,28056,380,58,4263,0.05930049973540008,e281b7f7ed1242b76ebb29bf82532430bfb46b360dad8deaff938e5184eee03f,True
d16-c2-h6-s21866817,16,2,21866817,6,10,abdd2f849136dbd21ce7bba431de9892aaf7d51c8f12cd8081a30bd9274ba532,6c740f23759133b475c266b3efbf3ab8158f049b493548a50a390f8cb687a21f,2,lexicographic,2,64127676,300000,30.0,True,solved,0.08883120003156364,603,555,555,2400,1725,30,6,0,0.0,e281b7f7ed1242b76ebb29bf82532430bfb46b360dad8deaff938e5184eee03f,True
d16-c2-h6-s21866817,16,2,21866817,6,10,abdd2f849136dbd21ce7bba431de9892aaf7d51c8f12cd8081a30bd9274ba532,6c740f23759133b475c266b3efbf3ab8158f049b493548a50a390f8cb687a21f,2,minimum_max_pressure,2,64127676,300000,30.0,True,solved,1.0835583000443876,9123,9075,9075,36378,26839,364,57,4082,0.03874090639874339,e281b7f7ed1242b76ebb29bf82532430bfb46b360dad8deaff938e5184eee03f,True
d16-c2-h6-s21866817,16,2,21866817,6,10,abdd2f849136dbd21ce7bba431de9892aaf7d51c8f12cd8081a30bd9274ba532,6c740f23759133b475c266b3efbf3ab8158f049b493548a50a390f8cb687a21f,2,random_order,2,64127676,300000,30.0,True,solved,1.076274499995634,9414,9366,9366,37542,27723,373,57,4203,0.03710079926531762,e281b7f7ed1242b76ebb29bf82532430bfb46b360dad8deaff938e5184eee03f,True
d16-c2-h6-s21866817,16,2,21866817,6,10,abdd2f849136dbd21ce7bba431de9892aaf7d51c8f12cd8081a30bd9274ba532,6c740f23759133b475c266b3efbf3ab8158f049b493548a50a390f8cb687a21f,4,all_pair_product,0,46127644,300000,30.0,True,solved,0.4156065999995917,1097,1073,1073,16640,15091,308,22,188,0.020320599782280624,e281b7f7ed1242b76ebb29bf82532430bfb46b360dad8deaff938e5184eee03f,True
d16-c2-h6-s21866817,16,2,21866817,6,10,abdd2f849136dbd21ce7bba431de9892aaf7d51c8f12cd8081a30bd9274ba532,6c740f23759133b475c266b3efbf3ab8158f049b493548a50a390f8cb687a21f,4,balance_only,0,46127644,300000,30.0,True,solved,1.4185504000633955,3675,3651,3651,56304,51757,804,51,538,0.012811703025363386,e281b7f7ed1242b76ebb29bf82532430bfb46b360dad8deaff938e5184eee03f,True
d16-c2-h6-s21866817,16,2,21866817,6,10,abdd2f849136dbd21ce7bba431de9892aaf7d51c8f12cd8081a30bd9274ba532,6c740f23759133b475c266b3efbf3ab8158f049b493548a50a390f8cb687a21f,4,lexicographic,0,46127644,300000,30.0,True,solved,0.11224179994314909,262,238,238,4048,3620,75,6,0,0.0,e281b7f7ed1242b76ebb29bf82532430bfb46b360dad8deaff938e5184eee03f,True
d16-c2-h6-s21866817,16,2,21866817,6,10,abdd2f849136dbd21ce7bba431de9892aaf7d51c8f12cd8081a30bd9274ba532,6c740f23759133b475c266b3efbf3ab8158f049b493548a50a390f8cb687a21f,4,minimum_max_pressure,0,46127644,300000,30.0,True,solved,0.936426000087522,2628,2604,2604,40128,36725,652,43,411,0.0050266009056940675,e281b7f7ed1242b76ebb29bf82532430bfb46b360dad8deaff938e5184eee03f,True
d16-c2-h6-s21866817,16,2,21866817,6,10,abdd2f849136dbd21ce7bba431de9892aaf7d51c8f12cd8081a30bd9274ba532,6c740f23759133b475c266b3efbf3ab8158f049b493548a50a390f8cb687a21f,4,random_order,0,46127644,300000,30.0,True,solved,1.2022377999965101,3114,3090,3090,47664,43841,657,43,459,0.005321099539287388,e281b7f7ed1242b76ebb29bf82532430bfb46b360dad8deaff938e5184eee03f,True
d16-c2-h6-s21866817,16,2,21866817,6,10,abdd2f849136dbd21ce7bba431de9892aaf7d51c8f12cd8081a30bd9274ba532,6c740f23759133b475c266b3efbf3ab8158f049b493548a50a390f8cb687a21f,4,all_pair_product,1,56127663,300000,30.0,True,solved,0.7590875999303535,1682,1658,1658,25712,23425,463,31,272,0.03350829868577421,e281b7f7ed1242b76ebb29bf82532430bfb46b360dad8deaff938e5184eee03f,True
d16-c2-h6-s21866817,16,2,21866817,6,10,abdd2f849136dbd21ce7bba431de9892aaf7d51c8f12cd8081a30bd9274ba532,6c740f23759133b475c266b3efbf3ab8158f049b493548a50a390f8cb687a21f,4,balance_only,1,56127663,300000,30.0,True,solved,1.0466680999379605,2503,2479,2479,38360,35219,566,36,371,0.009381501586176455,e281b7f7ed1242b76ebb29bf82532430bfb46b360dad8deaff938e5184eee03f,True
d16-c2-h6-s21866817,16,2,21866817,6,10,abdd2f849136dbd21ce7bba431de9892aaf7d51c8f12cd8081a30bd9274ba532,6c740f23759133b475c266b3efbf3ab8158f049b493548a50a390f8cb687a21f,4,lexicographic,1,56127663,300000,30.0,True,solved,0.09315530001185834,262,238,238,4048,3620,75,6,0,0.0,e281b7f7ed1242b76ebb29bf82532430bfb46b360dad8deaff938e5184eee03f,True
d16-c2-h6-s21866817,16,2,21866817,6,10,abdd2f849136dbd21ce7bba431de9892aaf7d51c8f12cd8081a30bd9274ba532,6c740f23759133b475c266b3efbf3ab8158f049b493548a50a390f8cb687a21f,4,minimum_max_pressure,1,56127663,300000,30.0,True,solved,0.5083347000181675,1318,1294,1294,20288,18474,368,26,208,0.0026666009798645973,e281b7f7ed1242b76ebb29bf82532430bfb46b360dad8deaff938e5184eee03f,True
d16-c2-h6-s21866817,16,2,21866817,6,10,abdd2f849136dbd21ce7bba431de9892aaf7d51c8f12cd8081a30bd9274ba532,6c740f23759133b475c266b3efbf3ab8158f049b493548a50a390f8cb687a21f,4,random_order,1,56127663,300000,30.0,True,solved,0.6515293000265956,1640,1616,1616,25240,23116,406,26,245,0.0029170986963436007,e281b7f7ed1242b76ebb29bf82532430bfb46b360dad8deaff938e5184eee03f,True
d16-c2-h6-s21866817,16,2,21866817,6,10,abdd2f849136dbd21ce7bba431de9892aaf7d51c8f12cd8081a30bd9274ba532,6c740f23759133b475c266b3efbf3ab8158f049b493548a50a390f8cb687a21f,4,all_pair_product,2,66127682,300000,30.0,True,solved,0.7866675000404939,1682,1658,1658,25712,23425,463,31,272,0.037848101230338216,e281b7f7ed1242b76ebb29bf82532430bfb46b360dad8deaff938e5184eee03f,True
d16-c2-h6-s21866817,16,2,21866817,6,10,abdd2f849136dbd21ce7bba431de9892aaf7d51c8f12cd8081a30bd9274ba532,6c740f23759133b475c266b3efbf3ab8158f049b493548a50a390f8cb687a21f,4,balance_only,2,66127682,300000,30.0,True,solved,1.519540699897334,3745,3721,3721,57528,52886,831,52,538,0.013342701713554561,e281b7f7ed1242b76ebb29bf82532430bfb46b360dad8deaff938e5184eee03f,True
d16-c2-h6-s21866817,16,2,21866817,6,10,abdd2f849136dbd21ce7bba431de9892aaf7d51c8f12cd8081a30bd9274ba532,6c740f23759133b475c266b3efbf3ab8158f049b493548a50a390f8cb687a21f,4,lexicographic,2,66127682,300000,30.0,True,solved,0.10479250003118068,262,238,238,4048,3620,75,6,0,0.0,e281b7f7ed1242b76ebb29bf82532430bfb46b360dad8deaff938e5184eee03f,True
d16-c2-h6-s21866817,16,2,21866817,6,10,abdd2f849136dbd21ce7bba431de9892aaf7d51c8f12cd8081a30bd9274ba532,6c740f23759133b475c266b3efbf3ab8158f049b493548a50a390f8cb687a21f,4,minimum_max_pressure,2,66127682,300000,30.0,True,solved,1.1800173999508843,2848,2824,2824,43832,40143,714,47,419,0.005798000958748162,e281b7f7ed1242b76ebb29bf82532430bfb46b360dad8deaff938e5184eee03f,True
d16-c2-h6-s21866817,16,2,21866817,6,10,abdd2f849136dbd21ce7bba431de9892aaf7d51c8f12cd8081a30bd9274ba532,6c740f23759133b475c266b3efbf3ab8158f049b493548a50a390f8cb687a21f,4,random_order,2,66127682,300000,30.0,True,solved,1.3110138999763876,3419,3395,3395,52704,48472,744,47,477,0.005546498810872436,e281b7f7ed1242b76ebb29bf82532430bfb46b360dad8deaff938e5184eee03f,True
d16-c2-h6-s21866817,16,2,21866817,6,10,abdd2f849136dbd21ce7bba431de9892aaf7d51c8f12cd8081a30bd9274ba532,6c740f23759133b475c266b3efbf3ab8158f049b493548a50a390f8cb687a21f,8,all_pair_product,0,50127656,300000,30.0,True,solved,4.509534800075926,1065,1053,1053,139648,133305,4367,26,52,0.032384699676185846,e281b7f7ed1242b76ebb29bf82532430bfb46b360dad8deaff938e5184eee03f,True
d16-c2-h6-s21866817,16,2,21866817,6,10,abdd2f849136dbd21ce7bba431de9892aaf7d51c8f12cd8081a30bd9274ba532,6c740f23759133b475c266b3efbf3ab8158f049b493548a50a390f8cb687a21f,8,balance_only,0,50127656,300000,30.0,True,solved,7.251187100075185,1799,1787,1787,234752,226211,6134,35,70,0.006490300293080509,e281b7f7ed1242b76ebb29bf82532430bfb46b360dad8deaff938e5184eee03f,True
d16-c2-h6-s21866817,16,2,21866817,6,10,abdd2f849136dbd21ce7bba431de9892aaf7d51c8f12cd8081a30bd9274ba532,6c740f23759133b475c266b3efbf3ab8158f049b493548a50a390f8cb687a21f,8,lexicographic,0,50127656,300000,30.0,True,solved,0.8664757999358699,224,212,212,29440,27973,523,6,0,0.0,e281b7f7ed1242b76ebb29bf82532430bfb46b360dad8deaff938e5184eee03f,True
d16-c2-h6-s21866817,16,2,21866817,6,10,abdd2f849136dbd21ce7bba431de9892aaf7d51c8f12cd8081a30bd9274ba532,6c740f23759133b475c266b3efbf3ab8158f049b493548a50a390f8cb687a21f,8,minimum_max_pressure,0,50127656,300000,30.0,True,solved,7.95903939998243,2003,1991,1991,261632,251622,7197,41,82,0.0032597994431853294,e281b7f7ed1242b76ebb29bf82532430bfb46b360dad8deaff938e5184eee03f,True
d16-c2-h6-s21866817,16,2,21866817,6,10,abdd2f849136dbd21ce7bba431de9892aaf7d51c8f12cd8081a30bd9274ba532,6c740f23759133b475c266b3efbf3ab8158f049b493548a50a390f8cb687a21f,8,random_order,0,50127656,300000,30.0,True,solved,5.083185399998911,1287,1275,1275,167808,161953,4031,24,48,0.0012537000002339482,e281b7f7ed1242b76ebb29bf82532430bfb46b360dad8deaff938e5184eee03f,True
d16-c2-h6-s21866817,16,2,21866817,6,10,abdd2f849136dbd21ce7bba431de9892aaf7d51c8f12cd8081a30bd9274ba532,6c740f23759133b475c266b3efbf3ab8158f049b493548a50a390f8cb687a21f,8,all_pair_product,1,60127675,300000,30.0,True,solved,4.433451500022784,1067,1055,1055,139904,133561,4367,26,52,0.03138490079436451,e281b7f7ed1242b76ebb29bf82532430bfb46b360dad8deaff938e5184eee03f,True
d16-c2-h6-s21866817,16,2,21866817,6,10,abdd2f849136dbd21ce7bba431de9892aaf7d51c8f12cd8081a30bd9274ba532,6c740f23759133b475c266b3efbf3ab8158f049b493548a50a390f8cb687a21f,8,balance_only,1,60127675,300000,30.0,True,solved,7.8762665000976995,2022,2010,2010,263808,254289,6908,39,78,0.006863100221380591,e281b7f7ed1242b76ebb29bf82532430bfb46b360dad8deaff938e5184eee03f,True
d16-c2-h6-s21866817,16,2,21866817,6,10,abdd2f849136dbd21ce7bba431de9892aaf7d51c8f12cd8081a30bd9274ba532,6c740f23759133b475c266b3efbf3ab8158f049b493548a50a390f8cb687a21f,8,lexicographic,1,60127675,300000,30.0,True,solved,0.8064839000580832,224,212,212,29440,27973,523,6,0,0.0,e281b7f7ed1242b76ebb29bf82532430bfb46b360dad8deaff938e5184eee03f,True
d16-c2-h6-s21866817,16,2,21866817,6,10,abdd2f849136dbd21ce7bba431de9892aaf7d51c8f12cd8081a30bd9274ba532,6c740f23759133b475c266b3efbf3ab8158f049b493548a50a390f8cb687a21f,8,minimum_max_pressure,1,60127675,300000,30.0,True,solved,12.289392300066538,3247,3235,3235,423296,408650,10695,60,120,0.004348200047388673,e281b7f7ed1242b76ebb29bf82532430bfb46b360dad8deaff938e5184eee03f,True
d16-c2-h6-s21866817,16,2,21866817,6,10,abdd2f849136dbd21ce7bba431de9892aaf7d51c8f12cd8081a30bd9274ba532,6c740f23759133b475c266b3efbf3ab8158f049b493548a50a390f8cb687a21f,8,random_order,1,60127675,300000,30.0,True,solved,12.425205599982291,3369,3357,3357,438400,424737,9966,56,112,0.0027670995332300663,e281b7f7ed1242b76ebb29bf82532430bfb46b360dad8deaff938e5184eee03f,True
d16-c2-h6-s21866817,16,2,21866817,6,10,abdd2f849136dbd21ce7bba431de9892aaf7d51c8f12cd8081a30bd9274ba532,6c740f23759133b475c266b3efbf3ab8158f049b493548a50a390f8cb687a21f,8,all_pair_product,2,70127694,300000,30.0,True,solved,4.242900100070983,1068,1056,1056,140032,133689,4367,26,52,0.0329574003117159,e281b7f7ed1242b76ebb29bf82532430bfb46b360dad8deaff938e5184eee03f,True
d16-c2-h6-s21866817,16,2,21866817,6,10,abdd2f849136dbd21ce7bba431de9892aaf7d51c8f12cd8081a30bd9274ba532,6c740f23759133b475c266b3efbf3ab8158f049b493548a50a390f8cb687a21f,8,balance_only,2,70127694,300000,30.0,True,solved,6.958367699990049,1877,1865,1865,244736,236194,6091,35,70,0.005293899797834456,e281b7f7ed1242b76ebb29bf82532430bfb46b360dad8deaff938e5184eee03f,True
d16-c2-h6-s21866817,16,2,21866817,6,10,abdd2f849136dbd21ce7bba431de9892aaf7d51c8f12cd8081a30bd9274ba532,6c740f23759133b475c266b3efbf3ab8158f049b493548a50a390f8cb687a21f,8,lexicographic,2,70127694,300000,30.0,True,solved,0.9159590000053868,224,212,212,29440,27973,523,6,0,0.0,e281b7f7ed1242b76ebb29bf82532430bfb46b360dad8deaff938e5184eee03f,True
d16-c2-h6-s21866817,16,2,21866817,6,10,abdd2f849136dbd21ce7bba431de9892aaf7d51c8f12cd8081a30bd9274ba532,6c740f23759133b475c266b3efbf3ab8158f049b493548a50a390f8cb687a21f,8,minimum_max_pressure,2,70127694,300000,30.0,True,solved,11.548963799956255,3110,3098,3098,405376,391463,10093,57,114,0.003845700528472662,e281b7f7ed1242b76ebb29bf82532430bfb46b360dad8deaff938e5184eee03f,True
d16-c2-h6-s21866817,16,2,21866817,6,10,abdd2f849136dbd21ce7bba431de9892aaf7d51c8f12cd8081a30bd9274ba532,6c740f23759133b475c266b3efbf3ab8158f049b493548a50a390f8cb687a21f,8,random_order,2,70127694,300000,30.0,True,solved,12.77815690007992,3426,3414,3414,445568,432150,9750,55,110,0.0027973995311185718,e281b7f7ed1242b76ebb29bf82532430bfb46b360dad8deaff938e5184eee03f,True
d16-c3-h6-s21866818,16,3,21866818,6,10,aa36838f7ba9fffb358fb0923ef550233bebb9e3d5267fc9e0fe723f7cc6ac07,99fd1d3867001450f5bb49d404b1ebf18bb1a4e57d09dd4c5b1f20beb60899bb,2,all_pair_product,0,44127639,300000,30.0,True,solved,0.762608400080353,5388,5340,5340,21474,15764,247,39,2455,0.11172660253942013,2557890da0617d0b6cefe3634ee3ab48fa917abbb4a0f32fe7b4802be9f46b6f,True
d16-c3-h6-s21866818,16,3,21866818,6,10,aa36838f7ba9fffb358fb0923ef550233bebb9e3d5267fc9e0fe723f7cc6ac07,99fd1d3867001450f5bb49d404b1ebf18bb1a4e57d09dd4c5b1f20beb60899bb,2,balance_only,0,44127639,300000,30.0,True,solved,1.0489394000032917,8490,8442,8442,33852,24966,353,54,3851,0.051656302297487855,2557890da0617d0b6cefe3634ee3ab48fa917abbb4a0f32fe7b4802be9f46b6f,True
d16-c3-h6-s21866818,16,3,21866818,6,10,aa36838f7ba9fffb358fb0923ef550233bebb9e3d5267fc9e0fe723f7cc6ac07,99fd1d3867001450f5bb49d404b1ebf18bb1a4e57d09dd4c5b1f20beb60899bb,2,lexicographic,0,44127639,300000,30.0,True,solved,0.06913119996897876,611,563,563,2432,1749,27,6,0,0.0,2557890da0617d0b6cefe3634ee3ab48fa917abbb4a0f32fe7b4802be9f46b6f,True
d16-c3-h6-s21866818,16,3,21866818,6,10,aa36838f7ba9fffb358fb0923ef550233bebb9e3d5267fc9e0fe723f7cc6ac07,99fd1d3867001450f5bb49d404b1ebf18bb1a4e57d09dd4c5b1f20beb60899bb,2,minimum_max_pressure,0,44127639,300000,30.0,True,solved,0.3913817999418825,3043,2995,2995,12124,8874,141,24,1410,0.014362097368575633,2557890da0617d0b6cefe3634ee3ab48fa917abbb4a0f32fe7b4802be9f46b6f,True
d16-c3-h6-s21866818,16,3,21866818,6,10,aa36838f7ba9fffb358fb0923ef550233bebb9e3d5267fc9e0fe723f7cc6ac07,99fd1d3867001450f5bb49d404b1ebf18bb1a4e57d09dd4c5b1f20beb60899bb,2,random_order,0,44127639,300000,30.0,True,solved,0.4387172000715509,3443,3395,3395,13724,10096,145,24,1581,0.015211101155728102,2557890da0617d0b6cefe3634ee3ab48fa917abbb4a0f32fe7b4802be9f46b6f,True
d16-c3-h6-s21866818,16,3,21866818,6,10,aa36838f7ba9fffb358fb0923ef550233bebb9e3d5267fc9e0fe723f7cc6ac07,99fd1d3867001450f5bb49d404b1ebf18bb1a4e57d09dd4c5b1f20beb60899bb,2,all_pair_product,1,54127658,300000,30.0,True,solved,0.6985917999409139,4930,4882,4882,19648,14417,224,36,2248,0.10349570296239108,2557890da0617d0b6cefe3634ee3ab48fa917abbb4a0f32fe7b4802be9f46b6f,True
d16-c3-h6-s21866818,16,3,21866818,6,10,aa36838f7ba9fffb358fb0923ef550233bebb9e3d5267fc9e0fe723f7cc6ac07,99fd1d3867001450f5bb49d404b1ebf18bb1a4e57d09dd4c5b1f20beb60899bb,2,balance_only,1,54127658,300000,30.0,True,solved,0.7545114000095055,6558,6510,6510,26148,19280,266,42,2965,0.0372359030880034,2557890da0617d0b6cefe3634ee3ab48fa917abbb4a0f32fe7b4802be9f46b6f,True
d16-c3-h6-s21866818,16,3,21866818,6,10,aa36838f7ba9fffb358fb0923ef550233bebb9e3d5267fc9e0fe723f7cc6ac07,99fd1d3867001450f5bb49d404b1ebf18bb1a4e57d09dd4c5b1f20beb60899bb,2,lexicographic,1,54127658,300000,30.0,True,solved,0.05613539996556938,611,563,563,2432,1749,27,6,0,0.0,2557890da0617d0b6cefe3634ee3ab48fa917abbb4a0f32fe7b4802be9f46b6f,True
d16-c3-h6-s21866818,16,3,21866818,6,10,aa36838f7ba9fffb358fb0923ef550233bebb9e3d5267fc9e0fe723f7cc6ac07,99fd1d3867001450f5bb49d404b1ebf18bb1a4e57d09dd4c5b1f20beb60899bb,2,minimum_max_pressure,1,54127658,300000,30.0,True,solved,0.07048420002683997,643,595,595,2554,1811,31,9,306,0.002739599673077464,2557890da0617d0b6cefe3634ee3ab48fa917abbb4a0f32fe7b4802be9f46b6f,True
d16-c3-h6-s21866818,16,3,21866818,6,10,aa36838f7ba9fffb358fb0923ef550233bebb9e3d5267fc9e0fe723f7cc6ac07,99fd1d3867001450f5bb49d404b1ebf18bb1a4e57d09dd4c5b1f20beb60899bb,2,random_order,1,54127658,300000,30.0,True,solved,0.11588030005805194,1039,991,991,4138,3028,31,9,478,0.004155398346483707,2557890da0617d0b6cefe3634ee3ab48fa917abbb4a0f32fe7b4802be9f46b6f,True
d16-c3-h6-s21866818,16,3,21866818,6,10,aa36838f7ba9fffb358fb0923ef550233bebb9e3d5267fc9e0fe723f7cc6ac07,99fd1d3867001450f5bb49d404b1ebf18bb1a4e57d09dd4c5b1f20beb60899bb,2,all_pair_product,2,64127677,300000,30.0,True,solved,0.7551298999460414,5042,4994,4994,20094,14744,232,37,2299,0.11036490218248218,2557890da0617d0b6cefe3634ee3ab48fa917abbb4a0f32fe7b4802be9f46b6f,True
d16-c3-h6-s21866818,16,3,21866818,6,10,aa36838f7ba9fffb358fb0923ef550233bebb9e3d5267fc9e0fe723f7cc6ac07,99fd1d3867001450f5bb49d404b1ebf18bb1a4e57d09dd4c5b1f20beb60899bb,2,balance_only,2,64127677,300000,30.0,True,solved,0.9773507000645623,8334,8286,8286,33228,24494,351,54,3780,0.04825650155544281,2557890da0617d0b6cefe3634ee3ab48fa917abbb4a0f32fe7b4802be9f46b6f,True
d16-c3-h6-s21866818,16,3,21866818,6,10,aa36838f7ba9fffb358fb0923ef550233bebb9e3d5267fc9e0fe723f7cc6ac07,99fd1d3867001450f5bb49d404b1ebf18bb1a4e57d09dd4c5b1f20beb60899bb,2,lexicographic,2,64127677,300000,30.0,True,solved,0.10950939997565001,611,563,563,2432,1749,27,6,0,0.0,2557890da0617d0b6cefe3634ee3ab48fa917abbb4a0f32fe7b4802be9f46b6f,True
d16-c3-h6-s21866818,16,3,21866818,6,10,aa36838f7ba9fffb358fb0923ef550233bebb9e3d5267fc9e0fe723f7cc6ac07,99fd1d3867001450f5bb49d404b1ebf18bb1a4e57d09dd4c5b1f20beb60899bb,2,minimum_max_pressure,2,64127677,300000,30.0,True,solved,0.3074534999905154,2558,2510,2510,10188,7435,124,22,1194,0.011223202338442206,2557890da0617d0b6cefe3634ee3ab48fa917abbb4a0f32fe7b4802be9f46b6f,True
d16-c3-h6-s21866818,16,3,21866818,6,10,aa36838f7ba9fffb358fb0923ef550233bebb9e3d5267fc9e0fe723f7cc6ac07,99fd1d3867001450f5bb49d404b1ebf18bb1a4e57d09dd4c5b1f20beb60899bb,2,random_order,2,64127677,300000,30.0,True,solved,0.336307100020349,2713,2665,2665,10808,7909,128,22,1257,0.011858498910441995,2557890da0617d0b6cefe3634ee3ab48fa917abbb4a0f32fe7b4802be9f46b6f,True
d16-c3-h6-s21866818,16,3,21866818,6,10,aa36838f7ba9fffb358fb0923ef550233bebb9e3d5267fc9e0fe723f7cc6ac07,99fd1d3867001450f5bb49d404b1ebf18bb1a4e57d09dd4c5b1f20beb60899bb,4,all_pair_product,0,46127645,300000,30.0,True,solved,0.5291343999560922,1301,1277,1277,20136,18270,428,27,207,0.025789801497012377,2557890da0617d0b6cefe3634ee3ab48fa917abbb4a0f32fe7b4802be9f46b6f,True
d16-c3-h6-s21866818,16,3,21866818,6,10,aa36838f7ba9fffb358fb0923ef550233bebb9e3d5267fc9e0fe723f7cc6ac07,99fd1d3867001450f5bb49d404b1ebf18bb1a4e57d09dd4c5b1f20beb60899bb,4,balance_only,0,46127645,300000,30.0,True,solved,1.3360103000886738,3367,3343,3343,51368,47056,856,52,495,0.012013299856334925,2557890da0617d0b6cefe3634ee3ab48fa917abbb4a0f32fe7b4802be9f46b6f,True
d16-c3-h6-s21866818,16,3,21866818,6,10,aa36838f7ba9fffb358fb0923ef550233bebb9e3d5267fc9e0fe723f7cc6ac07,99fd1d3867001450f5bb49d404b1ebf18bb1a4e57d09dd4c5b1f20beb60899bb,4,lexicographic,0,46127645,300000,30.0,True,solved,0.09674229996744543,267,243,243,4096,3662,75,6,0,0.0,2557890da0617d0b6cefe3634ee3ab48fa917abbb4a0f32fe7b4802be9f46b6f,True
d16-c3-h6-s21866818,16,3,21866818,6,10,aa36838f7ba9fffb358fb0923ef550233bebb9e3d5267fc9e0fe723f7cc6ac07,99fd1d3867001450f5bb49d404b1ebf18bb1a4e57d09dd4c5b1f20beb60899bb,4,minimum_max_pressure,0,46127645,300000,30.0,True,solved,0.46707109990529716,1159,1135,1135,17736,16090,358,24,183,0.002463400363922119,2557890da0617d0b6cefe3634ee3ab48fa917abbb4a0f32fe7b4802be9f46b6f,True
d16-c3-h6-s21866818,16,3,21866818,6,10,aa36838f7ba9fffb358fb0923ef550233bebb9e3d5267fc9e0fe723f7cc6ac07,99fd1d3867001450f5bb49d404b1ebf18bb1a4e57d09dd4c5b1f20beb60899bb,4,random_order,0,46127645,300000,30.0,True,solved,0.5513164000585675,1497,1473,1473,23056,21114,374,24,212,0.0025155001785606146,2557890da0617d0b6cefe3634ee3ab48fa917abbb4a0f32fe7b4802be9f46b6f,True
d16-c3-h6-s21866818,16,3,21866818,6,10,aa36838f7ba9fffb358fb0923ef550233bebb9e3d5267fc9e0fe723f7cc6ac07,99fd1d3867001450f5bb49d404b1ebf18bb1a4e57d09dd4c5b1f20beb60899bb,4,all_pair_product,1,56127664,300000,30.0,True,solved,0.5398598000174388,1301,1277,1277,20136,18270,428,27,207,0.025160901132039726,2557890da0617d0b6cefe3634ee3ab48fa917abbb4a0f32fe7b4802be9f46b6f,True
d16-c3-h6-s21866818,16,3,21866818,6,10,aa36838f7ba9fffb358fb0923ef550233bebb9e3d5267fc9e0fe723f7cc6ac07,99fd1d3867001450f5bb49d404b1ebf18bb1a4e57d09dd4c5b1f20beb60899bb,4,balance_only,1,56127664,300000,30.0,True,solved,1.2332034000428393,3298,3274,3274,50296,46099,815,50,483,0.010949099203571677,2557890da0617d0b6cefe3634ee3ab48fa917abbb4a0f32fe7b4802be9f46b6f,True
d16-c3-h6-s21866818,16,3,21866818,6,10,aa36838f7ba9fffb358fb0923ef550233bebb9e3d5267fc9e0fe723f7cc6ac07,99fd1d3867001450f5bb49d404b1ebf18bb1a4e57d09dd4c5b1f20beb60899bb,4,lexicographic,1,56127664,300000,30.0,True,solved,0.1020883999299258,267,243,243,4096,3662,75,6,0,0.0,2557890da0617d0b6cefe3634ee3ab48fa917abbb4a0f32fe7b4802be9f46b6f,True
d16-c3-h6-s21866818,16,3,21866818,6,10,aa36838f7ba9fffb358fb0923ef550233bebb9e3d5267fc9e0fe723f7cc6ac07,99fd1d3867001450f5bb49d404b1ebf18bb1a4e57d09dd4c5b1f20beb60899bb,4,minimum_max_pressure,1,56127664,300000,30.0,True,solved,1.2362077999860048,3268,3244,3244,50016,45709,915,56,486,0.006299800821579993,2557890da0617d0b6cefe3634ee3ab48fa917abbb4a0f32fe7b4802be9f46b6f,True
d16-c3-h6-s21866818,16,3,21866818,6,10,aa36838f7ba9fffb358fb0923ef550233bebb9e3d5267fc9e0fe723f7cc6ac07,99fd1d3867001450f5bb49d404b1ebf18bb1a4e57d09dd4c5b1f20beb60899bb,4,random_order,1,56127664,300000,30.0,True,solved,1.4713959000073373,3698,3674,3674,56736,52049,930,56,527,0.006425099330954254,2557890da0617d0b6cefe3634ee3ab48fa917abbb4a0f32fe7b4802be9f46b6f,True
d16-c3-h6-s21866818,16,3,21866818,6,10,aa36838f7ba9fffb358fb0923ef550233bebb9e3d5267fc9e0fe723f7cc6ac07,99fd1d3867001450f5bb49d404b1ebf18bb1a4e57d09dd4c5b1f20beb60899bb,4,all_pair_product,2,66127683,300000,30.0,True,solved,0.6760936001082882,1300,1276,1276,20120,18254,428,27,207,0.03215039789211005,2557890da0617d0b6cefe3634ee3ab48fa917abbb4a0f32fe7b4802be9f46b6f,True
d16-c3-h6-s21866818,16,3,21866818,6,10,aa36838f7ba9fffb358fb0923ef550233bebb9e3d5267fc9e0fe723f7cc6ac07,99fd1d3867001450f5bb49d404b1ebf18bb1a4e57d09dd4c5b1f20beb60899bb,4,balance_only,2,66127683,300000,30.0,True,solved,1.0601983999367803,2706,2682,2682,41320,37854,671,42,402,0.009582399856299162,2557890da0617d0b6cefe3634ee3ab48fa917abbb4a0f32fe7b4802be9f46b6f,True
d16-c3-h6-s21866818,16,3,21866818,6,10,aa36838f7ba9fffb358fb0923ef550233bebb9e3d5267fc9e0fe723f7cc6ac07,99fd1d3867001450f5bb49d404b1ebf18bb1a4e57d09dd4c5b1f20beb60899bb,4,lexicographic,2,66127683,300000,30.0,True,solved,0.1269855999853462,267,243,243,4096,3662,75,6,0,0.0,2557890da0617d0b6cefe3634ee3ab48fa917abbb4a0f32fe7b4802be9f46b6f,True
d16-c3-h6-s21866818,16,3,21866818,6,10,aa36838f7ba9fffb358fb0923ef550233bebb9e3d5267fc9e0fe723f7cc6ac07,99fd1d3867001450f5bb49d404b1ebf18bb1a4e57d09dd4c5b1f20beb60899bb,4,minimum_max_pressure,2,66127683,300000,30.0,True,solved,0.9447699000593275,2288,2264,2264,35168,32102,648,41,344,0.00484519952442497,2557890da0617d0b6cefe3634ee3ab48fa917abbb4a0f32fe7b4802be9f46b6f,True
d16-c3-h6-s21866818,16,3,21866818,6,10,aa36838f7ba9fffb358fb0923ef550233bebb9e3d5267fc9e0fe723f7cc6ac07,99fd1d3867001450f5bb49d404b1ebf18bb1a4e57d09dd4c5b1f20beb60899bb,4,random_order,2,66127683,300000,30.0,True,solved,0.9878805000334978,2706,2682,2682,41704,38244,686,41,386,0.004266499890945852,2557890da0617d0b6cefe3634ee3ab48fa917abbb4a0f32fe7b4802be9f46b6f,True
d16-c3-h6-s21866818,16,3,21866818,6,10,aa36838f7ba9fffb358fb0923ef550233bebb9e3d5267fc9e0fe723f7cc6ac07,99fd1d3867001450f5bb49d404b1ebf18bb1a4e57d09dd4c5b1f20beb60899bb,8,all_pair_product,0,50127657,300000,30.0,True,solved,4.799091499997303,1216,1204,1204,159616,152057,5472,31,62,0.035695700091309845,2557890da0617d0b6cefe3634ee3ab48fa917abbb4a0f32fe7b4802be9f46b6f,True
d16-c3-h6-s21866818,16,3,21866818,6,10,aa36838f7ba9fffb358fb0923ef550233bebb9e3d5267fc9e0fe723f7cc6ac07,99fd1d3867001450f5bb49d404b1ebf18bb1a4e57d09dd4c5b1f20beb60899bb,8,balance_only,0,50127657,300000,30.0,True,solved,6.28304789995309,1705,1693,1693,222592,214292,6022,34,68,0.005934600485488772,2557890da0617d0b6cefe3634ee3ab48fa917abbb4a0f32fe7b4802be9f46b6f,True
d16-c3-h6-s21866818,16,3,21866818,6,10,aa36838f7ba9fffb358fb0923ef550233bebb9e3d5267fc9e0fe723f7cc6ac07,99fd1d3867001450f5bb49d404b1ebf18bb1a4e57d09dd4c5b1f20beb60899bb,8,lexicographic,0,50127657,300000,30.0,True,solved,0.8546336999861524,225,213,213,29568,28101,565,6,0,0.0,2557890da0617d0b6cefe3634ee3ab48fa917abbb4a0f32fe7b4802be9f46b6f,True
d16-c3-h6-s21866818,16,3,21866818,6,10,aa36838f7ba9fffb358fb0923ef550233bebb9e3d5267fc9e0fe723f7cc6ac07,99fd1d3867001450f5bb49d404b1ebf18bb1a4e57d09dd4c5b1f20beb60899bb,8,minimum_max_pressure,0,50127657,300000,30.0,True,solved,7.312881399993785,1870,1858,1858,244480,234713,7083,40,80,0.002956699696369469,2557890da0617d0b6cefe3634ee3ab48fa917abbb4a0f32fe7b4802be9f46b6f,True
d16-c3-h6-s21866818,16,3,21866818,6,10,aa36838f7ba9fffb358fb0923ef550233bebb9e3d5267fc9e0fe723f7cc6ac07,99fd1d3867001450f5bb49d404b1ebf18bb1a4e57d09dd4c5b1f20beb60899bb,8,random_order,0,50127657,300000,30.0,True,solved,8.74864229990635,2497,2485,2485,325120,314614,7655,43,86,0.0021559003507718444,2557890da0617d0b6cefe3634ee3ab48fa917abbb4a0f32fe7b4802be9f46b6f,True
d16-c3-h6-s21866818,16,3,21866818,6,10,aa36838f7ba9fffb358fb0923ef550233bebb9e3d5267fc9e0fe723f7cc6ac07,99fd1d3867001450f5bb49d404b1ebf18bb1a4e57d09dd4c5b1f20beb60899bb,8,all_pair_product,1,60127676,300000,30.0,True,solved,5.066587800043635,1186,1174,1174,155648,148335,5254,30,60,0.03586610057391226,2557890da0617d0b6cefe3634ee3ab48fa917abbb4a0f32fe7b4802be9f46b6f,True
d16-c3-h6-s21866818,16,3,21866818,6,10,aa36838f7ba9fffb358fb0923ef550233bebb9e3d5267fc9e0fe723f7cc6ac07,99fd1d3867001450f5bb49d404b1ebf18bb1a4e57d09dd4c5b1f20beb60899bb,8,balance_only,1,60127676,300000,30.0,True,solved,4.160801700083539,1163,1151,1151,151936,146083,4088,24,48,0.004171299980953336,2557890da0617d0b6cefe3634ee3ab48fa917abbb4a0f32fe7b4802be9f46b6f,True
d16-c3-h6-s21866818,16,3,21866818,6,10,aa36838f7ba9fffb358fb0923ef550233bebb9e3d5267fc9e0fe723f7cc6ac07,99fd1d3867001450f5bb49d404b1ebf18bb1a4e57d09dd4c5b1f20beb60899bb,8,lexicographic,1,60127676,300000,30.0,True,solved,0.7987761000404134,225,213,213,29568,28101,565,6,0,0.0,2557890da0617d0b6cefe3634ee3ab48fa917abbb4a0f32fe7b4802be9f46b6f,True
d16-c3-h6-s21866818,16,3,21866818,6,10,aa36838f7ba9fffb358fb0923ef550233bebb9e3d5267fc9e0fe723f7cc6ac07,99fd1d3867001450f5bb49d404b1ebf18bb1a4e57d09dd4c5b1f20beb60899bb,8,minimum_max_pressure,1,60127676,300000,30.0,True,solved,3.158422000007704,739,727,727,97152,92276,3306,20,40,0.0016984001267701387,2557890da0617d0b6cefe3634ee3ab48fa917abbb4a0f32fe7b4802be9f46b6f,True
d16-c3-h6-s21866818,16,3,21866818,6,10,aa36838f7ba9fffb358fb0923ef550233bebb9e3d5267fc9e0fe723f7cc6ac07,99fd1d3867001450f5bb49d404b1ebf18bb1a4e57d09dd4c5b1f20beb60899bb,8,random_order,1,60127676,300000,30.0,True,solved,5.90836440003477,1524,1512,1512,198656,191832,4845,28,56,0.0015869998605921865,2557890da0617d0b6cefe3634ee3ab48fa917abbb4a0f32fe7b4802be9f46b6f,True
d16-c3-h6-s21866818,16,3,21866818,6,10,aa36838f7ba9fffb358fb0923ef550233bebb9e3d5267fc9e0fe723f7cc6ac07,99fd1d3867001450f5bb49d404b1ebf18bb1a4e57d09dd4c5b1f20beb60899bb,8,all_pair_product,2,70127695,300000,30.0,True,solved,5.001351000042632,1187,1175,1175,155776,148463,5254,30,60,0.03297059971373528,2557890da0617d0b6cefe3634ee3ab48fa917abbb4a0f32fe7b4802be9f46b6f,True
d16-c3-h6-s21866818,16,3,21866818,6,10,aa36838f7ba9fffb358fb0923ef550233bebb9e3d5267fc9e0fe723f7cc6ac07,99fd1d3867001450f5bb49d404b1ebf18bb1a4e57d09dd4c5b1f20beb60899bb,8,balance_only,2,70127695,300000,30.0,True,solved,4.89476429997012,1253,1241,1241,163712,157372,4495,26,52,0.0043239997467026114,2557890da0617d0b6cefe3634ee3ab48fa917abbb4a0f32fe7b4802be9f46b6f,True
d16-c3-h6-s21866818,16,3,21866818,6,10,aa36838f7ba9fffb358fb0923ef550233bebb9e3d5267fc9e0fe723f7cc6ac07,99fd1d3867001450f5bb49d404b1ebf18bb1a4e57d09dd4c5b1f20beb60899bb,8,lexicographic,2,70127695,300000,30.0,True,solved,1.0282908000517637,225,213,213,29568,28101,565,6,0,0.0,2557890da0617d0b6cefe3634ee3ab48fa917abbb4a0f32fe7b4802be9f46b6f,True
d16-c3-h6-s21866818,16,3,21866818,6,10,aa36838f7ba9fffb358fb0923ef550233bebb9e3d5267fc9e0fe723f7cc6ac07,99fd1d3867001450f5bb49d404b1ebf18bb1a4e57d09dd4c5b1f20beb60899bb,8,minimum_max_pressure,2,70127695,300000,30.0,True,solved,3.132284399936907,752,740,740,98816,93940,3306,20,40,0.00169820012524724,2557890da0617d0b6cefe3634ee3ab48fa917abbb4a0f32fe7b4802be9f46b6f,True
d16-c3-h6-s21866818,16,3,21866818,6,10,aa36838f7ba9fffb358fb0923ef550233bebb9e3d5267fc9e0fe723f7cc6ac07,99fd1d3867001450f5bb49d404b1ebf18bb1a4e57d09dd4c5b1f20beb60899bb,8,random_order,2,70127695,300000,30.0,True,solved,6.768702799919993,1592,1580,1580,207488,200419,5038,29,58,0.00164569984190166,2557890da0617d0b6cefe3634ee3ab48fa917abbb4a0f32fe7b4802be9f46b6f,True
d16-c4-h6-s21866819,16,4,21866819,6,10,49df4d71104a22b55be2adb4ed4c0f44ba042b22c5202c3fc3d08404b70540b4,8a2f5580f7f8236f680831fc45e08be07bf0e47ae71847a2dc3ec2b4556912ce,2,all_pair_product,0,44127640,300000,30.0,True,solved,0.888701600022614,6207,6159,6159,24756,18272,203,36,2713,0.12887650297489017,64ec8a044ee8a92b82292bc911d8db26d859283c05111be408462424613d651f,True
d16-c4-h6-s21866819,16,4,21866819,6,10,49df4d71104a22b55be2adb4ed4c0f44ba042b22c5202c3fc3d08404b70540b4,8a2f5580f7f8236f680831fc45e08be07bf0e47ae71847a2dc3ec2b4556912ce,2,balance_only,0,44127640,300000,30.0,True,solved,1.2906317999586463,10397,10349,10349,41476,30688,339,56,4531,0.06218230270314962,64ec8a044ee8a92b82292bc911d8db26d859283c05111be408462424613d651f,True
d16-c4-h6-s21866819,16,4,21866819,6,10,49df4d71104a22b55be2adb4ed4c0f44ba042b22c5202c3fc3d08404b70540b4,8a2f5580f7f8236f680831fc45e08be07bf0e47ae71847a2dc3ec2b4556912ce,2,lexicographic,0,44127640,300000,30.0,True,solved,0.07295860000886023,575,527,527,2288,1638,30,6,0,0.0,64ec8a044ee8a92b82292bc911d8db26d859283c05111be408462424613d651f,True
d16-c4-h6-s21866819,16,4,21866819,6,10,49df4d71104a22b55be2adb4ed4c0f44ba042b22c5202c3fc3d08404b70540b4,8a2f5580f7f8236f680831fc45e08be07bf0e47ae71847a2dc3ec2b4556912ce,2,minimum_max_pressure,0,44127640,300000,30.0,True,solved,0.9384825999150053,6803,6755,6755,27136,20059,215,38,2960,0.03271060064435005,64ec8a044ee8a92b82292bc911d8db26d859283c05111be408462424613d651f,True
d16-c4-h6-s21866819,16,4,21866819,6,10,49df4d71104a22b55be2adb4ed4c0f44ba042b22c5202c3fc3d08404b70540b4,8a2f5580f7f8236f680831fc45e08be07bf0e47ae71847a2dc3ec2b4556912ce,2,random_order,0,44127640,300000,30.0,True,solved,0.9447238000575453,6815,6767,6767,27184,20104,215,38,2957,0.031196695985272527,64ec8a044ee8a92b82292bc911d8db26d859283c05111be408462424613d651f,True
d16-c4-h6-s21866819,16,4,21866819,6,10,49df4d71104a22b55be2adb4ed4c0f44ba042b22c5202c3fc3d08404b70540b4,8a2f5580f7f8236f680831fc45e08be07bf0e47ae71847a2dc3ec2b4556912ce,2,all_pair_product,1,54127659,300000,30.0,True,solved,0.9310807000147179,5891,5843,5843,23496,17340,191,34,2584,0.13511940138414502,64ec8a044ee8a92b82292bc911d8db26d859283c05111be408462424613d651f,True
d16-c4-h6-s21866819,16,4,21866819,6,10,49df4d71104a22b55be2adb4ed4c0f44ba042b22c5202c3fc3d08404b70540b4,8a2f5580f7f8236f680831fc45e08be07bf0e47ae71847a2dc3ec2b4556912ce,2,balance_only,1,54127659,300000,30.0,True,solved,1.485927699948661,10486,10438,10438,41832,30950,346,56,4573,0.07190849748440087,64ec8a044ee8a92b82292bc911d8db26d859283c05111be408462424613d651f,True
d16-c4-h6-s21866819,16,4,21866819,6,10,49df4d71104a22b55be2adb4ed4c0f44ba042b22c5202c3fc3d08404b70540b4,8a2f5580f7f8236f680831fc45e08be07bf0e47ae71847a2dc3ec2b4556912ce,2,lexicographic,1,54127659,300000,30.0,True,solved,0.09528110001701862,575,527,527,2288,1638,30,6,0,0.0,64ec8a044ee8a92b82292bc911d8db26d859283c05111be408462424613d651f,True
d16-c4-h6-s21866819,16,4,21866819,6,10,49df4d71104a22b55be2adb4ed4c0f44ba042b22c5202c3fc3d08404b70540b4,8a2f5580f7f8236f680831fc45e08be07bf0e47ae71847a2dc3ec2b4556912ce,2,minimum_max_pressure,1,54127659,300000,30.0,True,solved,0.9397713999496773,7941,7893,7893,31678,23431,252,43,3486,0.03406170068774372,64ec8a044ee8a92b82292bc911d8db26d859283c05111be408462424613d651f,True
d16-c4-h6-s21866819,16,4,21866819,6,10,49df4d71104a22b55be2adb4ed4c0f44ba042b22c5202c3fc3d08404b70540b4,8a2f5580f7f8236f680831fc45e08be07bf0e47ae71847a2dc3ec2b4556912ce,2,random_order,1,54127659,300000,30.0,True,solved,1.0498572000069544,7896,7848,7848,31498,23303,257,43,3460,0.03548950282856822,64ec8a044ee8a92b82292bc911d8db26d859283c05111be408462424613d651f,True
d16-c4-h6-s21866819,16,4,21866819,6,10,49df4d71104a22b55be2adb4ed4c0f44ba042b22c5202c3fc3d08404b70540b4,8a2f5580f7f8236f680831fc45e08be07bf0e47ae71847a2dc3ec2b4556912ce,2,all_pair_product,2,64127678,300000,30.0,True,solved,0.7144720000214875,4329,4281,4281,17262,12716,144,27,1886,0.10270149970892817,64ec8a044ee8a92b82292bc911d8db26d859283c05111be408462424613d651f,True
d16-c4-h6-s21866819,16,4,21866819,6,10,49df4d71104a22b55be2adb4ed4c0f44ba042b22c5202c3fc3d08404b70540b4,8a2f5580f7f8236f680831fc45e08be07bf0e47ae71847a2dc3ec2b4556912ce,2,balance_only,2,64127678,300000,30.0,True,solved,1.6399365999968722,10765,10717,10717,42944,31774,353,58,4691,0.07826719316653907,64ec8a044ee8a92b82292bc911d8db26d859283c05111be408462424613d651f,True
d16-c4-h6-s21866819,16,4,21866819,6,10,49df4d71104a22b55be2adb4ed4c0f44ba042b22c5202c3fc3d08404b70540b4,8a2f5580f7f8236f680831fc45e08be07bf0e47ae71847a2dc3ec2b4556912ce,2,lexicographic,2,64127678,300000,30.0,True,solved,0.10513579996768385,575,527,527,2288,1638,30,6,0,0.0,64ec8a044ee8a92b82292bc911d8db26d859283c05111be408462424613d651f,True
d16-c4-h6-s21866819,16,4,21866819,6,10,49df4d71104a22b55be2adb4ed4c0f44ba042b22c5202c3fc3d08404b70540b4,8a2f5580f7f8236f680831fc45e08be07bf0e47ae71847a2dc3ec2b4556912ce,2,minimum_max_pressure,2,64127678,300000,30.0,True,solved,0.3122806999599561,2428,2380,2380,9680,7132,69,16,1062,0.011176898144185543,64ec8a044ee8a92b82292bc911d8db26d859283c05111be408462424613d651f,True
d16-c4-h6-s21866819,16,4,21866819,6,10,49df4d71104a22b55be2adb4ed4c0f44ba042b22c5202c3fc3d08404b70540b4,8a2f5580f7f8236f680831fc45e08be07bf0e47ae71847a2dc3ec2b4556912ce,2,random_order,2,64127678,300000,30.0,True,solved,0.29153649997897446,2201,2153,2153,8772,6454,69,16,960,0.009935699054040015,64ec8a044ee8a92b82292bc911d8db26d859283c05111be408462424613d651f,True
d16-c4-h6-s21866819,16,4,21866819,6,10,49df4d71104a22b55be2adb4ed4c0f44ba042b22c5202c3fc3d08404b70540b4,8a2f5580f7f8236f680831fc45e08be07bf0e47ae71847a2dc3ec2b4556912ce,4,all_pair_product,0,46127646,300000,30.0,True,solved,1.2838822999037802,2778,2754,2754,42424,38900,602,39,400,0.057658899924717844,64ec8a044ee8a92b82292bc911d8db26d859283c05111be408462424613d651f,True
d16-c4-h6-s21866819,16,4,21866819,6,10,49df4d71104a22b55be2adb4ed4c0f44ba042b22c5202c3fc3d08404b70540b4,8a2f5580f7f8236f680831fc45e08be07bf0e47ae71847a2dc3ec2b4556912ce,4,balance_only,0,46127646,300000,30.0,True,solved,2.063119799946435,4572,4548,4548,70040,64489,879,55,630,0.01726230012718588,64ec8a044ee8a92b82292bc911d8db26d859283c05111be408462424613d651f,True
d16-c4-h6-s21866819,16,4,21866819,6,10,49df4d71104a22b55be2adb4ed4c0f44ba042b22c5202c3fc3d08404b70540b4,8a2f5580f7f8236f680831fc45e08be07bf0e47ae71847a2dc3ec2b4556912ce,4,lexicographic,0,46127646,300000,30.0,True,solved,0.11786720005329698,268,244,244,4104,3672,62,6,0,0.0,64ec8a044ee8a92b82292bc911d8db26d859283c05111be408462424613d651f,True
d16-c4-h6-s21866819,16,4,21866819,6,10,49df4d71104a22b55be2adb4ed4c0f44ba042b22c5202c3fc3d08404b70540b4,8a2f5580f7f8236f680831fc45e08be07bf0e47ae71847a2dc3ec2b4556912ce,4,minimum_max_pressure,0,46127646,300000,30.0,True,solved,1.401668299920857,3287,3263,3263,50320,46294,623,40,451,0.007048900122754276,64ec8a044ee8a92b82292bc911d8db26d859283c05111be408462424613d651f,True
d16-c4-h6-s21866819,16,4,21866819,6,10,49df4d71104a22b55be2adb4ed4c0f44ba042b22c5202c3fc3d08404b70540b4,8a2f5580f7f8236f680831fc45e08be07bf0e47ae71847a2dc3ec2b4556912ce,4,random_order,0,46127646,300000,30.0,True,solved,1.2898653000593185,3132,3108,3108,48184,44380,590,38,411,0.0053175006760284305,64ec8a044ee8a92b82292bc911d8db26d859283c05111be408462424613d651f,True
d16-c4-h6-s21866819,16,4,21866819,6,10,49df4d71104a22b55be2adb4ed4c0f44ba042b22c5202c3fc3d08404b70540b4,8a2f5580f7f8236f680831fc45e08be07bf0e47ae71847a2dc3ec2b4556912ce,4,all_pair_product,1,56127665,300000,30.0,True,solved,2.0391761999344453,4324,4300,4300,66232,60860,906,57,608,0.09101909899618477,64ec8a044ee8a92b82292bc911d8db26d859283c05111be408462424613d651f,True
d16-c4-h6-s21866819,16,4,21866819,6,10,49df4d71104a22b55be2adb4ed4c0f44ba042b22c5202c3fc3d08404b70540b4,8a2f5580f7f8236f680831fc45e08be07bf0e47ae71847a2dc3ec2b4556912ce,4,balance_only,1,56127665,300000,30.0,True,solved,2.121663699974306,4736,4712,4712,72640,66884,927,57,648,0.018025901867076755,64ec8a044ee8a92b82292bc911d8db26d859283c05111be408462424613d651f,True
d16-c4-h6-s21866819,16,4,21866819,6,10,49df4d71104a22b55be2adb4ed4c0f44ba042b22c5202c3fc3d08404b70540b4,8a2f5580f7f8236f680831fc45e08be07bf0e47ae71847a2dc3ec2b4556912ce,4,lexicographic,1,56127665,300000,30.0,True,solved,0.17223959998227656,268,244,244,4104,3672,62,6,0,0.0,64ec8a044ee8a92b82292bc911d8db26d859283c05111be408462424613d651f,True
d16-c4-h6-s21866819,16,4,21866819,6,10,49df4d71104a22b55be2adb4ed4c0f44ba042b22c5202c3fc3d08404b70540b4,8a2f5580f7f8236f680831fc45e08be07bf0e47ae71847a2dc3ec2b4556912ce,4,minimum_max_pressure,1,56127665,300000,30.0,True,solved,2.2556700999848545,4807,4783,4783,73784,67950,920,57,652,0.010629599913954735,64ec8a044ee8a92b82292bc911d8db26d859283c05111be408462424613d651f,True
d16-c4-h6-s21866819,16,4,21866819,6,10,49df4d71104a22b55be2adb4ed4c0f44ba042b22c5202c3fc3d08404b70540b4,8a2f5580f7f8236f680831fc45e08be07bf0e47ae71847a2dc3ec2b4556912ce,4,random_order,1,56127665,300000,30.0,True,solved,2.325482100015506,5057,5033,5033,77816,71732,967,59,664,0.00954479887150228,64ec8a044ee8a92b82292bc911d8db26d859283c05111be408462424613d651f,True
d16-c4-h6-s21866819,16,4,21866819,6,10,49df4d71104a22b55be2adb4ed4c0f44ba042b22c5202c3fc3d08404b70540b4,8a2f5580f7f8236f680831fc45e08be07bf0e47ae71847a2dc3ec2b4556912ce,4,all_pair_product,2,66127684,300000,30.0,True,solved,1.272929499973543,2778,2754,2754,42424,38900,602,39,400,0.058006499777548015,64ec8a044ee8a92b82292bc911d8db26d859283c05111be408462424613d651f,True
d16-c4-h6-s21866819,16,4,21866819,6,10,49df4d71104a22b55be2adb4ed4c0f44ba042b22c5202c3fc3d08404b70540b4,8a2f5580f7f8236f680831fc45e08be07bf0e47ae71847a2dc3ec2b4556912ce,4,balance_only,2,66127684,300000,30.0,True,solved,2.243218299932778,4566,4542,4542,69936,64384,886,55,631,0.019020899198949337,64ec8a044ee8a92b82292bc911d8db26d859283c05111be408462424613d651f,True
d16-c4-h6-s21866819,16,4,21866819,6,10,49df4d71104a22b55be2adb4ed4c0f44ba042b22c5202c3fc3d08404b70540b4,8a2f5580f7f8236f680831fc45e08be07bf0e47ae71847a2dc3ec2b4556912ce,4,lexicographic,2,66127684,300000,30.0,True,solved,0.1014877000125125,268,244,244,4104,3672,62,6,0,0.0,64ec8a044ee8a92b82292bc911d8db26d859283c05111be408462424613d651f,True
d16-c4-h6-s21866819,16,4,21866819,6,10,49df4d71104a22b55be2adb4ed4c0f44ba042b22c5202c3fc3d08404b70540b4,8a2f5580f7f8236f680831fc45e08be07bf0e47ae71847a2dc3ec2b4556912ce,4,minimum_max_pressure,2,66127684,300000,30.0,True,solved,1.4987341000232846,3148,3124,3124,48232,44363,610,39,431,0.007068901089951396,64ec8a044ee8a92b82292bc911d8db26d859283c05111be408462424613d651f,True
d16-c4-h6-s21866819,16,4,21866819,6,10,49df4d71104a22b55be2adb4ed4c0f44ba042b22c5202c3fc3d08404b70540b4,8a2f5580f7f8236f680831fc45e08be07bf0e47ae71847a2dc3ec2b4556912ce,4,random_order,2,66127684,300000,30.0,True,solved,0.9472438999218866,2008,1984,1984,31136,28655,391,26,247,0.0035011995350942016,64ec8a044ee8a92b82292bc911d8db26d859283c05111be408462424613d651f,True
d16-c4-h6-s21866819,16,4,21866819,6,10,49df4d71104a22b55be2adb4ed4c0f44ba042b22c5202c3fc3d08404b70540b4,8a2f5580f7f8236f680831fc45e08be07bf0e47ae71847a2dc3ec2b4556912ce,8,all_pair_product,0,50127658,300000,30.0,True,solved,12.609410299919546,2982,2970,2970,387968,376003,7960,49,98,0.08379549952223897,64ec8a044ee8a92b82292bc911d8db26d859283c05111be408462424613d651f,True
d16-c4-h6-s21866819,16,4,21866819,6,10,49df4d71104a22b55be2adb4ed4c0f44ba042b22c5202c3fc3d08404b70540b4,8a2f5580f7f8236f680831fc45e08be07bf0e47ae71847a2dc3ec2b4556912ce,8,balance_only,0,50127658,300000,30.0,True,solved,12.784756700042635,3062,3050,3050,397952,386481,7821,47,94,0.00972419953905046,64ec8a044ee8a92b82292bc911d8db26d859283c05111be408462424613d651f,True
d16-c4-h6-s21866819,16,4,21866819,6,10,49df4d71104a22b55be2adb4ed4c0f44ba042b22c5202c3fc3d08404b70540b4,8a2f5580f7f8236f680831fc45e08be07bf0e47ae71847a2dc3ec2b4556912ce,8,lexicographic,0,50127658,300000,30.0,True,solved,1.047619599965401,225,213,213,29568,28101,399,6,0,0.0,64ec8a044ee8a92b82292bc911d8db26d859283c05111be408462424613d651f,True
d16-c4-h6-s21866819,16,4,21866819,6,10,49df4d71104a22b55be2adb4ed4c0f44ba042b22c5202c3fc3d08404b70540b4,8a2f5580f7f8236f680831fc45e08be07bf0e47ae71847a2dc3ec2b4556912ce,8,minimum_max_pressure,0,50127658,300000,30.0,True,solved,12.588131300057285,2996,2984,2984,389632,377916,7855,48,96,0.004370899754576385,64ec8a044ee8a92b82292bc911d8db26d859283c05111be408462424613d651f,True
d16-c4-h6-s21866819,16,4,21866819,6,10,49df4d71104a22b55be2adb4ed4c0f44ba042b22c5202c3fc3d08404b70540b4,8a2f5580f7f8236f680831fc45e08be07bf0e47ae71847a2dc3ec2b4556912ce,8,random_order,0,50127658,300000,30.0,True,solved,9.897118699969724,2304,2292,2292,299136,291090,5366,33,66,0.0021400002297014,64ec8a044ee8a92b82292bc911d8db26d859283c05111be408462424613d651f,True
d16-c4-h6-s21866819,16,4,21866819,6,10,49df4d71104a22b55be2adb4ed4c0f44ba042b22c5202c3fc3d08404b70540b4,8a2f5580f7f8236f680831fc45e08be07bf0e47ae71847a2dc3ec2b4556912ce,8,all_pair_product,1,60127677,300000,30.0,True,solved,12.507987800054252,2952,2940,2940,384000,372278,7745,48,96,0.077417699736543,64ec8a044ee8a92b82292bc911d8db26d859283c05111be408462424613d651f,True
d16-c4-h6-s21866819,16,4,21866819,6,10,49df4d71104a22b55be2adb4ed4c0f44ba042b22c5202c3fc3d08404b70540b4,8a2f5580f7f8236f680831fc45e08be07bf0e47ae71847a2dc3ec2b4556912ce,8,balance_only,1,60127677,300000,30.0,True,solved,17.04154160001781,4127,4115,4115,536064,521174,10101,61,122,0.012709698872640729,64ec8a044ee8a92b82292bc911d8db26d859283c05111be408462424613d651f,True
d16-c4-h6-s21866819,16,4,21866819,6,10,49df4d71104a22b55be2adb4ed4c0f44ba042b22c5202c3fc3d08404b70540b4,8a2f5580f7f8236f680831fc45e08be07bf0e47ae71847a2dc3ec2b4556912ce,8,lexicographic,1,60127677,300000,30.0,True,solved,0.9880203000502661,225,213,213,29568,28101,399,6,0,0.0,64ec8a044ee8a92b82292bc911d8db26d859283c05111be408462424613d651f,True
d16-c4-h6-s21866819,16,4,21866819,6,10,49df4d71104a22b55be2adb4ed4c0f44ba042b22c5202c3fc3d08404b70540b4,8a2f5580f7f8236f680831fc45e08be07bf0e47ae71847a2dc3ec2b4556912ce,8,minimum_max_pressure,1,60127677,300000,30.0,True,solved,13.161597999976948,3212,3200,3200,417536,405326,8123,50,100,0.004493099870160222,64ec8a044ee8a92b82292bc911d8db26d859283c05111be408462424613d651f,True
d16-c4-h6-s21866819,16,4,21866819,6,10,49df4d71104a22b55be2adb4ed4c0f44ba042b22c5202c3fc3d08404b70540b4,8a2f5580f7f8236f680831fc45e08be07bf0e47ae71847a2dc3ec2b4556912ce,8,random_order,1,60127677,300000,30.0,True,solved,11.597009200020693,2867,2855,2855,372352,362098,6745,42,84,0.0026828000554814935,64ec8a044ee8a92b82292bc911d8db26d859283c05111be408462424613d651f,True
d16-c4-h6-s21866819,16,4,21866819,6,10,49df4d71104a22b55be2adb4ed4c0f44ba042b22c5202c3fc3d08404b70540b4,8a2f5580f7f8236f680831fc45e08be07bf0e47ae71847a2dc3ec2b4556912ce,8,all_pair_product,2,70127696,300000,30.0,True,solved,12.545541299972683,2952,2940,2940,384000,372278,7745,48,96,0.07166900031734258,64ec8a044ee8a92b82292bc911d8db26d859283c05111be408462424613d651f,True
d16-c4-h6-s21866819,16,4,21866819,6,10,49df4d71104a22b55be2adb4ed4c0f44ba042b22c5202c3fc3d08404b70540b4,8a2f5580f7f8236f680831fc45e08be07bf0e47ae71847a2dc3ec2b4556912ce,8,balance_only,2,70127696,300000,30.0,True,solved,18.17424740002025,4245,4233,4233,551296,536164,10315,62,124,0.012377799255773425,64ec8a044ee8a92b82292bc911d8db26d859283c05111be408462424613d651f,True
d16-c4-h6-s21866819,16,4,21866819,6,10,49df4d71104a22b55be2adb4ed4c0f44ba042b22c5202c3fc3d08404b70540b4,8a2f5580f7f8236f680831fc45e08be07bf0e47ae71847a2dc3ec2b4556912ce,8,lexicographic,2,70127696,300000,30.0,True,solved,0.9410724999615923,225,213,213,29568,28101,399,6,0,0.0,64ec8a044ee8a92b82292bc911d8db26d859283c05111be408462424613d651f,True
d16-c4-h6-s21866819,16,4,21866819,6,10,49df4d71104a22b55be2adb4ed4c0f44ba042b22c5202c3fc3d08404b70540b4,8a2f5580f7f8236f680831fc45e08be07bf0e47ae71847a2dc3ec2b4556912ce,8,minimum_max_pressure,2,70127696,300000,30.0,True,solved,10.85269289999269,2646,2634,2634,343936,333918,6537,41,82,0.003635000204667449,64ec8a044ee8a92b82292bc911d8db26d859283c05111be408462424613d651f,True
d16-c4-h6-s21866819,16,4,21866819,6,10,49df4d71104a22b55be2adb4ed4c0f44ba042b22c5202c3fc3d08404b70540b4,8a2f5580f7f8236f680831fc45e08be07bf0e47ae71847a2dc3ec2b4556912ce,8,random_order,2,70127696,300000,30.0,True,solved,11.93766900000628,2858,2846,2846,370688,361412,6063,38,76,0.0023912996985018253,64ec8a044ee8a92b82292bc911d8db26d859283c05111be408462424613d651f,True
d20-c0-h4-s22264815,20,0,22264815,4,16,0d5f399c0c571861c05e470ad9a1bfa5c2ccc2918143ba0e336b4725d2ccc1e0,2d52ad7420551bc7d387999b608d10ca3d7b3d9abf107583813d20e4bc22e774,2,all_pair_product,0,44525636,300000,30.0,True,solved,1.97606050001923,9471,9431,9431,37862,28256,65,11,3683,0.2811569053446874,28161c22a9485931d73601adf47d7ffcbe9376194afaf9d6cf73365a8e585c11,True
d20-c0-h4-s22264815,20,0,22264815,4,16,0d5f399c0c571861c05e470ad9a1bfa5c2ccc2918143ba0e336b4725d2ccc1e0,2d52ad7420551bc7d387999b608d10ca3d7b3d9abf107583813d20e4bc22e774,2,balance_only,0,44525636,300000,30.0,True,solved,0.44936979992780834,2133,2093,2093,8524,6334,17,4,844,0.017170401522889733,28161c22a9485931d73601adf47d7ffcbe9376194afaf9d6cf73365a8e585c11,True
d20-c0-h4-s22264815,20,0,22264815,4,16,0d5f399c0c571861c05e470ad9a1bfa5c2ccc2918143ba0e336b4725d2ccc1e0,2d52ad7420551bc7d387999b608d10ca3d7b3d9abf107583813d20e4bc22e774,2,lexicographic,0,44525636,300000,30.0,True,solved,0.7132776000071317,3712,3672,3672,14840,11072,19,4,0,0.0,28161c22a9485931d73601adf47d7ffcbe9376194afaf9d6cf73365a8e585c11,True
d20-c0-h4-s22264815,20,0,22264815,4,16,0d5f399c0c571861c05e470ad9a1bfa5c2ccc2918143ba0e336b4725d2ccc1e0,2d52ad7420551bc7d387999b608d10ca3d7b3d9abf107583813d20e4bc22e774,2,minimum_max_pressure,0,44525636,300000,30.0,True,solved,0.9441172999795526,5365,5325,5325,21448,16007,28,6,2108,0.028200799133628607,28161c22a9485931d73601adf47d7ffcbe9376194afaf9d6cf73365a8e585c11,True
d20-c0-h4-s22264815,20,0,22264815,4,16,0d5f399c0c571861c05e470ad9a1bfa5c2ccc2918143ba0e336b4725d2ccc1e0,2d52ad7420551bc7d387999b608d10ca3d7b3d9abf107583813d20e4bc22e774,2,random_order,0,44525636,300000,30.0,True,solved,1.036695500020869,6369,6329,6329,25464,19031,28,6,2489,0.02863110462203622,28161c22a9485931d73601adf47d7ffcbe9376194afaf9d6cf73365a8e585c11,True
d20-c0-h4-s22264815,20,0,22264815,4,16,0d5f399c0c571861c05e470ad9a1bfa5c2ccc2918143ba0e336b4725d2ccc1e0,2d52ad7420551bc7d387999b608d10ca3d7b3d9abf107583813d20e4bc22e774,2,all_pair_product,1,54525655,300000,30.0,True,solved,2.034220299916342,9471,9431,9431,37862,28256,65,11,3683,0.2871623014798388,28161c22a9485931d73601adf47d7ffcbe9376194afaf9d6cf73365a8e585c11,True
d20-c0-h4-s22264815,20,0,22264815,4,16,0d5f399c0c571861c05e470ad9a1bfa5c2ccc2918143ba0e336b4725d2ccc1e0,2d52ad7420551bc7d387999b608d10ca3d7b3d9abf107583813d20e4bc22e774,2,balance_only,1,54525655,300000,30.0,True,solved,0.8728612998966128,4299,4259,4259,17184,12807,37,6,1678,0.0331697043729946,28161c22a9485931d73601adf47d7ffcbe9376194afaf9d6cf73365a8e585c11,True
d20-c0-h4-s22264815,20,0,22264815,4,16,0d5f399c0c571861c05e470ad9a1bfa5c2ccc2918143ba0e336b4725d2ccc1e0,2d52ad7420551bc7d387999b608d10ca3d7b3d9abf107583813d20e4bc22e774,2,lexicographic,1,54525655,300000,30.0,True,solved,0.5521603000815958,3712,3672,3672,14840,11072,19,4,0,0.0,28161c22a9485931d73601adf47d7ffcbe9376194afaf9d6cf73365a8e585c11,True
d20-c0-h4-s22264815,20,0,22264815,4,16,0d5f399c0c571861c05e470ad9a1bfa5c2ccc2918143ba0e336b4725d2ccc1e0,2d52ad7420551bc7d387999b608d10ca3d7b3d9abf107583813d20e4bc22e774,2,minimum_max_pressure,1,54525655,300000,30.0,True,solved,0.9400986999971792,5288,5248,5248,21138,15764,37,7,2056,0.026994102750904858,28161c22a9485931d73601adf47d7ffcbe9376194afaf9d6cf73365a8e585c11,True
d20-c0-h4-s22264815,20,0,22264815,4,16,0d5f399c0c571861c05e470ad9a1bfa5c2ccc2918143ba0e336b4725d2ccc1e0,2d52ad7420551bc7d387999b608d10ca3d7b3d9abf107583813d20e4bc22e774,2,random_order,1,54525655,300000,30.0,True,solved,1.1252750999992713,6175,6135,6135,24686,18436,39,7,2406,0.030920999473892152,28161c22a9485931d73601adf47d7ffcbe9376194afaf9d6cf73365a8e585c11,True
d20-c0-h4-s22264815,20,0,22264815,4,16,0d5f399c0c571861c05e470ad9a1bfa5c2ccc2918143ba0e336b4725d2ccc1e0,2d52ad7420551bc7d387999b608d10ca3d7b3d9abf107583813d20e4bc22e774,2,all_pair_product,2,64525674,300000,30.0,True,solved,1.9292534999549389,9471,9431,9431,37862,28256,65,11,3683,0.2744948986219242,28161c22a9485931d73601adf47d7ffcbe9376194afaf9d6cf73365a8e585c11,True
d20-c0-h4-s22264815,20,0,22264815,4,16,0d5f399c0c571861c05e470ad9a1bfa5c2ccc2918143ba0e336b4725d2ccc1e0,2d52ad7420551bc7d387999b608d10ca3d7b3d9abf107583813d20e4bc22e774,2,balance_only,2,64525674,300000,30.0,True,solved,1.774636899936013,9598,9558,9558,38372,28672,65,10,3741,0.06800549617037177,28161c22a9485931d73601adf47d7ffcbe9376194afaf9d6cf73365a8e585c11,True
d20-c0-h4-s22264815,20,0,22264815,4,16,0d5f399c0c571861c05e470ad9a1bfa5c2ccc2918143ba0e336b4725d2ccc1e0,2d52ad7420551bc7d387999b608d10ca3d7b3d9abf107583813d20e4bc22e774,2,lexicographic,2,64525674,300000,30.0,True,solved,0.6149035999551415,3712,3672,3672,14840,11072,19,4,0,0.0,28161c22a9485931d73601adf47d7ffcbe9376194afaf9d6cf73365a8e585c11,True
d20-c0-h4-s22264815,20,0,22264815,4,16,0d5f399c0c571861c05e470ad9a1bfa5c2ccc2918143ba0e336b4725d2ccc1e0,2d52ad7420551bc7d387999b608d10ca3d7b3d9abf107583813d20e4bc22e774,2,minimum_max_pressure,2,64525674,300000,30.0,True,solved,2.6870567000005394,13629,13589,13589,54492,40735,81,12,5321,0.07664320198819041,28161c22a9485931d73601adf47d7ffcbe9376194afaf9d6cf73365a8e585c11,True
d20-c0-h4-s22264815,20,0,22264815,4,16,0d5f399c0c571861c05e470ad9a1bfa5c2ccc2918143ba0e336b4725d2ccc1e0,2d52ad7420551bc7d387999b608d10ca3d7b3d9abf107583813d20e4bc22e774,2,random_order,2,64525674,300000,30.0,True,solved,2.7028898999560624,14779,14739,14739,59092,44199,83,12,5749,0.07490130385849625,28161c22a9485931d73601adf47d7ffcbe9376194afaf9d6cf73365a8e585c11,True
d20-c0-h4-s22264815,20,0,22264815,4,16,0d5f399c0c571861c05e470ad9a1bfa5c2ccc2918143ba0e336b4725d2ccc1e0,2d52ad7420551bc7d387999b608d10ca3d7b3d9abf107583813d20e4bc22e774,4,all_pair_product,0,46525642,300000,30.0,True,solved,2.8082432999508455,4322,4302,4302,69040,64398,173,10,456,0.11795410024933517,28161c22a9485931d73601adf47d7ffcbe9376194afaf9d6cf73365a8e585c11,True
d20-c0-h4-s22264815,20,0,22264815,4,16,0d5f399c0c571861c05e470ad9a1bfa5c2ccc2918143ba0e336b4725d2ccc1e0,2d52ad7420551bc7d387999b608d10ca3d7b3d9abf107583813d20e4bc22e774,4,balance_only,0,46525642,300000,30.0,True,solved,1.6241185000399128,2596,2576,2576,41472,38676,92,6,280,0.010422499850392342,28161c22a9485931d73601adf47d7ffcbe9376194afaf9d6cf73365a8e585c11,True
d20-c0-h4-s22264815,20,0,22264815,4,16,0d5f399c0c571861c05e470ad9a1bfa5c2ccc2918143ba0e336b4725d2ccc1e0,2d52ad7420551bc7d387999b608d10ca3d7b3d9abf107583813d20e4bc22e774,4,lexicographic,0,46525642,300000,30.0,True,solved,1.4605548999970779,2423,2403,2403,38728,36177,45,4,0,0.0,28161c22a9485931d73601adf47d7ffcbe9376194afaf9d6cf73365a8e585c11,True
d20-c0-h4-s22264815,20,0,22264815,4,16,0d5f399c0c571861c05e470ad9a1bfa5c2ccc2918143ba0e336b4725d2ccc1e0,2d52ad7420551bc7d387999b608d10ca3d7b3d9abf107583813d20e4bc22e774,4,minimum_max_pressure,0,46525642,300000,30.0,True,solved,5.373438499984331,8197,8177,8177,130976,122425,245,13,839,0.01785919943358749,28161c22a9485931d73601adf47d7ffcbe9376194afaf9d6cf73365a8e585c11,True
d20-c0-h4-s22264815,20,0,22264815,4,16,0d5f399c0c571861c05e470ad9a1bfa5c2ccc2918143ba0e336b4725d2ccc1e0,2d52ad7420551bc7d387999b608d10ca3d7b3d9abf107583813d20e4bc22e774,4,random_order,0,46525642,300000,30.0,True,solved,2.502990899956785,3944,3924,3924,63032,58925,80,6,408,0.0073786015855148435,28161c22a9485931d73601adf47d7ffcbe9376194afaf9d6cf73365a8e585c11,True
d20-c0-h4-s22264815,20,0,22264815,4,16,0d5f399c0c571861c05e470ad9a1bfa5c2ccc2918143ba0e336b4725d2ccc1e0,2d52ad7420551bc7d387999b608d10ca3d7b3d9abf107583813d20e4bc22e774,4,all_pair_product,1,56525661,300000,30.0,True,solved,2.9457593000261113,4322,4302,4302,69040,64398,173,10,456,0.121473100152798,28161c22a9485931d73601adf47d7ffcbe9376194afaf9d6cf73365a8e585c11,True
d20-c0-h4-s22264815,20,0,22264815,4,16,0d5f399c0c571861c05e470ad9a1bfa5c2ccc2918143ba0e336b4725d2ccc1e0,2d52ad7420551bc7d387999b608d10ca3d7b3d9abf107583813d20e4bc22e774,4,balance_only,1,56525661,300000,30.0,True,solved,0.7084279999835417,1095,1075,1075,17480,16247,37,4,125,0.004553199512884021,28161c22a9485931d73601adf47d7ffcbe9376194afaf9d6cf73365a8e585c11,True
d20-c0-h4-s22264815,20,0,22264815,4,16,0d5f399c0c571861c05e470ad9a1bfa5c2ccc2918143ba0e336b4725d2ccc1e0,2d52ad7420551bc7d387999b608d10ca3d7b3d9abf107583813d20e4bc22e774,4,lexicographic,1,56525661,300000,30.0,True,solved,1.4840513999806717,2423,2403,2403,38728,36177,45,4,0,0.0,28161c22a9485931d73601adf47d7ffcbe9376194afaf9d6cf73365a8e585c11,True
d20-c0-h4-s22264815,20,0,22264815,4,16,0d5f399c0c571861c05e470ad9a1bfa5c2ccc2918143ba0e336b4725d2ccc1e0,2d52ad7420551bc7d387999b608d10ca3d7b3d9abf107583813d20e4bc22e774,4,minimum_max_pressure,1,56525661,300000,30.0,True,solved,3.8002312999451533,6039,6019,6019,96472,90135,195,11,615,0.012759101809933782,28161c22a9485931d73601adf47d7ffcbe9376194afaf9d6cf73365a8e585c11,True
d20-c0-h4-s22264815,20,0,22264815,4,16,0d5f399c0c571861c05e470ad9a1bfa5c2ccc2918143ba0e336b4725d2ccc1e0,2d52ad7420551bc7d387999b608d10ca3d7b3d9abf107583813d20e4bc22e774,4,random_order,1,56525661,300000,30.0,True,solved,1.4713130000745878,2212,2192,2192,35328,32970,65,5,233,0.004385601612739265,28161c22a9485931d73601adf47d7ffcbe9376194afaf9d6cf73365a8e585c11,True
d20-c0-h4-s22264815,20,0,22264815,4,16,0d5f399c0c571861c05e470ad9a1bfa5c2ccc2918143ba0e336b4725d2ccc1e0,2d52ad7420551bc7d387999b608d10ca3d7b3d9abf107583813d20e4bc22e774,4,all_pair_product,2,66525680,300000,30.0,True,solved,2.988608599989675,4322,4302,4302,69040,64398,173,10,456,0.12584420118946582,28161c22a9485931d73601adf47d7ffcbe9376194afaf9d6cf73365a8e585c11,True
d20-c0-h4-s22264815,20,0,22264815,4,16,0d5f399c0c571861c05e470ad9a1bfa5c2ccc2918143ba0e336b4725d2ccc1e0,2d52ad7420551bc7d387999b608d10ca3d7b3d9abf107583813d20e4bc22e774,4,balance_only,2,66525680,300000,30.0,True,solved,1.5796478000702336,2563,2543,2543,40936,38178,92,6,276,0.009771499899215996,28161c22a9485931d73601adf47d7ffcbe9376194afaf9d6cf73365a8e585c11,True
d20-c0-h4-s22264815,20,0,22264815,4,16,0d5f399c0c571861c05e470ad9a1bfa5c2ccc2918143ba0e336b4725d2ccc1e0,2d52ad7420551bc7d387999b608d10ca3d7b3d9abf107583813d20e4bc22e774,4,lexicographic,2,66525680,300000,30.0,True,solved,1.4677675999701023,2423,2403,2403,38728,36177,45,4,0,0.0,28161c22a9485931d73601adf47d7ffcbe9376194afaf9d6cf73365a8e585c11,True
d20-c0-h4-s22264815,20,0,22264815,4,16,0d5f399c0c571861c05e470ad9a1bfa5c2ccc2918143ba0e336b4725d2ccc1e0,2d52ad7420551bc7d387999b608d10ca3d7b3d9abf107583813d20e4bc22e774,4,minimum_max_pressure,2,66525680,300000,30.0,True,solved,5.588487999979407,8426,8406,8406,134632,125863,245,13,856,0.018951599020510912,28161c22a9485931d73601adf47d7ffcbe9376194afaf9d6cf73365a8e585c11,True
d20-c0-h4-s22264815,20,0,22264815,4,16,0d5f399c0c571861c05e470ad9a1bfa5c2ccc2918143ba0e336b4725d2ccc1e0,2d52ad7420551bc7d387999b608d10ca3d7b3d9abf107583813d20e4bc22e774,4,random_order,2,66525680,300000,30.0,True,solved,3.1779198999283835,4919,4899,4899,78608,73520,108,7,501,0.009283600258640945,28161c22a9485931d73601adf47d7ffcbe9376194afaf9d6cf73365a8e585c11,True
d20-c0-h4-s22264815,20,0,22264815,4,16,0d5f399c0c571861c05e470ad9a1bfa5c2ccc2918143ba0e336b4725d2ccc1e0,2d52ad7420551bc7d387999b608d10ca3d7b3d9abf107583813d20e4bc22e774,8,all_pair_product,0,50525654,300000,30.0,True,solved,4.694081799942069,330,318,318,81752,79427,1392,9,27,0.025311500183306634,28161c22a9485931d73601adf47d7ffcbe9376194afaf9d6cf73365a8e585c11,True
d20-c0-h4-s22264815,20,0,22264815,4,16,0d5f399c0c571861c05e470ad9a1bfa5c2ccc2918143ba0e336b4725d2ccc1e0,2d52ad7420551bc7d387999b608d10ca3d7b3d9abf107583813d20e4bc22e774,8,balance_only,0,50525654,300000,30.0,True,solved,11.944243000005372,904,892,892,225968,222604,2170,13,44,0.0036254997830837965,28161c22a9485931d73601adf47d7ffcbe9376194afaf9d6cf73365a8e585c11,True
d20-c0-h4-s22264815,20,0,22264815,4,16,0d5f399c0c571861c05e470ad9a1bfa5c2ccc2918143ba0e336b4725d2ccc1e0,2d52ad7420551bc7d387999b608d10ca3d7b3d9abf107583813d20e4bc22e774,8,lexicographic,0,50525654,300000,30.0,True,solved,2.791753099998459,233,221,221,58408,57375,414,4,0,0.0,28161c22a9485931d73601adf47d7ffcbe9376194afaf9d6cf73365a8e585c11,True
d20-c0-h4-s22264815,20,0,22264815,4,16,0d5f399c0c571861c05e470ad9a1bfa5c2ccc2918143ba0e336b4725d2ccc1e0,2d52ad7420551bc7d387999b608d10ca3d7b3d9abf107583813d20e4bc22e774,8,minimum_max_pressure,0,50525654,300000,30.0,True,solved,6.903682200005278,506,494,494,125568,122981,1632,10,33,0.0012423001462593675,28161c22a9485931d73601adf47d7ffcbe9376194afaf9d6cf73365a8e585c11,True
d20-c0-h4-s22264815,20,0,22264815,4,16,0d5f399c0c571861c05e470ad9a1bfa5c2ccc2918143ba0e336b4725d2ccc1e0,2d52ad7420551bc7d387999b608d10ca3d7b3d9abf107583813d20e4bc22e774,8,random_order,0,50525654,300000,30.0,True,solved,9.054463800042868,701,689,689,175488,172901,1632,10,33,0.00111770024523139,28161c22a9485931d73601adf47d7ffcbe9376194afaf9d6cf73365a8e585c11,True
d20-c0-h4-s22264815,20,0,22264815,4,16,0d5f399c0c571861c05e470ad9a1bfa5c2ccc2918143ba0e336b4725d2ccc1e0,2d52ad7420551bc7d387999b608d10ca3d7b3d9abf107583813d20e4bc22e774,8,all_pair_product,1,60525673,300000,30.0,True,solved,4.558588500018232,330,318,318,81752,79427,1392,9,27,0.03098739986307919,28161c22a9485931d73601adf47d7ffcbe9376194afaf9d6cf73365a8e585c11,True
d20-c0-h4-s22264815,20,0,22264815,4,16,0d5f399c0c571861c05e470ad9a1bfa5c2ccc2918143ba0e336b4725d2ccc1e0,2d52ad7420551bc7d387999b608d10ca3d7b3d9abf107583813d20e4bc22e774,8,balance_only,1,60525673,300000,30.0,True,solved,10.442340899957344,767,755,755,191888,189042,1781,11,37,0.003904799814336002,28161c22a9485931d73601adf47d7ffcbe9376194afaf9d6cf73365a8e585c11,True
d20-c0-h4-s22264815,20,0,22264815,4,16,0d5f399c0c571861c05e470ad9a1bfa5c2ccc2918143ba0e336b4725d2ccc1e0,2d52ad7420551bc7d387999b608d10ca3d7b3d9abf107583813d20e4bc22e774,8,lexicographic,1,60525673,300000,30.0,True,solved,3.1640415000729263,233,221,221,58408,57375,414,4,0,0.0,28161c22a9485931d73601adf47d7ffcbe9376194afaf9d6cf73365a8e585c11,True
d20-c0-h4-s22264815,20,0,22264815,4,16,0d5f399c0c571861c05e470ad9a1bfa5c2ccc2918143ba0e336b4725d2ccc1e0,2d52ad7420551bc7d387999b608d10ca3d7b3d9abf107583813d20e4bc22e774,8,minimum_max_pressure,1,60525673,300000,30.0,True,solved,9.32660480006598,673,661,661,167576,164472,2001,12,39,0.0016617999644950032,28161c22a9485931d73601adf47d7ffcbe9376194afaf9d6cf73365a8e585c11,True
d20-c0-h4-s22264815,20,0,22264815,4,16,0d5f399c0c571861c05e470ad9a1bfa5c2ccc2918143ba0e336b4725d2ccc1e0,2d52ad7420551bc7d387999b608d10ca3d7b3d9abf107583813d20e4bc22e774,8,random_order,1,60525673,300000,30.0,True,solved,12.151545500033535,925,913,913,231592,228486,2001,12,41,0.001134200836531818,28161c22a9485931d73601adf47d7ffcbe9376194afaf9d6cf73365a8e585c11,True
d20-c0-h4-s22264815,20,0,22264815,4,16,0d5f399c0c571861c05e470ad9a1bfa5c2ccc2918143ba0e336b4725d2ccc1e0,2d52ad7420551bc7d387999b608d10ca3d7b3d9abf107583813d20e4bc22e774,8,all_pair_product,2,70525692,300000,30.0,True,solved,4.753202999942005,330,318,318,81752,79427,1392,9,27,0.03165010001976043,28161c22a9485931d73601adf47d7ffcbe9376194afaf9d6cf73365a8e585c11,True
d20-c0-h4-s22264815,20,0,22264815,4,16,0d5f399c0c571861c05e470ad9a1bfa5c2ccc2918143ba0e336b4725d2ccc1e0,2d52ad7420551bc7d387999b608d10ca3d7b3d9abf107583813d20e4bc22e774,8,balance_only,2,70525692,300000,30.0,True,solved,10.486736499937251,752,740,740,188296,185451,1781,11,36,0.0035429004346951842,28161c22a9485931d73601adf47d7ffcbe9376194afaf9d6cf73365a8e585c11,True
d20-c0-h4-s22264815,20,0,22264815,4,16,0d5f399c0c571861c05e470ad9a1bfa5c2ccc2918143ba0e336b4725d2ccc1e0,2d52ad7420551bc7d387999b608d10ca3d7b3d9abf107583813d20e4bc22e774,8,lexicographic,2,70525692,300000,30.0,True,solved,3.0255966999102384,233,221,221,58408,57375,414,4,0,0.0,28161c22a9485931d73601adf47d7ffcbe9376194afaf9d6cf73365a8e585c11,True
d20-c0-h4-s22264815,20,0,22264815,4,16,0d5f399c0c571861c05e470ad9a1bfa5c2ccc2918143ba0e336b4725d2ccc1e0,2d52ad7420551bc7d387999b608d10ca3d7b3d9abf107583813d20e4bc22e774,8,minimum_max_pressure,2,70525692,300000,30.0,True,solved,2.4917791000334546,177,165,165,43576,42026,854,6,18,0.0008291996782645583,28161c22a9485931d73601adf47d7ffcbe9376194afaf9d6cf73365a8e585c11,True
d20-c0-h4-s22264815,20,0,22264815,4,16,0d5f399c0c571861c05e470ad9a1bfa5c2ccc2918143ba0e336b4725d2ccc1e0,2d52ad7420551bc7d387999b608d10ca3d7b3d9abf107583813d20e4bc22e774,8,random_order,2,70525692,300000,30.0,True,solved,4.575179799925536,307,295,295,76608,75057,854,6,19,0.0006752996705472469,28161c22a9485931d73601adf47d7ffcbe9376194afaf9d6cf73365a8e585c11,True
d20-c0-h4-s22264818,20,0,22264818,4,16,9e8635273dd192cf0b7fc14bf604c4fe002e9dc3584200ca2dc19db43079f579,6decd09cc1b5a8194264c2e05efd20e483029ef8984c0fb4fccd6da4aaea66d2,2,all_pair_product,0,44525639,300000,30.0,True,solved,3.933231000090018,19133,19093,19093,76504,57206,98,14,7543,0.5623193961801007,faa5aaee447b3ead851f9e814df3767b2553880ae28778987e5895c4c7b0d2e9,True
d20-c0-h4-s22264818,20,0,22264818,4,16,9e8635273dd192cf0b7fc14bf604c4fe002e9dc3584200ca2dc19db43079f579,6decd09cc1b5a8194264c2e05efd20e483029ef8984c0fb4fccd6da4aaea66d2,2,balance_only,0,44525639,300000,30.0,True,solved,4.439035600051284,24970,24930,24930,99852,74745,103,14,9830,0.17451218655332923,faa5aaee447b3ead851f9e814df3767b2553880ae28778987e5895c4c7b0d2e9,True
d20-c0-h4-s22264818,20,0,22264818,4,16,9e8635273dd192cf0b7fc14bf604c4fe002e9dc3584200ca2dc19db43079f579,6decd09cc1b5a8194264c2e05efd20e483029ef8984c0fb4fccd6da4aaea66d2,2,lexicographic,0,44525639,300000,30.0,True,solved,0.6009975000051782,3049,3009,3009,12188,9080,22,4,0,0.0,faa5aaee447b3ead851f9e814df3767b2553880ae28778987e5895c4c7b0d2e9,True
d20-c0-h4-s22264818,20,0,22264818,4,16,9e8635273dd192cf0b7fc14bf604c4fe002e9dc3584200ca2dc19db43079f579,6decd09cc1b5a8194264c2e05efd20e483029ef8984c0fb4fccd6da4aaea66d2,2,minimum_max_pressure,0,44525639,300000,30.0,True,solved,4.161388500011526,21641,21601,21601,86536,64740,105,14,8445,0.123036605771631,faa5aaee447b3ead851f9e814df3767b2553880ae28778987e5895c4c7b0d2e9,True
d20-c0-h4-s22264818,20,0,22264818,4,16,9e8635273dd192cf0b7fc14bf604c4fe002e9dc3584200ca2dc19db43079f579,6decd09cc1b5a8194264c2e05efd20e483029ef8984c0fb4fccd6da4aaea66d2,2,random_order,0,44525639,300000,30.0,True,solved,2.5194066999247298,13888,13848,13848,55532,41531,75,10,5393,0.06857830530498177,faa5aaee447b3ead851f9e814df3767b2553880ae28778987e5895c4c7b0d2e9,True
d20-c0-h4-s22264818,20,0,22264818,4,16,9e8635273dd192cf0b7fc14bf604c4fe002e9dc3584200ca2dc19db43079f579,6decd09cc1b5a8194264c2e05efd20e483029ef8984c0fb4fccd6da4aaea66d2,2,all_pair_product,1,54525658,300000,30.0,True,solved,4.520662099937908,19133,19093,19093,76504,57206,98,14,7543,0.6357986012008041,faa5aaee447b3ead851f9e814df3767b2553880ae28778987e5895c4c7b0d2e9,True
d20-c0-h4-s22264818,20,0,22264818,4,16,9e8635273dd192cf0b7fc14bf604c4fe002e9dc3584200ca2dc19db43079f579,6decd09cc1b5a8194264c2e05efd20e483029ef8984c0fb4fccd6da4aaea66d2,2,balance_only,1,54525658,300000,30.0,True,solved,5.318605400039814,24831,24791,24791,99296,74330,103,14,9783,0.21033929602708668,faa5aaee447b3ead851f9e814df3767b2553880ae28778987e5895c4c7b0d2e9,True
d20-c0-h4-s22264818,20,0,22264818,4,16,9e8635273dd192cf0b7fc14bf604c4fe002e9dc3584200ca2dc19db43079f579,6decd09cc1b5a8194264c2e05efd20e483029ef8984c0fb4fccd6da4aaea66d2,2,lexicographic,1,54525658,300000,30.0,True,solved,0.6154770000139251,3049,3009,3009,12188,9080,22,4,0,0.0,faa5aaee447b3ead851f9e814df3767b2553880ae28778987e5895c4c7b0d2e9,True
d20-c0-h4-s22264818,20,0,22264818,4,16,9e8635273dd192cf0b7fc14bf604c4fe002e9dc3584200ca2dc19db43079f579,6decd09cc1b5a8194264c2e05efd20e483029ef8984c0fb4fccd6da4aaea66d2,2,minimum_max_pressure,1,54525658,300000,30.0,True,solved,4.0586868999525905,19026,18986,18986,76082,56933,76,11,7512,0.11866960872430354,faa5aaee447b3ead851f9e814df3767b2553880ae28778987e5895c4c7b0d2e9,True
d20-c0-h4-s22264818,20,0,22264818,4,16,9e8635273dd192cf0b7fc14bf604c4fe002e9dc3584200ca2dc19db43079f579,6decd09cc1b5a8194264c2e05efd20e483029ef8984c0fb4fccd6da4aaea66d2,2,random_order,1,54525658,300000,30.0,True,solved,3.825300100026652,19035,18995,18995,76118,56959,82,11,7520,0.1075431975768879,faa5aaee447b3ead851f9e814df3767b2553880ae28778987e5895c4c7b0d2e9,True
d20-c0-h4-s22264818,20,0,22264818,4,16,9e8635273dd192cf0b7fc14bf604c4fe002e9dc3584200ca2dc19db43079f579,6decd09cc1b5a8194264c2e05efd20e483029ef8984c0fb4fccd6da4aaea66d2,2,all_pair_product,2,64525677,300000,30.0,True,solved,4.351270999992266,19133,19093,19093,76504,57206,98,14,7543,0.6189313019858673,faa5aaee447b3ead851f9e814df3767b2553880ae28778987e5895c4c7b0d2e9,True
d20-c0-h4-s22264818,20,0,22264818,4,16,9e8635273dd192cf0b7fc14bf604c4fe002e9dc3584200ca2dc19db43079f579,6decd09cc1b5a8194264c2e05efd20e483029ef8984c0fb4fccd6da4aaea66d2,2,balance_only,2,64525677,300000,30.0,True,solved,4.954625600017607,23965,23925,23925,95832,71730,103,14,9442,0.19850369624327868,faa5aaee447b3ead851f9e814df3767b2553880ae28778987e5895c4c7b0d2e9,True
d20-c0-h4-s22264818,20,0,22264818,4,16,9e8635273dd192cf0b7fc14bf604c4fe002e9dc3584200ca2dc19db43079f579,6decd09cc1b5a8194264c2e05efd20e483029ef8984c0fb4fccd6da4aaea66d2,2,lexicographic,2,64525677,300000,30.0,True,solved,0.497282899916172,3049,3009,3009,12188,9080,22,4,0,0.0,faa5aaee447b3ead851f9e814df3767b2553880ae28778987e5895c4c7b0d2e9,True
d20-c0-h4-s22264818,20,0,22264818,4,16,9e8635273dd192cf0b7fc14bf604c4fe002e9dc3584200ca2dc19db43079f579,6decd09cc1b5a8194264c2e05efd20e483029ef8984c0fb4fccd6da4aaea66d2,2,minimum_max_pressure,2,64525677,300000,30.0,True,solved,4.398023599991575,21943,21903,21903,87744,65642,110,14,8591,0.12751300423406065,faa5aaee447b3ead851f9e814df3767b2553880ae28778987e5895c4c7b0d2e9,True
d20-c0-h4-s22264818,20,0,22264818,4,16,9e8635273dd192cf0b7fc14bf604c4fe002e9dc3584200ca2dc19db43079f579,6decd09cc1b5a8194264c2e05efd20e483029ef8984c0fb4fccd6da4aaea66d2,2,random_order,2,64525677,300000,30.0,True,solved,3.3099804000230506,15921,15881,15881,63662,47616,90,11,6214,0.09309399384073913,faa5aaee447b3ead851f9e814df3767b2553880ae28778987e5895c4c7b0d2e9,True
d20-c0-h4-s22264818,20,0,22264818,4,16,9e8635273dd192cf0b7fc14bf604c4fe002e9dc3584200ca2dc19db43079f579,6decd09cc1b5a8194264c2e05efd20e483029ef8984c0fb4fccd6da4aaea66d2,4,all_pair_product,0,46525645,300000,30.0,True,solved,5.998417300055735,8916,8896,8896,142496,133265,160,12,927,0.24877790082246065,faa5aaee447b3ead851f9e814df3767b2553880ae28778987e5895c4c7b0d2e9,True
d20-c0-h4-s22264818,20,0,22264818,4,16,9e8635273dd192cf0b7fc14bf604c4fe002e9dc3584200ca2dc19db43079f579,6decd09cc1b5a8194264c2e05efd20e483029ef8984c0fb4fccd6da4aaea66d2,4,balance_only,0,46525645,300000,30.0,True,solved,9.452694299980067,15602,15582,15582,249424,233536,206,14,1588,0.056774100521579385,faa5aaee447b3ead851f9e814df3767b2553880ae28778987e5895c4c7b0d2e9,True
d20-c0-h4-s22264818,20,0,22264818,4,16,9e8635273dd192cf0b7fc14bf604c4fe002e9dc3584200ca2dc19db43079f579,6decd09cc1b5a8194264c2e05efd20e483029ef8984c0fb4fccd6da4aaea66d2,4,lexicographic,0,46525645,300000,30.0,True,solved,1.556372300023213,2019,1999,1999,32248,30091,51,4,0,0.0,faa5aaee447b3ead851f9e814df3767b2553880ae28778987e5895c4c7b0d2e9,True
d20-c0-h4-s22264818,20,0,22264818,4,16,9e8635273dd192cf0b7fc14bf604c4fe002e9dc3584200ca2dc19db43079f579,6decd09cc1b5a8194264c2e05efd20e483029ef8984c0fb4fccd6da4aaea66d2,4,minimum_max_pressure,0,46525645,300000,30.0,True,solved,5.761598299955949,9468,9448,9448,151336,141615,134,10,958,0.01925309922080487,faa5aaee447b3ead851f9e814df3767b2553880ae28778987e5895c4c7b0d2e9,True
d20-c0-h4-s22264818,20,0,22264818,4,16,9e8635273dd192cf0b7fc14bf604c4fe002e9dc3584200ca2dc19db43079f579,6decd09cc1b5a8194264c2e05efd20e483029ef8984c0fb4fccd6da4aaea66d2,4,random_order,0,46525645,300000,30.0,True,solved,3.471507200039923,5044,5024,5024,80632,75455,58,6,525,0.01059249963145703,faa5aaee447b3ead851f9e814df3767b2553880ae28778987e5895c4c7b0d2e9,True
d20-c0-h4-s22264818,20,0,22264818,4,16,9e8635273dd192cf0b7fc14bf604c4fe002e9dc3584200ca2dc19db43079f579,6decd09cc1b5a8194264c2e05efd20e483029ef8984c0fb4fccd6da4aaea66d2,4,all_pair_product,1,56525664,300000,30.0,True,solved,5.574343700078316,8916,8896,8896,142496,133265,160,12,927,0.2348117002984509,faa5aaee447b3ead851f9e814df3767b2553880ae28778987e5895c4c7b0d2e9,True
d20-c0-h4-s22264818,20,0,22264818,4,16,9e8635273dd192cf0b7fc14bf604c4fe002e9dc3584200ca2dc19db43079f579,6decd09cc1b5a8194264c2e05efd20e483029ef8984c0fb4fccd6da4aaea66d2,4,balance_only,1,56525664,300000,30.0,True,solved,9.20784199994523,16284,16264,16264,260336,243770,206,14,1657,0.056666098651476204,faa5aaee447b3ead851f9e814df3767b2553880ae28778987e5895c4c7b0d2e9,True
d20-c0-h4-s22264818,20,0,22264818,4,16,9e8635273dd192cf0b7fc14bf604c4fe002e9dc3584200ca2dc19db43079f579,6decd09cc1b5a8194264c2e05efd20e483029ef8984c0fb4fccd6da4aaea66d2,4,lexicographic,1,56525664,300000,30.0,True,solved,1.231398200034164,2019,1999,1999,32248,30091,51,4,0,0.0,faa5aaee447b3ead851f9e814df3767b2553880ae28778987e5895c4c7b0d2e9,True
d20-c0-h4-s22264818,20,0,22264818,4,16,9e8635273dd192cf0b7fc14bf604c4fe002e9dc3584200ca2dc19db43079f579,6decd09cc1b5a8194264c2e05efd20e483029ef8984c0fb4fccd6da4aaea66d2,4,minimum_max_pressure,1,56525664,300000,30.0,True,solved,7.270789499976672,12585,12565,12565,201192,188329,174,12,1266,0.023998502059839666,faa5aaee447b3ead851f9e814df3767b2553880ae28778987e5895c4c7b0d2e9,True
d20-c0-h4-s22264818,20,0,22264818,4,16,9e8635273dd192cf0b7fc14bf604c4fe002e9dc3584200ca2dc19db43079f579,6decd09cc1b5a8194264c2e05efd20e483029ef8984c0fb4fccd6da4aaea66d2,4,random_order,1,56525664,300000,30.0,True,solved,8.869522099965252,15029,15009,15009,240280,224969,215,13,1527,0.02567299793008715,faa5aaee447b3ead851f9e814df3767b2553880ae28778987e5895c4c7b0d2e9,True
d20-c0-h4-s22264818,20,0,22264818,4,16,9e8635273dd192cf0b7fc14bf604c4fe002e9dc3584200ca2dc19db43079f579,6decd09cc1b5a8194264c2e05efd20e483029ef8984c0fb4fccd6da4aaea66d2,4,all_pair_product,2,66525683,300000,30.0,True,solved,5.163009000010788,8916,8896,8896,142496,133265,160,12,927,0.21704810135997832,faa5aaee447b3ead851f9e814df3767b2553880ae28778987e5895c4c7b0d2e9,True
d20-c0-h4-s22264818,20,0,22264818,4,16,9e8635273dd192cf0b7fc14bf604c4fe002e9dc3584200ca2dc19db43079f579,6decd09cc1b5a8194264c2e05efd20e483029ef8984c0fb4fccd6da4aaea66d2,4,balance_only,2,66525683,300000,30.0,True,solved,8.660536899929866,15684,15664,15664,250736,234769,206,14,1595,0.053346101311035454,faa5aaee447b3ead851f9e814df3767b2553880ae28778987e5895c4c7b0d2e9,True
d20-c0-h4-s22264818,20,0,22264818,4,16,9e8635273dd192cf0b7fc14bf604c4fe002e9dc3584200ca2dc19db43079f579,6decd09cc1b5a8194264c2e05efd20e483029ef8984c0fb4fccd6da4aaea66d2,4,lexicographic,2,66525683,300000,30.0,True,solved,1.1317429000046104,2019,1999,1999,32248,30091,51,4,0,0.0,faa5aaee447b3ead851f9e814df3767b2553880ae28778987e5895c4c7b0d2e9,True
d20-c0-h4-s22264818,20,0,22264818,4,16,9e8635273dd192cf0b7fc14bf604c4fe002e9dc3584200ca2dc19db43079f579,6decd09cc1b5a8194264c2e05efd20e483029ef8984c0fb4fccd6da4aaea66d2,4,minimum_max_pressure,2,66525683,300000,30.0,True,solved,6.0078821000643075,10853,10833,10833,173504,162428,120,10,1087,0.019886997644789517,faa5aaee447b3ead851f9e814df3767b2553880ae28778987e5895c4c7b0d2e9,True
d20-c0-h4-s22264818,20,0,22264818,4,16,9e8635273dd192cf0b7fc14bf604c4fe002e9dc3584200ca2dc19db43079f579,6decd09cc1b5a8194264c2e05efd20e483029ef8984c0fb4fccd6da4aaea66d2,4,random_order,2,66525683,300000,30.0,True,solved,2.6562061000149697,4485,4465,4465,71712,67131,22,4,447,0.007756700506433845,faa5aaee447b3ead851f9e814df3767b2553880ae28778987e5895c4c7b0d2e9,True
d20-c0-h4-s22264818,20,0,22264818,4,16,9e8635273dd192cf0b7fc14bf604c4fe002e9dc3584200ca2dc19db43079f579,6decd09cc1b5a8194264c2e05efd20e483029ef8984c0fb4fccd6da4aaea66d2,8,all_pair_product,0,50525657,300000,30.0,True,solved,2.983042500098236,258,246,246,64312,62505,756,7,21,0.022560500190593302,faa5aaee447b3ead851f9e814df3767b2553880ae28778987e5895c4c7b0d2e9,True
d20-c0-h4-s22264818,20,0,22264818,4,16,9e8635273dd192cf0b7fc14bf604c4fe002e9dc3584200ca2dc19db43079f579,6decd09cc1b5a8194264c2e05efd20e483029ef8984c0fb4fccd6da4aaea66d2,8,balance_only,0,50525657,300000,30.0,True,solved,7.864905699971132,705,693,693,177504,175178,1112,9,29,0.0031662998953834176,faa5aaee447b3ead851f9e814df3767b2553880ae28778987e5895c4c7b0d2e9,True
d20-c0-h4-s22264818,20,0,22264818,4,16,9e8635273dd192cf0b7fc14bf604c4fe002e9dc3584200ca2dc19db43079f579,6decd09cc1b5a8194264c2e05efd20e483029ef8984c0fb4fccd6da4aaea66d2,8,lexicographic,0,50525657,300000,30.0,True,solved,2.036614099983126,193,181,181,47672,46637,226,4,0,0.0,faa5aaee447b3ead851f9e814df3767b2553880ae28778987e5895c4c7b0d2e9,True
d20-c0-h4-s22264818,20,0,22264818,4,16,9e8635273dd192cf0b7fc14bf604c4fe002e9dc3584200ca2dc19db43079f579,6decd09cc1b5a8194264c2e05efd20e483029ef8984c0fb4fccd6da4aaea66d2,8,minimum_max_pressure,0,50525657,300000,30.0,True,solved,5.746327599976212,534,522,522,132984,130912,930,8,28,0.001256100251339376,faa5aaee447b3ead851f9e814df3767b2553880ae28778987e5895c4c7b0d2e9,True
d20-c0-h4-s22264818,20,0,22264818,4,16,9e8635273dd192cf0b7fc14bf604c4fe002e9dc3584200ca2dc19db43079f579,6decd09cc1b5a8194264c2e05efd20e483029ef8984c0fb4fccd6da4aaea66d2,8,random_order,0,50525657,300000,30.0,True,solved,8.5309473000234,786,774,774,197000,194669,1108,9,31,0.0009283993858844042,faa5aaee447b3ead851f9e814df3767b2553880ae28778987e5895c4c7b0d2e9,True
d20-c0-h4-s22264818,20,0,22264818,4,16,9e8635273dd192cf0b7fc14bf604c4fe002e9dc3584200ca2dc19db43079f579,6decd09cc1b5a8194264c2e05efd20e483029ef8984c0fb4fccd6da4aaea66d2,8,all_pair_product,1,60525676,300000,30.0,True,solved,2.8918484000023454,258,246,246,64312,62505,756,7,21,0.02665209979750216,faa5aaee447b3ead851f9e814df3767b2553880ae28778987e5895c4c7b0d2e9,True
d20-c0-h4-s22264818,20,0,22264818,4,16,9e8635273dd192cf0b7fc14bf604c4fe002e9dc3584200ca2dc19db43079f579,6decd09cc1b5a8194264c2e05efd20e483029ef8984c0fb4fccd6da4aaea66d2,8,balance_only,1,60525676,300000,30.0,True,solved,8.276517599937506,714,702,702,180056,177731,1112,9,28,0.0029409003909677267,faa5aaee447b3ead851f9e814df3767b2553880ae28778987e5895c4c7b0d2e9,True
d20-c0-h4-s22264818,20,0,22264818,4,16,9e8635273dd192cf0b7fc14bf604c4fe002e9dc3584200ca2dc19db43079f579,6decd09cc1b5a8194264c2e05efd20e483029ef8984c0fb4fccd6da4aaea66d2,8,lexicographic,1,60525676,300000,30.0,True,solved,2.1421417000237852,193,181,181,47672,46637,226,4,0,0.0,faa5aaee447b3ead851f9e814df3767b2553880ae28778987e5895c4c7b0d2e9,True
d20-c0-h4-s22264818,20,0,22264818,4,16,9e8635273dd192cf0b7fc14bf604c4fe002e9dc3584200ca2dc19db43079f579,6decd09cc1b5a8194264c2e05efd20e483029ef8984c0fb4fccd6da4aaea66d2,8,minimum_max_pressure,1,60525676,300000,30.0,True,solved,10.282280799932778,859,847,847,214696,212105,1145,10,35,0.0017056999495252967,faa5aaee447b3ead851f9e814df3767b2553880ae28778987e5895c4c7b0d2e9,True
d20-c0-h4-s22264818,20,0,22264818,4,16,9e8635273dd192cf0b7fc14bf604c4fe002e9dc3584200ca2dc19db43079f579,6decd09cc1b5a8194264c2e05efd20e483029ef8984c0fb4fccd6da4aaea66d2,8,random_order,1,60525676,300000,30.0,True,solved,15.262246300000697,1299,1287,1287,326344,322978,1679,13,44,0.0014787998516112566,faa5aaee447b3ead851f9e814df3767b2553880ae28778987e5895c4c7b0d2e9,True
d20-c0-h4-s22264818,20,0,22264818,4,16,9e8635273dd192cf0b7fc14bf604c4fe002e9dc3584200ca2dc19db43079f579,6decd09cc1b5a8194264c2e05efd20e483029ef8984c0fb4fccd6da4aaea66d2,8,all_pair_product,2,70525695,300000,30.0,True,solved,3.240177399944514,258,246,246,64312,62505,756,7,21,0.027876099688000977,faa5aaee447b3ead851f9e814df3767b2553880ae28778987e5895c4c7b0d2e9,True
d20-c0-h4-s22264818,20,0,22264818,4,16,9e8635273dd192cf0b7fc14bf604c4fe002e9dc3584200ca2dc19db43079f579,6decd09cc1b5a8194264c2e05efd20e483029ef8984c0fb4fccd6da4aaea66d2,8,balance_only,2,70525695,300000,30.0,True,solved,8.904886300093494,736,724,724,185440,183114,1112,9,29,0.002879000036045909,faa5aaee447b3ead851f9e814df3767b2553880ae28778987e5895c4c7b0d2e9,True
d20-c0-h4-s22264818,20,0,22264818,4,16,9e8635273dd192cf0b7fc14bf604c4fe002e9dc3584200ca2dc19db43079f579,6decd09cc1b5a8194264c2e05efd20e483029ef8984c0fb4fccd6da4aaea66d2,8,lexicographic,2,70525695,300000,30.0,True,solved,2.1191706999670714,193,181,181,47672,46637,226,4,0,0.0,faa5aaee447b3ead851f9e814df3767b2553880ae28778987e5895c4c7b0d2e9,True
d20-c0-h4-s22264818,20,0,22264818,4,16,9e8635273dd192cf0b7fc14bf604c4fe002e9dc3584200ca2dc19db43079f579,6decd09cc1b5a8194264c2e05efd20e483029ef8984c0fb4fccd6da4aaea66d2,8,minimum_max_pressure,2,70525695,300000,30.0,True,solved,10.862362899933942,905,893,893,226224,223631,1145,10,37,0.0019245996372774243,faa5aaee447b3ead851f9e814df3767b2553880ae28778987e5895c4c7b0d2e9,True
d20-c0-h4-s22264818,20,0,22264818,4,16,9e8635273dd192cf0b7fc14bf604c4fe002e9dc3584200ca2dc19db43079f579,6decd09cc1b5a8194264c2e05efd20e483029ef8984c0fb4fccd6da4aaea66d2,8,random_order,2,70525695,300000,30.0,True,solved,15.086832399945706,1230,1218,1218,308928,306076,1323,11,40,0.0014129994669929147,faa5aaee447b3ead851f9e814df3767b2553880ae28778987e5895c4c7b0d2e9,True
d20-c1-h4-s22264816,20,1,22264816,4,16,bd8ee64c527eae2f582219bc517f2769c6441d6a04b98387b3073eb9c47f672b,832b8ade6e41068e7a8a1c5cbfae7c109aef3df45749dd733db6a365561e3986,2,all_pair_product,0,44525637,300000,30.0,True,solved,2.336210699984804,9537,9497,9497,38130,28469,47,9,3646,0.3331200984539464,f554fa6a338dc3f3b5f69e30db11b9821095fd22e004e881b1b7bd54521c4d44,True
d20-c1-h4-s22264816,20,1,22264816,4,16,bd8ee64c527eae2f582219bc517f2769c6441d6a04b98387b3073eb9c47f672b,832b8ade6e41068e7a8a1c5cbfae7c109aef3df45749dd733db6a365561e3986,2,balance_only,0,44525637,300000,30.0,True,solved,5.639206700026989,25559,25519,25519,102210,76520,91,13,9717,0.21384410478640348,f554fa6a338dc3f3b5f69e30db11b9821095fd22e004e881b1b7bd54521c4d44,True
d20-c1-h4-s22264816,20,1,22264816,4,16,bd8ee64c527eae2f582219bc517f2769c6441d6a04b98387b3073eb9c47f672b,832b8ade6e41068e7a8a1c5cbfae7c109aef3df45749dd733db6a365561e3986,2,lexicographic,0,44525637,300000,30.0,True,solved,0.7407462000846863,3740,3700,3700,14952,11150,22,4,0,0.0,f554fa6a338dc3f3b5f69e30db11b9821095fd22e004e881b1b7bd54521c4d44,True
d20-c1-h4-s22264816,20,1,22264816,4,16,bd8ee64c527eae2f582219bc517f2769c6441d6a04b98387b3073eb9c47f672b,832b8ade6e41068e7a8a1c5cbfae7c109aef3df45749dd733db6a365561e3986,2,minimum_max_pressure,0,44525637,300000,30.0,True,solved,3.0994658999843523,13995,13955,13955,55962,41852,61,9,5281,0.08667229861021042,f554fa6a338dc3f3b5f69e30db11b9821095fd22e004e881b1b7bd54521c4d44,True
d20-c1-h4-s22264816,20,1,22264816,4,16,bd8ee64c527eae2f582219bc517f2769c6441d6a04b98387b3073eb9c47f672b,832b8ade6e41068e7a8a1c5cbfae7c109aef3df45749dd733db6a365561e3986,2,random_order,0,44525637,300000,30.0,True,solved,3.802731200004928,18378,18338,18338,73490,54987,85,11,6970,0.10262590006459504,f554fa6a338dc3f3b5f69e30db11b9821095fd22e004e881b1b7bd54521c4d44,True
d20-c1-h4-s22264816,20,1,22264816,4,16,bd8ee64c527eae2f582219bc517f2769c6441d6a04b98387b3073eb9c47f672b,832b8ade6e41068e7a8a1c5cbfae7c109aef3df45749dd733db6a365561e3986,2,all_pair_product,1,54525656,300000,30.0,True,solved,2.263814599951729,9537,9497,9497,38130,28469,47,9,3646,0.32051959773525596,f554fa6a338dc3f3b5f69e30db11b9821095fd22e004e881b1b7bd54521c4d44,True
d20-c1-h4-s22264816,20,1,22264816,4,16,bd8ee64c527eae2f582219bc517f2769c6441d6a04b98387b3073eb9c47f672b,832b8ade6e41068e7a8a1c5cbfae7c109aef3df45749dd733db6a365561e3986,2,balance_only,1,54525656,300000,30.0,True,solved,5.1009805999929085,25322,25282,25282,101262,75812,85,13,9589,0.1947856907499954,f554fa6a338dc3f3b5f69e30db11b9821095fd22e004e881b1b7bd54521c4d44,True
d20-c1-h4-s22264816,20,1,22264816,4,16,bd8ee64c527eae2f582219bc517f2769c6441d6a04b98387b3073eb9c47f672b,832b8ade6e41068e7a8a1c5cbfae7c109aef3df45749dd733db6a365561e3986,2,lexicographic,1,54525656,300000,30.0,True,solved,0.8626443999819458,3740,3700,3700,14952,11150,22,4,0,0.0,f554fa6a338dc3f3b5f69e30db11b9821095fd22e004e881b1b7bd54521c4d44,True
d20-c1-h4-s22264816,20,1,22264816,4,16,bd8ee64c527eae2f582219bc517f2769c6441d6a04b98387b3073eb9c47f672b,832b8ade6e41068e7a8a1c5cbfae7c109aef3df45749dd733db6a365561e3986,2,minimum_max_pressure,1,54525656,300000,30.0,True,solved,3.004343200009316,15119,15079,15079,60458,45233,58,9,5725,0.08544990210793912,f554fa6a338dc3f3b5f69e30db11b9821095fd22e004e881b1b7bd54521c4d44,True
d20-c1-h4-s22264816,20,1,22264816,4,16,bd8ee64c527eae2f582219bc517f2769c6441d6a04b98387b3073eb9c47f672b,832b8ade6e41068e7a8a1c5cbfae7c109aef3df45749dd733db6a365561e3986,2,random_order,1,54525656,300000,30.0,True,solved,3.1086246999911964,14903,14863,14863,59594,44594,58,9,5656,0.08457699848804623,f554fa6a338dc3f3b5f69e30db11b9821095fd22e004e881b1b7bd54521c4d44,True
d20-c1-h4-s22264816,20,1,22264816,4,16,bd8ee64c527eae2f582219bc517f2769c6441d6a04b98387b3073eb9c47f672b,832b8ade6e41068e7a8a1c5cbfae7c109aef3df45749dd733db6a365561e3986,2,all_pair_product,2,64525675,300000,30.0,True,solved,2.216856300015934,9537,9497,9497,38130,28469,47,9,3646,0.31408869998995215,f554fa6a338dc3f3b5f69e30db11b9821095fd22e004e881b1b7bd54521c4d44,True
d20-c1-h4-s22264816,20,1,22264816,4,16,bd8ee64c527eae2f582219bc517f2769c6441d6a04b98387b3073eb9c47f672b,832b8ade6e41068e7a8a1c5cbfae7c109aef3df45749dd733db6a365561e3986,2,balance_only,2,64525675,300000,30.0,True,solved,5.09880899998825,25497,25457,25457,101962,76335,91,13,9693,0.19369360466953367,f554fa6a338dc3f3b5f69e30db11b9821095fd22e004e881b1b7bd54521c4d44,True
d20-c1-h4-s22264816,20,1,22264816,4,16,bd8ee64c527eae2f582219bc517f2769c6441d6a04b98387b3073eb9c47f672b,832b8ade6e41068e7a8a1c5cbfae7c109aef3df45749dd733db6a365561e3986,2,lexicographic,2,64525675,300000,30.0,True,solved,0.8141234000213444,3740,3700,3700,14952,11150,22,4,0,0.0,f554fa6a338dc3f3b5f69e30db11b9821095fd22e004e881b1b7bd54521c4d44,True
d20-c1-h4-s22264816,20,1,22264816,4,16,bd8ee64c527eae2f582219bc517f2769c6441d6a04b98387b3073eb9c47f672b,832b8ade6e41068e7a8a1c5cbfae7c109aef3df45749dd733db6a365561e3986,2,minimum_max_pressure,2,64525675,300000,30.0,True,solved,1.7496240000473335,8425,8385,8385,33688,25180,28,6,3242,0.050562296994030476,f554fa6a338dc3f3b5f69e30db11b9821095fd22e004e881b1b7bd54521c4d44,True
d20-c1-h4-s22264816,20,1,22264816,4,16,bd8ee64c527eae2f582219bc517f2769c6441d6a04b98387b3073eb9c47f672b,832b8ade6e41068e7a8a1c5cbfae7c109aef3df45749dd733db6a365561e3986,2,random_order,2,64525675,300000,30.0,True,solved,2.5388146999757737,12715,12675,12675,50844,38042,46,8,4893,0.07049830153118819,f554fa6a338dc3f3b5f69e30db11b9821095fd22e004e881b1b7bd54521c4d44,True
d20-c1-h4-s22264816,20,1,22264816,4,16,bd8ee64c527eae2f582219bc517f2769c6441d6a04b98387b3073eb9c47f672b,832b8ade6e41068e7a8a1c5cbfae7c109aef3df45749dd733db6a365561e3986,4,all_pair_product,0,46525643,300000,30.0,True,solved,4.345997299998999,6305,6285,6285,100792,94189,133,10,652,0.1807972004171461,f554fa6a338dc3f3b5f69e30db11b9821095fd22e004e881b1b7bd54521c4d44,True
d20-c1-h4-s22264816,20,1,22264816,4,16,bd8ee64c527eae2f582219bc517f2769c6441d6a04b98387b3073eb9c47f672b,832b8ade6e41068e7a8a1c5cbfae7c109aef3df45749dd733db6a365561e3986,4,balance_only,0,46525643,300000,30.0,True,solved,5.265082500060089,7849,7829,7829,125496,117492,81,7,787,0.031191998743452132,f554fa6a338dc3f3b5f69e30db11b9821095fd22e004e881b1b7bd54521c4d44,True
d20-c1-h4-s22264816,20,1,22264816,4,16,bd8ee64c527eae2f582219bc517f2769c6441d6a04b98387b3073eb9c47f672b,832b8ade6e41068e7a8a1c5cbfae7c109aef3df45749dd733db6a365561e3986,4,lexicographic,0,46525643,300000,30.0,True,solved,1.8514310999307781,2500,2480,2480,39960,37333,43,4,0,0.0,f554fa6a338dc3f3b5f69e30db11b9821095fd22e004e881b1b7bd54521c4d44,True
d20-c1-h4-s22264816,20,1,22264816,4,16,bd8ee64c527eae2f582219bc517f2769c6441d6a04b98387b3073eb9c47f672b,832b8ade6e41068e7a8a1c5cbfae7c109aef3df45749dd733db6a365561e3986,4,minimum_max_pressure,0,46525643,300000,30.0,True,solved,1.6293272000038996,2486,2466,2466,39720,37035,53,6,259,0.005385100026614964,f554fa6a338dc3f3b5f69e30db11b9821095fd22e004e881b1b7bd54521c4d44,True
d20-c1-h4-s22264816,20,1,22264816,4,16,bd8ee64c527eae2f582219bc517f2769c6441d6a04b98387b3073eb9c47f672b,832b8ade6e41068e7a8a1c5cbfae7c109aef3df45749dd733db6a365561e3986,4,random_order,0,46525643,300000,30.0,True,solved,1.761524600093253,2731,2711,2711,43656,40818,7,4,280,0.005165099166333675,f554fa6a338dc3f3b5f69e30db11b9821095fd22e004e881b1b7bd54521c4d44,True
d20-c1-h4-s22264816,20,1,22264816,4,16,bd8ee64c527eae2f582219bc517f2769c6441d6a04b98387b3073eb9c47f672b,832b8ade6e41068e7a8a1c5cbfae7c109aef3df45749dd733db6a365561e3986,4,all_pair_product,1,56525662,300000,30.0,True,solved,4.476688300026581,6305,6285,6285,100792,94189,133,10,652,0.18551009893417358,f554fa6a338dc3f3b5f69e30db11b9821095fd22e004e881b1b7bd54521c4d44,True
d20-c1-h4-s22264816,20,1,22264816,4,16,bd8ee64c527eae2f582219bc517f2769c6441d6a04b98387b3073eb9c47f672b,832b8ade6e41068e7a8a1c5cbfae7c109aef3df45749dd733db6a365561e3986,4,balance_only,1,56525662,300000,30.0,True,solved,7.303715299931355,10739,10719,10719,171712,160776,121,9,1079,0.0423133026342839,f554fa6a338dc3f3b5f69e30db11b9821095fd22e004e881b1b7bd54521c4d44,True
d20-c1-h4-s22264816,20,1,22264816,4,16,bd8ee64c527eae2f582219bc517f2769c6441d6a04b98387b3073eb9c47f672b,832b8ade6e41068e7a8a1c5cbfae7c109aef3df45749dd733db6a365561e3986,4,lexicographic,1,56525662,300000,30.0,True,solved,1.8008460000855848,2500,2480,2480,39960,37333,43,4,0,0.0,f554fa6a338dc3f3b5f69e30db11b9821095fd22e004e881b1b7bd54521c4d44,True
d20-c1-h4-s22264816,20,1,22264816,4,16,bd8ee64c527eae2f582219bc517f2769c6441d6a04b98387b3073eb9c47f672b,832b8ade6e41068e7a8a1c5cbfae7c109aef3df45749dd733db6a365561e3986,4,minimum_max_pressure,1,56525662,300000,30.0,True,solved,1.7010027000214905,2699,2679,2679,43128,40207,76,7,276,0.005741599248722196,f554fa6a338dc3f3b5f69e30db11b9821095fd22e004e881b1b7bd54521c4d44,True
d20-c1-h4-s22264816,20,1,22264816,4,16,bd8ee64c527eae2f582219bc517f2769c6441d6a04b98387b3073eb9c47f672b,832b8ade6e41068e7a8a1c5cbfae7c109aef3df45749dd733db6a365561e3986,4,random_order,1,56525662,300000,30.0,True,solved,4.743450599955395,7467,7447,7447,119392,111739,75,7,753,0.013711299514397979,f554fa6a338dc3f3b5f69e30db11b9821095fd22e004e881b1b7bd54521c4d44,True
d20-c1-h4-s22264816,20,1,22264816,4,16,bd8ee64c527eae2f582219bc517f2769c6441d6a04b98387b3073eb9c47f672b,832b8ade6e41068e7a8a1c5cbfae7c109aef3df45749dd733db6a365561e3986,4,all_pair_product,2,66525681,300000,30.0,True,solved,4.275139499921352,6305,6285,6285,100792,94189,133,10,652,0.17614170059096068,f554fa6a338dc3f3b5f69e30db11b9821095fd22e004e881b1b7bd54521c4d44,True
d20-c1-h4-s22264816,20,1,22264816,4,16,bd8ee64c527eae2f582219bc517f2769c6441d6a04b98387b3073eb9c47f672b,832b8ade6e41068e7a8a1c5cbfae7c109aef3df45749dd733db6a365561e3986,4,balance_only,2,66525681,300000,30.0,True,solved,5.354441600036807,8413,8393,8393,134520,125947,97,7,847,0.03161590057425201,f554fa6a338dc3f3b5f69e30db11b9821095fd22e004e881b1b7bd54521c4d44,True
d20-c1-h4-s22264816,20,1,22264816,4,16,bd8ee64c527eae2f582219bc517f2769c6441d6a04b98387b3073eb9c47f672b,832b8ade6e41068e7a8a1c5cbfae7c109aef3df45749dd733db6a365561e3986,4,lexicographic,2,66525681,300000,30.0,True,solved,1.71547409996856,2500,2480,2480,39960,37333,43,4,0,0.0,f554fa6a338dc3f3b5f69e30db11b9821095fd22e004e881b1b7bd54521c4d44,True
d20-c1-h4-s22264816,20,1,22264816,4,16,bd8ee64c527eae2f582219bc517f2769c6441d6a04b98387b3073eb9c47f672b,832b8ade6e41068e7a8a1c5cbfae7c109aef3df45749dd733db6a365561e3986,4,minimum_max_pressure,2,66525681,300000,30.0,True,solved,1.9172107999911532,3136,3116,3116,50112,46770,69,6,321,0.006429399480111897,f554fa6a338dc3f3b5f69e30db11b9821095fd22e004e881b1b7bd54521c4d44,True
d20-c1-h4-s22264816,20,1,22264816,4,16,bd8ee64c527eae2f582219bc517f2769c6441d6a04b98387b3073eb9c47f672b,832b8ade6e41068e7a8a1c5cbfae7c109aef3df45749dd733db6a365561e3986,4,random_order,2,66525681,300000,30.0,True,solved,5.862665700027719,9341,9321,9321,149368,139829,118,8,948,0.01707260066177696,f554fa6a338dc3f3b5f69e30db11b9821095fd22e004e881b1b7bd54521c4d44,True
d20-c1-h4-s22264816,20,1,22264816,4,16,bd8ee64c527eae2f582219bc517f2769c6441d6a04b98387b3073eb9c47f672b,832b8ade6e41068e7a8a1c5cbfae7c109aef3df45749dd733db6a365561e3986,8,all_pair_product,0,50525655,300000,30.0,True,solved,0.5936563999857754,44,32,32,10024,8733,324,5,15,0.024130999809131026,f554fa6a338dc3f3b5f69e30db11b9821095fd22e004e881b1b7bd54521c4d44,True
d20-c1-h4-s22264816,20,1,22264816,4,16,bd8ee64c527eae2f582219bc517f2769c6441d6a04b98387b3073eb9c47f672b,832b8ade6e41068e7a8a1c5cbfae7c109aef3df45749dd733db6a365561e3986,8,balance_only,0,50525655,300000,30.0,True,solved,14.821404399932362,1186,1174,1174,299400,296299,1363,12,39,0.004229300422593951,f554fa6a338dc3f3b5f69e30db11b9821095fd22e004e881b1b7bd54521c4d44,True
d20-c1-h4-s22264816,20,1,22264816,4,16,bd8ee64c527eae2f582219bc517f2769c6441d6a04b98387b3073eb9c47f672b,832b8ade6e41068e7a8a1c5cbfae7c109aef3df45749dd733db6a365561e3986,8,lexicographic,0,50525655,300000,30.0,True,solved,3.2197599000064656,242,230,230,60712,59679,95,4,0,0.0,f554fa6a338dc3f3b5f69e30db11b9821095fd22e004e881b1b7bd54521c4d44,True
d20-c1-h4-s22264816,20,1,22264816,4,16,bd8ee64c527eae2f582219bc517f2769c6441d6a04b98387b3073eb9c47f672b,832b8ade6e41068e7a8a1c5cbfae7c109aef3df45749dd733db6a365561e3986,8,minimum_max_pressure,0,50525655,300000,30.0,True,solved,2.7214960999554023,210,198,198,52272,50723,553,6,18,0.001120400265790522,f554fa6a338dc3f3b5f69e30db11b9821095fd22e004e881b1b7bd54521c4d44,True
d20-c1-h4-s22264816,20,1,22264816,4,16,bd8ee64c527eae2f582219bc517f2769c6441d6a04b98387b3073eb9c47f672b,832b8ade6e41068e7a8a1c5cbfae7c109aef3df45749dd733db6a365561e3986,8,random_order,0,50525655,300000,30.0,True,solved,15.823761999956332,1267,1255,1255,320632,317532,1363,12,38,0.001429600059054792,f554fa6a338dc3f3b5f69e30db11b9821095fd22e004e881b1b7bd54521c4d44,True
d20-c1-h4-s22264816,20,1,22264816,4,16,bd8ee64c527eae2f582219bc517f2769c6441d6a04b98387b3073eb9c47f672b,832b8ade6e41068e7a8a1c5cbfae7c109aef3df45749dd733db6a365561e3986,8,all_pair_product,1,60525674,300000,30.0,True,solved,0.6094611999578774,44,32,32,10024,8733,324,5,15,0.028187199728563428,f554fa6a338dc3f3b5f69e30db11b9821095fd22e004e881b1b7bd54521c4d44,True
d20-c1-h4-s22264816,20,1,22264816,4,16,bd8ee64c527eae2f582219bc517f2769c6441d6a04b98387b3073eb9c47f672b,832b8ade6e41068e7a8a1c5cbfae7c109aef3df45749dd733db6a365561e3986,8,balance_only,1,60525674,300000,30.0,True,solved,15.16123680002056,1216,1204,1204,307080,303979,1363,12,39,0.00533189985435456,f554fa6a338dc3f3b5f69e30db11b9821095fd22e004e881b1b7bd54521c4d44,True
d20-c1-h4-s22264816,20,1,22264816,4,16,bd8ee64c527eae2f582219bc517f2769c6441d6a04b98387b3073eb9c47f672b,832b8ade6e41068e7a8a1c5cbfae7c109aef3df45749dd733db6a365561e3986,8,lexicographic,1,60525674,300000,30.0,True,solved,3.181629900005646,242,230,230,60712,59679,95,4,0,0.0,f554fa6a338dc3f3b5f69e30db11b9821095fd22e004e881b1b7bd54521c4d44,True
d20-c1-h4-s22264816,20,1,22264816,4,16,bd8ee64c527eae2f582219bc517f2769c6441d6a04b98387b3073eb9c47f672b,832b8ade6e41068e7a8a1c5cbfae7c109aef3df45749dd733db6a365561e3986,8,minimum_max_pressure,1,60525674,300000,30.0,True,solved,3.541648200014606,269,257,257,67128,65579,553,6,18,0.0009709999430924654,f554fa6a338dc3f3b5f69e30db11b9821095fd22e004e881b1b7bd54521c4d44,True
d20-c1-h4-s22264816,20,1,22264816,4,16,bd8ee64c527eae2f582219bc517f2769c6441d6a04b98387b3073eb9c47f672b,832b8ade6e41068e7a8a1c5cbfae7c109aef3df45749dd733db6a365561e3986,8,random_order,1,60525674,300000,30.0,True,solved,11.371895599993877,913,901,901,230752,228427,1058,9,29,0.0009982003830373287,f554fa6a338dc3f3b5f69e30db11b9821095fd22e004e881b1b7bd54521c4d44,True
d20-c1-h4-s22264816,20,1,22264816,4,16,bd8ee64c527eae2f582219bc517f2769c6441d6a04b98387b3073eb9c47f672b,832b8ade6e41068e7a8a1c5cbfae7c109aef3df45749dd733db6a365561e3986,8,all_pair_product,2,70525693,300000,30.0,True,solved,0.5784663000376895,44,32,32,10024,8733,324,5,15,0.02679800009354949,f554fa6a338dc3f3b5f69e30db11b9821095fd22e004e881b1b7bd54521c4d44,True
d20-c1-h4-s22264816,20,1,22264816,4,16,bd8ee64c527eae2f582219bc517f2769c6441d6a04b98387b3073eb9c47f672b,832b8ade6e41068e7a8a1c5cbfae7c109aef3df45749dd733db6a365561e3986,8,balance_only,2,70525693,300000,30.0,True,solved,15.687407099991105,1254,1242,1242,316808,313707,1363,12,39,0.004659900325350463,f554fa6a338dc3f3b5f69e30db11b9821095fd22e004e881b1b7bd54521c4d44,True
d20-c1-h4-s22264816,20,1,22264816,4,16,bd8ee64c527eae2f582219bc517f2769c6441d6a04b98387b3073eb9c47f672b,832b8ade6e41068e7a8a1c5cbfae7c109aef3df45749dd733db6a365561e3986,8,lexicographic,2,70525693,300000,30.0,True,solved,3.1579129999736324,242,230,230,60712,59679,95,4,0,0.0,f554fa6a338dc3f3b5f69e30db11b9821095fd22e004e881b1b7bd54521c4d44,True
d20-c1-h4-s22264816,20,1,22264816,4,16,bd8ee64c527eae2f582219bc517f2769c6441d6a04b98387b3073eb9c47f672b,832b8ade6e41068e7a8a1c5cbfae7c109aef3df45749dd733db6a365561e3986,8,minimum_max_pressure,2,70525693,300000,30.0,True,solved,6.920986599987373,529,517,517,132944,130878,829,8,25,0.0014712003758177161,f554fa6a338dc3f3b5f69e30db11b9821095fd22e004e881b1b7bd54521c4d44,True
d20-c1-h4-s22264816,20,1,22264816,4,16,bd8ee64c527eae2f582219bc517f2769c6441d6a04b98387b3073eb9c47f672b,832b8ade6e41068e7a8a1c5cbfae7c109aef3df45749dd733db6a365561e3986,8,random_order,2,70525693,300000,30.0,True,solved,23.03290760004893,1822,1810,1810,461224,457348,1868,15,49,0.0016185999847948551,f554fa6a338dc3f3b5f69e30db11b9821095fd22e004e881b1b7bd54521c4d44,True
d20-c1-h4-s22264819,20,1,22264819,4,16,108be3514f8ac49bad5b1e30037ec28bc82ebbb30711238052253cbc79cdb4cb,abedb01b033ab855d2c58868245ea6d4d08e37282e6e4c391723eee7415c70ca,2,all_pair_product,0,44525640,300000,30.0,True,solved,1.1379980000201613,5834,5794,5794,23316,17338,71,10,2251,0.16694020095746964,65725ef8daf1d42088bbbbecc3768dc1801608b5f47173a11689334f10be1c04,True
d20-c1-h4-s22264819,20,1,22264819,4,16,108be3514f8ac49bad5b1e30037ec28bc82ebbb30711238052253cbc79cdb4cb,abedb01b033ab855d2c58868245ea6d4d08e37282e6e4c391723eee7415c70ca,2,balance_only,0,44525640,300000,30.0,True,solved,2.3234453999903053,12777,12737,12737,51086,38191,80,11,4842,0.09204989986028522,65725ef8daf1d42088bbbbecc3768dc1801608b5f47173a11689334f10be1c04,True
d20-c1-h4-s22264819,20,1,22264819,4,16,108be3514f8ac49bad5b1e30037ec28bc82ebbb30711238052253cbc79cdb4cb,abedb01b033ab855d2c58868245ea6d4d08e37282e6e4c391723eee7415c70ca,2,lexicographic,0,44525640,300000,30.0,True,solved,0.7041572000598535,4151,4111,4111,16596,12386,25,4,0,0.0,65725ef8daf1d42088bbbbecc3768dc1801608b5f47173a11689334f10be1c04,True
d20-c1-h4-s22264819,20,1,22264819,4,16,108be3514f8ac49bad5b1e30037ec28bc82ebbb30711238052253cbc79cdb4cb,abedb01b033ab855d2c58868245ea6d4d08e37282e6e4c391723eee7415c70ca,2,minimum_max_pressure,0,44525640,300000,30.0,True,solved,1.5860983000602573,8839,8799,8799,35336,26364,78,10,3365,0.045660892385058105,65725ef8daf1d42088bbbbecc3768dc1801608b5f47173a11689334f10be1c04,True
d20-c1-h4-s22264819,20,1,22264819,4,16,108be3514f8ac49bad5b1e30037ec28bc82ebbb30711238052253cbc79cdb4cb,abedb01b033ab855d2c58868245ea6d4d08e37282e6e4c391723eee7415c70ca,2,random_order,0,44525640,300000,30.0,True,solved,1.6746468000346795,10153,10113,10113,40592,30316,81,10,3850,0.04548990249168128,65725ef8daf1d42088bbbbecc3768dc1801608b5f47173a11689334f10be1c04,True
d20-c1-h4-s22264819,20,1,22264819,4,16,108be3514f8ac49bad5b1e30037ec28bc82ebbb30711238052253cbc79cdb4cb,abedb01b033ab855d2c58868245ea6d4d08e37282e6e4c391723eee7415c70ca,2,all_pair_product,1,54525659,300000,30.0,True,solved,1.321837699972093,6243,6203,6203,24950,18553,82,11,2409,0.1925209016771987,65725ef8daf1d42088bbbbecc3768dc1801608b5f47173a11689334f10be1c04,True
d20-c1-h4-s22264819,20,1,22264819,4,16,108be3514f8ac49bad5b1e30037ec28bc82ebbb30711238052253cbc79cdb4cb,abedb01b033ab855d2c58868245ea6d4d08e37282e6e4c391723eee7415c70ca,2,balance_only,1,54525659,300000,30.0,True,solved,2.181660100002773,11525,11485,11485,46078,34436,80,11,4375,0.08462349837645888,65725ef8daf1d42088bbbbecc3768dc1801608b5f47173a11689334f10be1c04,True
d20-c1-h4-s22264819,20,1,22264819,4,16,108be3514f8ac49bad5b1e30037ec28bc82ebbb30711238052253cbc79cdb4cb,abedb01b033ab855d2c58868245ea6d4d08e37282e6e4c391723eee7415c70ca,2,lexicographic,1,54525659,300000,30.0,True,solved,0.7526084999553859,4151,4111,4111,16596,12386,25,4,0,0.0,65725ef8daf1d42088bbbbecc3768dc1801608b5f47173a11689334f10be1c04,True
d20-c1-h4-s22264819,20,1,22264819,4,16,108be3514f8ac49bad5b1e30037ec28bc82ebbb30711238052253cbc79cdb4cb,abedb01b033ab855d2c58868245ea6d4d08e37282e6e4c391723eee7415c70ca,2,minimum_max_pressure,1,54525659,300000,30.0,True,solved,0.9174755000276491,5147,5107,5107,20570,15311,53,9,1987,0.026588101871311665,65725ef8daf1d42088bbbbecc3768dc1801608b5f47173a11689334f10be1c04,True
d20-c1-h4-s22264819,20,1,22264819,4,16,108be3514f8ac49bad5b1e30037ec28bc82ebbb30711238052253cbc79cdb4cb,abedb01b033ab855d2c58868245ea6d4d08e37282e6e4c391723eee7415c70ca,2,random_order,1,54525659,300000,30.0,True,solved,1.1764432999771088,6386,6346,6346,25526,19044,53,9,2458,0.03264410316478461,65725ef8daf1d42088bbbbecc3768dc1801608b5f47173a11689334f10be1c04,True
d20-c1-h4-s22264819,20,1,22264819,4,16,108be3514f8ac49bad5b1e30037ec28bc82ebbb30711238052253cbc79cdb4cb,abedb01b033ab855d2c58868245ea6d4d08e37282e6e4c391723eee7415c70ca,2,all_pair_product,2,64525678,300000,30.0,True,solved,1.290569999953732,6243,6203,6203,24950,18553,82,11,2409,0.1878538018791005,65725ef8daf1d42088bbbbecc3768dc1801608b5f47173a11689334f10be1c04,True
d20-c1-h4-s22264819,20,1,22264819,4,16,108be3514f8ac49bad5b1e30037ec28bc82ebbb30711238052253cbc79cdb4cb,abedb01b033ab855d2c58868245ea6d4d08e37282e6e4c391723eee7415c70ca,2,balance_only,2,64525678,300000,30.0,True,solved,2.2931083000730723,12464,12424,12424,49834,37252,80,11,4731,0.09052919899113476,65725ef8daf1d42088bbbbecc3768dc1801608b5f47173a11689334f10be1c04,True
d20-c1-h4-s22264819,20,1,22264819,4,16,108be3514f8ac49bad5b1e30037ec28bc82ebbb30711238052253cbc79cdb4cb,abedb01b033ab855d2c58868245ea6d4d08e37282e6e4c391723eee7415c70ca,2,lexicographic,2,64525678,300000,30.0,True,solved,0.7256131001049653,4151,4111,4111,16596,12386,25,4,0,0.0,65725ef8daf1d42088bbbbecc3768dc1801608b5f47173a11689334f10be1c04,True
d20-c1-h4-s22264819,20,1,22264819,4,16,108be3514f8ac49bad5b1e30037ec28bc82ebbb30711238052253cbc79cdb4cb,abedb01b033ab855d2c58868245ea6d4d08e37282e6e4c391723eee7415c70ca,2,minimum_max_pressure,2,64525678,300000,30.0,True,solved,0.9387142999330536,5430,5390,5390,21704,16159,54,8,2105,0.027791999629698694,65725ef8daf1d42088bbbbecc3768dc1801608b5f47173a11689334f10be1c04,True
d20-c1-h4-s22264819,20,1,22264819,4,16,108be3514f8ac49bad5b1e30037ec28bc82ebbb30711238052253cbc79cdb4cb,abedb01b033ab855d2c58868245ea6d4d08e37282e6e4c391723eee7415c70ca,2,random_order,2,64525678,300000,30.0,True,solved,1.2271765999030322,6588,6548,6548,26336,19648,57,8,2533,0.03474469901993871,65725ef8daf1d42088bbbbecc3768dc1801608b5f47173a11689334f10be1c04,True
d20-c1-h4-s22264819,20,1,22264819,4,16,108be3514f8ac49bad5b1e30037ec28bc82ebbb30711238052253cbc79cdb4cb,abedb01b033ab855d2c58868245ea6d4d08e37282e6e4c391723eee7415c70ca,4,all_pair_product,0,46525646,300000,30.0,True,solved,2.7665834999643266,4164,4144,4144,66400,61895,192,12,425,0.1211608003359288,65725ef8daf1d42088bbbbecc3768dc1801608b5f47173a11689334f10be1c04,True
d20-c1-h4-s22264819,20,1,22264819,4,16,108be3514f8ac49bad5b1e30037ec28bc82ebbb30711238052253cbc79cdb4cb,abedb01b033ab855d2c58868245ea6d4d08e37282e6e4c391723eee7415c70ca,4,balance_only,0,46525646,300000,30.0,True,solved,3.962107800063677,6469,6449,6449,103352,96703,103,8,638,0.024427197873592377,65725ef8daf1d42088bbbbecc3768dc1801608b5f47173a11689334f10be1c04,True
d20-c1-h4-s22264819,20,1,22264819,4,16,108be3514f8ac49bad5b1e30037ec28bc82ebbb30711238052253cbc79cdb4cb,abedb01b033ab855d2c58868245ea6d4d08e37282e6e4c391723eee7415c70ca,4,lexicographic,0,46525646,300000,30.0,True,solved,1.7463038999121636,2763,2743,2743,44152,41261,55,4,0,0.0,65725ef8daf1d42088bbbbecc3768dc1801608b5f47173a11689334f10be1c04,True
d20-c1-h4-s22264819,20,1,22264819,4,16,108be3514f8ac49bad5b1e30037ec28bc82ebbb30711238052253cbc79cdb4cb,abedb01b033ab855d2c58868245ea6d4d08e37282e6e4c391723eee7415c70ca,4,minimum_max_pressure,0,46525646,300000,30.0,True,solved,4.027526599937119,6409,6389,6389,102256,95499,231,14,640,0.01352159888483584,65725ef8daf1d42088bbbbecc3768dc1801608b5f47173a11689334f10be1c04,True
d20-c1-h4-s22264819,20,1,22264819,4,16,108be3514f8ac49bad5b1e30037ec28bc82ebbb30711238052253cbc79cdb4cb,abedb01b033ab855d2c58868245ea6d4d08e37282e6e4c391723eee7415c70ca,4,random_order,0,46525646,300000,30.0,True,solved,2.663074800046161,4118,4098,4098,65760,61437,121,8,411,0.007863301550969481,65725ef8daf1d42088bbbbecc3768dc1801608b5f47173a11689334f10be1c04,True
d20-c1-h4-s22264819,20,1,22264819,4,16,108be3514f8ac49bad5b1e30037ec28bc82ebbb30711238052253cbc79cdb4cb,abedb01b033ab855d2c58868245ea6d4d08e37282e6e4c391723eee7415c70ca,4,all_pair_product,1,56525665,300000,30.0,True,solved,2.8132373000262305,4086,4066,4066,65168,60765,168,11,415,0.11777050187811255,65725ef8daf1d42088bbbbecc3768dc1801608b5f47173a11689334f10be1c04,True
d20-c1-h4-s22264819,20,1,22264819,4,16,108be3514f8ac49bad5b1e30037ec28bc82ebbb30711238052253cbc79cdb4cb,abedb01b033ab855d2c58868245ea6d4d08e37282e6e4c391723eee7415c70ca,4,balance_only,1,56525665,300000,30.0,True,solved,5.861546300002374,9044,9024,9024,144456,135149,186,12,890,0.035951900645159185,65725ef8daf1d42088bbbbecc3768dc1801608b5f47173a11689334f10be1c04,True
d20-c1-h4-s22264819,20,1,22264819,4,16,108be3514f8ac49bad5b1e30037ec28bc82ebbb30711238052253cbc79cdb4cb,abedb01b033ab855d2c58868245ea6d4d08e37282e6e4c391723eee7415c70ca,4,lexicographic,1,56525665,300000,30.0,True,solved,1.7604854999808595,2763,2743,2743,44152,41261,55,4,0,0.0,65725ef8daf1d42088bbbbecc3768dc1801608b5f47173a11689334f10be1c04,True
d20-c1-h4-s22264819,20,1,22264819,4,16,108be3514f8ac49bad5b1e30037ec28bc82ebbb30711238052253cbc79cdb4cb,abedb01b033ab855d2c58868245ea6d4d08e37282e6e4c391723eee7415c70ca,4,minimum_max_pressure,1,56525665,300000,30.0,True,solved,3.6623375000199303,5760,5740,5740,91928,85888,168,11,571,0.012224501464515924,65725ef8daf1d42088bbbbecc3768dc1801608b5f47173a11689334f10be1c04,True
d20-c1-h4-s22264819,20,1,22264819,4,16,108be3514f8ac49bad5b1e30037ec28bc82ebbb30711238052253cbc79cdb4cb,abedb01b033ab855d2c58868245ea6d4d08e37282e6e4c391723eee7415c70ca,4,random_order,1,56525665,300000,30.0,True,solved,4.944724400062114,7872,7852,7852,125720,117623,171,11,770,0.014345401432365179,65725ef8daf1d42088bbbbecc3768dc1801608b5f47173a11689334f10be1c04,True
d20-c1-h4-s22264819,20,1,22264819,4,16,108be3514f8ac49bad5b1e30037ec28bc82ebbb30711238052253cbc79cdb4cb,abedb01b033ab855d2c58868245ea6d4d08e37282e6e4c391723eee7415c70ca,4,all_pair_product,2,66525684,300000,30.0,True,solved,2.7634935000678524,4164,4144,4144,66400,61895,192,12,425,0.11924779962282628,65725ef8daf1d42088bbbbecc3768dc1801608b5f47173a11689334f10be1c04,True
d20-c1-h4-s22264819,20,1,22264819,4,16,108be3514f8ac49bad5b1e30037ec28bc82ebbb30711238052253cbc79cdb4cb,abedb01b033ab855d2c58868245ea6d4d08e37282e6e4c391723eee7415c70ca,4,balance_only,2,66525684,300000,30.0,True,solved,4.400771100074053,6732,6712,6712,107560,100647,103,8,666,0.02833950100466609,65725ef8daf1d42088bbbbecc3768dc1801608b5f47173a11689334f10be1c04,True
d20-c1-h4-s22264819,20,1,22264819,4,16,108be3514f8ac49bad5b1e30037ec28bc82ebbb30711238052253cbc79cdb4cb,abedb01b033ab855d2c58868245ea6d4d08e37282e6e4c391723eee7415c70ca,4,lexicographic,2,66525684,300000,30.0,True,solved,1.7987097000004724,2763,2743,2743,44152,41261,55,4,0,0.0,65725ef8daf1d42088bbbbecc3768dc1801608b5f47173a11689334f10be1c04,True
d20-c1-h4-s22264819,20,1,22264819,4,16,108be3514f8ac49bad5b1e30037ec28bc82ebbb30711238052253cbc79cdb4cb,abedb01b033ab855d2c58868245ea6d4d08e37282e6e4c391723eee7415c70ca,4,minimum_max_pressure,2,66525684,300000,30.0,True,solved,3.5973627000348642,5644,5624,5624,90040,84060,216,13,564,0.01231400202959776,65725ef8daf1d42088bbbbecc3768dc1801608b5f47173a11689334f10be1c04,True
d20-c1-h4-s22264819,20,1,22264819,4,16,108be3514f8ac49bad5b1e30037ec28bc82ebbb30711238052253cbc79cdb4cb,abedb01b033ab855d2c58868245ea6d4d08e37282e6e4c391723eee7415c70ca,4,random_order,2,66525684,300000,30.0,True,solved,3.000038600061089,4633,4613,4613,74016,69196,106,7,462,0.008862899150699377,65725ef8daf1d42088bbbbecc3768dc1801608b5f47173a11689334f10be1c04,True
d20-c1-h4-s22264819,20,1,22264819,4,16,108be3514f8ac49bad5b1e30037ec28bc82ebbb30711238052253cbc79cdb4cb,abedb01b033ab855d2c58868245ea6d4d08e37282e6e4c391723eee7415c70ca,8,all_pair_product,0,50525658,300000,30.0,True,solved,3.82178290002048,320,308,308,75472,72611,1898,11,33,0.024708999786525965,65725ef8daf1d42088bbbbecc3768dc1801608b5f47173a11689334f10be1c04,True
d20-c1-h4-s22264819,20,1,22264819,4,16,108be3514f8ac49bad5b1e30037ec28bc82ebbb30711238052253cbc79cdb4cb,abedb01b033ab855d2c58868245ea6d4d08e37282e6e4c391723eee7415c70ca,8,balance_only,0,50525658,300000,30.0,True,solved,5.918599900091067,485,473,473,118208,115606,1649,10,30,0.003190500079654157,65725ef8daf1d42088bbbbecc3768dc1801608b5f47173a11689334f10be1c04,True
d20-c1-h4-s22264819,20,1,22264819,4,16,108be3514f8ac49bad5b1e30037ec28bc82ebbb30711238052253cbc79cdb4cb,abedb01b033ab855d2c58868245ea6d4d08e37282e6e4c391723eee7415c70ca,8,lexicographic,0,50525658,300000,30.0,True,solved,3.3713688999414444,264,252,252,65848,64808,377,4,0,0.0,65725ef8daf1d42088bbbbecc3768dc1801608b5f47173a11689334f10be1c04,True
d20-c1-h4-s22264819,20,1,22264819,4,16,108be3514f8ac49bad5b1e30037ec28bc82ebbb30711238052253cbc79cdb4cb,abedb01b033ab855d2c58868245ea6d4d08e37282e6e4c391723eee7415c70ca,8,minimum_max_pressure,0,50525658,300000,30.0,True,solved,5.227526700007729,420,408,408,100328,97726,1649,10,30,0.001386600430123508,65725ef8daf1d42088bbbbecc3768dc1801608b5f47173a11689334f10be1c04,True
d20-c1-h4-s22264819,20,1,22264819,4,16,108be3514f8ac49bad5b1e30037ec28bc82ebbb30711238052253cbc79cdb4cb,abedb01b033ab855d2c58868245ea6d4d08e37282e6e4c391723eee7415c70ca,8,random_order,0,50525658,300000,30.0,True,solved,4.181704599992372,344,332,332,84840,83282,875,6,18,0.0006111999973654747,65725ef8daf1d42088bbbbecc3768dc1801608b5f47173a11689334f10be1c04,True
d20-c1-h4-s22264819,20,1,22264819,4,16,108be3514f8ac49bad5b1e30037ec28bc82ebbb30711238052253cbc79cdb4cb,abedb01b033ab855d2c58868245ea6d4d08e37282e6e4c391723eee7415c70ca,8,all_pair_product,1,60525677,300000,30.0,True,solved,3.906598999979906,320,308,308,75472,72611,1898,11,33,0.023703099926933646,65725ef8daf1d42088bbbbecc3768dc1801608b5f47173a11689334f10be1c04,True
d20-c1-h4-s22264819,20,1,22264819,4,16,108be3514f8ac49bad5b1e30037ec28bc82ebbb30711238052253cbc79cdb4cb,abedb01b033ab855d2c58868245ea6d4d08e37282e6e4c391723eee7415c70ca,8,balance_only,1,60525677,300000,30.0,True,solved,6.36349939997308,530,518,518,129728,127126,1649,10,30,0.002560999942943454,65725ef8daf1d42088bbbbecc3768dc1801608b5f47173a11689334f10be1c04,True
d20-c1-h4-s22264819,20,1,22264819,4,16,108be3514f8ac49bad5b1e30037ec28bc82ebbb30711238052253cbc79cdb4cb,abedb01b033ab855d2c58868245ea6d4d08e37282e6e4c391723eee7415c70ca,8,lexicographic,1,60525677,300000,30.0,True,solved,3.2502159000141546,264,252,252,65848,64808,377,4,0,0.0,65725ef8daf1d42088bbbbecc3768dc1801608b5f47173a11689334f10be1c04,True
d20-c1-h4-s22264819,20,1,22264819,4,16,108be3514f8ac49bad5b1e30037ec28bc82ebbb30711238052253cbc79cdb4cb,abedb01b033ab855d2c58868245ea6d4d08e37282e6e4c391723eee7415c70ca,8,minimum_max_pressure,1,60525677,300000,30.0,True,solved,5.905353599926457,487,475,475,118720,116118,1649,10,30,0.0012059998698532581,65725ef8daf1d42088bbbbecc3768dc1801608b5f47173a11689334f10be1c04,True
d20-c1-h4-s22264819,20,1,22264819,4,16,108be3514f8ac49bad5b1e30037ec28bc82ebbb30711238052253cbc79cdb4cb,abedb01b033ab855d2c58868245ea6d4d08e37282e6e4c391723eee7415c70ca,8,random_order,1,60525677,300000,30.0,True,solved,9.418808900052682,796,784,784,196336,192957,2396,13,39,0.0011004998814314604,65725ef8daf1d42088bbbbecc3768dc1801608b5f47173a11689334f10be1c04,True
d20-c1-h4-s22264819,20,1,22264819,4,16,108be3514f8ac49bad5b1e30037ec28bc82ebbb30711238052253cbc79cdb4cb,abedb01b033ab855d2c58868245ea6d4d08e37282e6e4c391723eee7415c70ca,8,all_pair_product,2,70525696,300000,30.0,True,solved,3.7345490999286994,320,308,308,75472,72611,1898,11,33,0.024248399888165295,65725ef8daf1d42088bbbbecc3768dc1801608b5f47173a11689334f10be1c04,True
d20-c1-h4-s22264819,20,1,22264819,4,16,108be3514f8ac49bad5b1e30037ec28bc82ebbb30711238052253cbc79cdb4cb,abedb01b033ab855d2c58868245ea6d4d08e37282e6e4c391723eee7415c70ca,8,balance_only,2,70525696,300000,30.0,True,solved,7.022885599988513,579,567,567,141032,137911,2093,12,36,0.0028667994774878025,65725ef8daf1d42088bbbbecc3768dc1801608b5f47173a11689334f10be1c04,True
d20-c1-h4-s22264819,20,1,22264819,4,16,108be3514f8ac49bad5b1e30037ec28bc82ebbb30711238052253cbc79cdb4cb,abedb01b033ab855d2c58868245ea6d4d08e37282e6e4c391723eee7415c70ca,8,lexicographic,2,70525696,300000,30.0,True,solved,3.3147150999866426,264,252,252,65848,64808,377,4,0,0.0,65725ef8daf1d42088bbbbecc3768dc1801608b5f47173a11689334f10be1c04,True
d20-c1-h4-s22264819,20,1,22264819,4,16,108be3514f8ac49bad5b1e30037ec28bc82ebbb30711238052253cbc79cdb4cb,abedb01b033ab855d2c58868245ea6d4d08e37282e6e4c391723eee7415c70ca,8,minimum_max_pressure,2,70525696,300000,30.0,True,solved,6.3810799000784755,543,531,531,130576,127455,2093,12,36,0.0013988997088745236,65725ef8daf1d42088bbbbecc3768dc1801608b5f47173a11689334f10be1c04,True
d20-c1-h4-s22264819,20,1,22264819,4,16,108be3514f8ac49bad5b1e30037ec28bc82ebbb30711238052253cbc79cdb4cb,abedb01b033ab855d2c58868245ea6d4d08e37282e6e4c391723eee7415c70ca,8,random_order,2,70525696,300000,30.0,True,solved,8.085688700084575,690,678,678,169200,166083,2147,12,36,0.000988500309176743,65725ef8daf1d42088bbbbecc3768dc1801608b5f47173a11689334f10be1c04,True
d20-c2-h4-s22264817,20,2,22264817,4,16,3def0bcf30def55b97f808eb4701973dc288a0660e7305d52f8243659ef2e738,b60fa1d091d681a3ba311e4ce5ac21ca849874ae52effcc53ae09ab9815e2642,2,all_pair_product,0,44525638,300000,30.0,True,solved,2.0080921000335366,9301,9261,9261,37184,27749,59,10,3530,0.28403730026911944,fd8e8f7e4d42c29f09153dd707227419b3d83891e035a598231ac202535aa0c8,True
d20-c2-h4-s22264817,20,2,22264817,4,16,3def0bcf30def55b97f808eb4701973dc288a0660e7305d52f8243659ef2e738,b60fa1d091d681a3ba311e4ce5ac21ca849874ae52effcc53ae09ab9815e2642,2,balance_only,0,44525638,300000,30.0,True,solved,3.834101299988106,20327,20287,20287,81280,60804,104,14,7727,0.14580550661776215,fd8e8f7e4d42c29f09153dd707227419b3d83891e035a598231ac202535aa0c8,True
d20-c2-h4-s22264817,20,2,22264817,4,16,3def0bcf30def55b97f808eb4701973dc288a0660e7305d52f8243659ef2e738,b60fa1d091d681a3ba311e4ce5ac21ca849874ae52effcc53ae09ab9815e2642,2,lexicographic,0,44525638,300000,30.0,True,solved,0.6434215001063421,3555,3515,3515,14212,10598,22,4,0,0.0,fd8e8f7e4d42c29f09153dd707227419b3d83891e035a598231ac202535aa0c8,True
d20-c2-h4-s22264817,20,2,22264817,4,16,3def0bcf30def55b97f808eb4701973dc288a0660e7305d52f8243659ef2e738,b60fa1d091d681a3ba311e4ce5ac21ca849874ae52effcc53ae09ab9815e2642,2,minimum_max_pressure,0,44525638,300000,30.0,True,solved,4.13560369994957,22397,22357,22357,89558,66999,122,15,8478,0.11755760363303125,fd8e8f7e4d42c29f09153dd707227419b3d83891e035a598231ac202535aa0c8,True
d20-c2-h4-s22264817,20,2,22264817,4,16,3def0bcf30def55b97f808eb4701973dc288a0660e7305d52f8243659ef2e738,b60fa1d091d681a3ba311e4ce5ac21ca849874ae52effcc53ae09ab9815e2642,2,random_order,0,44525638,300000,30.0,True,solved,4.145398600026965,22771,22731,22731,91054,68123,127,15,8611,0.1114756939932704,fd8e8f7e4d42c29f09153dd707227419b3d83891e035a598231ac202535aa0c8,True
d20-c2-h4-s22264817,20,2,22264817,4,16,3def0bcf30def55b97f808eb4701973dc288a0660e7305d52f8243659ef2e738,b60fa1d091d681a3ba311e4ce5ac21ca849874ae52effcc53ae09ab9815e2642,2,all_pair_product,1,54525657,300000,30.0,True,solved,1.5844619000563398,7644,7604,7604,30558,22789,49,9,2914,0.22463350160978734,fd8e8f7e4d42c29f09153dd707227419b3d83891e035a598231ac202535aa0c8,True
d20-c2-h4-s22264817,20,2,22264817,4,16,3def0bcf30def55b97f808eb4701973dc288a0660e7305d52f8243659ef2e738,b60fa1d091d681a3ba311e4ce5ac21ca849874ae52effcc53ae09ab9815e2642,2,balance_only,1,54525657,300000,30.0,True,solved,3.4674889999441803,19384,19344,19344,77508,57976,104,14,7379,0.13349750346969813,fd8e8f7e4d42c29f09153dd707227419b3d83891e035a598231ac202535aa0c8,True
d20-c2-h4-s22264817,20,2,22264817,4,16,3def0bcf30def55b97f808eb4701973dc288a0660e7305d52f8243659ef2e738,b60fa1d091d681a3ba311e4ce5ac21ca849874ae52effcc53ae09ab9815e2642,2,lexicographic,1,54525657,300000,30.0,True,solved,0.5861389000201598,3555,3515,3515,14212,10598,22,4,0,0.0,fd8e8f7e4d42c29f09153dd707227419b3d83891e035a598231ac202535aa0c8,True
d20-c2-h4-s22264817,20,2,22264817,4,16,3def0bcf30def55b97f808eb4701973dc288a0660e7305d52f8243659ef2e738,b60fa1d091d681a3ba311e4ce5ac21ca849874ae52effcc53ae09ab9815e2642,2,minimum_max_pressure,1,54525657,300000,30.0,True,solved,1.6261889000888914,8912,8872,8872,35630,26613,49,9,3388,0.04554879677016288,fd8e8f7e4d42c29f09153dd707227419b3d83891e035a598231ac202535aa0c8,True
d20-c2-h4-s22264817,20,2,22264817,4,16,3def0bcf30def55b97f808eb4701973dc288a0660e7305d52f8243659ef2e738,b60fa1d091d681a3ba311e4ce5ac21ca849874ae52effcc53ae09ab9815e2642,2,random_order,1,54525657,300000,30.0,True,solved,0.4852541000582278,2638,2598,2598,10542,7841,12,5,1000,0.012785400496795774,fd8e8f7e4d42c29f09153dd707227419b3d83891e035a598231ac202535aa0c8,True
d20-c2-h4-s22264817,20,2,22264817,4,16,3def0bcf30def55b97f808eb4701973dc288a0660e7305d52f8243659ef2e738,b60fa1d091d681a3ba311e4ce5ac21ca849874ae52effcc53ae09ab9815e2642,2,all_pair_product,2,64525676,300000,30.0,True,solved,1.973792599979788,9301,9261,9261,37184,27749,59,10,3530,0.2784805982373655,fd8e8f7e4d42c29f09153dd707227419b3d83891e035a598231ac202535aa0c8,True
d20-c2-h4-s22264817,20,2,22264817,4,16,3def0bcf30def55b97f808eb4701973dc288a0660e7305d52f8243659ef2e738,b60fa1d091d681a3ba311e4ce5ac21ca849874ae52effcc53ae09ab9815e2642,2,balance_only,2,64525676,300000,30.0,True,solved,3.9405278000049293,20606,20566,20566,82396,61643,104,14,7838,0.1497062067501247,fd8e8f7e4d42c29f09153dd707227419b3d83891e035a598231ac202535aa0c8,True
d20-c2-h4-s22264817,20,2,22264817,4,16,3def0bcf30def55b97f808eb4701973dc288a0660e7305d52f8243659ef2e738,b60fa1d091d681a3ba311e4ce5ac21ca849874ae52effcc53ae09ab9815e2642,2,lexicographic,2,64525676,300000,30.0,True,solved,0.627048599999398,3555,3515,3515,14212,10598,22,4,0,0.0,fd8e8f7e4d42c29f09153dd707227419b3d83891e035a598231ac202535aa0c8,True
d20-c2-h4-s22264817,20,2,22264817,4,16,3def0bcf30def55b97f808eb4701973dc288a0660e7305d52f8243659ef2e738,b60fa1d091d681a3ba311e4ce5ac21ca849874ae52effcc53ae09ab9815e2642,2,minimum_max_pressure,2,64525676,300000,30.0,True,solved,3.6977419999893755,21039,20999,20999,84126,62930,115,15,7972,0.10479959787335247,fd8e8f7e4d42c29f09153dd707227419b3d83891e035a598231ac202535aa0c8,True
d20-c2-h4-s22264817,20,2,22264817,4,16,3def0bcf30def55b97f808eb4701973dc288a0660e7305d52f8243659ef2e738,b60fa1d091d681a3ba311e4ce5ac21ca849874ae52effcc53ae09ab9815e2642,2,random_order,2,64525676,300000,30.0,True,solved,2.8180090999230742,15338,15298,15298,61330,45875,83,11,5799,0.0759518047561869,fd8e8f7e4d42c29f09153dd707227419b3d83891e035a598231ac202535aa0c8,True
d20-c2-h4-s22264817,20,2,22264817,4,16,3def0bcf30def55b97f808eb4701973dc288a0660e7305d52f8243659ef2e738,b60fa1d091d681a3ba311e4ce5ac21ca849874ae52effcc53ae09ab9815e2642,4,all_pair_product,0,46525644,300000,30.0,True,solved,4.210112400003709,6187,6167,6167,98760,92243,178,11,648,0.1748554001096636,fd8e8f7e4d42c29f09153dd707227419b3d83891e035a598231ac202535aa0c8,True
d20-c2-h4-s22264817,20,2,22264817,4,16,3def0bcf30def55b97f808eb4701973dc288a0660e7305d52f8243659ef2e738,b60fa1d091d681a3ba311e4ce5ac21ca849874ae52effcc53ae09ab9815e2642,4,balance_only,0,46525644,300000,30.0,True,solved,6.9167837999993935,11137,11117,11117,177840,166405,227,12,1139,0.041959101567044854,fd8e8f7e4d42c29f09153dd707227419b3d83891e035a598231ac202535aa0c8,True
d20-c2-h4-s22264817,20,2,22264817,4,16,3def0bcf30def55b97f808eb4701973dc288a0660e7305d52f8243659ef2e738,b60fa1d091d681a3ba311e4ce5ac21ca849874ae52effcc53ae09ab9815e2642,4,lexicographic,0,46525644,300000,30.0,True,solved,1.4230207999935374,2405,2385,2385,38408,35880,45,4,0,0.0,fd8e8f7e4d42c29f09153dd707227419b3d83891e035a598231ac202535aa0c8,True
d20-c2-h4-s22264817,20,2,22264817,4,16,3def0bcf30def55b97f808eb4701973dc288a0660e7305d52f8243659ef2e738,b60fa1d091d681a3ba311e4ce5ac21ca849874ae52effcc53ae09ab9815e2642,4,minimum_max_pressure,0,46525644,300000,30.0,True,solved,5.396364100044593,8389,8369,8369,134008,125368,155,10,848,0.017539499676786363,fd8e8f7e4d42c29f09153dd707227419b3d83891e035a598231ac202535aa0c8,True
d20-c2-h4-s22264817,20,2,22264817,4,16,3def0bcf30def55b97f808eb4701973dc288a0660e7305d52f8243659ef2e738,b60fa1d091d681a3ba311e4ce5ac21ca849874ae52effcc53ae09ab9815e2642,4,random_order,0,46525644,300000,30.0,True,solved,5.564845000044443,8831,8811,8811,141080,132017,167,10,902,0.01613080082461238,fd8e8f7e4d42c29f09153dd707227419b3d83891e035a598231ac202535aa0c8,True
d20-c2-h4-s22264817,20,2,22264817,4,16,3def0bcf30def55b97f808eb4701973dc288a0660e7305d52f8243659ef2e738,b60fa1d091d681a3ba311e4ce5ac21ca849874ae52effcc53ae09ab9815e2642,4,all_pair_product,1,56525663,300000,30.0,True,solved,4.008639500010759,6187,6167,6167,98760,92243,178,11,648,0.16968019935302436,fd8e8f7e4d42c29f09153dd707227419b3d83891e035a598231ac202535aa0c8,True
d20-c2-h4-s22264817,20,2,22264817,4,16,3def0bcf30def55b97f808eb4701973dc288a0660e7305d52f8243659ef2e738,b60fa1d091d681a3ba311e4ce5ac21ca849874ae52effcc53ae09ab9815e2642,4,balance_only,1,56525663,300000,30.0,True,solved,6.732428699964657,10795,10775,10775,172384,161292,227,12,1107,0.04084470181260258,fd8e8f7e4d42c29f09153dd707227419b3d83891e035a598231ac202535aa0c8,True
d20-c2-h4-s22264817,20,2,22264817,4,16,3def0bcf30def55b97f808eb4701973dc288a0660e7305d52f8243659ef2e738,b60fa1d091d681a3ba311e4ce5ac21ca849874ae52effcc53ae09ab9815e2642,4,lexicographic,1,56525663,300000,30.0,True,solved,1.3829414999345317,2405,2385,2385,38408,35880,45,4,0,0.0,fd8e8f7e4d42c29f09153dd707227419b3d83891e035a598231ac202535aa0c8,True
d20-c2-h4-s22264817,20,2,22264817,4,16,3def0bcf30def55b97f808eb4701973dc288a0660e7305d52f8243659ef2e738,b60fa1d091d681a3ba311e4ce5ac21ca849874ae52effcc53ae09ab9815e2642,4,minimum_max_pressure,1,56525663,300000,30.0,True,solved,6.242257599951699,10292,10272,10272,164352,153758,215,12,1045,0.020628598402254283,fd8e8f7e4d42c29f09153dd707227419b3d83891e035a598231ac202535aa0c8,True
d20-c2-h4-s22264817,20,2,22264817,4,16,3def0bcf30def55b97f808eb4701973dc288a0660e7305d52f8243659ef2e738,b60fa1d091d681a3ba311e4ce5ac21ca849874ae52effcc53ae09ab9815e2642,4,random_order,1,56525663,300000,30.0,True,solved,6.88938990002498,11044,11024,11024,176384,165054,235,12,1127,0.020139502710662782,fd8e8f7e4d42c29f09153dd707227419b3d83891e035a598231ac202535aa0c8,True
d20-c2-h4-s22264817,20,2,22264817,4,16,3def0bcf30def55b97f808eb4701973dc288a0660e7305d52f8243659ef2e738,b60fa1d091d681a3ba311e4ce5ac21ca849874ae52effcc53ae09ab9815e2642,4,all_pair_product,2,66525682,300000,30.0,True,solved,4.18842559994664,6187,6167,6167,98760,92243,178,11,648,0.17517770163249224,fd8e8f7e4d42c29f09153dd707227419b3d83891e035a598231ac202535aa0c8,True
d20-c2-h4-s22264817,20,2,22264817,4,16,3def0bcf30def55b97f808eb4701973dc288a0660e7305d52f8243659ef2e738,b60fa1d091d681a3ba311e4ce5ac21ca849874ae52effcc53ae09ab9815e2642,4,balance_only,2,66525682,300000,30.0,True,solved,6.332662799977697,10483,10463,10463,167416,156656,201,11,1075,0.03850129700731486,fd8e8f7e4d42c29f09153dd707227419b3d83891e035a598231ac202535aa0c8,True
d20-c2-h4-s22264817,20,2,22264817,4,16,3def0bcf30def55b97f808eb4701973dc288a0660e7305d52f8243659ef2e738,b60fa1d091d681a3ba311e4ce5ac21ca849874ae52effcc53ae09ab9815e2642,4,lexicographic,2,66525682,300000,30.0,True,solved,1.5352415000088513,2405,2385,2385,38408,35880,45,4,0,0.0,fd8e8f7e4d42c29f09153dd707227419b3d83891e035a598231ac202535aa0c8,True
d20-c2-h4-s22264817,20,2,22264817,4,16,3def0bcf30def55b97f808eb4701973dc288a0660e7305d52f8243659ef2e738,b60fa1d091d681a3ba311e4ce5ac21ca849874ae52effcc53ae09ab9815e2642,4,minimum_max_pressure,2,66525682,300000,30.0,True,solved,5.421138799982145,8599,8579,8579,137344,128483,166,10,873,0.018105499795638025,fd8e8f7e4d42c29f09153dd707227419b3d83891e035a598231ac202535aa0c8,True
d20-c2-h4-s22264817,20,2,22264817,4,16,3def0bcf30def55b97f808eb4701973dc288a0660e7305d52f8243659ef2e738,b60fa1d091d681a3ba311e4ce5ac21ca849874ae52effcc53ae09ab9815e2642,4,random_order,2,66525682,300000,30.0,True,solved,2.11338610004168,3485,3465,3465,55680,52079,37,4,364,0.0062810019589960575,fd8e8f7e4d42c29f09153dd707227419b3d83891e035a598231ac202535aa0c8,True
d20-c2-h4-s22264817,20,2,22264817,4,16,3def0bcf30def55b97f808eb4701973dc288a0660e7305d52f8243659ef2e738,b60fa1d091d681a3ba311e4ce5ac21ca849874ae52effcc53ae09ab9815e2642,8,all_pair_product,0,50525656,300000,30.0,True,solved,4.168404800002463,348,336,336,81648,79044,1491,10,36,0.023055299883708358,fd8e8f7e4d42c29f09153dd707227419b3d83891e035a598231ac202535aa0c8,True
d20-c2-h4-s22264817,20,2,22264817,4,16,3def0bcf30def55b97f808eb4701973dc288a0660e7305d52f8243659ef2e738,b60fa1d091d681a3ba311e4ce5ac21ca849874ae52effcc53ae09ab9815e2642,8,balance_only,0,50525656,300000,30.0,True,solved,12.283859999966808,1053,1041,1041,257416,254022,1952,13,54,0.0045719004701823,fd8e8f7e4d42c29f09153dd707227419b3d83891e035a598231ac202535aa0c8,True
d20-c2-h4-s22264817,20,2,22264817,4,16,3def0bcf30def55b97f808eb4701973dc288a0660e7305d52f8243659ef2e738,b60fa1d091d681a3ba311e4ce5ac21ca849874ae52effcc53ae09ab9815e2642,8,lexicographic,0,50525656,300000,30.0,True,solved,3.049141699913889,235,223,223,57928,56888,251,4,0,0.0,fd8e8f7e4d42c29f09153dd707227419b3d83891e035a598231ac202535aa0c8,True
d20-c2-h4-s22264817,20,2,22264817,4,16,3def0bcf30def55b97f808eb4701973dc288a0660e7305d52f8243659ef2e738,b60fa1d091d681a3ba311e4ce5ac21ca849874ae52effcc53ae09ab9815e2642,8,minimum_max_pressure,0,50525656,300000,30.0,True,solved,7.30277660000138,639,627,627,152672,150056,1491,10,46,0.001630099373869598,fd8e8f7e4d42c29f09153dd707227419b3d83891e035a598231ac202535aa0c8,True
d20-c2-h4-s22264817,20,2,22264817,4,16,3def0bcf30def55b97f808eb4701973dc288a0660e7305d52f8243659ef2e738,b60fa1d091d681a3ba311e4ce5ac21ca849874ae52effcc53ae09ab9815e2642,8,random_order,0,50525656,300000,30.0,True,solved,3.632966300006956,299,287,287,73320,72020,469,5,18,0.0006249997531995177,fd8e8f7e4d42c29f09153dd707227419b3d83891e035a598231ac202535aa0c8,True
d20-c2-h4-s22264817,20,2,22264817,4,16,3def0bcf30def55b97f808eb4701973dc288a0660e7305d52f8243659ef2e738,b60fa1d091d681a3ba311e4ce5ac21ca849874ae52effcc53ae09ab9815e2642,8,all_pair_product,1,60525675,300000,30.0,True,solved,8.385306200012565,708,696,696,171328,167686,2170,14,48,0.03858989954460412,fd8e8f7e4d42c29f09153dd707227419b3d83891e035a598231ac202535aa0c8,True
d20-c2-h4-s22264817,20,2,22264817,4,16,3def0bcf30def55b97f808eb4701973dc288a0660e7305d52f8243659ef2e738,b60fa1d091d681a3ba311e4ce5ac21ca849874ae52effcc53ae09ab9815e2642,8,balance_only,1,60525675,300000,30.0,True,solved,13.134925000020303,1070,1058,1058,261768,258374,1952,13,54,0.00440879981033504,fd8e8f7e4d42c29f09153dd707227419b3d83891e035a598231ac202535aa0c8,True
d20-c2-h4-s22264817,20,2,22264817,4,16,3def0bcf30def55b97f808eb4701973dc288a0660e7305d52f8243659ef2e738,b60fa1d091d681a3ba311e4ce5ac21ca849874ae52effcc53ae09ab9815e2642,8,lexicographic,1,60525675,300000,30.0,True,solved,2.7270064000040293,235,223,223,57928,56888,251,4,0,0.0,fd8e8f7e4d42c29f09153dd707227419b3d83891e035a598231ac202535aa0c8,True
d20-c2-h4-s22264817,20,2,22264817,4,16,3def0bcf30def55b97f808eb4701973dc288a0660e7305d52f8243659ef2e738,b60fa1d091d681a3ba311e4ce5ac21ca849874ae52effcc53ae09ab9815e2642,8,minimum_max_pressure,1,60525675,300000,30.0,True,solved,12.037326999939978,1065,1053,1053,259000,255345,2170,14,58,0.0020910000894218683,fd8e8f7e4d42c29f09153dd707227419b3d83891e035a598231ac202535aa0c8,True
d20-c2-h4-s22264817,20,2,22264817,4,16,3def0bcf30def55b97f808eb4701973dc288a0660e7305d52f8243659ef2e738,b60fa1d091d681a3ba311e4ce5ac21ca849874ae52effcc53ae09ab9815e2642,8,random_order,1,60525675,300000,30.0,True,solved,12.380818400066346,1048,1036,1036,258120,254993,1768,12,46,0.0013359000440686941,fd8e8f7e4d42c29f09153dd707227419b3d83891e035a598231ac202535aa0c8,True
d20-c2-h4-s22264817,20,2,22264817,4,16,3def0bcf30def55b97f808eb4701973dc288a0660e7305d52f8243659ef2e738,b60fa1d091d681a3ba311e4ce5ac21ca849874ae52effcc53ae09ab9815e2642,8,all_pair_product,2,70525694,300000,30.0,True,solved,3.99428840004839,348,336,336,81648,79044,1491,10,36,0.023935599136166275,fd8e8f7e4d42c29f09153dd707227419b3d83891e035a598231ac202535aa0c8,True
d20-c2-h4-s22264817,20,2,22264817,4,16,3def0bcf30def55b97f808eb4701973dc288a0660e7305d52f8243659ef2e738,b60fa1d091d681a3ba311e4ce5ac21ca849874ae52effcc53ae09ab9815e2642,8,balance_only,2,70525694,300000,30.0,True,solved,12.735724300029688,1022,1010,1010,248984,245588,1952,13,55,0.004946400411427021,fd8e8f7e4d42c29f09153dd707227419b3d83891e035a598231ac202535aa0c8,True
d20-c2-h4-s22264817,20,2,22264817,4,16,3def0bcf30def55b97f808eb4701973dc288a0660e7305d52f8243659ef2e738,b60fa1d091d681a3ba311e4ce5ac21ca849874ae52effcc53ae09ab9815e2642,8,lexicographic,2,70525694,300000,30.0,True,solved,2.965327800018713,235,223,223,57928,56888,251,4,0,0.0,fd8e8f7e4d42c29f09153dd707227419b3d83891e035a598231ac202535aa0c8,True
d20-c2-h4-s22264817,20,2,22264817,4,16,3def0bcf30def55b97f808eb4701973dc288a0660e7305d52f8243659ef2e738,b60fa1d091d681a3ba311e4ce5ac21ca849874ae52effcc53ae09ab9815e2642,8,minimum_max_pressure,2,70525694,300000,30.0,True,solved,7.466126000043005,621,609,609,148312,145698,1491,10,44,0.001586299971677363,fd8e8f7e4d42c29f09153dd707227419b3d83891e035a598231ac202535aa0c8,True
d20-c2-h4-s22264817,20,2,22264817,4,16,3def0bcf30def55b97f808eb4701973dc288a0660e7305d52f8243659ef2e738,b60fa1d091d681a3ba311e4ce5ac21ca849874ae52effcc53ae09ab9815e2642,8,random_order,2,70525694,300000,30.0,True,solved,3.0247963999863714,241,229,229,56984,55422,653,6,22,0.0008527996251359582,fd8e8f7e4d42c29f09153dd707227419b3d83891e035a598231ac202535aa0c8,True
d20-c0-h6-s22266815,20,0,22266815,6,14,70db1fecdf6d8ee378662a3fab2ffaf576376658a05d1f53130a0cb5b86e0418,816429e3ee5c2cf9031b9cd16a714624ed1d921a9db532c2b95b24032ad397c6,2,all_pair_product,0,44527636,300000,30.0,True,solved,3.0015424999874085,14429,14369,14369,57676,43029,119,20,5753,0.435220095096156,7a549452ed6f4252288d8e39275337036a08d25306ad4e54d87f09a8eaa7537b,True
d20-c0-h6-s22266815,20,0,22266815,6,14,70db1fecdf6d8ee378662a3fab2ffaf576376658a05d1f53130a0cb5b86e0418,816429e3ee5c2cf9031b9cd16a714624ed1d921a9db532c2b95b24032ad397c6,2,balance_only,0,44527636,300000,30.0,True,solved,8.370771000045352,47044,46984,46984,188094,140711,291,41,18995,0.34711609967052937,7a549452ed6f4252288d8e39275337036a08d25306ad4e54d87f09a8eaa7537b,True
d20-c0-h6-s22266815,20,0,22266815,6,14,70db1fecdf6d8ee378662a3fab2ffaf576376658a05d1f53130a0cb5b86e0418,816429e3ee5c2cf9031b9cd16a714624ed1d921a9db532c2b95b24032ad397c6,2,lexicographic,0,44527636,300000,30.0,True,solved,0.6863376999972388,4211,4151,4151,16832,12528,34,6,0,0.0,7a549452ed6f4252288d8e39275337036a08d25306ad4e54d87f09a8eaa7537b,True
d20-c0-h6-s22266815,20,0,22266815,6,14,70db1fecdf6d8ee378662a3fab2ffaf576376658a05d1f53130a0cb5b86e0418,816429e3ee5c2cf9031b9cd16a714624ed1d921a9db532c2b95b24032ad397c6,2,minimum_max_pressure,0,44527636,300000,30.0,True,solved,5.32463419996202,29858,29798,29798,119374,89261,188,29,12120,0.1649317949777469,7a549452ed6f4252288d8e39275337036a08d25306ad4e54d87f09a8eaa7537b,True
d20-c0-h6-s22266815,20,0,22266815,6,14,70db1fecdf6d8ee378662a3fab2ffaf576376658a05d1f53130a0cb5b86e0418,816429e3ee5c2cf9031b9cd16a714624ed1d921a9db532c2b95b24032ad397c6,2,random_order,0,44527636,300000,30.0,True,solved,8.808835200034082,49289,49229,49229,197066,147406,315,45,19947,0.26280010177288204,7a549452ed6f4252288d8e39275337036a08d25306ad4e54d87f09a8eaa7537b,True
d20-c0-h6-s22266815,20,0,22266815,6,14,70db1fecdf6d8ee378662a3fab2ffaf576376658a05d1f53130a0cb5b86e0418,816429e3ee5c2cf9031b9cd16a714624ed1d921a9db532c2b95b24032ad397c6,2,all_pair_product,1,54527655,300000,30.0,True,solved,2.8318306000437587,13203,13143,13143,52774,39360,110,19,5193,0.40815160400234163,7a549452ed6f4252288d8e39275337036a08d25306ad4e54d87f09a8eaa7537b,True
d20-c0-h6-s22266815,20,0,22266815,6,14,70db1fecdf6d8ee378662a3fab2ffaf576376658a05d1f53130a0cb5b86e0418,816429e3ee5c2cf9031b9cd16a714624ed1d921a9db532c2b95b24032ad397c6,2,balance_only,1,54527655,300000,30.0,True,solved,7.7770668000448495,45897,45837,45837,183508,137274,280,40,18552,0.32266340241767466,7a549452ed6f4252288d8e39275337036a08d25306ad4e54d87f09a8eaa7537b,True
d20-c0-h6-s22266815,20,0,22266815,6,14,70db1fecdf6d8ee378662a3fab2ffaf576376658a05d1f53130a0cb5b86e0418,816429e3ee5c2cf9031b9cd16a714624ed1d921a9db532c2b95b24032ad397c6,2,lexicographic,1,54527655,300000,30.0,True,solved,0.7375893000280485,4211,4151,4151,16832,12528,34,6,0,0.0,7a549452ed6f4252288d8e39275337036a08d25306ad4e54d87f09a8eaa7537b,True
d20-c0-h6-s22266815,20,0,22266815,6,14,70db1fecdf6d8ee378662a3fab2ffaf576376658a05d1f53130a0cb5b86e0418,816429e3ee5c2cf9031b9cd16a714624ed1d921a9db532c2b95b24032ad397c6,2,minimum_max_pressure,1,54527655,300000,30.0,True,solved,4.967545200022869,28042,27982,27982,112112,83820,177,28,11113,0.14859370689373463,7a549452ed6f4252288d8e39275337036a08d25306ad4e54d87f09a8eaa7537b,True
d20-c0-h6-s22266815,20,0,22266815,6,14,70db1fecdf6d8ee378662a3fab2ffaf576376658a05d1f53130a0cb5b86e0418,816429e3ee5c2cf9031b9cd16a714624ed1d921a9db532c2b95b24032ad397c6,2,random_order,1,54527655,300000,30.0,True,solved,4.170389799983241,23437,23377,23377,93700,70048,147,24,9339,0.12041850399691612,7a549452ed6f4252288d8e39275337036a08d25306ad4e54d87f09a8eaa7537b,True
d20-c0-h6-s22266815,20,0,22266815,6,14,70db1fecdf6d8ee378662a3fab2ffaf576376658a05d1f53130a0cb5b86e0418,816429e3ee5c2cf9031b9cd16a714624ed1d921a9db532c2b95b24032ad397c6,2,all_pair_product,2,64527674,300000,30.0,True,solved,2.3282217000378296,11762,11702,11702,47014,35058,95,17,4660,0.3365073991008103,7a549452ed6f4252288d8e39275337036a08d25306ad4e54d87f09a8eaa7537b,True
d20-c0-h6-s22266815,20,0,22266815,6,14,70db1fecdf6d8ee378662a3fab2ffaf576376658a05d1f53130a0cb5b86e0418,816429e3ee5c2cf9031b9cd16a714624ed1d921a9db532c2b95b24032ad397c6,2,balance_only,2,64527674,300000,30.0,True,solved,7.548839599941857,46755,46695,46695,186938,139844,289,41,18873,0.3132518961792812,7a549452ed6f4252288d8e39275337036a08d25306ad4e54d87f09a8eaa7537b,True
d20-c0-h6-s22266815,20,0,22266815,6,14,70db1fecdf6d8ee378662a3fab2ffaf576376658a05d1f53130a0cb5b86e0418,816429e3ee5c2cf9031b9cd16a714624ed1d921a9db532c2b95b24032ad397c6,2,lexicographic,2,64527674,300000,30.0,True,solved,0.7721288000466302,4211,4151,4151,16832,12528,34,6,0,0.0,7a549452ed6f4252288d8e39275337036a08d25306ad4e54d87f09a8eaa7537b,True
d20-c0-h6-s22266815,20,0,22266815,6,14,70db1fecdf6d8ee378662a3fab2ffaf576376658a05d1f53130a0cb5b86e0418,816429e3ee5c2cf9031b9cd16a714624ed1d921a9db532c2b95b24032ad397c6,2,minimum_max_pressure,2,64527674,300000,30.0,True,solved,2.5316158999921754,14852,14792,14792,59374,44345,113,17,5810,0.07653420337010175,7a549452ed6f4252288d8e39275337036a08d25306ad4e54d87f09a8eaa7537b,True
d20-c0-h6-s22266815,20,0,22266815,6,14,70db1fecdf6d8ee378662a3fab2ffaf576376658a05d1f53130a0cb5b86e0418,816429e3ee5c2cf9031b9cd16a714624ed1d921a9db532c2b95b24032ad397c6,2,random_order,2,64527674,300000,30.0,True,solved,5.978921499918215,34380,34320,34320,137454,102785,240,33,13683,0.1727368872379884,7a549452ed6f4252288d8e39275337036a08d25306ad4e54d87f09a8eaa7537b,True
d20-c0-h6-s22266815,20,0,22266815,6,14,70db1fecdf6d8ee378662a3fab2ffaf576376658a05d1f53130a0cb5b86e0418,816429e3ee5c2cf9031b9cd16a714624ed1d921a9db532c2b95b24032ad397c6,4,all_pair_product,0,46527642,300000,30.0,True,solved,2.983272400102578,5006,4976,4976,79912,74505,178,13,524,0.1287776018725708,7a549452ed6f4252288d8e39275337036a08d25306ad4e54d87f09a8eaa7537b,True
d20-c0-h6-s22266815,20,0,22266815,6,14,70db1fecdf6d8ee378662a3fab2ffaf576376658a05d1f53130a0cb5b86e0418,816429e3ee5c2cf9031b9cd16a714624ed1d921a9db532c2b95b24032ad397c6,4,balance_only,0,46527642,300000,30.0,True,solved,14.244694199995138,27087,27057,27057,432728,404777,753,39,2700,0.087740404647775,7a549452ed6f4252288d8e39275337036a08d25306ad4e54d87f09a8eaa7537b,True
d20-c0-h6-s22266815,20,0,22266815,6,14,70db1fecdf6d8ee378662a3fab2ffaf576376658a05d1f53130a0cb5b86e0418,816429e3ee5c2cf9031b9cd16a714624ed1d921a9db532c2b95b24032ad397c6,4,lexicographic,0,46527642,300000,30.0,True,solved,1.5706323999911547,2698,2668,2668,43088,40187,73,6,0,0.0,7a549452ed6f4252288d8e39275337036a08d25306ad4e54d87f09a8eaa7537b,True
d20-c0-h6-s22266815,20,0,22266815,6,14,70db1fecdf6d8ee378662a3fab2ffaf576376658a05d1f53130a0cb5b86e0418,816429e3ee5c2cf9031b9cd16a714624ed1d921a9db532c2b95b24032ad397c6,4,minimum_max_pressure,0,46527642,300000,30.0,True,solved,10.794879299937747,19849,19819,19819,317080,296514,561,30,1994,0.03665590053424239,7a549452ed6f4252288d8e39275337036a08d25306ad4e54d87f09a8eaa7537b,True
d20-c0-h6-s22266815,20,0,22266815,6,14,70db1fecdf6d8ee378662a3fab2ffaf576376658a05d1f53130a0cb5b86e0418,816429e3ee5c2cf9031b9cd16a714624ed1d921a9db532c2b95b24032ad397c6,4,random_order,0,46527642,300000,30.0,True,solved,17.48125670000445,32468,32438,32438,518728,485229,949,47,3244,0.05107630358543247,7a549452ed6f4252288d8e39275337036a08d25306ad4e54d87f09a8eaa7537b,True
d20-c0-h6-s22266815,20,0,22266815,6,14,70db1fecdf6d8ee378662a3fab2ffaf576376658a05d1f53130a0cb5b86e0418,816429e3ee5c2cf9031b9cd16a714624ed1d921a9db532c2b95b24032ad397c6,4,all_pair_product,1,56527661,300000,30.0,True,solved,2.820406400016509,4786,4756,4756,76392,71232,151,12,500,0.1224136003293097,7a549452ed6f4252288d8e39275337036a08d25306ad4e54d87f09a8eaa7537b,True
d20-c0-h6-s22266815,20,0,22266815,6,14,70db1fecdf6d8ee378662a3fab2ffaf576376658a05d1f53130a0cb5b86e0418,816429e3ee5c2cf9031b9cd16a714624ed1d921a9db532c2b95b24032ad397c6,4,balance_only,1,56527661,300000,30.0,True,solved,14.064397999900393,26561,26531,26531,424328,396897,748,39,2649,0.08776170248165727,7a549452ed6f4252288d8e39275337036a08d25306ad4e54d87f09a8eaa7537b,True
d20-c0-h6-s22266815,20,0,22266815,6,14,70db1fecdf6d8ee378662a3fab2ffaf576376658a05d1f53130a0cb5b86e0418,816429e3ee5c2cf9031b9cd16a714624ed1d921a9db532c2b95b24032ad397c6,4,lexicographic,1,56527661,300000,30.0,True,solved,1.516379699925892,2698,2668,2668,43088,40187,73,6,0,0.0,7a549452ed6f4252288d8e39275337036a08d25306ad4e54d87f09a8eaa7537b,True
d20-c0-h6-s22266815,20,0,22266815,6,14,70db1fecdf6d8ee378662a3fab2ffaf576376658a05d1f53130a0cb5b86e0418,816429e3ee5c2cf9031b9cd16a714624ed1d921a9db532c2b95b24032ad397c6,4,minimum_max_pressure,1,56527661,300000,30.0,True,solved,9.104274299927056,17103,17073,17073,273152,255395,480,27,1723,0.030634101829491556,7a549452ed6f4252288d8e39275337036a08d25306ad4e54d87f09a8eaa7537b,True
d20-c0-h6-s22266815,20,0,22266815,6,14,70db1fecdf6d8ee378662a3fab2ffaf576376658a05d1f53130a0cb5b86e0418,816429e3ee5c2cf9031b9cd16a714624ed1d921a9db532c2b95b24032ad397c6,4,random_order,1,56527661,300000,30.0,True,solved,9.864283200004138,18306,18276,18276,292392,273410,550,30,1851,0.02920050045941025,7a549452ed6f4252288d8e39275337036a08d25306ad4e54d87f09a8eaa7537b,True
d20-c0-h6-s22266815,20,0,22266815,6,14,70db1fecdf6d8ee378662a3fab2ffaf576376658a05d1f53130a0cb5b86e0418,816429e3ee5c2cf9031b9cd16a714624ed1d921a9db532c2b95b24032ad397c6,4,all_pair_product,2,66527680,300000,30.0,True,solved,2.1199705000035465,3879,3849,3849,61912,57673,135,11,410,0.09112649934832007,7a549452ed6f4252288d8e39275337036a08d25306ad4e54d87f09a8eaa7537b,True
d20-c0-h6-s22266815,20,0,22266815,6,14,70db1fecdf6d8ee378662a3fab2ffaf576376658a05d1f53130a0cb5b86e0418,816429e3ee5c2cf9031b9cd16a714624ed1d921a9db532c2b95b24032ad397c6,4,balance_only,2,66527680,300000,30.0,True,solved,15.927676499937661,31227,31197,31197,498840,466647,849,44,3103,0.1003331997198984,7a549452ed6f4252288d8e39275337036a08d25306ad4e54d87f09a8eaa7537b,True
d20-c0-h6-s22266815,20,0,22266815,6,14,70db1fecdf6d8ee378662a3fab2ffaf576376658a05d1f53130a0cb5b86e0418,816429e3ee5c2cf9031b9cd16a714624ed1d921a9db532c2b95b24032ad397c6,4,lexicographic,2,66527680,300000,30.0,True,solved,1.4104798999615014,2698,2668,2668,43088,40187,73,6,0,0.0,7a549452ed6f4252288d8e39275337036a08d25306ad4e54d87f09a8eaa7537b,True
d20-c0-h6-s22266815,20,0,22266815,6,14,70db1fecdf6d8ee378662a3fab2ffaf576376658a05d1f53130a0cb5b86e0418,816429e3ee5c2cf9031b9cd16a714624ed1d921a9db532c2b95b24032ad397c6,4,minimum_max_pressure,2,66527680,300000,30.0,True,solved,10.449646199936979,19570,19540,19540,312560,292286,544,30,1962,0.03504390164744109,7a549452ed6f4252288d8e39275337036a08d25306ad4e54d87f09a8eaa7537b,True
d20-c0-h6-s22266815,20,0,22266815,6,14,70db1fecdf6d8ee378662a3fab2ffaf576376658a05d1f53130a0cb5b86e0418,816429e3ee5c2cf9031b9cd16a714624ed1d921a9db532c2b95b24032ad397c6,4,random_order,2,66527680,300000,30.0,True,solved,19.911445200094022,37852,37822,37822,604672,565665,1052,54,3774,0.059660800732672215,7a549452ed6f4252288d8e39275337036a08d25306ad4e54d87f09a8eaa7537b,True
d20-c0-h6-s22266815,20,0,22266815,6,14,70db1fecdf6d8ee378662a3fab2ffaf576376658a05d1f53130a0cb5b86e0418,816429e3ee5c2cf9031b9cd16a714624ed1d921a9db532c2b95b24032ad397c6,8,all_pair_product,0,50527654,300000,30.0,True,solved,8.044142400030978,771,753,753,188200,182765,3643,21,75,0.04123829957097769,7a549452ed6f4252288d8e39275337036a08d25306ad4e54d87f09a8eaa7537b,True
d20-c0-h6-s22266815,20,0,22266815,6,14,70db1fecdf6d8ee378662a3fab2ffaf576376658a05d1f53130a0cb5b86e0418,816429e3ee5c2cf9031b9cd16a714624ed1d921a9db532c2b95b24032ad397c6,8,balance_only,0,50527654,300000,30.0,True,solved,20.52906799991615,2062,2044,2044,509768,500699,6212,35,137,0.00785790046211332,7a549452ed6f4252288d8e39275337036a08d25306ad4e54d87f09a8eaa7537b,True
d20-c0-h6-s22266815,20,0,22266815,6,14,70db1fecdf6d8ee378662a3fab2ffaf576376658a05d1f53130a0cb5b86e0418,816429e3ee5c2cf9031b9cd16a714624ed1d921a9db532c2b95b24032ad397c6,8,lexicographic,0,50527654,300000,30.0,True,solved,2.579189100069925,258,240,240,63568,62015,497,6,0,0.0,7a549452ed6f4252288d8e39275337036a08d25306ad4e54d87f09a8eaa7537b,True
d20-c0-h6-s22266815,20,0,22266815,6,14,70db1fecdf6d8ee378662a3fab2ffaf576376658a05d1f53130a0cb5b86e0418,816429e3ee5c2cf9031b9cd16a714624ed1d921a9db532c2b95b24032ad397c6,8,minimum_max_pressure,0,50527654,300000,30.0,True,solved,21.649753400008194,2158,2140,2140,531864,522014,6920,38,153,0.004340900341048837,7a549452ed6f4252288d8e39275337036a08d25306ad4e54d87f09a8eaa7537b,True
d20-c0-h6-s22266815,20,0,22266815,6,14,70db1fecdf6d8ee378662a3fab2ffaf576376658a05d1f53130a0cb5b86e0418,816429e3ee5c2cf9031b9cd16a714624ed1d921a9db532c2b95b24032ad397c6,8,random_order,0,50527654,300000,30.0,True,solved,24.488647100050002,2464,2446,2446,609208,599354,6920,38,157,0.0035876992624253035,7a549452ed6f4252288d8e39275337036a08d25306ad4e54d87f09a8eaa7537b,True
d20-c0-h6-s22266815,20,0,22266815,6,14,70db1fecdf6d8ee378662a3fab2ffaf576376658a05d1f53130a0cb5b86e0418,816429e3ee5c2cf9031b9cd16a714624ed1d921a9db532c2b95b24032ad397c6,8,all_pair_product,1,60527673,300000,30.0,True,solved,2.5252049000700936,248,230,230,58528,55166,2093,13,44,0.02530040021520108,7a549452ed6f4252288d8e39275337036a08d25306ad4e54d87f09a8eaa7537b,True
d20-c0-h6-s22266815,20,0,22266815,6,14,70db1fecdf6d8ee378662a3fab2ffaf576376658a05d1f53130a0cb5b86e0418,816429e3ee5c2cf9031b9cd16a714624ed1d921a9db532c2b95b24032ad397c6,8,balance_only,1,60527673,300000,30.0,True,solved,23.67570380005054,2343,2325,2325,581208,571109,6952,39,149,0.00954559922683984,7a549452ed6f4252288d8e39275337036a08d25306ad4e54d87f09a8eaa7537b,True
d20-c0-h6-s22266815,20,0,22266815,6,14,70db1fecdf6d8ee378662a3fab2ffaf576376658a05d1f53130a0cb5b86e0418,816429e3ee5c2cf9031b9cd16a714624ed1d921a9db532c2b95b24032ad397c6,8,lexicographic,1,60527673,300000,30.0,True,solved,2.73714199999813,258,240,240,63568,62015,497,6,0,0.0,7a549452ed6f4252288d8e39275337036a08d25306ad4e54d87f09a8eaa7537b,True
d20-c0-h6-s22266815,20,0,22266815,6,14,70db1fecdf6d8ee378662a3fab2ffaf576376658a05d1f53130a0cb5b86e0418,816429e3ee5c2cf9031b9cd16a714624ed1d921a9db532c2b95b24032ad397c6,8,minimum_max_pressure,1,60527673,300000,30.0,True,solved,23.6315137000056,2437,2419,2419,603040,592161,7632,42,164,0.0046624994138255715,7a549452ed6f4252288d8e39275337036a08d25306ad4e54d87f09a8eaa7537b,True
d20-c0-h6-s22266815,20,0,22266815,6,14,70db1fecdf6d8ee378662a3fab2ffaf576376658a05d1f53130a0cb5b86e0418,816429e3ee5c2cf9031b9cd16a714624ed1d921a9db532c2b95b24032ad397c6,8,random_order,1,60527673,300000,30.0,True,solved,26.44920369994361,2722,2704,2704,674264,663378,7632,42,171,0.003889000043272972,7a549452ed6f4252288d8e39275337036a08d25306ad4e54d87f09a8eaa7537b,True
d20-c0-h6-s22266815,20,0,22266815,6,14,70db1fecdf6d8ee378662a3fab2ffaf576376658a05d1f53130a0cb5b86e0418,816429e3ee5c2cf9031b9cd16a714624ed1d921a9db532c2b95b24032ad397c6,8,all_pair_product,2,70527692,300000,30.0,True,solved,2.403915800037794,248,230,230,58528,55166,2093,13,44,0.026791700045578182,7a549452ed6f4252288d8e39275337036a08d25306ad4e54d87f09a8eaa7537b,True
d20-c0-h6-s22266815,20,0,22266815,6,14,70db1fecdf6d8ee378662a3fab2ffaf576376658a05d1f53130a0cb5b86e0418,816429e3ee5c2cf9031b9cd16a714624ed1d921a9db532c2b95b24032ad397c6,8,balance_only,2,70527692,300000,30.0,True,solved,10.341229600016959,1058,1040,1040,261176,256253,3076,19,74,0.004698999924585223,7a549452ed6f4252288d8e39275337036a08d25306ad4e54d87f09a8eaa7537b,True
d20-c0-h6-s22266815,20,0,22266815,6,14,70db1fecdf6d8ee378662a3fab2ffaf576376658a05d1f53130a0cb5b86e0418,816429e3ee5c2cf9031b9cd16a714624ed1d921a9db532c2b95b24032ad397c6,8,lexicographic,2,70527692,300000,30.0,True,solved,2.6923083000583574,258,240,240,63568,62015,497,6,0,0.0,7a549452ed6f4252288d8e39275337036a08d25306ad4e54d87f09a8eaa7537b,True
d20-c0-h6-s22266815,20,0,22266815,6,14,70db1fecdf6d8ee378662a3fab2ffaf576376658a05d1f53130a0cb5b86e0418,816429e3ee5c2cf9031b9cd16a714624ed1d921a9db532c2b95b24032ad397c6,8,minimum_max_pressure,2,70527692,300000,30.0,True,solved,12.454565800027922,1273,1255,1255,313488,307270,4200,24,93,0.0028254996286705136,7a549452ed6f4252288d8e39275337036a08d25306ad4e54d87f09a8eaa7537b,True
d20-c0-h6-s22266815,20,0,22266815,6,14,70db1fecdf6d8ee378662a3fab2ffaf576376658a05d1f53130a0cb5b86e0418,816429e3ee5c2cf9031b9cd16a714624ed1d921a9db532c2b95b24032ad397c6,8,random_order,2,70527692,300000,30.0,True,solved,15.451531899976544,1620,1602,1602,401576,395355,4200,24,96,0.0022341007133945823,7a549452ed6f4252288d8e39275337036a08d25306ad4e54d87f09a8eaa7537b,True
d20-c0-h6-s22266818,20,0,22266818,6,14,465794cbaad1cedf872536f20cf7ee5605a00a1b9556743c277b72e99bd3f376,a9bb0595fe2df3d10581faf1fe31b9f5c5049edf3cd5eb7a1d33eb3b0948549b,2,all_pair_product,0,44527639,300000,30.0,True,solved,17.949103999999352,89150,89090,89090,356480,266768,458,60,33788,2.54988529055845,9d377cde601f023f2a8e6c3940fb32960029e2577b05bfec1ce8f166c46ff06f,True
d20-c0-h6-s22266818,20,0,22266818,6,14,465794cbaad1cedf872536f20cf7ee5605a00a1b9556743c277b72e99bd3f376,a9bb0595fe2df3d10581faf1fe31b9f5c5049edf3cd5eb7a1d33eb3b0948549b,2,balance_only,0,44527639,300000,30.0,True,solved,13.07867980003357,71621,71561,71561,286390,214343,361,47,27249,0.5194645798765123,9d377cde601f023f2a8e6c3940fb32960029e2577b05bfec1ce8f166c46ff06f,True
d20-c0-h6-s22266818,20,0,22266818,6,14,465794cbaad1cedf872536f20cf7ee5605a00a1b9556743c277b72e99bd3f376,a9bb0595fe2df3d10581faf1fe31b9f5c5049edf3cd5eb7a1d33eb3b0948549b,2,lexicographic,0,44527639,300000,30.0,True,solved,0.4688319000415504,3495,3435,3435,13968,10372,46,6,0,0.0,9d377cde601f023f2a8e6c3940fb32960029e2577b05bfec1ce8f166c46ff06f,True
d20-c0-h6-s22266818,20,0,22266818,6,14,465794cbaad1cedf872536f20cf7ee5605a00a1b9556743c277b72e99bd3f376,a9bb0595fe2df3d10581faf1fe31b9f5c5049edf3cd5eb7a1d33eb3b0948549b,2,minimum_max_pressure,0,44527639,300000,30.0,True,solved,6.319911500089802,32961,32901,32901,131798,98608,160,23,12440,0.18134139163885266,9d377cde601f023f2a8e6c3940fb32960029e2577b05bfec1ce8f166c46ff06f,True
d20-c0-h6-s22266818,20,0,22266818,6,14,465794cbaad1cedf872536f20cf7ee5605a00a1b9556743c277b72e99bd3f376,a9bb0595fe2df3d10581faf1fe31b9f5c5049edf3cd5eb7a1d33eb3b0948549b,2,random_order,0,44527639,300000,30.0,True,solved,2.7638996000168845,17704,17644,17644,70790,52964,75,13,6819,0.07833459903486073,9d377cde601f023f2a8e6c3940fb32960029e2577b05bfec1ce8f166c46ff06f,True
d20-c0-h6-s22266818,20,0,22266818,6,14,465794cbaad1cedf872536f20cf7ee5605a00a1b9556743c277b72e99bd3f376,a9bb0595fe2df3d10581faf1fe31b9f5c5049edf3cd5eb7a1d33eb3b0948549b,2,all_pair_product,1,54527658,300000,30.0,True,solved,15.658421800006181,89150,89090,89090,356480,266768,458,60,33788,2.233037282479927,9d377cde601f023f2a8e6c3940fb32960029e2577b05bfec1ce8f166c46ff06f,True
d20-c0-h6-s22266818,20,0,22266818,6,14,465794cbaad1cedf872536f20cf7ee5605a00a1b9556743c277b72e99bd3f376,a9bb0595fe2df3d10581faf1fe31b9f5c5049edf3cd5eb7a1d33eb3b0948549b,2,balance_only,1,54527658,300000,30.0,True,solved,11.413652399904095,71882,71822,71822,287434,215127,361,47,27338,0.4539581055287272,9d377cde601f023f2a8e6c3940fb32960029e2577b05bfec1ce8f166c46ff06f,True
d20-c0-h6-s22266818,20,0,22266818,6,14,465794cbaad1cedf872536f20cf7ee5605a00a1b9556743c277b72e99bd3f376,a9bb0595fe2df3d10581faf1fe31b9f5c5049edf3cd5eb7a1d33eb3b0948549b,2,lexicographic,1,54527658,300000,30.0,True,solved,0.6716754999943078,3495,3435,3435,13968,10372,46,6,0,0.0,9d377cde601f023f2a8e6c3940fb32960029e2577b05bfec1ce8f166c46ff06f,True
d20-c0-h6-s22266818,20,0,22266818,6,14,465794cbaad1cedf872536f20cf7ee5605a00a1b9556743c277b72e99bd3f376,a9bb0595fe2df3d10581faf1fe31b9f5c5049edf3cd5eb7a1d33eb3b0948549b,2,minimum_max_pressure,1,54527658,300000,30.0,True,solved,12.81759630003944,85819,85759,85759,343168,256851,426,54,32521,0.3693861992796883,9d377cde601f023f2a8e6c3940fb32960029e2577b05bfec1ce8f166c46ff06f,True
d20-c0-h6-s22266818,20,0,22266818,6,14,465794cbaad1cedf872536f20cf7ee5605a00a1b9556743c277b72e99bd3f376,a9bb0595fe2df3d10581faf1fe31b9f5c5049edf3cd5eb7a1d33eb3b0948549b,2,random_order,1,54527658,300000,30.0,True,solved,11.31732400006149,70918,70858,70858,283584,212271,341,44,27015,0.31881900737062097,9d377cde601f023f2a8e6c3940fb32960029e2577b05bfec1ce8f166c46ff06f,True
d20-c0-h6-s22266818,20,0,22266818,6,14,465794cbaad1cedf872536f20cf7ee5605a00a1b9556743c277b72e99bd3f376,a9bb0595fe2df3d10581faf1fe31b9f5c5049edf3cd5eb7a1d33eb3b0948549b,2,all_pair_product,2,64527677,300000,30.0,True,solved,15.537367700017057,89150,89090,89090,356480,266768,458,60,33788,2.2252478080336004,9d377cde601f023f2a8e6c3940fb32960029e2577b05bfec1ce8f166c46ff06f,True
d20-c0-h6-s22266818,20,0,22266818,6,14,465794cbaad1cedf872536f20cf7ee5605a00a1b9556743c277b72e99bd3f376,a9bb0595fe2df3d10581faf1fe31b9f5c5049edf3cd5eb7a1d33eb3b0948549b,2,balance_only,2,64527677,300000,30.0,True,solved,12.80303950002417,83005,82945,82945,331912,248426,419,54,31533,0.5061519956216216,9d377cde601f023f2a8e6c3940fb32960029e2577b05bfec1ce8f166c46ff06f,True
d20-c0-h6-s22266818,20,0,22266818,6,14,465794cbaad1cedf872536f20cf7ee5605a00a1b9556743c277b72e99bd3f376,a9bb0595fe2df3d10581faf1fe31b9f5c5049edf3cd5eb7a1d33eb3b0948549b,2,lexicographic,2,64527677,300000,30.0,True,solved,0.47891319997143,3495,3435,3435,13968,10372,46,6,0,0.0,9d377cde601f023f2a8e6c3940fb32960029e2577b05bfec1ce8f166c46ff06f,True
d20-c0-h6-s22266818,20,0,22266818,6,14,465794cbaad1cedf872536f20cf7ee5605a00a1b9556743c277b72e99bd3f376,a9bb0595fe2df3d10581faf1fe31b9f5c5049edf3cd5eb7a1d33eb3b0948549b,2,minimum_max_pressure,2,64527677,300000,30.0,True,solved,15.00459080003202,97766,97706,97706,390940,292622,484,62,37026,0.4358865828253329,9d377cde601f023f2a8e6c3940fb32960029e2577b05bfec1ce8f166c46ff06f,True
d20-c0-h6-s22266818,20,0,22266818,6,14,465794cbaad1cedf872536f20cf7ee5605a00a1b9556743c277b72e99bd3f376,a9bb0595fe2df3d10581faf1fe31b9f5c5049edf3cd5eb7a1d33eb3b0948549b,2,random_order,2,64527677,300000,30.0,True,solved,13.144317400059663,86753,86693,86693,346902,259660,436,55,32950,0.36114518682006747,9d377cde601f023f2a8e6c3940fb32960029e2577b05bfec1ce8f166c46ff06f,True
d20-c0-h6-s22266818,20,0,22266818,6,14,465794cbaad1cedf872536f20cf7ee5605a00a1b9556743c277b72e99bd3f376,a9bb0595fe2df3d10581faf1fe31b9f5c5049edf3cd5eb7a1d33eb3b0948549b,4,all_pair_product,0,46527645,300000,30.0,True,solved,19.967002099961974,35852,35822,35822,572952,536120,760,40,3592,0.8251953972503543,9d377cde601f023f2a8e6c3940fb32960029e2577b05bfec1ce8f166c46ff06f,True
d20-c0-h6-s22266818,20,0,22266818,6,14,465794cbaad1cedf872536f20cf7ee5605a00a1b9556743c277b72e99bd3f376,a9bb0595fe2df3d10581faf1fe31b9f5c5049edf3cd5eb7a1d33eb3b0948549b,4,balance_only,0,46527645,300000,30.0,True,solved,13.995672399993055,25754,25724,25724,411736,385329,507,27,2564,0.0850751013495028,9d377cde601f023f2a8e6c3940fb32960029e2577b05bfec1ce8f166c46ff06f,True
d20-c0-h6-s22266818,20,0,22266818,6,14,465794cbaad1cedf872536f20cf7ee5605a00a1b9556743c277b72e99bd3f376,a9bb0595fe2df3d10581faf1fe31b9f5c5049edf3cd5eb7a1d33eb3b0948549b,4,lexicographic,0,46527645,300000,30.0,True,solved,1.0365542999934405,2186,2156,2156,34880,32484,95,6,0,0.0,9d377cde601f023f2a8e6c3940fb32960029e2577b05bfec1ce8f166c46ff06f,True
d20-c0-h6-s22266818,20,0,22266818,6,14,465794cbaad1cedf872536f20cf7ee5605a00a1b9556743c277b72e99bd3f376,a9bb0595fe2df3d10581faf1fe31b9f5c5049edf3cd5eb7a1d33eb3b0948549b,4,minimum_max_pressure,0,46527645,300000,30.0,True,solved,27.748373999958858,50294,50264,50264,803888,752501,937,49,4966,0.09303289977833629,9d377cde601f023f2a8e6c3940fb32960029e2577b05bfec1ce8f166c46ff06f,True
d20-c0-h6-s22266818,20,0,22266818,6,14,465794cbaad1cedf872536f20cf7ee5605a00a1b9556743c277b72e99bd3f376,a9bb0595fe2df3d10581faf1fe31b9f5c5049edf3cd5eb7a1d33eb3b0948549b,4,random_order,0,46527645,300000,30.0,True,solved,18.243670199997723,35729,35699,35699,571048,534528,674,36,3535,0.052679301355965436,9d377cde601f023f2a8e6c3940fb32960029e2577b05bfec1ce8f166c46ff06f,True
d20-c0-h6-s22266818,20,0,22266818,6,14,465794cbaad1cedf872536f20cf7ee5605a00a1b9556743c277b72e99bd3f376,a9bb0595fe2df3d10581faf1fe31b9f5c5049edf3cd5eb7a1d33eb3b0948549b,4,all_pair_product,1,56527664,300000,30.0,True,solved,21.628928899997845,36810,36780,36780,588272,550464,779,41,3689,0.8912765001878142,9d377cde601f023f2a8e6c3940fb32960029e2577b05bfec1ce8f166c46ff06f,True
d20-c0-h6-s22266818,20,0,22266818,6,14,465794cbaad1cedf872536f20cf7ee5605a00a1b9556743c277b72e99bd3f376,a9bb0595fe2df3d10581faf1fe31b9f5c5049edf3cd5eb7a1d33eb3b0948549b,4,balance_only,1,56527664,300000,30.0,True,solved,15.900825099903159,28498,28468,28468,455560,426339,569,30,2837,0.09515489800833166,9d377cde601f023f2a8e6c3940fb32960029e2577b05bfec1ce8f166c46ff06f,True
d20-c0-h6-s22266818,20,0,22266818,6,14,465794cbaad1cedf872536f20cf7ee5605a00a1b9556743c277b72e99bd3f376,a9bb0595fe2df3d10581faf1fe31b9f5c5049edf3cd5eb7a1d33eb3b0948549b,4,lexicographic,1,56527664,300000,30.0,True,solved,1.0465208999812603,2186,2156,2156,34880,32484,95,6,0,0.0,9d377cde601f023f2a8e6c3940fb32960029e2577b05bfec1ce8f166c46ff06f,True
d20-c0-h6-s22266818,20,0,22266818,6,14,465794cbaad1cedf872536f20cf7ee5605a00a1b9556743c277b72e99bd3f376,a9bb0595fe2df3d10581faf1fe31b9f5c5049edf3cd5eb7a1d33eb3b0948549b,4,minimum_max_pressure,1,56527664,300000,30.0,True,solved,28.92031880002469,51592,51562,51562,824696,771960,980,51,5095,0.09648000099696219,9d377cde601f023f2a8e6c3940fb32960029e2577b05bfec1ce8f166c46ff06f,True
d20-c0-h6-s22266818,20,0,22266818,6,14,465794cbaad1cedf872536f20cf7ee5605a00a1b9556743c277b72e99bd3f376,a9bb0595fe2df3d10581faf1fe31b9f5c5049edf3cd5eb7a1d33eb3b0948549b,4,random_order,1,56527664,300000,30.0,True,solved,18.1849839000497,33076,33046,33046,528696,494837,643,34,3285,0.05297789874020964,9d377cde601f023f2a8e6c3940fb32960029e2577b05bfec1ce8f166c46ff06f,True
d20-c0-h6-s22266818,20,0,22266818,6,14,465794cbaad1cedf872536f20cf7ee5605a00a1b9556743c277b72e99bd3f376,a9bb0595fe2df3d10581faf1fe31b9f5c5049edf3cd5eb7a1d33eb3b0948549b,4,all_pair_product,2,66527683,300000,30.0,True,solved,22.280467999982648,35852,35822,35822,572952,536120,760,40,3592,0.9240559024037793,9d377cde601f023f2a8e6c3940fb32960029e2577b05bfec1ce8f166c46ff06f,True
d20-c0-h6-s22266818,20,0,22266818,6,14,465794cbaad1cedf872536f20cf7ee5605a00a1b9556743c277b72e99bd3f376,a9bb0595fe2df3d10581faf1fe31b9f5c5049edf3cd5eb7a1d33eb3b0948549b,4,balance_only,2,66527683,300000,30.0,True,solved,15.752083600033075,27710,27680,27680,442968,414562,550,29,2758,0.09659530222415924,9d377cde601f023f2a8e6c3940fb32960029e2577b05bfec1ce8f166c46ff06f,True
d20-c0-h6-s22266818,20,0,22266818,6,14,465794cbaad1cedf872536f20cf7ee5605a00a1b9556743c277b72e99bd3f376,a9bb0595fe2df3d10581faf1fe31b9f5c5049edf3cd5eb7a1d33eb3b0948549b,4,lexicographic,2,66527683,300000,30.0,True,solved,1.1068133999360725,2186,2156,2156,34880,32484,95,6,0,0.0,9d377cde601f023f2a8e6c3940fb32960029e2577b05bfec1ce8f166c46ff06f,True
d20-c0-h6-s22266818,20,0,22266818,6,14,465794cbaad1cedf872536f20cf7ee5605a00a1b9556743c277b72e99bd3f376,a9bb0595fe2df3d10581faf1fe31b9f5c5049edf3cd5eb7a1d33eb3b0948549b,4,minimum_max_pressure,2,66527683,300000,30.0,False,time_budget,30.000359499943443,52257,52230,52230,835296,781886,994,50,5158,0.1020195996388793,,False
d20-c0-h6-s22266818,20,0,22266818,6,14,465794cbaad1cedf872536f20cf7ee5605a00a1b9556743c277b72e99bd3f376,a9bb0595fe2df3d10581faf1fe31b9f5c5049edf3cd5eb7a1d33eb3b0948549b,4,random_order,2,66527683,300000,30.0,True,solved,26.124489399953745,46209,46179,46179,738592,691365,903,46,4581,0.07606360118370503,9d377cde601f023f2a8e6c3940fb32960029e2577b05bfec1ce8f166c46ff06f,True
d20-c0-h6-s22266818,20,0,22266818,6,14,465794cbaad1cedf872536f20cf7ee5605a00a1b9556743c277b72e99bd3f376,a9bb0595fe2df3d10581faf1fe31b9f5c5049edf3cd5eb7a1d33eb3b0948549b,8,all_pair_product,0,50527657,300000,30.0,False,time_budget,30.004099100013264,2798,2797,2797,700672,692898,4741,29,113,0.07698179909493774,,False
d20-c0-h6-s22266818,20,0,22266818,6,14,465794cbaad1cedf872536f20cf7ee5605a00a1b9556743c277b72e99bd3f376,a9bb0595fe2df3d10581faf1fe31b9f5c5049edf3cd5eb7a1d33eb3b0948549b,8,balance_only,0,50527657,300000,30.0,False,time_budget,30.0010595000349,2810,2807,2807,705976,698210,4741,29,108,0.007949000340886414,,False
d20-c0-h6-s22266818,20,0,22266818,6,14,465794cbaad1cedf872536f20cf7ee5605a00a1b9556743c277b72e99bd3f376,a9bb0595fe2df3d10581faf1fe31b9f5c5049edf3cd5eb7a1d33eb3b0948549b,8,lexicographic,0,50527657,300000,30.0,True,solved,2.179531800094992,208,190,190,50272,48716,559,6,0,0.0,9d377cde601f023f2a8e6c3940fb32960029e2577b05bfec1ce8f166c46ff06f,True
d20-c0-h6-s22266818,20,0,22266818,6,14,465794cbaad1cedf872536f20cf7ee5605a00a1b9556743c277b72e99bd3f376,a9bb0595fe2df3d10581faf1fe31b9f5c5049edf3cd5eb7a1d33eb3b0948549b,8,minimum_max_pressure,0,50527657,300000,30.0,True,solved,25.46804579999298,2338,2320,2320,584392,576879,4394,29,109,0.003635900211520493,9d377cde601f023f2a8e6c3940fb32960029e2577b05bfec1ce8f166c46ff06f,True
d20-c0-h6-s22266818,20,0,22266818,6,14,465794cbaad1cedf872536f20cf7ee5605a00a1b9556743c277b72e99bd3f376,a9bb0595fe2df3d10581faf1fe31b9f5c5049edf3cd5eb7a1d33eb3b0948549b,8,random_order,0,50527657,300000,30.0,True,solved,27.668376100016758,2522,2504,2504,632736,625228,4394,29,106,0.0028478996828198433,9d377cde601f023f2a8e6c3940fb32960029e2577b05bfec1ce8f166c46ff06f,True
d20-c0-h6-s22266818,20,0,22266818,6,14,465794cbaad1cedf872536f20cf7ee5605a00a1b9556743c277b72e99bd3f376,a9bb0595fe2df3d10581faf1fe31b9f5c5049edf3cd5eb7a1d33eb3b0948549b,8,all_pair_product,1,60527676,300000,30.0,False,time_budget,30.000553200021386,2947,2944,2944,737080,728786,5080,31,123,0.07080000056885183,,False
d20-c0-h6-s22266818,20,0,22266818,6,14,465794cbaad1cedf872536f20cf7ee5605a00a1b9556743c277b72e99bd3f376,a9bb0595fe2df3d10581faf1fe31b9f5c5049edf3cd5eb7a1d33eb3b0948549b,8,balance_only,1,60527676,300000,30.0,False,time_budget,30.005990299978293,2853,2844,2844,713264,704969,4903,31,125,0.009071999578736722,,False
d20-c0-h6-s22266818,20,0,22266818,6,14,465794cbaad1cedf872536f20cf7ee5605a00a1b9556743c277b72e99bd3f376,a9bb0595fe2df3d10581faf1fe31b9f5c5049edf3cd5eb7a1d33eb3b0948549b,8,lexicographic,1,60527676,300000,30.0,True,solved,2.2710493999766186,208,190,190,50272,48716,559,6,0,0.0,9d377cde601f023f2a8e6c3940fb32960029e2577b05bfec1ce8f166c46ff06f,True
d20-c0-h6-s22266818,20,0,22266818,6,14,465794cbaad1cedf872536f20cf7ee5605a00a1b9556743c277b72e99bd3f376,a9bb0595fe2df3d10581faf1fe31b9f5c5049edf3cd5eb7a1d33eb3b0948549b,8,minimum_max_pressure,1,60527676,300000,30.0,True,solved,8.980644200113602,879,861,861,212376,208983,1747,13,68,0.0022727001924067736,9d377cde601f023f2a8e6c3940fb32960029e2577b05bfec1ce8f166c46ff06f,True
d20-c0-h6-s22266818,20,0,22266818,6,14,465794cbaad1cedf872536f20cf7ee5605a00a1b9556743c277b72e99bd3f376,a9bb0595fe2df3d10581faf1fe31b9f5c5049edf3cd5eb7a1d33eb3b0948549b,8,random_order,1,60527676,300000,30.0,True,solved,11.319773399969563,1055,1037,1037,259416,256031,1747,13,63,0.0017866992857307196,9d377cde601f023f2a8e6c3940fb32960029e2577b05bfec1ce8f166c46ff06f,True
d20-c0-h6-s22266818,20,0,22266818,6,14,465794cbaad1cedf872536f20cf7ee5605a00a1b9556743c277b72e99bd3f376,a9bb0595fe2df3d10581faf1fe31b9f5c5049edf3cd5eb7a1d33eb3b0948549b,8,all_pair_product,2,70527695,300000,30.0,False,time_budget,30.000821099965833,2957,2954,2954,739640,731346,5080,31,123,0.07071840018033981,,False
d20-c0-h6-s22266818,20,0,22266818,6,14,465794cbaad1cedf872536f20cf7ee5605a00a1b9556743c277b72e99bd3f376,a9bb0595fe2df3d10581faf1fe31b9f5c5049edf3cd5eb7a1d33eb3b0948549b,8,balance_only,2,70527695,300000,30.0,False,time_budget,30.004661899991333,2938,2926,2926,733040,724223,5271,33,136,0.008990599890239537,,False
d20-c0-h6-s22266818,20,0,22266818,6,14,465794cbaad1cedf872536f20cf7ee5605a00a1b9556743c277b72e99bd3f376,a9bb0595fe2df3d10581faf1fe31b9f5c5049edf3cd5eb7a1d33eb3b0948549b,8,lexicographic,2,70527695,300000,30.0,True,solved,2.152958600083366,208,190,190,50272,48716,559,6,0,0.0,9d377cde601f023f2a8e6c3940fb32960029e2577b05bfec1ce8f166c46ff06f,True
d20-c0-h6-s22266818,20,0,22266818,6,14,465794cbaad1cedf872536f20cf7ee5605a00a1b9556743c277b72e99bd3f376,a9bb0595fe2df3d10581faf1fe31b9f5c5049edf3cd5eb7a1d33eb3b0948549b,8,minimum_max_pressure,2,70527695,300000,30.0,True,solved,21.565310699981637,2085,2067,2067,519128,512385,3918,26,106,0.0033992996904999018,9d377cde601f023f2a8e6c3940fb32960029e2577b05bfec1ce8f166c46ff06f,True
d20-c0-h6-s22266818,20,0,22266818,6,14,465794cbaad1cedf872536f20cf7ee5605a00a1b9556743c277b72e99bd3f376,a9bb0595fe2df3d10581faf1fe31b9f5c5049edf3cd5eb7a1d33eb3b0948549b,8,random_order,2,70527695,300000,30.0,True,solved,23.664587400038727,2299,2281,2281,574904,568165,3918,26,104,0.0025828004581853747,9d377cde601f023f2a8e6c3940fb32960029e2577b05bfec1ce8f166c46ff06f,True
d20-c1-h6-s22266816,20,1,22266816,6,14,4259c89e9722f9c5880bbed1162f1d4f4603b21c75580e2f2e01ae7dcd2172c8,22497a5c9c34615eb7343a7cdcacf49405b0a4fe133c981e4230c3ca4a3e2bb4,2,all_pair_product,0,44527637,300000,30.0,True,solved,8.167501599993557,46054,45994,45994,184144,137729,253,36,17997,1.1725556974997744,4212a498f37d518bf36895deb096a5dd52203de3702f2fc5f33523f8dea6bf92,True
d20-c1-h6-s22266816,20,1,22266816,6,14,4259c89e9722f9c5880bbed1162f1d4f4603b21c75580e2f2e01ae7dcd2172c8,22497a5c9c34615eb7343a7cdcacf49405b0a4fe133c981e4230c3ca4a3e2bb4,2,balance_only,0,44527637,300000,30.0,True,solved,13.200101700029336,84264,84204,84204,336940,252162,447,58,33071,0.5368989954004064,4212a498f37d518bf36895deb096a5dd52203de3702f2fc5f33523f8dea6bf92,True
d20-c1-h6-s22266816,20,1,22266816,6,14,4259c89e9722f9c5880bbed1162f1d4f4603b21c75580e2f2e01ae7dcd2172c8,22497a5c9c34615eb7343a7cdcacf49405b0a4fe133c981e4230c3ca4a3e2bb4,2,lexicographic,0,44527637,300000,30.0,True,solved,0.5526334000751376,3722,3662,3662,14876,11060,35,6,0,0.0,4212a498f37d518bf36895deb096a5dd52203de3702f2fc5f33523f8dea6bf92,True
d20-c1-h6-s22266816,20,1,22266816,6,14,4259c89e9722f9c5880bbed1162f1d4f4603b21c75580e2f2e01ae7dcd2172c8,22497a5c9c34615eb7343a7cdcacf49405b0a4fe133c981e4230c3ca4a3e2bb4,2,minimum_max_pressure,0,44527637,300000,30.0,True,solved,9.069290800020099,59268,59208,59208,236988,177314,327,42,23285,0.274693894200027,4212a498f37d518bf36895deb096a5dd52203de3702f2fc5f33523f8dea6bf92,True
d20-c1-h6-s22266816,20,1,22266816,6,14,4259c89e9722f9c5880bbed1162f1d4f4603b21c75580e2f2e01ae7dcd2172c8,22497a5c9c34615eb7343a7cdcacf49405b0a4fe133c981e4230c3ca4a3e2bb4,2,random_order,0,44527637,300000,30.0,True,solved,9.09440469997935,59815,59755,59755,239176,178965,332,42,23490,0.2588953007943928,4212a498f37d518bf36895deb096a5dd52203de3702f2fc5f33523f8dea6bf92,True
d20-c1-h6-s22266816,20,1,22266816,6,14,4259c89e9722f9c5880bbed1162f1d4f4603b21c75580e2f2e01ae7dcd2172c8,22497a5c9c34615eb7343a7cdcacf49405b0a4fe133c981e4230c3ca4a3e2bb4,2,all_pair_product,1,54527656,300000,30.0,True,solved,11.697180500021204,65241,65181,65181,260868,195170,350,48,25589,1.6750313024967909,4212a498f37d518bf36895deb096a5dd52203de3702f2fc5f33523f8dea6bf92,True
d20-c1-h6-s22266816,20,1,22266816,6,14,4259c89e9722f9c5880bbed1162f1d4f4603b21c75580e2f2e01ae7dcd2172c8,22497a5c9c34615eb7343a7cdcacf49405b0a4fe133c981e4230c3ca4a3e2bb4,2,balance_only,1,54527656,300000,30.0,True,solved,13.05247950006742,83932,83872,83872,335612,251167,448,58,32956,0.5266454946249723,4212a498f37d518bf36895deb096a5dd52203de3702f2fc5f33523f8dea6bf92,True
d20-c1-h6-s22266816,20,1,22266816,6,14,4259c89e9722f9c5880bbed1162f1d4f4603b21c75580e2f2e01ae7dcd2172c8,22497a5c9c34615eb7343a7cdcacf49405b0a4fe133c981e4230c3ca4a3e2bb4,2,lexicographic,1,54527656,300000,30.0,True,solved,0.5773487000260502,3722,3662,3662,14876,11060,35,6,0,0.0,4212a498f37d518bf36895deb096a5dd52203de3702f2fc5f33523f8dea6bf92,True
d20-c1-h6-s22266816,20,1,22266816,6,14,4259c89e9722f9c5880bbed1162f1d4f4603b21c75580e2f2e01ae7dcd2172c8,22497a5c9c34615eb7343a7cdcacf49405b0a4fe133c981e4230c3ca4a3e2bb4,2,minimum_max_pressure,1,54527656,300000,30.0,True,solved,11.3061091999989,72439,72379,72379,289654,216748,389,51,28441,0.3388904028106481,4212a498f37d518bf36895deb096a5dd52203de3702f2fc5f33523f8dea6bf92,True
d20-c1-h6-s22266816,20,1,22266816,6,14,4259c89e9722f9c5880bbed1162f1d4f4603b21c75580e2f2e01ae7dcd2172c8,22497a5c9c34615eb7343a7cdcacf49405b0a4fe133c981e4230c3ca4a3e2bb4,2,random_order,1,54527656,300000,30.0,True,solved,11.553662599995732,73497,73437,73437,293886,219931,394,51,28841,0.330116382217966,4212a498f37d518bf36895deb096a5dd52203de3702f2fc5f33523f8dea6bf92,True
d20-c1-h6-s22266816,20,1,22266816,6,14,4259c89e9722f9c5880bbed1162f1d4f4603b21c75580e2f2e01ae7dcd2172c8,22497a5c9c34615eb7343a7cdcacf49405b0a4fe133c981e4230c3ca4a3e2bb4,2,all_pair_product,2,64527675,300000,30.0,True,solved,8.102855800068937,45651,45591,45591,182534,136533,244,35,17918,1.1675163061590865,4212a498f37d518bf36895deb096a5dd52203de3702f2fc5f33523f8dea6bf92,True
d20-c1-h6-s22266816,20,1,22266816,6,14,4259c89e9722f9c5880bbed1162f1d4f4603b21c75580e2f2e01ae7dcd2172c8,22497a5c9c34615eb7343a7cdcacf49405b0a4fe133c981e4230c3ca4a3e2bb4,2,balance_only,2,64527675,300000,30.0,True,solved,9.436930300085805,59971,59911,59911,239800,179447,319,42,23590,0.3820370964240283,4212a498f37d518bf36895deb096a5dd52203de3702f2fc5f33523f8dea6bf92,True
d20-c1-h6-s22266816,20,1,22266816,6,14,4259c89e9722f9c5880bbed1162f1d4f4603b21c75580e2f2e01ae7dcd2172c8,22497a5c9c34615eb7343a7cdcacf49405b0a4fe133c981e4230c3ca4a3e2bb4,2,lexicographic,2,64527675,300000,30.0,True,solved,0.5750846998998895,3722,3662,3662,14876,11060,35,6,0,0.0,4212a498f37d518bf36895deb096a5dd52203de3702f2fc5f33523f8dea6bf92,True
d20-c1-h6-s22266816,20,1,22266816,6,14,4259c89e9722f9c5880bbed1162f1d4f4603b21c75580e2f2e01ae7dcd2172c8,22497a5c9c34615eb7343a7cdcacf49405b0a4fe133c981e4230c3ca4a3e2bb4,2,minimum_max_pressure,2,64527675,300000,30.0,True,solved,8.476059500011615,55336,55276,55276,221266,165554,296,39,21800,0.2558417128166184,4212a498f37d518bf36895deb096a5dd52203de3702f2fc5f33523f8dea6bf92,True
d20-c1-h6-s22266816,20,1,22266816,6,14,4259c89e9722f9c5880bbed1162f1d4f4603b21c75580e2f2e01ae7dcd2172c8,22497a5c9c34615eb7343a7cdcacf49405b0a4fe133c981e4230c3ca4a3e2bb4,2,random_order,2,64527675,300000,30.0,True,solved,8.723055899958126,55617,55557,55557,222390,166414,296,39,21888,0.2512750867754221,4212a498f37d518bf36895deb096a5dd52203de3702f2fc5f33523f8dea6bf92,True
d20-c1-h6-s22266816,20,1,22266816,6,14,4259c89e9722f9c5880bbed1162f1d4f4603b21c75580e2f2e01ae7dcd2172c8,22497a5c9c34615eb7343a7cdcacf49405b0a4fe133c981e4230c3ca4a3e2bb4,4,all_pair_product,0,46527643,300000,30.0,True,solved,22.00237860006746,40898,40868,40868,653472,611600,750,49,4072,0.9087562008062378,4212a498f37d518bf36895deb096a5dd52203de3702f2fc5f33523f8dea6bf92,True
d20-c1-h6-s22266816,20,1,22266816,6,14,4259c89e9722f9c5880bbed1162f1d4f4603b21c75580e2f2e01ae7dcd2172c8,22497a5c9c34615eb7343a7cdcacf49405b0a4fe133c981e4230c3ca4a3e2bb4,4,balance_only,0,46527643,300000,30.0,True,solved,21.31425199995283,41491,41461,41461,662968,620664,684,44,4128,0.13404849846847355,4212a498f37d518bf36895deb096a5dd52203de3702f2fc5f33523f8dea6bf92,True
d20-c1-h6-s22266816,20,1,22266816,6,14,4259c89e9722f9c5880bbed1162f1d4f4603b21c75580e2f2e01ae7dcd2172c8,22497a5c9c34615eb7343a7cdcacf49405b0a4fe133c981e4230c3ca4a3e2bb4,4,lexicographic,0,46527643,300000,30.0,True,solved,1.2394348999951035,2424,2394,2394,38696,36063,71,6,0,0.0,4212a498f37d518bf36895deb096a5dd52203de3702f2fc5f33523f8dea6bf92,True
d20-c1-h6-s22266816,20,1,22266816,6,14,4259c89e9722f9c5880bbed1162f1d4f4603b21c75580e2f2e01ae7dcd2172c8,22497a5c9c34615eb7343a7cdcacf49405b0a4fe133c981e4230c3ca4a3e2bb4,4,minimum_max_pressure,0,46527643,300000,30.0,True,solved,26.740956499939784,51717,51687,51687,826472,773691,888,57,5132,0.09065409877803177,4212a498f37d518bf36895deb096a5dd52203de3702f2fc5f33523f8dea6bf92,True
d20-c1-h6-s22266816,20,1,22266816,6,14,4259c89e9722f9c5880bbed1162f1d4f4603b21c75580e2f2e01ae7dcd2172c8,22497a5c9c34615eb7343a7cdcacf49405b0a4fe133c981e4230c3ca4a3e2bb4,4,random_order,0,46527643,300000,30.0,True,solved,18.61336959991604,35289,35259,35259,564040,528047,584,38,3511,0.055013498407788575,4212a498f37d518bf36895deb096a5dd52203de3702f2fc5f33523f8dea6bf92,True
d20-c1-h6-s22266816,20,1,22266816,6,14,4259c89e9722f9c5880bbed1162f1d4f4603b21c75580e2f2e01ae7dcd2172c8,22497a5c9c34615eb7343a7cdcacf49405b0a4fe133c981e4230c3ca4a3e2bb4,4,all_pair_product,1,56527662,300000,30.0,True,solved,22.30489469994791,40898,40868,40868,653472,611600,750,49,4072,0.9316514967940748,4212a498f37d518bf36895deb096a5dd52203de3702f2fc5f33523f8dea6bf92,True
d20-c1-h6-s22266816,20,1,22266816,6,14,4259c89e9722f9c5880bbed1162f1d4f4603b21c75580e2f2e01ae7dcd2172c8,22497a5c9c34615eb7343a7cdcacf49405b0a4fe133c981e4230c3ca4a3e2bb4,4,balance_only,1,56527662,300000,30.0,True,solved,17.15929280000273,33186,33156,33156,530344,496488,549,36,3299,0.10571879660710692,4212a498f37d518bf36895deb096a5dd52203de3702f2fc5f33523f8dea6bf92,True
d20-c1-h6-s22266816,20,1,22266816,6,14,4259c89e9722f9c5880bbed1162f1d4f4603b21c75580e2f2e01ae7dcd2172c8,22497a5c9c34615eb7343a7cdcacf49405b0a4fe133c981e4230c3ca4a3e2bb4,4,lexicographic,1,56527662,300000,30.0,True,solved,1.297752199927345,2424,2394,2394,38696,36063,71,6,0,0.0,4212a498f37d518bf36895deb096a5dd52203de3702f2fc5f33523f8dea6bf92,True
d20-c1-h6-s22266816,20,1,22266816,6,14,4259c89e9722f9c5880bbed1162f1d4f4603b21c75580e2f2e01ae7dcd2172c8,22497a5c9c34615eb7343a7cdcacf49405b0a4fe133c981e4230c3ca4a3e2bb4,4,minimum_max_pressure,1,56527662,300000,30.0,True,solved,14.767346099950373,28916,28886,28886,462048,432455,515,34,2865,0.050350498291663826,4212a498f37d518bf36895deb096a5dd52203de3702f2fc5f33523f8dea6bf92,True
d20-c1-h6-s22266816,20,1,22266816,6,14,4259c89e9722f9c5880bbed1162f1d4f4603b21c75580e2f2e01ae7dcd2172c8,22497a5c9c34615eb7343a7cdcacf49405b0a4fe133c981e4230c3ca4a3e2bb4,4,random_order,1,56527662,300000,30.0,True,solved,8.25134319998324,15323,15293,15293,244944,229247,280,19,1534,0.024118302506394684,4212a498f37d518bf36895deb096a5dd52203de3702f2fc5f33523f8dea6bf92,True
d20-c1-h6-s22266816,20,1,22266816,6,14,4259c89e9722f9c5880bbed1162f1d4f4603b21c75580e2f2e01ae7dcd2172c8,22497a5c9c34615eb7343a7cdcacf49405b0a4fe133c981e4230c3ca4a3e2bb4,4,all_pair_product,2,66527681,300000,30.0,True,solved,22.200444799964316,40898,40868,40868,653472,611600,750,49,4072,0.9187527002068236,4212a498f37d518bf36895deb096a5dd52203de3702f2fc5f33523f8dea6bf92,True
d20-c1-h6-s22266816,20,1,22266816,6,14,4259c89e9722f9c5880bbed1162f1d4f4603b21c75580e2f2e01ae7dcd2172c8,22497a5c9c34615eb7343a7cdcacf49405b0a4fe133c981e4230c3ca4a3e2bb4,4,balance_only,2,66527681,300000,30.0,True,solved,29.0872199999867,56483,56453,56453,902592,845029,949,59,5609,0.18214869627263397,4212a498f37d518bf36895deb096a5dd52203de3702f2fc5f33523f8dea6bf92,True
d20-c1-h6-s22266816,20,1,22266816,6,14,4259c89e9722f9c5880bbed1162f1d4f4603b21c75580e2f2e01ae7dcd2172c8,22497a5c9c34615eb7343a7cdcacf49405b0a4fe133c981e4230c3ca4a3e2bb4,4,lexicographic,2,66527681,300000,30.0,True,solved,1.2807391999522224,2424,2394,2394,38696,36063,71,6,0,0.0,4212a498f37d518bf36895deb096a5dd52203de3702f2fc5f33523f8dea6bf92,True
d20-c1-h6-s22266816,20,1,22266816,6,14,4259c89e9722f9c5880bbed1162f1d4f4603b21c75580e2f2e01ae7dcd2172c8,22497a5c9c34615eb7343a7cdcacf49405b0a4fe133c981e4230c3ca4a3e2bb4,4,minimum_max_pressure,2,66527681,300000,30.0,True,solved,27.468188700033352,53460,53430,53430,854240,799704,909,58,5301,0.09291700064204633,4212a498f37d518bf36895deb096a5dd52203de3702f2fc5f33523f8dea6bf92,True
d20-c1-h6-s22266816,20,1,22266816,6,14,4259c89e9722f9c5880bbed1162f1d4f4603b21c75580e2f2e01ae7dcd2172c8,22497a5c9c34615eb7343a7cdcacf49405b0a4fe133c981e4230c3ca4a3e2bb4,4,random_order,2,66527681,300000,30.0,True,solved,28.720828599995002,56155,56125,56125,897344,840125,942,59,5568,0.08510350168216974,4212a498f37d518bf36895deb096a5dd52203de3702f2fc5f33523f8dea6bf92,True
d20-c1-h6-s22266816,20,1,22266816,6,14,4259c89e9722f9c5880bbed1162f1d4f4603b21c75580e2f2e01ae7dcd2172c8,22497a5c9c34615eb7343a7cdcacf49405b0a4fe133c981e4230c3ca4a3e2bb4,8,all_pair_product,0,50527655,300000,30.0,False,time_budget,30.0055057000136,2978,2966,2966,743776,733933,5977,37,143,0.08368760021403432,,False
d20-c1-h6-s22266816,20,1,22266816,6,14,4259c89e9722f9c5880bbed1162f1d4f4603b21c75580e2f2e01ae7dcd2172c8,22497a5c9c34615eb7343a7cdcacf49405b0a4fe133c981e4230c3ca4a3e2bb4,8,balance_only,0,50527655,300000,30.0,False,time_budget,30.00592589995358,3092,3083,3083,765520,756162,5717,35,160,0.010029299999587238,,False
d20-c1-h6-s22266816,20,1,22266816,6,14,4259c89e9722f9c5880bbed1162f1d4f4603b21c75580e2f2e01ae7dcd2172c8,22497a5c9c34615eb7343a7cdcacf49405b0a4fe133c981e4230c3ca4a3e2bb4,8,lexicographic,0,50527655,300000,30.0,True,solved,2.4326596999308094,234,216,216,57176,55622,409,6,0,0.0,4212a498f37d518bf36895deb096a5dd52203de3702f2fc5f33523f8dea6bf92,True
d20-c1-h6-s22266816,20,1,22266816,6,14,4259c89e9722f9c5880bbed1162f1d4f4603b21c75580e2f2e01ae7dcd2172c8,22497a5c9c34615eb7343a7cdcacf49405b0a4fe133c981e4230c3ca4a3e2bb4,8,minimum_max_pressure,0,50527655,300000,30.0,False,time_budget,30.00217110000085,3076,3070,3070,762664,753055,6077,36,159,0.004521399852819741,,False
d20-c1-h6-s22266816,20,1,22266816,6,14,4259c89e9722f9c5880bbed1162f1d4f4603b21c75580e2f2e01ae7dcd2172c8,22497a5c9c34615eb7343a7cdcacf49405b0a4fe133c981e4230c3ca4a3e2bb4,8,random_order,0,50527655,300000,30.0,False,time_budget,30.00877199997194,3061,3049,3049,757336,747978,5866,35,161,0.0038027995033189654,,False
d20-c1-h6-s22266816,20,1,22266816,6,14,4259c89e9722f9c5880bbed1162f1d4f4603b21c75580e2f2e01ae7dcd2172c8,22497a5c9c34615eb7343a7cdcacf49405b0a4fe133c981e4230c3ca4a3e2bb4,8,all_pair_product,1,60527674,300000,30.0,True,solved,28.724300500005484,2890,2872,2872,720744,710899,5850,38,145,0.0825405998621136,4212a498f37d518bf36895deb096a5dd52203de3702f2fc5f33523f8dea6bf92,True
d20-c1-h6-s22266816,20,1,22266816,6,14,4259c89e9722f9c5880bbed1162f1d4f4603b21c75580e2f2e01ae7dcd2172c8,22497a5c9c34615eb7343a7cdcacf49405b0a4fe133c981e4230c3ca4a3e2bb4,8,balance_only,1,60527674,300000,30.0,True,solved,28.73098720004782,2897,2879,2879,718320,708973,5688,36,152,0.009866300853900611,4212a498f37d518bf36895deb096a5dd52203de3702f2fc5f33523f8dea6bf92,True
d20-c1-h6-s22266816,20,1,22266816,6,14,4259c89e9722f9c5880bbed1162f1d4f4603b21c75580e2f2e01ae7dcd2172c8,22497a5c9c34615eb7343a7cdcacf49405b0a4fe133c981e4230c3ca4a3e2bb4,8,lexicographic,1,60527674,300000,30.0,True,solved,2.361260399920866,234,216,216,57176,55622,409,6,0,0.0,4212a498f37d518bf36895deb096a5dd52203de3702f2fc5f33523f8dea6bf92,True
d20-c1-h6-s22266816,20,1,22266816,6,14,4259c89e9722f9c5880bbed1162f1d4f4603b21c75580e2f2e01ae7dcd2172c8,22497a5c9c34615eb7343a7cdcacf49405b0a4fe133c981e4230c3ca4a3e2bb4,8,minimum_max_pressure,1,60527674,300000,30.0,True,solved,2.969797300058417,292,274,274,72272,69948,1013,9,27,0.0012422001454979181,4212a498f37d518bf36895deb096a5dd52203de3702f2fc5f33523f8dea6bf92,True
d20-c1-h6-s22266816,20,1,22266816,6,14,4259c89e9722f9c5880bbed1162f1d4f4603b21c75580e2f2e01ae7dcd2172c8,22497a5c9c34615eb7343a7cdcacf49405b0a4fe133c981e4230c3ca4a3e2bb4,8,random_order,1,60527674,300000,30.0,True,solved,4.60547549999319,442,424,424,110672,108348,1013,9,27,0.0009639001218602061,4212a498f37d518bf36895deb096a5dd52203de3702f2fc5f33523f8dea6bf92,True
d20-c1-h6-s22266816,20,1,22266816,6,14,4259c89e9722f9c5880bbed1162f1d4f4603b21c75580e2f2e01ae7dcd2172c8,22497a5c9c34615eb7343a7cdcacf49405b0a4fe133c981e4230c3ca4a3e2bb4,8,all_pair_product,2,70527693,300000,30.0,False,time_budget,30.001940999994986,2972,2960,2960,742240,732397,5977,37,143,0.08466490043792874,,False
d20-c1-h6-s22266816,20,1,22266816,6,14,4259c89e9722f9c5880bbed1162f1d4f4603b21c75580e2f2e01ae7dcd2172c8,22497a5c9c34615eb7343a7cdcacf49405b0a4fe133c981e4230c3ca4a3e2bb4,8,balance_only,2,70527693,300000,30.0,False,time_budget,30.002582599991,3121,3106,3106,773192,763321,6110,37,164,0.010214600013568997,,False
d20-c1-h6-s22266816,20,1,22266816,6,14,4259c89e9722f9c5880bbed1162f1d4f4603b21c75580e2f2e01ae7dcd2172c8,22497a5c9c34615eb7343a7cdcacf49405b0a4fe133c981e4230c3ca4a3e2bb4,8,lexicographic,2,70527693,300000,30.0,True,solved,2.3467973000369966,234,216,216,57176,55622,409,6,0,0.0,4212a498f37d518bf36895deb096a5dd52203de3702f2fc5f33523f8dea6bf92,True
d20-c1-h6-s22266816,20,1,22266816,6,14,4259c89e9722f9c5880bbed1162f1d4f4603b21c75580e2f2e01ae7dcd2172c8,22497a5c9c34615eb7343a7cdcacf49405b0a4fe133c981e4230c3ca4a3e2bb4,8,minimum_max_pressure,2,70527693,300000,30.0,False,time_budget,30.006708900094964,3068,3058,3058,762104,752242,6110,37,158,0.004912399686872959,,False
d20-c1-h6-s22266816,20,1,22266816,6,14,4259c89e9722f9c5880bbed1162f1d4f4603b21c75580e2f2e01ae7dcd2172c8,22497a5c9c34615eb7343a7cdcacf49405b0a4fe133c981e4230c3ca4a3e2bb4,8,random_order,2,70527693,300000,30.0,False,time_budget,30.000831199926324,3084,3078,3078,765952,756605,5821,35,153,0.0036561001325026155,,False
d20-c1-h6-s22266819,20,1,22266819,6,14,48ffc4616eaa29d29aacc411edd9ba879b250bacde78d807a606db2a62ada974,8a846155d57200c1e8a8c817b8959973d03d4430d312650d9b883e2e2bc258f2,2,all_pair_product,0,44527640,300000,30.0,True,solved,7.665180100011639,43352,43292,43292,173328,129556,317,40,17574,1.1038565014023334,275a076783d1b1589a329da9c93f338babccf7a62b5ed9c047a3cc30ab0bdb1e,True
d20-c1-h6-s22266819,20,1,22266819,6,14,48ffc4616eaa29d29aacc411edd9ba879b250bacde78d807a606db2a62ada974,8a846155d57200c1e8a8c817b8959973d03d4430d312650d9b883e2e2bc258f2,2,balance_only,0,44527640,300000,30.0,True,solved,8.516206200001761,54853,54793,54793,219320,164024,376,46,22191,0.35175249038729817,275a076783d1b1589a329da9c93f338babccf7a62b5ed9c047a3cc30ab0bdb1e,True
d20-c1-h6-s22266819,20,1,22266819,6,14,48ffc4616eaa29d29aacc411edd9ba879b250bacde78d807a606db2a62ada974,8a846155d57200c1e8a8c817b8959973d03d4430d312650d9b883e2e2bc258f2,2,lexicographic,0,44527640,300000,30.0,True,solved,0.5957055001053959,3991,3931,3931,15952,11870,33,6,0,0.0,275a076783d1b1589a329da9c93f338babccf7a62b5ed9c047a3cc30ab0bdb1e,True
d20-c1-h6-s22266819,20,1,22266819,6,14,48ffc4616eaa29d29aacc411edd9ba879b250bacde78d807a606db2a62ada974,8a846155d57200c1e8a8c817b8959973d03d4430d312650d9b883e2e2bc258f2,2,minimum_max_pressure,0,44527640,300000,30.0,True,solved,6.719984300085343,44321,44261,44261,177208,132514,301,38,17992,0.20587010611779988,275a076783d1b1589a329da9c93f338babccf7a62b5ed9c047a3cc30ab0bdb1e,True
d20-c1-h6-s22266819,20,1,22266819,6,14,48ffc4616eaa29d29aacc411edd9ba879b250bacde78d807a606db2a62ada974,8a846155d57200c1e8a8c817b8959973d03d4430d312650d9b883e2e2bc258f2,2,random_order,0,44527640,300000,30.0,True,solved,6.817743899999186,45755,45695,45695,182944,136834,305,38,18560,0.20207289443351328,275a076783d1b1589a329da9c93f338babccf7a62b5ed9c047a3cc30ab0bdb1e,True
d20-c1-h6-s22266819,20,1,22266819,6,14,48ffc4616eaa29d29aacc411edd9ba879b250bacde78d807a606db2a62ada974,8a846155d57200c1e8a8c817b8959973d03d4430d312650d9b883e2e2bc258f2,2,all_pair_product,1,54527659,300000,30.0,True,solved,7.680580899934284,43352,43292,43292,173328,129556,317,40,17574,1.1062498005339876,275a076783d1b1589a329da9c93f338babccf7a62b5ed9c047a3cc30ab0bdb1e,True
d20-c1-h6-s22266819,20,1,22266819,6,14,48ffc4616eaa29d29aacc411edd9ba879b250bacde78d807a606db2a62ada974,8a846155d57200c1e8a8c817b8959973d03d4430d312650d9b883e2e2bc258f2,2,balance_only,1,54527659,300000,30.0,True,solved,8.349747500033118,54168,54108,54108,216580,161972,368,46,21922,0.35057689307723194,275a076783d1b1589a329da9c93f338babccf7a62b5ed9c047a3cc30ab0bdb1e,True
d20-c1-h6-s22266819,20,1,22266819,6,14,48ffc4616eaa29d29aacc411edd9ba879b250bacde78d807a606db2a62ada974,8a846155d57200c1e8a8c817b8959973d03d4430d312650d9b883e2e2bc258f2,2,lexicographic,1,54527659,300000,30.0,True,solved,0.5850924999685958,3991,3931,3931,15952,11870,33,6,0,0.0,275a076783d1b1589a329da9c93f338babccf7a62b5ed9c047a3cc30ab0bdb1e,True
d20-c1-h6-s22266819,20,1,22266819,6,14,48ffc4616eaa29d29aacc411edd9ba879b250bacde78d807a606db2a62ada974,8a846155d57200c1e8a8c817b8959973d03d4430d312650d9b883e2e2bc258f2,2,minimum_max_pressure,1,54527659,300000,30.0,True,solved,1.9275654000230134,13182,13122,13122,52700,39362,81,14,5399,0.06079970905557275,275a076783d1b1589a329da9c93f338babccf7a62b5ed9c047a3cc30ab0bdb1e,True
d20-c1-h6-s22266819,20,1,22266819,6,14,48ffc4616eaa29d29aacc411edd9ba879b250bacde78d807a606db2a62ada974,8a846155d57200c1e8a8c817b8959973d03d4430d312650d9b883e2e2bc258f2,2,random_order,1,54527659,300000,30.0,True,solved,1.9194318000227213,12984,12924,12924,51908,38778,81,14,5323,0.05726808961480856,275a076783d1b1589a329da9c93f338babccf7a62b5ed9c047a3cc30ab0bdb1e,True
d20-c1-h6-s22266819,20,1,22266819,6,14,48ffc4616eaa29d29aacc411edd9ba879b250bacde78d807a606db2a62ada974,8a846155d57200c1e8a8c817b8959973d03d4430d312650d9b883e2e2bc258f2,2,all_pair_product,2,64527678,300000,30.0,True,solved,7.648239200003445,43352,43292,43292,173328,129556,317,40,17574,1.1056088042678311,275a076783d1b1589a329da9c93f338babccf7a62b5ed9c047a3cc30ab0bdb1e,True
d20-c1-h6-s22266819,20,1,22266819,6,14,48ffc4616eaa29d29aacc411edd9ba879b250bacde78d807a606db2a62ada974,8a846155d57200c1e8a8c817b8959973d03d4430d312650d9b883e2e2bc258f2,2,balance_only,2,64527678,300000,30.0,True,solved,8.723843400017358,54888,54828,54828,219460,164127,376,46,22203,0.35866330354474485,275a076783d1b1589a329da9c93f338babccf7a62b5ed9c047a3cc30ab0bdb1e,True
d20-c1-h6-s22266819,20,1,22266819,6,14,48ffc4616eaa29d29aacc411edd9ba879b250bacde78d807a606db2a62ada974,8a846155d57200c1e8a8c817b8959973d03d4430d312650d9b883e2e2bc258f2,2,lexicographic,2,64527678,300000,30.0,True,solved,0.6271954999538139,3991,3931,3931,15952,11870,33,6,0,0.0,275a076783d1b1589a329da9c93f338babccf7a62b5ed9c047a3cc30ab0bdb1e,True
d20-c1-h6-s22266819,20,1,22266819,6,14,48ffc4616eaa29d29aacc411edd9ba879b250bacde78d807a606db2a62ada974,8a846155d57200c1e8a8c817b8959973d03d4430d312650d9b883e2e2bc258f2,2,minimum_max_pressure,2,64527678,300000,30.0,True,solved,7.726037699962035,48061,48001,48001,192162,143683,340,41,19437,0.23616328835487366,275a076783d1b1589a329da9c93f338babccf7a62b5ed9c047a3cc30ab0bdb1e,True
d20-c1-h6-s22266819,20,1,22266819,6,14,48ffc4616eaa29d29aacc411edd9ba879b250bacde78d807a606db2a62ada974,8a846155d57200c1e8a8c817b8959973d03d4430d312650d9b883e2e2bc258f2,2,random_order,2,64527678,300000,30.0,True,solved,7.3739261999726295,48479,48419,48419,193836,144969,333,40,19637,0.21552670816890895,275a076783d1b1589a329da9c93f338babccf7a62b5ed9c047a3cc30ab0bdb1e,True
d20-c1-h6-s22266819,20,1,22266819,6,14,48ffc4616eaa29d29aacc411edd9ba879b250bacde78d807a606db2a62ada974,8a846155d57200c1e8a8c817b8959973d03d4430d312650d9b883e2e2bc258f2,4,all_pair_product,0,46527646,300000,30.0,True,solved,15.786270400043577,28802,28772,28772,458240,428335,892,44,2961,0.6570672008674592,275a076783d1b1589a329da9c93f338babccf7a62b5ed9c047a3cc30ab0bdb1e,True
d20-c1-h6-s22266819,20,1,22266819,6,14,48ffc4616eaa29d29aacc411edd9ba879b250bacde78d807a606db2a62ada974,8a846155d57200c1e8a8c817b8959973d03d4430d312650d9b883e2e2bc258f2,4,balance_only,0,46527646,300000,30.0,True,solved,23.63816339999903,44225,44195,44195,704224,658602,1256,60,4515,0.14620989840477705,275a076783d1b1589a329da9c93f338babccf7a62b5ed9c047a3cc30ab0bdb1e,True
d20-c1-h6-s22266819,20,1,22266819,6,14,48ffc4616eaa29d29aacc411edd9ba879b250bacde78d807a606db2a62ada974,8a846155d57200c1e8a8c817b8959973d03d4430d312650d9b883e2e2bc258f2,4,lexicographic,0,46527646,300000,30.0,True,solved,1.3552835000446066,2503,2473,2473,39904,37199,81,6,0,0.0,275a076783d1b1589a329da9c93f338babccf7a62b5ed9c047a3cc30ab0bdb1e,True
d20-c1-h6-s22266819,20,1,22266819,6,14,48ffc4616eaa29d29aacc411edd9ba879b250bacde78d807a606db2a62ada974,8a846155d57200c1e8a8c817b8959973d03d4430d312650d9b883e2e2bc258f2,4,minimum_max_pressure,0,46527646,300000,30.0,True,solved,16.199986399966292,30820,30790,30790,490440,458560,897,44,3152,0.05532059771940112,275a076783d1b1589a329da9c93f338babccf7a62b5ed9c047a3cc30ab0bdb1e,True
d20-c1-h6-s22266819,20,1,22266819,6,14,48ffc4616eaa29d29aacc411edd9ba879b250bacde78d807a606db2a62ada974,8a846155d57200c1e8a8c817b8959973d03d4430d312650d9b883e2e2bc258f2,4,random_order,0,46527646,300000,30.0,True,solved,18.99577739997767,36107,36077,36077,574896,537689,997,48,3683,0.056795798940584064,275a076783d1b1589a329da9c93f338babccf7a62b5ed9c047a3cc30ab0bdb1e,True
d20-c1-h6-s22266819,20,1,22266819,6,14,48ffc4616eaa29d29aacc411edd9ba879b250bacde78d807a606db2a62ada974,8a846155d57200c1e8a8c817b8959973d03d4430d312650d9b883e2e2bc258f2,4,all_pair_product,1,56527665,300000,30.0,True,solved,15.897493400028907,29008,28978,28978,461512,431403,892,44,2982,0.6585369993699715,275a076783d1b1589a329da9c93f338babccf7a62b5ed9c047a3cc30ab0bdb1e,True
d20-c1-h6-s22266819,20,1,22266819,6,14,48ffc4616eaa29d29aacc411edd9ba879b250bacde78d807a606db2a62ada974,8a846155d57200c1e8a8c817b8959973d03d4430d312650d9b883e2e2bc258f2,4,balance_only,1,56527665,300000,30.0,True,solved,16.113978800014593,31186,31156,31156,496624,464382,908,44,3187,0.10281649825628847,275a076783d1b1589a329da9c93f338babccf7a62b5ed9c047a3cc30ab0bdb1e,True
d20-c1-h6-s22266819,20,1,22266819,6,14,48ffc4616eaa29d29aacc411edd9ba879b250bacde78d807a606db2a62ada974,8a846155d57200c1e8a8c817b8959973d03d4430d312650d9b883e2e2bc258f2,4,lexicographic,1,56527665,300000,30.0,True,solved,1.4526139000663534,2503,2473,2473,39904,37199,81,6,0,0.0,275a076783d1b1589a329da9c93f338babccf7a62b5ed9c047a3cc30ab0bdb1e,True
d20-c1-h6-s22266819,20,1,22266819,6,14,48ffc4616eaa29d29aacc411edd9ba879b250bacde78d807a606db2a62ada974,8a846155d57200c1e8a8c817b8959973d03d4430d312650d9b883e2e2bc258f2,4,minimum_max_pressure,1,56527665,300000,30.0,True,solved,11.376334800035693,21794,21764,21764,346776,324159,642,33,2237,0.03929679817520082,275a076783d1b1589a329da9c93f338babccf7a62b5ed9c047a3cc30ab0bdb1e,True
d20-c1-h6-s22266819,20,1,22266819,6,14,48ffc4616eaa29d29aacc411edd9ba879b250bacde78d807a606db2a62ada974,8a846155d57200c1e8a8c817b8959973d03d4430d312650d9b883e2e2bc258f2,4,random_order,1,56527665,300000,30.0,True,solved,2.2421815000707284,4022,3992,3992,64104,59832,110,8,426,0.007059699157252908,275a076783d1b1589a329da9c93f338babccf7a62b5ed9c047a3cc30ab0bdb1e,True
d20-c1-h6-s22266819,20,1,22266819,6,14,48ffc4616eaa29d29aacc411edd9ba879b250bacde78d807a606db2a62ada974,8a846155d57200c1e8a8c817b8959973d03d4430d312650d9b883e2e2bc258f2,4,all_pair_product,2,66527684,300000,30.0,True,solved,16.077481199987233,28997,28967,28967,461336,431237,892,44,2981,0.6676483005285263,275a076783d1b1589a329da9c93f338babccf7a62b5ed9c047a3cc30ab0bdb1e,True
d20-c1-h6-s22266819,20,1,22266819,6,14,48ffc4616eaa29d29aacc411edd9ba879b250bacde78d807a606db2a62ada974,8a846155d57200c1e8a8c817b8959973d03d4430d312650d9b883e2e2bc258f2,4,balance_only,2,66527684,300000,30.0,True,solved,17.022326199919917,31629,31599,31599,503680,470974,925,44,3235,0.10727199946995825,275a076783d1b1589a329da9c93f338babccf7a62b5ed9c047a3cc30ab0bdb1e,True
d20-c1-h6-s22266819,20,1,22266819,6,14,48ffc4616eaa29d29aacc411edd9ba879b250bacde78d807a606db2a62ada974,8a846155d57200c1e8a8c817b8959973d03d4430d312650d9b883e2e2bc258f2,4,lexicographic,2,66527684,300000,30.0,True,solved,1.2294281999347731,2503,2473,2473,39904,37199,81,6,0,0.0,275a076783d1b1589a329da9c93f338babccf7a62b5ed9c047a3cc30ab0bdb1e,True
d20-c1-h6-s22266819,20,1,22266819,6,14,48ffc4616eaa29d29aacc411edd9ba879b250bacde78d807a606db2a62ada974,8a846155d57200c1e8a8c817b8959973d03d4430d312650d9b883e2e2bc258f2,4,minimum_max_pressure,2,66527684,300000,30.0,True,solved,16.41458209999837,30201,30171,30171,480672,449424,874,43,3092,0.05593580147251487,275a076783d1b1589a329da9c93f338babccf7a62b5ed9c047a3cc30ab0bdb1e,True
d20-c1-h6-s22266819,20,1,22266819,6,14,48ffc4616eaa29d29aacc411edd9ba879b250bacde78d807a606db2a62ada974,8a846155d57200c1e8a8c817b8959973d03d4430d312650d9b883e2e2bc258f2,4,random_order,2,66527684,300000,30.0,True,solved,8.457723899977282,15805,15775,15775,251792,235405,444,22,1626,0.024925001664087176,275a076783d1b1589a329da9c93f338babccf7a62b5ed9c047a3cc30ab0bdb1e,True
d20-c1-h6-s22266819,20,1,22266819,6,14,48ffc4616eaa29d29aacc411edd9ba879b250bacde78d807a606db2a62ada974,8a846155d57200c1e8a8c817b8959973d03d4430d312650d9b883e2e2bc258f2,8,all_pair_product,0,50527658,300000,30.0,False,time_budget,30.003998399944976,2901,2895,2895,669752,658402,7965,42,239,0.0810171002522111,,False
d20-c1-h6-s22266819,20,1,22266819,6,14,48ffc4616eaa29d29aacc411edd9ba879b250bacde78d807a606db2a62ada974,8a846155d57200c1e8a8c817b8959973d03d4430d312650d9b883e2e2bc258f2,8,balance_only,0,50527658,300000,30.0,True,solved,22.597459099953994,2253,2235,2235,524936,516240,5967,33,180,0.009144399547949433,275a076783d1b1589a329da9c93f338babccf7a62b5ed9c047a3cc30ab0bdb1e,True
d20-c1-h6-s22266819,20,1,22266819,6,14,48ffc4616eaa29d29aacc411edd9ba879b250bacde78d807a606db2a62ada974,8a846155d57200c1e8a8c817b8959973d03d4430d312650d9b883e2e2bc258f2,8,lexicographic,0,50527658,300000,30.0,True,solved,2.4239264000207186,248,230,230,59024,57460,565,6,0,0.0,275a076783d1b1589a329da9c93f338babccf7a62b5ed9c047a3cc30ab0bdb1e,True
d20-c1-h6-s22266819,20,1,22266819,6,14,48ffc4616eaa29d29aacc411edd9ba879b250bacde78d807a606db2a62ada974,8a846155d57200c1e8a8c817b8959973d03d4430d312650d9b883e2e2bc258f2,8,minimum_max_pressure,0,50527658,300000,30.0,True,solved,13.086360899964347,1313,1295,1295,303144,296841,4156,24,116,0.003174200654029846,275a076783d1b1589a329da9c93f338babccf7a62b5ed9c047a3cc30ab0bdb1e,True
d20-c1-h6-s22266819,20,1,22266819,6,14,48ffc4616eaa29d29aacc411edd9ba879b250bacde78d807a606db2a62ada974,8a846155d57200c1e8a8c817b8959973d03d4430d312650d9b883e2e2bc258f2,8,random_order,0,50527658,300000,30.0,True,solved,14.271436899900436,1438,1420,1420,336632,330335,4156,24,117,0.002544099697843194,275a076783d1b1589a329da9c93f338babccf7a62b5ed9c047a3cc30ab0bdb1e,True
d20-c1-h6-s22266819,20,1,22266819,6,14,48ffc4616eaa29d29aacc411edd9ba879b250bacde78d807a606db2a62ada974,8a846155d57200c1e8a8c817b8959973d03d4430d312650d9b883e2e2bc258f2,8,all_pair_product,1,60527677,300000,30.0,True,solved,28.890906400047243,3197,3179,3179,734112,720399,9575,52,278,0.08712360134813935,275a076783d1b1589a329da9c93f338babccf7a62b5ed9c047a3cc30ab0bdb1e,True
d20-c1-h6-s22266819,20,1,22266819,6,14,48ffc4616eaa29d29aacc411edd9ba879b250bacde78d807a606db2a62ada974,8a846155d57200c1e8a8c817b8959973d03d4430d312650d9b883e2e2bc258f2,8,balance_only,1,60527677,300000,30.0,True,solved,23.772456599981524,2309,2291,2291,537784,529082,5967,33,185,0.009711698279716074,275a076783d1b1589a329da9c93f338babccf7a62b5ed9c047a3cc30ab0bdb1e,True
d20-c1-h6-s22266819,20,1,22266819,6,14,48ffc4616eaa29d29aacc411edd9ba879b250bacde78d807a606db2a62ada974,8a846155d57200c1e8a8c817b8959973d03d4430d312650d9b883e2e2bc258f2,8,lexicographic,1,60527677,300000,30.0,True,solved,2.388469299999997,248,230,230,59024,57460,565,6,0,0.0,275a076783d1b1589a329da9c93f338babccf7a62b5ed9c047a3cc30ab0bdb1e,True
d20-c1-h6-s22266819,20,1,22266819,6,14,48ffc4616eaa29d29aacc411edd9ba879b250bacde78d807a606db2a62ada974,8a846155d57200c1e8a8c817b8959973d03d4430d312650d9b883e2e2bc258f2,8,minimum_max_pressure,1,60527677,300000,30.0,True,solved,18.514563100063242,1702,1684,1684,391568,384189,4954,28,150,0.004462498938664794,275a076783d1b1589a329da9c93f338babccf7a62b5ed9c047a3cc30ab0bdb1e,True
d20-c1-h6-s22266819,20,1,22266819,6,14,48ffc4616eaa29d29aacc411edd9ba879b250bacde78d807a606db2a62ada974,8a846155d57200c1e8a8c817b8959973d03d4430d312650d9b883e2e2bc258f2,8,random_order,1,60527677,300000,30.0,True,solved,21.07599190005567,1984,1966,1966,462768,455385,4954,28,161,0.0037425996270030737,275a076783d1b1589a329da9c93f338babccf7a62b5ed9c047a3cc30ab0bdb1e,True
d20-c1-h6-s22266819,20,1,22266819,6,14,48ffc4616eaa29d29aacc411edd9ba879b250bacde78d807a606db2a62ada974,8a846155d57200c1e8a8c817b8959973d03d4430d312650d9b883e2e2bc258f2,8,all_pair_product,2,70527696,300000,30.0,True,solved,24.25148239999544,3197,3179,3179,734112,720399,9575,52,278,0.07340870006009936,275a076783d1b1589a329da9c93f338babccf7a62b5ed9c047a3cc30ab0bdb1e,True
d20-c1-h6-s22266819,20,1,22266819,6,14,48ffc4616eaa29d29aacc411edd9ba879b250bacde78d807a606db2a62ada974,8a846155d57200c1e8a8c817b8959973d03d4430d312650d9b883e2e2bc258f2,8,balance_only,2,70527696,300000,30.0,True,solved,22.387527699931525,2351,2333,2333,545312,536340,6185,34,190,0.009463500347919762,275a076783d1b1589a329da9c93f338babccf7a62b5ed9c047a3cc30ab0bdb1e,True
d20-c1-h6-s22266819,20,1,22266819,6,14,48ffc4616eaa29d29aacc411edd9ba879b250bacde78d807a606db2a62ada974,8a846155d57200c1e8a8c817b8959973d03d4430d312650d9b883e2e2bc258f2,8,lexicographic,2,70527696,300000,30.0,True,solved,2.7775902999565005,248,230,230,59024,57460,565,6,0,0.0,275a076783d1b1589a329da9c93f338babccf7a62b5ed9c047a3cc30ab0bdb1e,True
d20-c1-h6-s22266819,20,1,22266819,6,14,48ffc4616eaa29d29aacc411edd9ba879b250bacde78d807a606db2a62ada974,8a846155d57200c1e8a8c817b8959973d03d4430d312650d9b883e2e2bc258f2,8,minimum_max_pressure,2,70527696,300000,30.0,True,solved,16.851372199947946,2280,2262,2262,526640,517155,6490,36,188,0.004176301066763699,275a076783d1b1589a329da9c93f338babccf7a62b5ed9c047a3cc30ab0bdb1e,True
d20-c1-h6-s22266819,20,1,22266819,6,14,48ffc4616eaa29d29aacc411edd9ba879b250bacde78d807a606db2a62ada974,8a846155d57200c1e8a8c817b8959973d03d4430d312650d9b883e2e2bc258f2,8,random_order,2,70527696,300000,30.0,True,solved,24.841109100030735,2553,2535,2535,593304,583806,6490,36,202,0.00434809981379658,275a076783d1b1589a329da9c93f338babccf7a62b5ed9c047a3cc30ab0bdb1e,True
d20-c2-h6-s22266817,20,2,22266817,6,14,6814c23a600100fb6fd9aa710bf644ea3d259590adbbf9cbfd28ac69812f335f,e5b138a8f62d12afe5e27d42783d08e4417d4f5066eaaddcf45e9478293450a4,2,all_pair_product,0,44527638,300000,30.0,True,solved,7.736673300038092,41526,41466,41466,166032,124132,272,36,16459,1.1086275876732543,e940d7e8ee5986da2f34496d2a23c69beadaeed20f4a518ef96fc1e469ca0a4b,True
d20-c2-h6-s22266817,20,2,22266817,6,14,6814c23a600100fb6fd9aa710bf644ea3d259590adbbf9cbfd28ac69812f335f,e5b138a8f62d12afe5e27d42783d08e4417d4f5066eaaddcf45e9478293450a4,2,balance_only,0,44527638,300000,30.0,True,solved,4.260029700002633,26856,26796,26796,107376,80273,185,24,10578,0.17391450295690447,e940d7e8ee5986da2f34496d2a23c69beadaeed20f4a518ef96fc1e469ca0a4b,True
d20-c2-h6-s22266817,20,2,22266817,6,14,6814c23a600100fb6fd9aa710bf644ea3d259590adbbf9cbfd28ac69812f335f,e5b138a8f62d12afe5e27d42783d08e4417d4f5066eaaddcf45e9478293450a4,2,lexicographic,0,44527638,300000,30.0,True,solved,0.5349464999744669,3938,3878,3878,15740,11704,40,6,0,0.0,e940d7e8ee5986da2f34496d2a23c69beadaeed20f4a518ef96fc1e469ca0a4b,True
d20-c2-h6-s22266817,20,2,22266817,6,14,6814c23a600100fb6fd9aa710bf644ea3d259590adbbf9cbfd28ac69812f335f,e5b138a8f62d12afe5e27d42783d08e4417d4f5066eaaddcf45e9478293450a4,2,minimum_max_pressure,0,44527638,300000,30.0,True,solved,7.306595200090669,47159,47099,47099,188560,141030,294,38,18668,0.221895512775518,e940d7e8ee5986da2f34496d2a23c69beadaeed20f4a518ef96fc1e469ca0a4b,True
d20-c2-h6-s22266817,20,2,22266817,6,14,6814c23a600100fb6fd9aa710bf644ea3d259590adbbf9cbfd28ac69812f335f,e5b138a8f62d12afe5e27d42783d08e4417d4f5066eaaddcf45e9478293450a4,2,random_order,0,44527638,300000,30.0,True,solved,7.046631900011562,46986,46926,46926,187868,140519,301,38,18616,0.20528700819704682,e940d7e8ee5986da2f34496d2a23c69beadaeed20f4a518ef96fc1e469ca0a4b,True
d20-c2-h6-s22266817,20,2,22266817,6,14,6814c23a600100fb6fd9aa710bf644ea3d259590adbbf9cbfd28ac69812f335f,e5b138a8f62d12afe5e27d42783d08e4417d4f5066eaaddcf45e9478293450a4,2,all_pair_product,1,54527657,300000,30.0,True,solved,6.923023700015619,40193,40133,40133,160702,120143,264,35,15942,0.9996892069466412,e940d7e8ee5986da2f34496d2a23c69beadaeed20f4a518ef96fc1e469ca0a4b,True
d20-c2-h6-s22266817,20,2,22266817,6,14,6814c23a600100fb6fd9aa710bf644ea3d259590adbbf9cbfd28ac69812f335f,e5b138a8f62d12afe5e27d42783d08e4417d4f5066eaaddcf45e9478293450a4,2,balance_only,1,54527657,300000,30.0,True,solved,0.7725110000465065,4971,4911,4911,19868,14796,41,8,1964,0.0309397978708148,e940d7e8ee5986da2f34496d2a23c69beadaeed20f4a518ef96fc1e469ca0a4b,True
d20-c2-h6-s22266817,20,2,22266817,6,14,6814c23a600100fb6fd9aa710bf644ea3d259590adbbf9cbfd28ac69812f335f,e5b138a8f62d12afe5e27d42783d08e4417d4f5066eaaddcf45e9478293450a4,2,lexicographic,1,54527657,300000,30.0,True,solved,0.523781199939549,3938,3878,3878,15740,11704,40,6,0,0.0,e940d7e8ee5986da2f34496d2a23c69beadaeed20f4a518ef96fc1e469ca0a4b,True
d20-c2-h6-s22266817,20,2,22266817,6,14,6814c23a600100fb6fd9aa710bf644ea3d259590adbbf9cbfd28ac69812f335f,e5b138a8f62d12afe5e27d42783d08e4417d4f5066eaaddcf45e9478293450a4,2,minimum_max_pressure,1,54527657,300000,30.0,True,solved,2.0676714999135584,13682,13622,13622,54704,40882,66,12,5331,0.06118070345837623,e940d7e8ee5986da2f34496d2a23c69beadaeed20f4a518ef96fc1e469ca0a4b,True
d20-c2-h6-s22266817,20,2,22266817,6,14,6814c23a600100fb6fd9aa710bf644ea3d259590adbbf9cbfd28ac69812f335f,e5b138a8f62d12afe5e27d42783d08e4417d4f5066eaaddcf45e9478293450a4,2,random_order,1,54527657,300000,30.0,True,solved,2.069952999940142,13404,13344,13344,53592,40059,66,12,5223,0.05824068875517696,e940d7e8ee5986da2f34496d2a23c69beadaeed20f4a518ef96fc1e469ca0a4b,True
d20-c2-h6-s22266817,20,2,22266817,6,14,6814c23a600100fb6fd9aa710bf644ea3d259590adbbf9cbfd28ac69812f335f,e5b138a8f62d12afe5e27d42783d08e4417d4f5066eaaddcf45e9478293450a4,2,all_pair_product,2,64527676,300000,30.0,True,solved,7.042714499984868,40193,40133,40133,160702,120143,264,35,15942,1.0153069059597328,e940d7e8ee5986da2f34496d2a23c69beadaeed20f4a518ef96fc1e469ca0a4b,True
d20-c2-h6-s22266817,20,2,22266817,6,14,6814c23a600100fb6fd9aa710bf644ea3d259590adbbf9cbfd28ac69812f335f,e5b138a8f62d12afe5e27d42783d08e4417d4f5066eaaddcf45e9478293450a4,2,balance_only,2,64527676,300000,30.0,True,solved,1.2897204000037163,8829,8769,8769,35296,26342,67,10,3601,0.05428789765574038,e940d7e8ee5986da2f34496d2a23c69beadaeed20f4a518ef96fc1e469ca0a4b,True
d20-c2-h6-s22266817,20,2,22266817,6,14,6814c23a600100fb6fd9aa710bf644ea3d259590adbbf9cbfd28ac69812f335f,e5b138a8f62d12afe5e27d42783d08e4417d4f5066eaaddcf45e9478293450a4,2,lexicographic,2,64527676,300000,30.0,True,solved,0.5368710999609903,3938,3878,3878,15740,11704,40,6,0,0.0,e940d7e8ee5986da2f34496d2a23c69beadaeed20f4a518ef96fc1e469ca0a4b,True
d20-c2-h6-s22266817,20,2,22266817,6,14,6814c23a600100fb6fd9aa710bf644ea3d259590adbbf9cbfd28ac69812f335f,e5b138a8f62d12afe5e27d42783d08e4417d4f5066eaaddcf45e9478293450a4,2,minimum_max_pressure,2,64527676,300000,30.0,True,solved,6.17070620006416,38929,38869,38869,155656,116426,237,30,15391,0.18571890972089022,e940d7e8ee5986da2f34496d2a23c69beadaeed20f4a518ef96fc1e469ca0a4b,True
d20-c2-h6-s22266817,20,2,22266817,6,14,6814c23a600100fb6fd9aa710bf644ea3d259590adbbf9cbfd28ac69812f335f,e5b138a8f62d12afe5e27d42783d08e4417d4f5066eaaddcf45e9478293450a4,2,random_order,2,64527676,300000,30.0,True,solved,5.671952300006524,38833,38773,38773,155272,116148,242,30,15367,0.1612572007579729,e940d7e8ee5986da2f34496d2a23c69beadaeed20f4a518ef96fc1e469ca0a4b,True
d20-c2-h6-s22266817,20,2,22266817,6,14,6814c23a600100fb6fd9aa710bf644ea3d259590adbbf9cbfd28ac69812f335f,e5b138a8f62d12afe5e27d42783d08e4417d4f5066eaaddcf45e9478293450a4,4,all_pair_product,0,46527644,300000,30.0,True,solved,14.58814590005204,26222,26192,26192,418800,391774,594,37,2639,0.601127298315987,e940d7e8ee5986da2f34496d2a23c69beadaeed20f4a518ef96fc1e469ca0a4b,True
d20-c2-h6-s22266817,20,2,22266817,6,14,6814c23a600100fb6fd9aa710bf644ea3d259590adbbf9cbfd28ac69812f335f,e5b138a8f62d12afe5e27d42783d08e4417d4f5066eaaddcf45e9478293450a4,4,balance_only,0,46527644,300000,30.0,True,solved,4.443626399966888,8053,8023,8023,128688,120331,172,12,824,0.026767199160531163,e940d7e8ee5986da2f34496d2a23c69beadaeed20f4a518ef96fc1e469ca0a4b,True
d20-c2-h6-s22266817,20,2,22266817,6,14,6814c23a600100fb6fd9aa710bf644ea3d259590adbbf9cbfd28ac69812f335f,e5b138a8f62d12afe5e27d42783d08e4417d4f5066eaaddcf45e9478293450a4,4,lexicographic,0,46527644,300000,30.0,True,solved,1.2248275000602007,2446,2416,2416,39056,36389,80,6,0,0.0,e940d7e8ee5986da2f34496d2a23c69beadaeed20f4a518ef96fc1e469ca0a4b,True
d20-c2-h6-s22266817,20,2,22266817,6,14,6814c23a600100fb6fd9aa710bf644ea3d259590adbbf9cbfd28ac69812f335f,e5b138a8f62d12afe5e27d42783d08e4417d4f5066eaaddcf45e9478293450a4,4,minimum_max_pressure,0,46527644,300000,30.0,True,solved,15.614109499962069,28861,28831,28831,460992,431370,597,37,2885,0.0519422956276685,e940d7e8ee5986da2f34496d2a23c69beadaeed20f4a518ef96fc1e469ca0a4b,True
d20-c2-h6-s22266817,20,2,22266817,6,14,6814c23a600100fb6fd9aa710bf644ea3d259590adbbf9cbfd28ac69812f335f,e5b138a8f62d12afe5e27d42783d08e4417d4f5066eaaddcf45e9478293450a4,4,random_order,0,46527644,300000,30.0,True,solved,15.614924699999392,29872,29842,29842,477152,446559,618,37,2982,0.04547679901588708,e940d7e8ee5986da2f34496d2a23c69beadaeed20f4a518ef96fc1e469ca0a4b,True
d20-c2-h6-s22266817,20,2,22266817,6,14,6814c23a600100fb6fd9aa710bf644ea3d259590adbbf9cbfd28ac69812f335f,e5b138a8f62d12afe5e27d42783d08e4417d4f5066eaaddcf45e9478293450a4,4,all_pair_product,1,56527663,300000,30.0,True,solved,13.614016399951652,24738,24708,24708,395072,369562,561,35,2487,0.5616109011461958,e940d7e8ee5986da2f34496d2a23c69beadaeed20f4a518ef96fc1e469ca0a4b,True
d20-c2-h6-s22266817,20,2,22266817,6,14,6814c23a600100fb6fd9aa710bf644ea3d259590adbbf9cbfd28ac69812f335f,e5b138a8f62d12afe5e27d42783d08e4417d4f5066eaaddcf45e9478293450a4,4,balance_only,1,56527663,300000,30.0,True,solved,2.657576300087385,4780,4750,4750,76320,71308,106,8,492,0.016201797989197075,e940d7e8ee5986da2f34496d2a23c69beadaeed20f4a518ef96fc1e469ca0a4b,True
d20-c2-h6-s22266817,20,2,22266817,6,14,6814c23a600100fb6fd9aa710bf644ea3d259590adbbf9cbfd28ac69812f335f,e5b138a8f62d12afe5e27d42783d08e4417d4f5066eaaddcf45e9478293450a4,4,lexicographic,1,56527663,300000,30.0,True,solved,1.2833212999394163,2446,2416,2416,39056,36389,80,6,0,0.0,e940d7e8ee5986da2f34496d2a23c69beadaeed20f4a518ef96fc1e469ca0a4b,True
d20-c2-h6-s22266817,20,2,22266817,6,14,6814c23a600100fb6fd9aa710bf644ea3d259590adbbf9cbfd28ac69812f335f,e5b138a8f62d12afe5e27d42783d08e4417d4f5066eaaddcf45e9478293450a4,4,minimum_max_pressure,1,56527663,300000,30.0,True,solved,9.138095500064082,16704,16674,16674,266864,249649,351,23,1672,0.02991039608605206,e940d7e8ee5986da2f34496d2a23c69beadaeed20f4a518ef96fc1e469ca0a4b,True
d20-c2-h6-s22266817,20,2,22266817,6,14,6814c23a600100fb6fd9aa710bf644ea3d259590adbbf9cbfd28ac69812f335f,e5b138a8f62d12afe5e27d42783d08e4417d4f5066eaaddcf45e9478293450a4,4,random_order,1,56527663,300000,30.0,True,solved,9.547444400028326,17915,17885,17885,286144,267765,361,23,1782,0.027830998064018786,e940d7e8ee5986da2f34496d2a23c69beadaeed20f4a518ef96fc1e469ca0a4b,True
d20-c2-h6-s22266817,20,2,22266817,6,14,6814c23a600100fb6fd9aa710bf644ea3d259590adbbf9cbfd28ac69812f335f,e5b138a8f62d12afe5e27d42783d08e4417d4f5066eaaddcf45e9478293450a4,4,all_pair_product,2,66527682,300000,30.0,True,solved,13.591844499926083,24726,24696,24696,394880,369382,561,35,2487,0.5669929990544915,e940d7e8ee5986da2f34496d2a23c69beadaeed20f4a518ef96fc1e469ca0a4b,True
d20-c2-h6-s22266817,20,2,22266817,6,14,6814c23a600100fb6fd9aa710bf644ea3d259590adbbf9cbfd28ac69812f335f,e5b138a8f62d12afe5e27d42783d08e4417d4f5066eaaddcf45e9478293450a4,4,balance_only,2,66527682,300000,30.0,True,solved,10.694774099974893,19853,19823,19823,317200,296792,419,26,1990,0.06494560232385993,e940d7e8ee5986da2f34496d2a23c69beadaeed20f4a518ef96fc1e469ca0a4b,True
d20-c2-h6-s22266817,20,2,22266817,6,14,6814c23a600100fb6fd9aa710bf644ea3d259590adbbf9cbfd28ac69812f335f,e5b138a8f62d12afe5e27d42783d08e4417d4f5066eaaddcf45e9478293450a4,4,lexicographic,2,66527682,300000,30.0,True,solved,1.2633029000135139,2446,2416,2416,39056,36389,80,6,0,0.0,e940d7e8ee5986da2f34496d2a23c69beadaeed20f4a518ef96fc1e469ca0a4b,True
d20-c2-h6-s22266817,20,2,22266817,6,14,6814c23a600100fb6fd9aa710bf644ea3d259590adbbf9cbfd28ac69812f335f,e5b138a8f62d12afe5e27d42783d08e4417d4f5066eaaddcf45e9478293450a4,4,minimum_max_pressure,2,66527682,300000,30.0,True,solved,21.637399400002323,40602,40572,40572,648560,606950,844,51,4050,0.07248959736898541,e940d7e8ee5986da2f34496d2a23c69beadaeed20f4a518ef96fc1e469ca0a4b,True
d20-c2-h6-s22266817,20,2,22266817,6,14,6814c23a600100fb6fd9aa710bf644ea3d259590adbbf9cbfd28ac69812f335f,e5b138a8f62d12afe5e27d42783d08e4417d4f5066eaaddcf45e9478293450a4,4,random_order,2,66527682,300000,30.0,True,solved,24.482215899974108,46244,46214,46214,738736,691430,953,56,4608,0.07158329628873616,e940d7e8ee5986da2f34496d2a23c69beadaeed20f4a518ef96fc1e469ca0a4b,True
d20-c2-h6-s22266817,20,2,22266817,6,14,6814c23a600100fb6fd9aa710bf644ea3d259590adbbf9cbfd28ac69812f335f,e5b138a8f62d12afe5e27d42783d08e4417d4f5066eaaddcf45e9478293450a4,8,all_pair_product,0,50527656,300000,30.0,True,solved,27.51380740001332,2659,2641,2641,654912,644269,7097,41,150,0.07779019977897406,e940d7e8ee5986da2f34496d2a23c69beadaeed20f4a518ef96fc1e469ca0a4b,True
d20-c2-h6-s22266817,20,2,22266817,6,14,6814c23a600100fb6fd9aa710bf644ea3d259590adbbf9cbfd28ac69812f335f,e5b138a8f62d12afe5e27d42783d08e4417d4f5066eaaddcf45e9478293450a4,8,balance_only,0,50527656,300000,30.0,False,time_budget,30.007238500053063,2972,2963,2963,734552,724423,6845,38,145,0.009381600422784686,,False
d20-c2-h6-s22266817,20,2,22266817,6,14,6814c23a600100fb6fd9aa710bf644ea3d259590adbbf9cbfd28ac69812f335f,e5b138a8f62d12afe5e27d42783d08e4417d4f5066eaaddcf45e9478293450a4,8,lexicographic,0,50527656,300000,30.0,True,solved,2.3712452999316156,233,215,215,57168,55616,615,6,0,0.0,e940d7e8ee5986da2f34496d2a23c69beadaeed20f4a518ef96fc1e469ca0a4b,True
d20-c2-h6-s22266817,20,2,22266817,6,14,6814c23a600100fb6fd9aa710bf644ea3d259590adbbf9cbfd28ac69812f335f,e5b138a8f62d12afe5e27d42783d08e4417d4f5066eaaddcf45e9478293450a4,8,minimum_max_pressure,0,50527656,300000,30.0,False,time_budget,30.002929700072855,3021,3015,3015,742384,731979,6971,39,157,0.004832599312067032,,False
d20-c2-h6-s22266817,20,2,22266817,6,14,6814c23a600100fb6fd9aa710bf644ea3d259590adbbf9cbfd28ac69812f335f,e5b138a8f62d12afe5e27d42783d08e4417d4f5066eaaddcf45e9478293450a4,8,random_order,0,50527656,300000,30.0,False,time_budget,30.008063499932177,3041,3029,3029,749240,739099,6760,38,151,0.003663999610580504,,False
d20-c2-h6-s22266817,20,2,22266817,6,14,6814c23a600100fb6fd9aa710bf644ea3d259590adbbf9cbfd28ac69812f335f,e5b138a8f62d12afe5e27d42783d08e4417d4f5066eaaddcf45e9478293450a4,8,all_pair_product,1,60527675,300000,30.0,True,solved,28.172623399994336,2659,2641,2641,654912,644269,7097,41,150,0.08035579952411354,e940d7e8ee5986da2f34496d2a23c69beadaeed20f4a518ef96fc1e469ca0a4b,True
d20-c2-h6-s22266817,20,2,22266817,6,14,6814c23a600100fb6fd9aa710bf644ea3d259590adbbf9cbfd28ac69812f335f,e5b138a8f62d12afe5e27d42783d08e4417d4f5066eaaddcf45e9478293450a4,8,balance_only,1,60527675,300000,30.0,True,solved,21.033074200036936,2007,1989,1989,495440,488169,4705,28,104,0.006808200618252158,e940d7e8ee5986da2f34496d2a23c69beadaeed20f4a518ef96fc1e469ca0a4b,True
d20-c2-h6-s22266817,20,2,22266817,6,14,6814c23a600100fb6fd9aa710bf644ea3d259590adbbf9cbfd28ac69812f335f,e5b138a8f62d12afe5e27d42783d08e4417d4f5066eaaddcf45e9478293450a4,8,lexicographic,1,60527675,300000,30.0,True,solved,2.2235780000919476,233,215,215,57168,55616,615,6,0,0.0,e940d7e8ee5986da2f34496d2a23c69beadaeed20f4a518ef96fc1e469ca0a4b,True
d20-c2-h6-s22266817,20,2,22266817,6,14,6814c23a600100fb6fd9aa710bf644ea3d259590adbbf9cbfd28ac69812f335f,e5b138a8f62d12afe5e27d42783d08e4417d4f5066eaaddcf45e9478293450a4,8,minimum_max_pressure,1,60527675,300000,30.0,True,solved,13.71225310000591,1363,1345,1345,334544,328831,3608,22,83,0.0025375998811796308,e940d7e8ee5986da2f34496d2a23c69beadaeed20f4a518ef96fc1e469ca0a4b,True
d20-c2-h6-s22266817,20,2,22266817,6,14,6814c23a600100fb6fd9aa710bf644ea3d259590adbbf9cbfd28ac69812f335f,e5b138a8f62d12afe5e27d42783d08e4417d4f5066eaaddcf45e9478293450a4,8,random_order,1,60527675,300000,30.0,True,solved,9.259639000054449,893,875,875,222656,219033,2154,14,48,0.0012747999280691147,e940d7e8ee5986da2f34496d2a23c69beadaeed20f4a518ef96fc1e469ca0a4b,True
d20-c2-h6-s22266817,20,2,22266817,6,14,6814c23a600100fb6fd9aa710bf644ea3d259590adbbf9cbfd28ac69812f335f,e5b138a8f62d12afe5e27d42783d08e4417d4f5066eaaddcf45e9478293450a4,8,all_pair_product,2,70527694,300000,30.0,True,solved,28.766110899974592,2659,2641,2641,654912,644269,7097,41,150,0.08471369929611683,e940d7e8ee5986da2f34496d2a23c69beadaeed20f4a518ef96fc1e469ca0a4b,True
d20-c2-h6-s22266817,20,2,22266817,6,14,6814c23a600100fb6fd9aa710bf644ea3d259590adbbf9cbfd28ac69812f335f,e5b138a8f62d12afe5e27d42783d08e4417d4f5066eaaddcf45e9478293450a4,8,balance_only,2,70527694,300000,30.0,True,solved,23.373257600003853,2145,2127,2127,529776,521987,5127,30,109,0.0076441996498033404,e940d7e8ee5986da2f34496d2a23c69beadaeed20f4a518ef96fc1e469ca0a4b,True
d20-c2-h6-s22266817,20,2,22266817,6,14,6814c23a600100fb6fd9aa710bf644ea3d259590adbbf9cbfd28ac69812f335f,e5b138a8f62d12afe5e27d42783d08e4417d4f5066eaaddcf45e9478293450a4,8,lexicographic,2,70527694,300000,30.0,True,solved,2.2855091000674292,233,215,215,57168,55616,615,6,0,0.0,e940d7e8ee5986da2f34496d2a23c69beadaeed20f4a518ef96fc1e469ca0a4b,True
d20-c2-h6-s22266817,20,2,22266817,6,14,6814c23a600100fb6fd9aa710bf644ea3d259590adbbf9cbfd28ac69812f335f,e5b138a8f62d12afe5e27d42783d08e4417d4f5066eaaddcf45e9478293450a4,8,minimum_max_pressure,2,70527694,300000,30.0,True,solved,24.55246909998823,2257,2239,2239,555720,547149,5653,33,124,0.004128499771468341,e940d7e8ee5986da2f34496d2a23c69beadaeed20f4a518ef96fc1e469ca0a4b,True
d20-c2-h6-s22266817,20,2,22266817,6,14,6814c23a600100fb6fd9aa710bf644ea3d259590adbbf9cbfd28ac69812f335f,e5b138a8f62d12afe5e27d42783d08e4417d4f5066eaaddcf45e9478293450a4,8,random_order,2,70527694,300000,30.0,True,solved,27.36238459998276,2522,2504,2504,625792,617230,5653,33,121,0.003066600300371647,e940d7e8ee5986da2f34496d2a23c69beadaeed20f4a518ef96fc1e469ca0a4b,True
