instance_id,order,class_index,presentation_seed,hidden_rows,seed_rows,seed_digest,target_digest,block_size,policy,tie_repetition,tie_seed,max_nodes,max_seconds,solved,termination,elapsed_seconds,nodes,backtracks,dead_ends,candidate_evaluations,exact_prunes,symmetry_prunes,completed_rows,scoring_calls,scoring_seconds,solution_digest,verification_passed
d16-c0-h4-s21864815,16,0,21864815,4,12,48ccfef7f142571e4f0b4c6aa4e6c66d012bb3d0cf526a854a8440724a2838e1,b7faa5b885b41898600fc0346af01157dfe9859be4cad07caa2f46dabc3eb156,2,all_pair_lexicographic,0,44125636,300000,30.0,True,solved,0.10178399994038045,890,858,858,3540,2536,69,10,406,0.019383400329388678,6dd7de846866f0a246b0ba90bd2e95862634d24526a7120336db49983a66132e,True
d16-c0-h4-s21864815,16,0,21864815,4,12,48ccfef7f142571e4f0b4c6aa4e6c66d012bb3d0cf526a854a8440724a2838e1,b7faa5b885b41898600fc0346af01157dfe9859be4cad07caa2f46dabc3eb156,2,lexicographic,0,44125636,300000,30.0,True,solved,0.07371360005345196,545,513,513,2172,1582,21,4,0,0.0,6dd7de846866f0a246b0ba90bd2e95862634d24526a7120336db49983a66132e,True
d16-c0-h4-s21864815,16,0,21864815,4,12,48ccfef7f142571e4f0b4c6aa4e6c66d012bb3d0cf526a854a8440724a2838e1,b7faa5b885b41898600fc0346af01157dfe9859be4cad07caa2f46dabc3eb156,2,all_pair_lexicographic,1,54125655,300000,30.0,True,solved,0.12937070010229945,890,858,858,3540,2536,69,10,406,0.02301960065960884,6dd7de846866f0a246b0ba90bd2e95862634d24526a7120336db49983a66132e,True
d16-c0-h4-s21864815,16,0,21864815,4,12,48ccfef7f142571e4f0b4c6aa4e6c66d012bb3d0cf526a854a8440724a2838e1,b7faa5b885b41898600fc0346af01157dfe9859be4cad07caa2f46dabc3eb156,2,lexicographic,1,54125655,300000,30.0,True,solved,0.05443289992399514,545,513,513,2172,1582,21,4,0,0.0,6dd7de846866f0a246b0ba90bd2e95862634d24526a7120336db49983a66132e,True
d16-c0-h4-s21864815,16,0,21864815,4,12,48ccfef7f142571e4f0b4c6aa4e6c66d012bb3d0cf526a854a8440724a2838e1,b7faa5b885b41898600fc0346af01157dfe9859be4cad07caa2f46dabc3eb156,2,all_pair_lexicographic,2,64125674,300000,30.0,True,solved,0.10480700002517551,890,858,858,3540,2536,69,10,406,0.01887389807961881,6dd7de846866f0a246b0ba90bd2e95862634d24526a7120336db49983a66132e,True
d16-c0-h4-s21864815,16,0,21864815,4,12,48ccfef7f142571e4f0b4c6aa4e6c66d012bb3d0cf526a854a8440724a2838e1,b7faa5b885b41898600fc0346af01157dfe9859be4cad07caa2f46dabc3eb156,2,lexicographic,2,64125674,300000,30.0,True,solved,0.05223270005080849,545,513,513,2172,1582,21,4,0,0.0,6dd7de846866f0a246b0ba90bd2e95862634d24526a7120336db49983a66132e,True
d16-c0-h4-s21864815,16,0,21864815,4,12,48ccfef7f142571e4f0b4c6aa4e6c66d012bb3d0cf526a854a8440724a2838e1,b7faa5b885b41898600fc0346af01157dfe9859be4cad07caa2f46dabc3eb156,4,all_pair_lexicographic,0,46125642,300000,30.0,True,solved,0.10505180002655834,304,288,288,4600,4065,145,9,62,0.006679000565782189,6dd7de846866f0a246b0ba90bd2e95862634d24526a7120336db49983a66132e,True
d16-c0-h4-s21864815,16,0,21864815,4,12,48ccfef7f142571e4f0b4c6aa4e6c66d012bb3d0cf526a854a8440724a2838e1,b7faa5b885b41898600fc0346af01157dfe9859be4cad07caa2f46dabc3eb156,4,lexicographic,0,46125642,300000,30.0,True,solved,0.11421939998399466,256,240,240,4016,3668,55,4,0,0.0,6dd7de846866f0a246b0ba90bd2e95862634d24526a7120336db49983a66132e,True
d16-c0-h4-s21864815,16,0,21864815,4,12,48ccfef7f142571e4f0b4c6aa4e6c66d012bb3d0cf526a854a8440724a2838e1,b7faa5b885b41898600fc0346af01157dfe9859be4cad07caa2f46dabc3eb156,4,all_pair_lexicographic,1,56125661,300000,30.0,True,solved,0.10280710004735738,304,288,288,4600,4065,145,9,62,0.005978000117465854,6dd7de846866f0a246b0ba90bd2e95862634d24526a7120336db49983a66132e,True
d16-c0-h4-s21864815,16,0,21864815,4,12,48ccfef7f142571e4f0b4c6aa4e6c66d012bb3d0cf526a854a8440724a2838e1,b7faa5b885b41898600fc0346af01157dfe9859be4cad07caa2f46dabc3eb156,4,lexicographic,1,56125661,300000,30.0,True,solved,0.08069140010047704,256,240,240,4016,3668,55,4,0,0.0,6dd7de846866f0a246b0ba90bd2e95862634d24526a7120336db49983a66132e,True
d16-c0-h4-s21864815,16,0,21864815,4,12,48ccfef7f142571e4f0b4c6aa4e6c66d012bb3d0cf526a854a8440724a2838e1,b7faa5b885b41898600fc0346af01157dfe9859be4cad07caa2f46dabc3eb156,4,all_pair_lexicographic,2,66125680,300000,30.0,True,solved,0.1268043000018224,304,288,288,4600,4065,145,9,62,0.007014899980276823,6dd7de846866f0a246b0ba90bd2e95862634d24526a7120336db49983a66132e,True
d16-c0-h4-s21864815,16,0,21864815,4,12,48ccfef7f142571e4f0b4c6aa4e6c66d012bb3d0cf526a854a8440724a2838e1,b7faa5b885b41898600fc0346af01157dfe9859be4cad07caa2f46dabc3eb156,4,lexicographic,2,66125680,300000,30.0,True,solved,0.09469109994824976,256,240,240,4016,3668,55,4,0,0.0,6dd7de846866f0a246b0ba90bd2e95862634d24526a7120336db49983a66132e,True
d16-c0-h4-s21864815,16,0,21864815,4,12,48ccfef7f142571e4f0b4c6aa4e6c66d012bb3d0cf526a854a8440724a2838e1,b7faa5b885b41898600fc0346af01157dfe9859be4cad07caa2f46dabc3eb156,8,all_pair_lexicographic,0,50125654,300000,30.0,True,solved,0.09893420001026243,8,0,0,1536,562,421,4,8,0.013382400036789477,6dd7de846866f0a246b0ba90bd2e95862634d24526a7120336db49983a66132e,True
d16-c0-h4-s21864815,16,0,21864815,4,12,48ccfef7f142571e4f0b4c6aa4e6c66d012bb3d0cf526a854a8440724a2838e1,b7faa5b885b41898600fc0346af01157dfe9859be4cad07caa2f46dabc3eb156,8,lexicographic,0,50125654,300000,30.0,True,solved,0.795275199925527,228,220,220,29696,28722,421,4,0,0.0,6dd7de846866f0a246b0ba90bd2e95862634d24526a7120336db49983a66132e,True
d16-c0-h4-s21864815,16,0,21864815,4,12,48ccfef7f142571e4f0b4c6aa4e6c66d012bb3d0cf526a854a8440724a2838e1,b7faa5b885b41898600fc0346af01157dfe9859be4cad07caa2f46dabc3eb156,8,all_pair_lexicographic,1,60125673,300000,30.0,True,solved,0.09009730000980198,8,0,0,1536,562,421,4,8,0.013215099927037954,6dd7de846866f0a246b0ba90bd2e95862634d24526a7120336db49983a66132e,True
d16-c0-h4-s21864815,16,0,21864815,4,12,48ccfef7f142571e4f0b4c6aa4e6c66d012bb3d0cf526a854a8440724a2838e1,b7faa5b885b41898600fc0346af01157dfe9859be4cad07caa2f46dabc3eb156,8,lexicographic,1,60125673,300000,30.0,True,solved,0.7958329999819398,228,220,220,29696,28722,421,4,0,0.0,6dd7de846866f0a246b0ba90bd2e95862634d24526a7120336db49983a66132e,True
d16-c0-h4-s21864815,16,0,21864815,4,12,48ccfef7f142571e4f0b4c6aa4e6c66d012bb3d0cf526a854a8440724a2838e1,b7faa5b885b41898600fc0346af01157dfe9859be4cad07caa2f46dabc3eb156,8,all_pair_lexicographic,2,70125692,300000,30.0,True,solved,0.09317030000966042,8,0,0,1536,562,421,4,8,0.010615599807351828,6dd7de846866f0a246b0ba90bd2e95862634d24526a7120336db49983a66132e,True
d16-c0-h4-s21864815,16,0,21864815,4,12,48ccfef7f142571e4f0b4c6aa4e6c66d012bb3d0cf526a854a8440724a2838e1,b7faa5b885b41898600fc0346af01157dfe9859be4cad07caa2f46dabc3eb156,8,lexicographic,2,70125692,300000,30.0,True,solved,0.8416333000641316,228,220,220,29696,28722,421,4,0,0.0,6dd7de846866f0a246b0ba90bd2e95862634d24526a7120336db49983a66132e,True
d16-c1-h4-s21864816,16,1,21864816,4,12,634b1b2d54c4314ea39c7f51035ef005ae6a2fbacd689a5ede8702bd536cd5a6,f20b8509c9a648539b7301c2dfe55da4a46ec7a87477aeb9933a9e6583ce3c12,2,all_pair_lexicographic,0,44125637,300000,30.0,True,solved,0.14947850001044571,1259,1227,1227,5016,3656,48,10,548,0.023602500557899475,f20b8509c9a648539b7301c2dfe55da4a46ec7a87477aeb9933a9e6583ce3c12,True
d16-c1-h4-s21864816,16,1,21864816,4,12,634b1b2d54c4314ea39c7f51035ef005ae6a2fbacd689a5ede8702bd536cd5a6,f20b8509c9a648539b7301c2dfe55da4a46ec7a87477aeb9933a9e6583ce3c12,2,lexicographic,0,44125637,300000,30.0,True,solved,0.05491549998987466,522,490,490,2080,1510,17,4,0,0.0,f20b8509c9a648539b7301c2dfe55da4a46ec7a87477aeb9933a9e6583ce3c12,True
d16-c1-h4-s21864816,16,1,21864816,4,12,634b1b2d54c4314ea39c7f51035ef005ae6a2fbacd689a5ede8702bd536cd5a6,f20b8509c9a648539b7301c2dfe55da4a46ec7a87477aeb9933a9e6583ce3c12,2,all_pair_lexicographic,1,54125656,300000,30.0,True,solved,0.14738919993396848,1259,1227,1227,5016,3656,48,10,548,0.023252101615071297,f20b8509c9a648539b7301c2dfe55da4a46ec7a87477aeb9933a9e6583ce3c12,True
d16-c1-h4-s21864816,16,1,21864816,4,12,634b1b2d54c4314ea39c7f51035ef005ae6a2fbacd689a5ede8702bd536cd5a6,f20b8509c9a648539b7301c2dfe55da4a46ec7a87477aeb9933a9e6583ce3c12,2,lexicographic,1,54125656,300000,30.0,True,solved,0.049953000037930906,522,490,490,2080,1510,17,4,0,0.0,f20b8509c9a648539b7301c2dfe55da4a46ec7a87477aeb9933a9e6583ce3c12,True
d16-c1-h4-s21864816,16,1,21864816,4,12,634b1b2d54c4314ea39c7f51035ef005ae6a2fbacd689a5ede8702bd536cd5a6,f20b8509c9a648539b7301c2dfe55da4a46ec7a87477aeb9933a9e6583ce3c12,2,all_pair_lexicographic,2,64125675,300000,30.0,True,solved,0.14904430008027703,1259,1227,1227,5016,3656,48,10,548,0.02313590026460588,f20b8509c9a648539b7301c2dfe55da4a46ec7a87477aeb9933a9e6583ce3c12,True
d16-c1-h4-s21864816,16,1,21864816,4,12,634b1b2d54c4314ea39c7f51035ef005ae6a2fbacd689a5ede8702bd536cd5a6,f20b8509c9a648539b7301c2dfe55da4a46ec7a87477aeb9933a9e6583ce3c12,2,lexicographic,2,64125675,300000,30.0,True,solved,0.049277400015853345,522,490,490,2080,1510,17,4,0,0.0,f20b8509c9a648539b7301c2dfe55da4a46ec7a87477aeb9933a9e6583ce3c12,True
d16-c1-h4-s21864816,16,1,21864816,4,12,634b1b2d54c4314ea39c7f51035ef005ae6a2fbacd689a5ede8702bd536cd5a6,f20b8509c9a648539b7301c2dfe55da4a46ec7a87477aeb9933a9e6583ce3c12,4,all_pair_lexicographic,0,46125643,300000,30.0,True,solved,0.16849379998166114,468,452,452,7256,6579,117,10,72,0.009104400174692273,f20b8509c9a648539b7301c2dfe55da4a46ec7a87477aeb9933a9e6583ce3c12,True
d16-c1-h4-s21864816,16,1,21864816,4,12,634b1b2d54c4314ea39c7f51035ef005ae6a2fbacd689a5ede8702bd536cd5a6,f20b8509c9a648539b7301c2dfe55da4a46ec7a87477aeb9933a9e6583ce3c12,4,lexicographic,0,46125643,300000,30.0,True,solved,0.07529309997335076,231,215,215,3624,3291,43,4,0,0.0,f20b8509c9a648539b7301c2dfe55da4a46ec7a87477aeb9933a9e6583ce3c12,True
d16-c1-h4-s21864816,16,1,21864816,4,12,634b1b2d54c4314ea39c7f51035ef005ae6a2fbacd689a5ede8702bd536cd5a6,f20b8509c9a648539b7301c2dfe55da4a46ec7a87477aeb9933a9e6583ce3c12,4,all_pair_lexicographic,1,56125662,300000,30.0,True,solved,0.16958069999236614,468,452,452,7256,6579,117,10,72,0.008891199715435505,f20b8509c9a648539b7301c2dfe55da4a46ec7a87477aeb9933a9e6583ce3c12,True
d16-c1-h4-s21864816,16,1,21864816,4,12,634b1b2d54c4314ea39c7f51035ef005ae6a2fbacd689a5ede8702bd536cd5a6,f20b8509c9a648539b7301c2dfe55da4a46ec7a87477aeb9933a9e6583ce3c12,4,lexicographic,1,56125662,300000,30.0,True,solved,0.08012030005920678,231,215,215,3624,3291,43,4,0,0.0,f20b8509c9a648539b7301c2dfe55da4a46ec7a87477aeb9933a9e6583ce3c12,True
d16-c1-h4-s21864816,16,1,21864816,4,12,634b1b2d54c4314ea39c7f51035ef005ae6a2fbacd689a5ede8702bd536cd5a6,f20b8509c9a648539b7301c2dfe55da4a46ec7a87477aeb9933a9e6583ce3c12,4,all_pair_lexicographic,2,66125681,300000,30.0,True,solved,0.16549669997766614,468,452,452,7256,6579,117,10,72,0.008596300147473812,f20b8509c9a648539b7301c2dfe55da4a46ec7a87477aeb9933a9e6583ce3c12,True
d16-c1-h4-s21864816,16,1,21864816,4,12,634b1b2d54c4314ea39c7f51035ef005ae6a2fbacd689a5ede8702bd536cd5a6,f20b8509c9a648539b7301c2dfe55da4a46ec7a87477aeb9933a9e6583ce3c12,4,lexicographic,2,66125681,300000,30.0,True,solved,0.07951569999568164,231,215,215,3624,3291,43,4,0,0.0,f20b8509c9a648539b7301c2dfe55da4a46ec7a87477aeb9933a9e6583ce3c12,True
d16-c1-h4-s21864816,16,1,21864816,4,12,634b1b2d54c4314ea39c7f51035ef005ae6a2fbacd689a5ede8702bd536cd5a6,f20b8509c9a648539b7301c2dfe55da4a46ec7a87477aeb9933a9e6583ce3c12,8,all_pair_lexicographic,0,50125655,300000,30.0,True,solved,2.1276792000280693,584,576,576,76544,73139,2174,14,28,0.017706600483506918,f20b8509c9a648539b7301c2dfe55da4a46ec7a87477aeb9933a9e6583ce3c12,True
d16-c1-h4-s21864816,16,1,21864816,4,12,634b1b2d54c4314ea39c7f51035ef005ae6a2fbacd689a5ede8702bd536cd5a6,f20b8509c9a648539b7301c2dfe55da4a46ec7a87477aeb9933a9e6583ce3c12,8,lexicographic,0,50125655,300000,30.0,True,solved,0.765345299965702,205,197,197,26752,25778,310,4,0,0.0,f20b8509c9a648539b7301c2dfe55da4a46ec7a87477aeb9933a9e6583ce3c12,True
d16-c1-h4-s21864816,16,1,21864816,4,12,634b1b2d54c4314ea39c7f51035ef005ae6a2fbacd689a5ede8702bd536cd5a6,f20b8509c9a648539b7301c2dfe55da4a46ec7a87477aeb9933a9e6583ce3c12,8,all_pair_lexicographic,1,60125674,300000,30.0,True,solved,2.1538254000479355,584,576,576,76544,73139,2174,14,28,0.018079900182783604,f20b8509c9a648539b7301c2dfe55da4a46ec7a87477aeb9933a9e6583ce3c12,True
d16-c1-h4-s21864816,16,1,21864816,4,12,634b1b2d54c4314ea39c7f51035ef005ae6a2fbacd689a5ede8702bd536cd5a6,f20b8509c9a648539b7301c2dfe55da4a46ec7a87477aeb9933a9e6583ce3c12,8,lexicographic,1,60125674,300000,30.0,True,solved,0.7178259000647813,205,197,197,26752,25778,310,4,0,0.0,f20b8509c9a648539b7301c2dfe55da4a46ec7a87477aeb9933a9e6583ce3c12,True
d16-c1-h4-s21864816,16,1,21864816,4,12,634b1b2d54c4314ea39c7f51035ef005ae6a2fbacd689a5ede8702bd536cd5a6,f20b8509c9a648539b7301c2dfe55da4a46ec7a87477aeb9933a9e6583ce3c12,8,all_pair_lexicographic,2,70125693,300000,30.0,True,solved,2.0809900999302045,584,576,576,76544,73139,2174,14,28,0.02491760009434074,f20b8509c9a648539b7301c2dfe55da4a46ec7a87477aeb9933a9e6583ce3c12,True
d16-c1-h4-s21864816,16,1,21864816,4,12,634b1b2d54c4314ea39c7f51035ef005ae6a2fbacd689a5ede8702bd536cd5a6,f20b8509c9a648539b7301c2dfe55da4a46ec7a87477aeb9933a9e6583ce3c12,8,lexicographic,2,70125693,300000,30.0,True,solved,0.7388703000033274,205,197,197,26752,25778,310,4,0,0.0,f20b8509c9a648539b7301c2dfe55da4a46ec7a87477aeb9933a9e6583ce3c12,True
d16-c2-h4-s21864817,16,2,21864817,4,12,1f0fad482681da78b4bb128ffc8e315b5a3c3a91b504adceabdf9481ba8971d7,843ba0af4b6bb5c548b0225ed3da86b94527b40d8b4a48ffe465506ab4457dbe,2,all_pair_lexicographic,0,44125638,300000,30.0,True,solved,0.08780630002729595,725,693,693,2880,2054,53,10,345,0.013954600202850997,508fef64c77842ba7a6d9fa657c77b32ad32ff01edf24d538dc0cf1a38972361,True
d16-c2-h4-s21864817,16,2,21864817,4,12,1f0fad482681da78b4bb128ffc8e315b5a3c3a91b504adceabdf9481ba8971d7,843ba0af4b6bb5c548b0225ed3da86b94527b40d8b4a48ffe465506ab4457dbe,2,lexicographic,0,44125638,300000,30.0,True,solved,0.05575559998396784,609,577,577,2428,1776,20,4,0,0.0,508fef64c77842ba7a6d9fa657c77b32ad32ff01edf24d538dc0cf1a38972361,True
d16-c2-h4-s21864817,16,2,21864817,4,12,1f0fad482681da78b4bb128ffc8e315b5a3c3a91b504adceabdf9481ba8971d7,843ba0af4b6bb5c548b0225ed3da86b94527b40d8b4a48ffe465506ab4457dbe,2,all_pair_lexicographic,1,54125657,300000,30.0,True,solved,0.11901070002932101,725,693,693,2880,2054,53,10,345,0.01857329928316176,508fef64c77842ba7a6d9fa657c77b32ad32ff01edf24d538dc0cf1a38972361,True
d16-c2-h4-s21864817,16,2,21864817,4,12,1f0fad482681da78b4bb128ffc8e315b5a3c3a91b504adceabdf9481ba8971d7,843ba0af4b6bb5c548b0225ed3da86b94527b40d8b4a48ffe465506ab4457dbe,2,lexicographic,1,54125657,300000,30.0,True,solved,0.05855179997161031,609,577,577,2428,1776,20,4,0,0.0,508fef64c77842ba7a6d9fa657c77b32ad32ff01edf24d538dc0cf1a38972361,True
d16-c2-h4-s21864817,16,2,21864817,4,12,1f0fad482681da78b4bb128ffc8e315b5a3c3a91b504adceabdf9481ba8971d7,843ba0af4b6bb5c548b0225ed3da86b94527b40d8b4a48ffe465506ab4457dbe,2,all_pair_lexicographic,2,64125676,300000,30.0,True,solved,0.07858079997822642,725,693,693,2880,2054,53,10,345,0.01265199959743768,508fef64c77842ba7a6d9fa657c77b32ad32ff01edf24d538dc0cf1a38972361,True
d16-c2-h4-s21864817,16,2,21864817,4,12,1f0fad482681da78b4bb128ffc8e315b5a3c3a91b504adceabdf9481ba8971d7,843ba0af4b6bb5c548b0225ed3da86b94527b40d8b4a48ffe465506ab4457dbe,2,lexicographic,2,64125676,300000,30.0,True,solved,0.05420010001398623,609,577,577,2428,1776,20,4,0,0.0,508fef64c77842ba7a6d9fa657c77b32ad32ff01edf24d538dc0cf1a38972361,True
d16-c2-h4-s21864817,16,2,21864817,4,12,1f0fad482681da78b4bb128ffc8e315b5a3c3a91b504adceabdf9481ba8971d7,843ba0af4b6bb5c548b0225ed3da86b94527b40d8b4a48ffe465506ab4457dbe,4,all_pair_lexicographic,0,46125644,300000,30.0,True,solved,0.07258059992454946,205,189,189,3112,2689,127,9,49,0.004768100217916071,508fef64c77842ba7a6d9fa657c77b32ad32ff01edf24d538dc0cf1a38972361,True
d16-c2-h4-s21864817,16,2,21864817,4,12,1f0fad482681da78b4bb128ffc8e315b5a3c3a91b504adceabdf9481ba8971d7,843ba0af4b6bb5c548b0225ed3da86b94527b40d8b4a48ffe465506ab4457dbe,4,lexicographic,0,46125644,300000,30.0,True,solved,0.09225270000752062,268,252,252,4224,3859,56,4,0,0.0,508fef64c77842ba7a6d9fa657c77b32ad32ff01edf24d538dc0cf1a38972361,True
d16-c2-h4-s21864817,16,2,21864817,4,12,1f0fad482681da78b4bb128ffc8e315b5a3c3a91b504adceabdf9481ba8971d7,843ba0af4b6bb5c548b0225ed3da86b94527b40d8b4a48ffe465506ab4457dbe,4,all_pair_lexicographic,1,56125663,300000,30.0,True,solved,0.07810789998620749,205,189,189,3112,2689,127,9,49,0.005205799825489521,508fef64c77842ba7a6d9fa657c77b32ad32ff01edf24d538dc0cf1a38972361,True
d16-c2-h4-s21864817,16,2,21864817,4,12,1f0fad482681da78b4bb128ffc8e315b5a3c3a91b504adceabdf9481ba8971d7,843ba0af4b6bb5c548b0225ed3da86b94527b40d8b4a48ffe465506ab4457dbe,4,lexicographic,1,56125663,300000,30.0,True,solved,0.0986902000149712,268,252,252,4224,3859,56,4,0,0.0,508fef64c77842ba7a6d9fa657c77b32ad32ff01edf24d538dc0cf1a38972361,True
d16-c2-h4-s21864817,16,2,21864817,4,12,1f0fad482681da78b4bb128ffc8e315b5a3c3a91b504adceabdf9481ba8971d7,843ba0af4b6bb5c548b0225ed3da86b94527b40d8b4a48ffe465506ab4457dbe,4,all_pair_lexicographic,2,66125682,300000,30.0,True,solved,0.07730369991622865,205,189,189,3112,2689,127,9,49,0.0056460004998371005,508fef64c77842ba7a6d9fa657c77b32ad32ff01edf24d538dc0cf1a38972361,True
d16-c2-h4-s21864817,16,2,21864817,4,12,1f0fad482681da78b4bb128ffc8e315b5a3c3a91b504adceabdf9481ba8971d7,843ba0af4b6bb5c548b0225ed3da86b94527b40d8b4a48ffe465506ab4457dbe,4,lexicographic,2,66125682,300000,30.0,True,solved,0.10618749994318932,268,252,252,4224,3859,56,4,0,0.0,508fef64c77842ba7a6d9fa657c77b32ad32ff01edf24d538dc0cf1a38972361,True
d16-c2-h4-s21864817,16,2,21864817,4,12,1f0fad482681da78b4bb128ffc8e315b5a3c3a91b504adceabdf9481ba8971d7,843ba0af4b6bb5c548b0225ed3da86b94527b40d8b4a48ffe465506ab4457dbe,8,all_pair_lexicographic,0,50125656,300000,30.0,True,solved,0.6173082999885082,178,170,170,23808,21862,1223,8,16,0.013799199950881302,508fef64c77842ba7a6d9fa657c77b32ad32ff01edf24d538dc0cf1a38972361,True
d16-c2-h4-s21864817,16,2,21864817,4,12,1f0fad482681da78b4bb128ffc8e315b5a3c3a91b504adceabdf9481ba8971d7,843ba0af4b6bb5c548b0225ed3da86b94527b40d8b4a48ffe465506ab4457dbe,8,lexicographic,0,50125656,300000,30.0,True,solved,0.8848209000425413,241,233,233,31360,30386,420,4,0,0.0,508fef64c77842ba7a6d9fa657c77b32ad32ff01edf24d538dc0cf1a38972361,True
d16-c2-h4-s21864817,16,2,21864817,4,12,1f0fad482681da78b4bb128ffc8e315b5a3c3a91b504adceabdf9481ba8971d7,843ba0af4b6bb5c548b0225ed3da86b94527b40d8b4a48ffe465506ab4457dbe,8,all_pair_lexicographic,1,60125675,300000,30.0,True,solved,0.7249264999991283,178,170,170,23808,21862,1223,8,16,0.010265100048854947,508fef64c77842ba7a6d9fa657c77b32ad32ff01edf24d538dc0cf1a38972361,True
d16-c2-h4-s21864817,16,2,21864817,4,12,1f0fad482681da78b4bb128ffc8e315b5a3c3a91b504adceabdf9481ba8971d7,843ba0af4b6bb5c548b0225ed3da86b94527b40d8b4a48ffe465506ab4457dbe,8,lexicographic,1,60125675,300000,30.0,True,solved,0.7814166999887675,241,233,233,31360,30386,420,4,0,0.0,508fef64c77842ba7a6d9fa657c77b32ad32ff01edf24d538dc0cf1a38972361,True
d16-c2-h4-s21864817,16,2,21864817,4,12,1f0fad482681da78b4bb128ffc8e315b5a3c3a91b504adceabdf9481ba8971d7,843ba0af4b6bb5c548b0225ed3da86b94527b40d8b4a48ffe465506ab4457dbe,8,all_pair_lexicographic,2,70125694,300000,30.0,True,solved,0.7265864000655711,178,170,170,23808,21862,1223,8,16,0.013755799969658256,508fef64c77842ba7a6d9fa657c77b32ad32ff01edf24d538dc0cf1a38972361,True
d16-c2-h4-s21864817,16,2,21864817,4,12,1f0fad482681da78b4bb128ffc8e315b5a3c3a91b504adceabdf9481ba8971d7,843ba0af4b6bb5c548b0225ed3da86b94527b40d8b4a48ffe465506ab4457dbe,8,lexicographic,2,70125694,300000,30.0,True,solved,0.7389902999857441,241,233,233,31360,30386,420,4,0,0.0,508fef64c77842ba7a6d9fa657c77b32ad32ff01edf24d538dc0cf1a38972361,True
d16-c3-h4-s21864818,16,3,21864818,4,12,52e361edb8f6a1e014649e53d70b17fed3a688c3a33698cd8d354ea79a5648e2,a09a081504121688a8ae053bbe9f7844bd3655e94537cfbb711998b705f5da13,2,all_pair_lexicographic,0,44125639,300000,30.0,True,solved,0.15266609995160252,1289,1257,1257,5136,3746,47,10,570,0.024088499951176345,62531babf2974519c23748f6f8d3c31e266eb7a5f8464ade7167c65d4a2f9a46,True
d16-c3-h4-s21864818,16,3,21864818,4,12,52e361edb8f6a1e014649e53d70b17fed3a688c3a33698cd8d354ea79a5648e2,a09a081504121688a8ae053bbe9f7844bd3655e94537cfbb711998b705f5da13,2,lexicographic,0,44125639,300000,30.0,True,solved,0.04408690007403493,497,465,465,1980,1435,22,4,0,0.0,62531babf2974519c23748f6f8d3c31e266eb7a5f8464ade7167c65d4a2f9a46,True
d16-c3-h4-s21864818,16,3,21864818,4,12,52e361edb8f6a1e014649e53d70b17fed3a688c3a33698cd8d354ea79a5648e2,a09a081504121688a8ae053bbe9f7844bd3655e94537cfbb711998b705f5da13,2,all_pair_lexicographic,1,54125658,300000,30.0,True,solved,0.14959909999743104,1289,1257,1257,5136,3746,47,10,570,0.023403699160553515,62531babf2974519c23748f6f8d3c31e266eb7a5f8464ade7167c65d4a2f9a46,True
d16-c3-h4-s21864818,16,3,21864818,4,12,52e361edb8f6a1e014649e53d70b17fed3a688c3a33698cd8d354ea79a5648e2,a09a081504121688a8ae053bbe9f7844bd3655e94537cfbb711998b705f5da13,2,lexicographic,1,54125658,300000,30.0,True,solved,0.056948100100271404,497,465,465,1980,1435,22,4,0,0.0,62531babf2974519c23748f6f8d3c31e266eb7a5f8464ade7167c65d4a2f9a46,True
d16-c3-h4-s21864818,16,3,21864818,4,12,52e361edb8f6a1e014649e53d70b17fed3a688c3a33698cd8d354ea79a5648e2,a09a081504121688a8ae053bbe9f7844bd3655e94537cfbb711998b705f5da13,2,all_pair_lexicographic,2,64125677,300000,30.0,True,solved,0.1600006999215111,1289,1257,1257,5136,3746,47,10,570,0.02507500012870878,62531babf2974519c23748f6f8d3c31e266eb7a5f8464ade7167c65d4a2f9a46,True
d16-c3-h4-s21864818,16,3,21864818,4,12,52e361edb8f6a1e014649e53d70b17fed3a688c3a33698cd8d354ea79a5648e2,a09a081504121688a8ae053bbe9f7844bd3655e94537cfbb711998b705f5da13,2,lexicographic,2,64125677,300000,30.0,True,solved,0.05223429994657636,497,465,465,1980,1435,22,4,0,0.0,62531babf2974519c23748f6f8d3c31e266eb7a5f8464ade7167c65d4a2f9a46,True
d16-c3-h4-s21864818,16,3,21864818,4,12,52e361edb8f6a1e014649e53d70b17fed3a688c3a33698cd8d354ea79a5648e2,a09a081504121688a8ae053bbe9f7844bd3655e94537cfbb711998b705f5da13,4,all_pair_lexicographic,0,46125645,300000,30.0,True,solved,0.1970173999434337,539,523,523,8368,7582,147,10,78,0.010255199857056141,62531babf2974519c23748f6f8d3c31e266eb7a5f8464ade7167c65d4a2f9a46,True
d16-c3-h4-s21864818,16,3,21864818,4,12,52e361edb8f6a1e014649e53d70b17fed3a688c3a33698cd8d354ea79a5648e2,a09a081504121688a8ae053bbe9f7844bd3655e94537cfbb711998b705f5da13,4,lexicographic,0,46125645,300000,30.0,True,solved,0.07125779998023063,223,207,207,3488,3163,58,4,0,0.0,62531babf2974519c23748f6f8d3c31e266eb7a5f8464ade7167c65d4a2f9a46,True
d16-c3-h4-s21864818,16,3,21864818,4,12,52e361edb8f6a1e014649e53d70b17fed3a688c3a33698cd8d354ea79a5648e2,a09a081504121688a8ae053bbe9f7844bd3655e94537cfbb711998b705f5da13,4,all_pair_lexicographic,1,56125664,300000,30.0,True,solved,0.23177749989554286,539,523,523,8368,7582,147,10,78,0.012660700595006347,62531babf2974519c23748f6f8d3c31e266eb7a5f8464ade7167c65d4a2f9a46,True
d16-c3-h4-s21864818,16,3,21864818,4,12,52e361edb8f6a1e014649e53d70b17fed3a688c3a33698cd8d354ea79a5648e2,a09a081504121688a8ae053bbe9f7844bd3655e94537cfbb711998b705f5da13,4,lexicographic,1,56125664,300000,30.0,True,solved,0.07312410010490566,223,207,207,3488,3163,58,4,0,0.0,62531babf2974519c23748f6f8d3c31e266eb7a5f8464ade7167c65d4a2f9a46,True
d16-c3-h4-s21864818,16,3,21864818,4,12,52e361edb8f6a1e014649e53d70b17fed3a688c3a33698cd8d354ea79a5648e2,a09a081504121688a8ae053bbe9f7844bd3655e94537cfbb711998b705f5da13,4,all_pair_lexicographic,2,66125683,300000,30.0,True,solved,0.2166404000017792,539,523,523,8368,7582,147,10,78,0.010804700083099306,62531babf2974519c23748f6f8d3c31e266eb7a5f8464ade7167c65d4a2f9a46,True
d16-c3-h4-s21864818,16,3,21864818,4,12,52e361edb8f6a1e014649e53d70b17fed3a688c3a33698cd8d354ea79a5648e2,a09a081504121688a8ae053bbe9f7844bd3655e94537cfbb711998b705f5da13,4,lexicographic,2,66125683,300000,30.0,True,solved,0.07122529996559024,223,207,207,3488,3163,58,4,0,0.0,62531babf2974519c23748f6f8d3c31e266eb7a5f8464ade7167c65d4a2f9a46,True
d16-c3-h4-s21864818,16,3,21864818,4,12,52e361edb8f6a1e014649e53d70b17fed3a688c3a33698cd8d354ea79a5648e2,a09a081504121688a8ae053bbe9f7844bd3655e94537cfbb711998b705f5da13,8,all_pair_lexicographic,0,50125657,300000,30.0,True,solved,1.8472397000296041,575,567,567,75136,72218,1722,12,24,0.01983590004965663,62531babf2974519c23748f6f8d3c31e266eb7a5f8464ade7167c65d4a2f9a46,True
d16-c3-h4-s21864818,16,3,21864818,4,12,52e361edb8f6a1e014649e53d70b17fed3a688c3a33698cd8d354ea79a5648e2,a09a081504121688a8ae053bbe9f7844bd3655e94537cfbb711998b705f5da13,8,lexicographic,0,50125657,300000,30.0,True,solved,0.6995752999791875,197,189,189,25728,24754,338,4,0,0.0,62531babf2974519c23748f6f8d3c31e266eb7a5f8464ade7167c65d4a2f9a46,True
d16-c3-h4-s21864818,16,3,21864818,4,12,52e361edb8f6a1e014649e53d70b17fed3a688c3a33698cd8d354ea79a5648e2,a09a081504121688a8ae053bbe9f7844bd3655e94537cfbb711998b705f5da13,8,all_pair_lexicographic,1,60125676,300000,30.0,True,solved,1.9116921999957412,575,567,567,75136,72218,1722,12,24,0.01752180012408644,62531babf2974519c23748f6f8d3c31e266eb7a5f8464ade7167c65d4a2f9a46,True
d16-c3-h4-s21864818,16,3,21864818,4,12,52e361edb8f6a1e014649e53d70b17fed3a688c3a33698cd8d354ea79a5648e2,a09a081504121688a8ae053bbe9f7844bd3655e94537cfbb711998b705f5da13,8,lexicographic,1,60125676,300000,30.0,True,solved,0.669971999945119,197,189,189,25728,24754,338,4,0,0.0,62531babf2974519c23748f6f8d3c31e266eb7a5f8464ade7167c65d4a2f9a46,True
d16-c3-h4-s21864818,16,3,21864818,4,12,52e361edb8f6a1e014649e53d70b17fed3a688c3a33698cd8d354ea79a5648e2,a09a081504121688a8ae053bbe9f7844bd3655e94537cfbb711998b705f5da13,8,all_pair_lexicographic,2,70125695,300000,30.0,True,solved,1.818017299985513,575,567,567,75136,72218,1722,12,24,0.017869500094093382,62531babf2974519c23748f6f8d3c31e266eb7a5f8464ade7167c65d4a2f9a46,True
d16-c3-h4-s21864818,16,3,21864818,4,12,52e361edb8f6a1e014649e53d70b17fed3a688c3a33698cd8d354ea79a5648e2,a09a081504121688a8ae053bbe9f7844bd3655e94537cfbb711998b705f5da13,8,lexicographic,2,70125695,300000,30.0,True,solved,0.6367070999694988,197,189,189,25728,24754,338,4,0,0.0,62531babf2974519c23748f6f8d3c31e266eb7a5f8464ade7167c65d4a2f9a46,True
d16-c4-h4-s21864819,16,4,21864819,4,12,9cd928e2beb4b39954b56069ecec15fc731fd4357aca00a544cc5975377ae27d,a5a7df727c1c1becf1e9db797bef4a2c2daa44509adc22ad634486429db0abd6,2,all_pair_lexicographic,0,44125640,300000,30.0,True,solved,0.013602799968793988,105,73,73,412,247,3,4,60,0.0026553997304290533,80bc3ceb4fe4746c6ea1a18c9eb58f2a79455985050c62c137238824588a84d5,True
d16-c4-h4-s21864819,16,4,21864819,4,12,9cd928e2beb4b39954b56069ecec15fc731fd4357aca00a544cc5975377ae27d,a5a7df727c1c1becf1e9db797bef4a2c2daa44509adc22ad634486429db0abd6,2,lexicographic,0,44125640,300000,30.0,True,solved,0.05369750002864748,553,521,521,2204,1606,20,4,0,0.0,80bc3ceb4fe4746c6ea1a18c9eb58f2a79455985050c62c137238824588a84d5,True
d16-c4-h4-s21864819,16,4,21864819,4,12,9cd928e2beb4b39954b56069ecec15fc731fd4357aca00a544cc5975377ae27d,a5a7df727c1c1becf1e9db797bef4a2c2daa44509adc22ad634486429db0abd6,2,all_pair_lexicographic,1,54125659,300000,30.0,True,solved,0.014092500088736415,105,73,73,412,247,3,4,60,0.0027610997203737497,80bc3ceb4fe4746c6ea1a18c9eb58f2a79455985050c62c137238824588a84d5,True
d16-c4-h4-s21864819,16,4,21864819,4,12,9cd928e2beb4b39954b56069ecec15fc731fd4357aca00a544cc5975377ae27d,a5a7df727c1c1becf1e9db797bef4a2c2daa44509adc22ad634486429db0abd6,2,lexicographic,1,54125659,300000,30.0,True,solved,0.05359900009352714,553,521,521,2204,1606,20,4,0,0.0,80bc3ceb4fe4746c6ea1a18c9eb58f2a79455985050c62c137238824588a84d5,True
d16-c4-h4-s21864819,16,4,21864819,4,12,9cd928e2beb4b39954b56069ecec15fc731fd4357aca00a544cc5975377ae27d,a5a7df727c1c1becf1e9db797bef4a2c2daa44509adc22ad634486429db0abd6,2,all_pair_lexicographic,2,64125678,300000,30.0,True,solved,0.01287830004002899,105,73,73,412,247,3,4,60,0.002560899476520717,80bc3ceb4fe4746c6ea1a18c9eb58f2a79455985050c62c137238824588a84d5,True
d16-c4-h4-s21864819,16,4,21864819,4,12,9cd928e2beb4b39954b56069ecec15fc731fd4357aca00a544cc5975377ae27d,a5a7df727c1c1becf1e9db797bef4a2c2daa44509adc22ad634486429db0abd6,2,lexicographic,2,64125678,300000,30.0,True,solved,0.05369139998219907,553,521,521,2204,1606,20,4,0,0.0,80bc3ceb4fe4746c6ea1a18c9eb58f2a79455985050c62c137238824588a84d5,True
d16-c4-h4-s21864819,16,4,21864819,4,12,9cd928e2beb4b39954b56069ecec15fc731fd4357aca00a544cc5975377ae27d,a5a7df727c1c1becf1e9db797bef4a2c2daa44509adc22ad634486429db0abd6,4,all_pair_lexicographic,0,46125646,300000,30.0,True,solved,0.10266179998870939,227,211,211,3544,3135,79,7,40,0.006273100036196411,80bc3ceb4fe4746c6ea1a18c9eb58f2a79455985050c62c137238824588a84d5,True
d16-c4-h4-s21864819,16,4,21864819,4,12,9cd928e2beb4b39954b56069ecec15fc731fd4357aca00a544cc5975377ae27d,a5a7df727c1c1becf1e9db797bef4a2c2daa44509adc22ad634486429db0abd6,4,lexicographic,0,46125646,300000,30.0,True,solved,0.10984649998135865,252,236,236,3968,3619,49,4,0,0.0,80bc3ceb4fe4746c6ea1a18c9eb58f2a79455985050c62c137238824588a84d5,True
d16-c4-h4-s21864819,16,4,21864819,4,12,9cd928e2beb4b39954b56069ecec15fc731fd4357aca00a544cc5975377ae27d,a5a7df727c1c1becf1e9db797bef4a2c2daa44509adc22ad634486429db0abd6,4,all_pair_lexicographic,1,56125665,300000,30.0,True,solved,0.08066450001206249,227,211,211,3544,3135,79,7,40,0.004985200357623398,80bc3ceb4fe4746c6ea1a18c9eb58f2a79455985050c62c137238824588a84d5,True
d16-c4-h4-s21864819,16,4,21864819,4,12,9cd928e2beb4b39954b56069ecec15fc731fd4357aca00a544cc5975377ae27d,a5a7df727c1c1becf1e9db797bef4a2c2daa44509adc22ad634486429db0abd6,4,lexicographic,1,56125665,300000,30.0,True,solved,0.10419169999659061,252,236,236,3968,3619,49,4,0,0.0,80bc3ceb4fe4746c6ea1a18c9eb58f2a79455985050c62c137238824588a84d5,True
d16-c4-h4-s21864819,16,4,21864819,4,12,9cd928e2beb4b39954b56069ecec15fc731fd4357aca00a544cc5975377ae27d,a5a7df727c1c1becf1e9db797bef4a2c2daa44509adc22ad634486429db0abd6,4,all_pair_lexicographic,2,66125684,300000,30.0,True,solved,0.08413699991069734,227,211,211,3544,3135,79,7,40,0.005134399747475982,80bc3ceb4fe4746c6ea1a18c9eb58f2a79455985050c62c137238824588a84d5,True
d16-c4-h4-s21864819,16,4,21864819,4,12,9cd928e2beb4b39954b56069ecec15fc731fd4357aca00a544cc5975377ae27d,a5a7df727c1c1becf1e9db797bef4a2c2daa44509adc22ad634486429db0abd6,4,lexicographic,2,66125684,300000,30.0,True,solved,0.08475999999791384,252,236,236,3968,3619,49,4,0,0.0,80bc3ceb4fe4746c6ea1a18c9eb58f2a79455985050c62c137238824588a84d5,True
d16-c4-h4-s21864819,16,4,21864819,4,12,9cd928e2beb4b39954b56069ecec15fc731fd4357aca00a544cc5975377ae27d,a5a7df727c1c1becf1e9db797bef4a2c2daa44509adc22ad634486429db0abd6,8,all_pair_lexicographic,0,50125658,300000,30.0,True,solved,0.44356340006925166,131,123,123,17536,16077,639,6,12,0.011922400095500052,80bc3ceb4fe4746c6ea1a18c9eb58f2a79455985050c62c137238824588a84d5,True
d16-c4-h4-s21864819,16,4,21864819,4,12,9cd928e2beb4b39954b56069ecec15fc731fd4357aca00a544cc5975377ae27d,a5a7df727c1c1becf1e9db797bef4a2c2daa44509adc22ad634486429db0abd6,8,lexicographic,0,50125658,300000,30.0,True,solved,0.7463838000549003,226,218,218,29440,28466,274,4,0,0.0,80bc3ceb4fe4746c6ea1a18c9eb58f2a79455985050c62c137238824588a84d5,True
d16-c4-h4-s21864819,16,4,21864819,4,12,9cd928e2beb4b39954b56069ecec15fc731fd4357aca00a544cc5975377ae27d,a5a7df727c1c1becf1e9db797bef4a2c2daa44509adc22ad634486429db0abd6,8,all_pair_lexicographic,1,60125677,300000,30.0,True,solved,0.47957600001245737,131,123,123,17536,16077,639,6,12,0.012087900191545486,80bc3ceb4fe4746c6ea1a18c9eb58f2a79455985050c62c137238824588a84d5,True
d16-c4-h4-s21864819,16,4,21864819,4,12,9cd928e2beb4b39954b56069ecec15fc731fd4357aca00a544cc5975377ae27d,a5a7df727c1c1becf1e9db797bef4a2c2daa44509adc22ad634486429db0abd6,8,lexicographic,1,60125677,300000,30.0,True,solved,0.7242983999894932,226,218,218,29440,28466,274,4,0,0.0,80bc3ceb4fe4746c6ea1a18c9eb58f2a79455985050c62c137238824588a84d5,True
d16-c4-h4-s21864819,16,4,21864819,4,12,9cd928e2beb4b39954b56069ecec15fc731fd4357aca00a544cc5975377ae27d,a5a7df727c1c1becf1e9db797bef4a2c2daa44509adc22ad634486429db0abd6,8,all_pair_lexicographic,2,70125696,300000,30.0,True,solved,0.4455509999534115,131,123,123,17536,16077,639,6,12,0.011814000084996223,80bc3ceb4fe4746c6ea1a18c9eb58f2a79455985050c62c137238824588a84d5,True
d16-c4-h4-s21864819,16,4,21864819,4,12,9cd928e2beb4b39954b56069ecec15fc731fd4357aca00a544cc5975377ae27d,a5a7df727c1c1becf1e9db797bef4a2c2daa44509adc22ad634486429db0abd6,8,lexicographic,2,70125696,300000,30.0,True,solved,0.6938926000148058,226,218,218,29440,28466,274,4,0,0.0,80bc3ceb4fe4746c6ea1a18c9eb58f2a79455985050c62c137238824588a84d5,True
d16-c0-h6-s21866815,16,0,21866815,6,10,607a9337f15d4c6bb16d1eddf32bb8211e99654d8aa4d685577c8a760bd55fe8,4b076880aa5186b0022d38aa5633e22b5ec23b254b22374ade46dd78ec972dcc,2,all_pair_lexicographic,0,44127636,300000,30.0,True,solved,1.12689189997036,10552,10504,10504,42076,31033,419,66,4787,0.1736759067280218,7e95a6038d046a3ec5842925ba47a7132167f26c3217b4ef7dc1f91a5e7366a8,True
d16-c0-h6-s21866815,16,0,21866815,6,10,607a9337f15d4c6bb16d1eddf32bb8211e99654d8aa4d685577c8a760bd55fe8,4b076880aa5186b0022d38aa5633e22b5ec23b254b22374ade46dd78ec972dcc,2,lexicographic,0,44127636,300000,30.0,True,solved,0.05501599994022399,616,568,568,2452,1765,30,6,0,0.0,97231e0df1ed0fc88629fc7b1fb47c58f71e42f363ed5b6c1e23f04545985371,True
d16-c0-h6-s21866815,16,0,21866815,6,10,607a9337f15d4c6bb16d1eddf32bb8211e99654d8aa4d685577c8a760bd55fe8,4b076880aa5186b0022d38aa5633e22b5ec23b254b22374ade46dd78ec972dcc,2,all_pair_lexicographic,1,54127655,300000,30.0,True,solved,1.1519774999469519,10552,10504,10504,42076,31033,419,66,4787,0.17839109583292156,7e95a6038d046a3ec5842925ba47a7132167f26c3217b4ef7dc1f91a5e7366a8,True
d16-c0-h6-s21866815,16,0,21866815,6,10,607a9337f15d4c6bb16d1eddf32bb8211e99654d8aa4d685577c8a760bd55fe8,4b076880aa5186b0022d38aa5633e22b5ec23b254b22374ade46dd78ec972dcc,2,lexicographic,1,54127655,300000,30.0,True,solved,0.06626220000907779,616,568,568,2452,1765,30,6,0,0.0,97231e0df1ed0fc88629fc7b1fb47c58f71e42f363ed5b6c1e23f04545985371,True
d16-c0-h6-s21866815,16,0,21866815,6,10,607a9337f15d4c6bb16d1eddf32bb8211e99654d8aa4d685577c8a760bd55fe8,4b076880aa5186b0022d38aa5633e22b5ec23b254b22374ade46dd78ec972dcc,2,all_pair_lexicographic,2,64127674,300000,30.0,True,solved,1.1634676998946816,10552,10504,10504,42076,31033,419,66,4787,0.1787182978587225,7e95a6038d046a3ec5842925ba47a7132167f26c3217b4ef7dc1f91a5e7366a8,True
d16-c0-h6-s21866815,16,0,21866815,6,10,607a9337f15d4c6bb16d1eddf32bb8211e99654d8aa4d685577c8a760bd55fe8,4b076880aa5186b0022d38aa5633e22b5ec23b254b22374ade46dd78ec972dcc,2,lexicographic,2,64127674,300000,30.0,True,solved,0.05564589996356517,616,568,568,2452,1765,30,6,0,0.0,97231e0df1ed0fc88629fc7b1fb47c58f71e42f363ed5b6c1e23f04545985371,True
d16-c0-h6-s21866815,16,0,21866815,6,10,607a9337f15d4c6bb16d1eddf32bb8211e99654d8aa4d685577c8a760bd55fe8,4b076880aa5186b0022d38aa5633e22b5ec23b254b22374ade46dd78ec972dcc,4,all_pair_lexicographic,0,46127642,300000,30.0,True,solved,1.896779999951832,5771,5747,5747,88528,80913,1724,88,939,0.09168320021126419,7e95a6038d046a3ec5842925ba47a7132167f26c3217b4ef7dc1f91a5e7366a8,True
d16-c0-h6-s21866815,16,0,21866815,6,10,607a9337f15d4c6bb16d1eddf32bb8211e99654d8aa4d685577c8a760bd55fe8,4b076880aa5186b0022d38aa5633e22b5ec23b254b22374ade46dd78ec972dcc,4,lexicographic,0,46127642,300000,30.0,True,solved,0.07217009994201362,245,221,221,3792,3390,83,6,0,0.0,97231e0df1ed0fc88629fc7b1fb47c58f71e42f363ed5b6c1e23f04545985371,True
d16-c0-h6-s21866815,16,0,21866815,6,10,607a9337f15d4c6bb16d1eddf32bb8211e99654d8aa4d685577c8a760bd55fe8,4b076880aa5186b0022d38aa5633e22b5ec23b254b22374ade46dd78ec972dcc,4,all_pair_lexicographic,1,56127661,300000,30.0,True,solved,1.8383696000091732,5771,5747,5747,88528,80913,1724,88,939,0.08935060119256377,7e95a6038d046a3ec5842925ba47a7132167f26c3217b4ef7dc1f91a5e7366a8,True
d16-c0-h6-s21866815,16,0,21866815,6,10,607a9337f15d4c6bb16d1eddf32bb8211e99654d8aa4d685577c8a760bd55fe8,4b076880aa5186b0022d38aa5633e22b5ec23b254b22374ade46dd78ec972dcc,4,lexicographic,1,56127661,300000,30.0,True,solved,0.0699892999837175,245,221,221,3792,3390,83,6,0,0.0,97231e0df1ed0fc88629fc7b1fb47c58f71e42f363ed5b6c1e23f04545985371,True
d16-c0-h6-s21866815,16,0,21866815,6,10,607a9337f15d4c6bb16d1eddf32bb8211e99654d8aa4d685577c8a760bd55fe8,4b076880aa5186b0022d38aa5633e22b5ec23b254b22374ade46dd78ec972dcc,4,all_pair_lexicographic,2,66127680,300000,30.0,True,solved,1.7662448999471962,5771,5747,5747,88528,80913,1724,88,939,0.08454210066702217,7e95a6038d046a3ec5842925ba47a7132167f26c3217b4ef7dc1f91a5e7366a8,True
d16-c0-h6-s21866815,16,0,21866815,6,10,607a9337f15d4c6bb16d1eddf32bb8211e99654d8aa4d685577c8a760bd55fe8,4b076880aa5186b0022d38aa5633e22b5ec23b254b22374ade46dd78ec972dcc,4,lexicographic,2,66127680,300000,30.0,True,solved,0.06936169997788966,245,221,221,3792,3390,83,6,0,0.0,97231e0df1ed0fc88629fc7b1fb47c58f71e42f363ed5b6c1e23f04545985371,True
d16-c0-h6-s21866815,16,0,21866815,6,10,607a9337f15d4c6bb16d1eddf32bb8211e99654d8aa4d685577c8a760bd55fe8,4b076880aa5186b0022d38aa5633e22b5ec23b254b22374ade46dd78ec972dcc,8,all_pair_lexicographic,0,50127654,300000,30.0,True,solved,11.296895100036636,4004,3992,3992,522496,503445,14203,78,156,0.06952910032123327,7e95a6038d046a3ec5842925ba47a7132167f26c3217b4ef7dc1f91a5e7366a8,True
d16-c0-h6-s21866815,16,0,21866815,6,10,607a9337f15d4c6bb16d1eddf32bb8211e99654d8aa4d685577c8a760bd55fe8,4b076880aa5186b0022d38aa5633e22b5ec23b254b22374ade46dd78ec972dcc,8,lexicographic,0,50127654,300000,30.0,True,solved,0.580285600037314,210,198,198,27648,26181,591,6,0,0.0,97231e0df1ed0fc88629fc7b1fb47c58f71e42f363ed5b6c1e23f04545985371,True
d16-c0-h6-s21866815,16,0,21866815,6,10,607a9337f15d4c6bb16d1eddf32bb8211e99654d8aa4d685577c8a760bd55fe8,4b076880aa5186b0022d38aa5633e22b5ec23b254b22374ade46dd78ec972dcc,8,all_pair_lexicographic,1,60127673,300000,30.0,True,solved,11.34683870000299,4004,3992,3992,522496,503445,14203,78,156,0.0686532991239801,7e95a6038d046a3ec5842925ba47a7132167f26c3217b4ef7dc1f91a5e7366a8,True
d16-c0-h6-s21866815,16,0,21866815,6,10,607a9337f15d4c6bb16d1eddf32bb8211e99654d8aa4d685577c8a760bd55fe8,4b076880aa5186b0022d38aa5633e22b5ec23b254b22374ade46dd78ec972dcc,8,lexicographic,1,60127673,300000,30.0,True,solved,0.577987700002268,210,198,198,27648,26181,591,6,0,0.0,97231e0df1ed0fc88629fc7b1fb47c58f71e42f363ed5b6c1e23f04545985371,True
d16-c0-h6-s21866815,16,0,21866815,6,10,607a9337f15d4c6bb16d1eddf32bb8211e99654d8aa4d685577c8a760bd55fe8,4b076880aa5186b0022d38aa5633e22b5ec23b254b22374ade46dd78ec972dcc,8,all_pair_lexicographic,2,70127692,300000,30.0,True,solved,11.31133369996678,4004,3992,3992,522496,503445,14203,78,156,0.06892729888204485,7e95a6038d046a3ec5842925ba47a7132167f26c3217b4ef7dc1f91a5e7366a8,True
d16-c0-h6-s21866815,16,0,21866815,6,10,607a9337f15d4c6bb16d1eddf32bb8211e99654d8aa4d685577c8a760bd55fe8,4b076880aa5186b0022d38aa5633e22b5ec23b254b22374ade46dd78ec972dcc,8,lexicographic,2,70127692,300000,30.0,True,solved,0.5680090000387281,210,198,198,27648,26181,591,6,0,0.0,97231e0df1ed0fc88629fc7b1fb47c58f71e42f363ed5b6c1e23f04545985371,True
d16-c1-h6-s21866816,16,1,21866816,6,10,83efeb6a7051807221bcac813633a071eb9a578b171e6f54123b355c9f206c1a,80c8ea58d3a780b1599e49acc565693c66fdda312d6dca51378e772452fafb93,2,all_pair_lexicographic,0,44127637,300000,30.0,True,solved,1.0632104000542313,9209,9161,9161,36732,27124,332,52,4183,0.16277910477947444,89ceff4496dcb55bc6b294af4c4830ddee58101f2ecb4dd0ccd0575c2780b57c,True
d16-c1-h6-s21866816,16,1,21866816,6,10,83efeb6a7051807221bcac813633a071eb9a578b171e6f54123b355c9f206c1a,80c8ea58d3a780b1599e49acc565693c66fdda312d6dca51378e772452fafb93,2,lexicographic,0,44127637,300000,30.0,True,solved,0.050118699902668595,587,539,539,2336,1678,33,6,0,0.0,89ceff4496dcb55bc6b294af4c4830ddee58101f2ecb4dd0ccd0575c2780b57c,True
d16-c1-h6-s21866816,16,1,21866816,6,10,83efeb6a7051807221bcac813633a071eb9a578b171e6f54123b355c9f206c1a,80c8ea58d3a780b1599e49acc565693c66fdda312d6dca51378e772452fafb93,2,all_pair_lexicographic,1,54127656,300000,30.0,True,solved,0.9798499000025913,9209,9161,9161,36732,27124,332,52,4183,0.1524527994915843,89ceff4496dcb55bc6b294af4c4830ddee58101f2ecb4dd0ccd0575c2780b57c,True
d16-c1-h6-s21866816,16,1,21866816,6,10,83efeb6a7051807221bcac813633a071eb9a578b171e6f54123b355c9f206c1a,80c8ea58d3a780b1599e49acc565693c66fdda312d6dca51378e772452fafb93,2,lexicographic,1,54127656,300000,30.0,True,solved,0.048929200042039156,587,539,539,2336,1678,33,6,0,0.0,89ceff4496dcb55bc6b294af4c4830ddee58101f2ecb4dd0ccd0575c2780b57c,True
d16-c1-h6-s21866816,16,1,21866816,6,10,83efeb6a7051807221bcac813633a071eb9a578b171e6f54123b355c9f206c1a,80c8ea58d3a780b1599e49acc565693c66fdda312d6dca51378e772452fafb93,2,all_pair_lexicographic,2,64127675,300000,30.0,True,solved,1.005556600051932,9209,9161,9161,36732,27124,332,52,4183,0.15665709867607802,89ceff4496dcb55bc6b294af4c4830ddee58101f2ecb4dd0ccd0575c2780b57c,True
d16-c1-h6-s21866816,16,1,21866816,6,10,83efeb6a7051807221bcac813633a071eb9a578b171e6f54123b355c9f206c1a,80c8ea58d3a780b1599e49acc565693c66fdda312d6dca51378e772452fafb93,2,lexicographic,2,64127675,300000,30.0,True,solved,0.049015500000678,587,539,539,2336,1678,33,6,0,0.0,89ceff4496dcb55bc6b294af4c4830ddee58101f2ecb4dd0ccd0575c2780b57c,True
d16-c1-h6-s21866816,16,1,21866816,6,10,83efeb6a7051807221bcac813633a071eb9a578b171e6f54123b355c9f206c1a,80c8ea58d3a780b1599e49acc565693c66fdda312d6dca51378e772452fafb93,4,all_pair_lexicographic,0,46127643,300000,30.0,True,solved,0.22086420003324747,651,627,627,10120,9136,191,14,90,0.011659100302495062,89ceff4496dcb55bc6b294af4c4830ddee58101f2ecb4dd0ccd0575c2780b57c,True
d16-c1-h6-s21866816,16,1,21866816,6,10,83efeb6a7051807221bcac813633a071eb9a578b171e6f54123b355c9f206c1a,80c8ea58d3a780b1599e49acc565693c66fdda312d6dca51378e772452fafb93,4,lexicographic,0,46127643,300000,30.0,True,solved,0.06837180000729859,244,220,220,3704,3300,72,6,0,0.0,89ceff4496dcb55bc6b294af4c4830ddee58101f2ecb4dd0ccd0575c2780b57c,True
d16-c1-h6-s21866816,16,1,21866816,6,10,83efeb6a7051807221bcac813633a071eb9a578b171e6f54123b355c9f206c1a,80c8ea58d3a780b1599e49acc565693c66fdda312d6dca51378e772452fafb93,4,all_pair_lexicographic,1,56127662,300000,30.0,True,solved,0.22362420009449124,651,627,627,10120,9136,191,14,90,0.011883200379088521,89ceff4496dcb55bc6b294af4c4830ddee58101f2ecb4dd0ccd0575c2780b57c,True
d16-c1-h6-s21866816,16,1,21866816,6,10,83efeb6a7051807221bcac813633a071eb9a578b171e6f54123b355c9f206c1a,80c8ea58d3a780b1599e49acc565693c66fdda312d6dca51378e772452fafb93,4,lexicographic,1,56127662,300000,30.0,True,solved,0.07104569999501109,244,220,220,3704,3300,72,6,0,0.0,89ceff4496dcb55bc6b294af4c4830ddee58101f2ecb4dd0ccd0575c2780b57c,True
d16-c1-h6-s21866816,16,1,21866816,6,10,83efeb6a7051807221bcac813633a071eb9a578b171e6f54123b355c9f206c1a,80c8ea58d3a780b1599e49acc565693c66fdda312d6dca51378e772452fafb93,4,all_pair_lexicographic,2,66127681,300000,30.0,True,solved,0.2503943999763578,651,627,627,10120,9136,191,14,90,0.01283929985947907,89ceff4496dcb55bc6b294af4c4830ddee58101f2ecb4dd0ccd0575c2780b57c,True
d16-c1-h6-s21866816,16,1,21866816,6,10,83efeb6a7051807221bcac813633a071eb9a578b171e6f54123b355c9f206c1a,80c8ea58d3a780b1599e49acc565693c66fdda312d6dca51378e772452fafb93,4,lexicographic,2,66127681,300000,30.0,True,solved,0.06844930001534522,244,220,220,3704,3300,72,6,0,0.0,89ceff4496dcb55bc6b294af4c4830ddee58101f2ecb4dd0ccd0575c2780b57c,True
d16-c1-h6-s21866816,16,1,21866816,6,10,83efeb6a7051807221bcac813633a071eb9a578b171e6f54123b355c9f206c1a,80c8ea58d3a780b1599e49acc565693c66fdda312d6dca51378e772452fafb93,8,all_pair_lexicographic,0,50127655,300000,30.0,True,solved,7.7323021000484005,2693,2681,2681,350592,339363,7708,46,92,0.0489304008660838,89ceff4496dcb55bc6b294af4c4830ddee58101f2ecb4dd0ccd0575c2780b57c,True
d16-c1-h6-s21866816,16,1,21866816,6,10,83efeb6a7051807221bcac813633a071eb9a578b171e6f54123b355c9f206c1a,80c8ea58d3a780b1599e49acc565693c66fdda312d6dca51378e772452fafb93,8,lexicographic,0,50127655,300000,30.0,True,solved,0.5529743999941275,201,189,189,26496,25029,576,6,0,0.0,89ceff4496dcb55bc6b294af4c4830ddee58101f2ecb4dd0ccd0575c2780b57c,True
d16-c1-h6-s21866816,16,1,21866816,6,10,83efeb6a7051807221bcac813633a071eb9a578b171e6f54123b355c9f206c1a,80c8ea58d3a780b1599e49acc565693c66fdda312d6dca51378e772452fafb93,8,all_pair_lexicographic,1,60127674,300000,30.0,True,solved,7.741956999991089,2693,2681,2681,350592,339363,7708,46,92,0.04929660016205162,89ceff4496dcb55bc6b294af4c4830ddee58101f2ecb4dd0ccd0575c2780b57c,True
d16-c1-h6-s21866816,16,1,21866816,6,10,83efeb6a7051807221bcac813633a071eb9a578b171e6f54123b355c9f206c1a,80c8ea58d3a780b1599e49acc565693c66fdda312d6dca51378e772452fafb93,8,lexicographic,1,60127674,300000,30.0,True,solved,0.537586500053294,201,189,189,26496,25029,576,6,0,0.0,89ceff4496dcb55bc6b294af4c4830ddee58101f2ecb4dd0ccd0575c2780b57c,True
d16-c1-h6-s21866816,16,1,21866816,6,10,83efeb6a7051807221bcac813633a071eb9a578b171e6f54123b355c9f206c1a,80c8ea58d3a780b1599e49acc565693c66fdda312d6dca51378e772452fafb93,8,all_pair_lexicographic,2,70127693,300000,30.0,True,solved,7.753916900022887,2693,2681,2681,350592,339363,7708,46,92,0.049115900066681206,89ceff4496dcb55bc6b294af4c4830ddee58101f2ecb4dd0ccd0575c2780b57c,True
d16-c1-h6-s21866816,16,1,21866816,6,10,83efeb6a7051807221bcac813633a071eb9a578b171e6f54123b355c9f206c1a,80c8ea58d3a780b1599e49acc565693c66fdda312d6dca51378e772452fafb93,8,lexicographic,2,70127693,300000,30.0,True,solved,0.5464935000054538,201,189,189,26496,25029,576,6,0,0.0,89ceff4496dcb55bc6b294af4c4830ddee58101f2ecb4dd0ccd0575c2780b57c,True
d16-c2-h6-s21866817,16,2,21866817,6,10,abdd2f849136dbd21ce7bba431de9892aaf7d51c8f12cd8081a30bd9274ba532,6c740f23759133b475c266b3efbf3ab8158f049b493548a50a390f8cb687a21f,2,all_pair_lexicographic,0,44127638,300000,30.0,True,solved,0.5483254999853671,5361,5313,5313,21368,15703,232,38,2425,0.08514489640947431,e281b7f7ed1242b76ebb29bf82532430bfb46b360dad8deaff938e5184eee03f,True
d16-c2-h6-s21866817,16,2,21866817,6,10,abdd2f849136dbd21ce7bba431de9892aaf7d51c8f12cd8081a30bd9274ba532,6c740f23759133b475c266b3efbf3ab8158f049b493548a50a390f8cb687a21f,2,lexicographic,0,44127638,300000,30.0,True,solved,0.05185210006311536,603,555,555,2400,1725,30,6,0,0.0,e281b7f7ed1242b76ebb29bf82532430bfb46b360dad8deaff938e5184eee03f,True
d16-c2-h6-s21866817,16,2,21866817,6,10,abdd2f849136dbd21ce7bba431de9892aaf7d51c8f12cd8081a30bd9274ba532,6c740f23759133b475c266b3efbf3ab8158f049b493548a50a390f8cb687a21f,2,all_pair_lexicographic,1,54127657,300000,30.0,True,solved,0.6025587000185624,5361,5313,5313,21368,15703,232,38,2425,0.09311849344521761,e281b7f7ed1242b76ebb29bf82532430bfb46b360dad8deaff938e5184eee03f,True
d16-c2-h6-s21866817,16,2,21866817,6,10,abdd2f849136dbd21ce7bba431de9892aaf7d51c8f12cd8081a30bd9274ba532,6c740f23759133b475c266b3efbf3ab8158f049b493548a50a390f8cb687a21f,2,lexicographic,1,54127657,300000,30.0,True,solved,0.052657200023531914,603,555,555,2400,1725,30,6,0,0.0,e281b7f7ed1242b76ebb29bf82532430bfb46b360dad8deaff938e5184eee03f,True
d16-c2-h6-s21866817,16,2,21866817,6,10,abdd2f849136dbd21ce7bba431de9892aaf7d51c8f12cd8081a30bd9274ba532,6c740f23759133b475c266b3efbf3ab8158f049b493548a50a390f8cb687a21f,2,all_pair_lexicographic,2,64127676,300000,30.0,True,solved,0.5504107000306249,5361,5313,5313,21368,15703,232,38,2425,0.08527410530950874,e281b7f7ed1242b76ebb29bf82532430bfb46b360dad8deaff938e5184eee03f,True
d16-c2-h6-s21866817,16,2,21866817,6,10,abdd2f849136dbd21ce7bba431de9892aaf7d51c8f12cd8081a30bd9274ba532,6c740f23759133b475c266b3efbf3ab8158f049b493548a50a390f8cb687a21f,2,lexicographic,2,64127676,300000,30.0,True,solved,0.05181590002030134,603,555,555,2400,1725,30,6,0,0.0,e281b7f7ed1242b76ebb29bf82532430bfb46b360dad8deaff938e5184eee03f,True
d16-c2-h6-s21866817,16,2,21866817,6,10,abdd2f849136dbd21ce7bba431de9892aaf7d51c8f12cd8081a30bd9274ba532,6c740f23759133b475c266b3efbf3ab8158f049b493548a50a390f8cb687a21f,4,all_pair_lexicographic,0,46127644,300000,30.0,True,solved,0.3541472000069916,1097,1073,1073,16640,15091,308,22,188,0.018702599336393178,e281b7f7ed1242b76ebb29bf82532430bfb46b360dad8deaff938e5184eee03f,True
d16-c2-h6-s21866817,16,2,21866817,6,10,abdd2f849136dbd21ce7bba431de9892aaf7d51c8f12cd8081a30bd9274ba532,6c740f23759133b475c266b3efbf3ab8158f049b493548a50a390f8cb687a21f,4,lexicographic,0,46127644,300000,30.0,True,solved,0.08188850001897663,262,238,238,4048,3620,75,6,0,0.0,e281b7f7ed1242b76ebb29bf82532430bfb46b360dad8deaff938e5184eee03f,True
d16-c2-h6-s21866817,16,2,21866817,6,10,abdd2f849136dbd21ce7bba431de9892aaf7d51c8f12cd8081a30bd9274ba532,6c740f23759133b475c266b3efbf3ab8158f049b493548a50a390f8cb687a21f,4,all_pair_lexicographic,1,56127663,300000,30.0,True,solved,0.32801659998949617,1097,1073,1073,16640,15091,308,22,188,0.017257899744436145,e281b7f7ed1242b76ebb29bf82532430bfb46b360dad8deaff938e5184eee03f,True
d16-c2-h6-s21866817,16,2,21866817,6,10,abdd2f849136dbd21ce7bba431de9892aaf7d51c8f12cd8081a30bd9274ba532,6c740f23759133b475c266b3efbf3ab8158f049b493548a50a390f8cb687a21f,4,lexicographic,1,56127663,300000,30.0,True,solved,0.07744619995355606,262,238,238,4048,3620,75,6,0,0.0,e281b7f7ed1242b76ebb29bf82532430bfb46b360dad8deaff938e5184eee03f,True
d16-c2-h6-s21866817,16,2,21866817,6,10,abdd2f849136dbd21ce7bba431de9892aaf7d51c8f12cd8081a30bd9274ba532,6c740f23759133b475c266b3efbf3ab8158f049b493548a50a390f8cb687a21f,4,all_pair_lexicographic,2,66127682,300000,30.0,True,solved,0.3879497000016272,1097,1073,1073,16640,15091,308,22,188,0.020389300072565675,e281b7f7ed1242b76ebb29bf82532430bfb46b360dad8deaff938e5184eee03f,True
d16-c2-h6-s21866817,16,2,21866817,6,10,abdd2f849136dbd21ce7bba431de9892aaf7d51c8f12cd8081a30bd9274ba532,6c740f23759133b475c266b3efbf3ab8158f049b493548a50a390f8cb687a21f,4,lexicographic,2,66127682,300000,30.0,True,solved,0.08390739990863949,262,238,238,4048,3620,75,6,0,0.0,e281b7f7ed1242b76ebb29bf82532430bfb46b360dad8deaff938e5184eee03f,True
d16-c2-h6-s21866817,16,2,21866817,6,10,abdd2f849136dbd21ce7bba431de9892aaf7d51c8f12cd8081a30bd9274ba532,6c740f23759133b475c266b3efbf3ab8158f049b493548a50a390f8cb687a21f,8,all_pair_lexicographic,0,50127656,300000,30.0,True,solved,3.063826799974777,1065,1053,1053,139648,133305,4367,26,52,0.026439899811521173,e281b7f7ed1242b76ebb29bf82532430bfb46b360dad8deaff938e5184eee03f,True
d16-c2-h6-s21866817,16,2,21866817,6,10,abdd2f849136dbd21ce7bba431de9892aaf7d51c8f12cd8081a30bd9274ba532,6c740f23759133b475c266b3efbf3ab8158f049b493548a50a390f8cb687a21f,8,lexicographic,0,50127656,300000,30.0,True,solved,0.6511107999831438,224,212,212,29440,27973,523,6,0,0.0,e281b7f7ed1242b76ebb29bf82532430bfb46b360dad8deaff938e5184eee03f,True
d16-c2-h6-s21866817,16,2,21866817,6,10,abdd2f849136dbd21ce7bba431de9892aaf7d51c8f12cd8081a30bd9274ba532,6c740f23759133b475c266b3efbf3ab8158f049b493548a50a390f8cb687a21f,8,all_pair_lexicographic,1,60127675,300000,30.0,True,solved,3.0752923999680206,1065,1053,1053,139648,133305,4367,26,52,0.027572099585086107,e281b7f7ed1242b76ebb29bf82532430bfb46b360dad8deaff938e5184eee03f,True
d16-c2-h6-s21866817,16,2,21866817,6,10,abdd2f849136dbd21ce7bba431de9892aaf7d51c8f12cd8081a30bd9274ba532,6c740f23759133b475c266b3efbf3ab8158f049b493548a50a390f8cb687a21f,8,lexicographic,1,60127675,300000,30.0,True,solved,0.6803114999784157,224,212,212,29440,27973,523,6,0,0.0,e281b7f7ed1242b76ebb29bf82532430bfb46b360dad8deaff938e5184eee03f,True
d16-c2-h6-s21866817,16,2,21866817,6,10,abdd2f849136dbd21ce7bba431de9892aaf7d51c8f12cd8081a30bd9274ba532,6c740f23759133b475c266b3efbf3ab8158f049b493548a50a390f8cb687a21f,8,all_pair_lexicographic,2,70127694,300000,30.0,True,solved,3.1495623999508098,1065,1053,1053,139648,133305,4367,26,52,0.030673300265334547,e281b7f7ed1242b76ebb29bf82532430bfb46b360dad8deaff938e5184eee03f,True
d16-c2-h6-s21866817,16,2,21866817,6,10,abdd2f849136dbd21ce7bba431de9892aaf7d51c8f12cd8081a30bd9274ba532,6c740f23759133b475c266b3efbf3ab8158f049b493548a50a390f8cb687a21f,8,lexicographic,2,70127694,300000,30.0,True,solved,0.6374517999356613,224,212,212,29440,27973,523,6,0,0.0,e281b7f7ed1242b76ebb29bf82532430bfb46b360dad8deaff938e5184eee03f,True
d16-c3-h6-s21866818,16,3,21866818,6,10,aa36838f7ba9fffb358fb0923ef550233bebb9e3d5267fc9e0fe723f7cc6ac07,99fd1d3867001450f5bb49d404b1ebf18bb1a4e57d09dd4c5b1f20beb60899bb,2,all_pair_lexicographic,0,44127639,300000,30.0,True,solved,0.49088479997590184,4927,4879,4879,19636,14407,224,36,2247,0.0766912973485887,2557890da0617d0b6cefe3634ee3ab48fa917abbb4a0f32fe7b4802be9f46b6f,True
d16-c3-h6-s21866818,16,3,21866818,6,10,aa36838f7ba9fffb358fb0923ef550233bebb9e3d5267fc9e0fe723f7cc6ac07,99fd1d3867001450f5bb49d404b1ebf18bb1a4e57d09dd4c5b1f20beb60899bb,2,lexicographic,0,44127639,300000,30.0,True,solved,0.051617000019177794,611,563,563,2432,1749,27,6,0,0.0,2557890da0617d0b6cefe3634ee3ab48fa917abbb4a0f32fe7b4802be9f46b6f,True
d16-c3-h6-s21866818,16,3,21866818,6,10,aa36838f7ba9fffb358fb0923ef550233bebb9e3d5267fc9e0fe723f7cc6ac07,99fd1d3867001450f5bb49d404b1ebf18bb1a4e57d09dd4c5b1f20beb60899bb,2,all_pair_lexicographic,1,54127658,300000,30.0,True,solved,0.4918864000355825,4927,4879,4879,19636,14407,224,36,2247,0.07707240141462535,2557890da0617d0b6cefe3634ee3ab48fa917abbb4a0f32fe7b4802be9f46b6f,True
d16-c3-h6-s21866818,16,3,21866818,6,10,aa36838f7ba9fffb358fb0923ef550233bebb9e3d5267fc9e0fe723f7cc6ac07,99fd1d3867001450f5bb49d404b1ebf18bb1a4e57d09dd4c5b1f20beb60899bb,2,lexicographic,1,54127658,300000,30.0,True,solved,0.05139150004833937,611,563,563,2432,1749,27,6,0,0.0,2557890da0617d0b6cefe3634ee3ab48fa917abbb4a0f32fe7b4802be9f46b6f,True
d16-c3-h6-s21866818,16,3,21866818,6,10,aa36838f7ba9fffb358fb0923ef550233bebb9e3d5267fc9e0fe723f7cc6ac07,99fd1d3867001450f5bb49d404b1ebf18bb1a4e57d09dd4c5b1f20beb60899bb,2,all_pair_lexicographic,2,64127677,300000,30.0,True,solved,0.5002441999968141,4927,4879,4879,19636,14407,224,36,2247,0.07690069731324911,2557890da0617d0b6cefe3634ee3ab48fa917abbb4a0f32fe7b4802be9f46b6f,True
d16-c3-h6-s21866818,16,3,21866818,6,10,aa36838f7ba9fffb358fb0923ef550233bebb9e3d5267fc9e0fe723f7cc6ac07,99fd1d3867001450f5bb49d404b1ebf18bb1a4e57d09dd4c5b1f20beb60899bb,2,lexicographic,2,64127677,300000,30.0,True,solved,0.05043379997368902,611,563,563,2432,1749,27,6,0,0.0,2557890da0617d0b6cefe3634ee3ab48fa917abbb4a0f32fe7b4802be9f46b6f,True
d16-c3-h6-s21866818,16,3,21866818,6,10,aa36838f7ba9fffb358fb0923ef550233bebb9e3d5267fc9e0fe723f7cc6ac07,99fd1d3867001450f5bb49d404b1ebf18bb1a4e57d09dd4c5b1f20beb60899bb,4,all_pair_lexicographic,0,46127645,300000,30.0,True,solved,0.43987920007202774,1301,1277,1277,20136,18270,428,27,207,0.022051700623705983,2557890da0617d0b6cefe3634ee3ab48fa917abbb4a0f32fe7b4802be9f46b6f,True
d16-c3-h6-s21866818,16,3,21866818,6,10,aa36838f7ba9fffb358fb0923ef550233bebb9e3d5267fc9e0fe723f7cc6ac07,99fd1d3867001450f5bb49d404b1ebf18bb1a4e57d09dd4c5b1f20beb60899bb,4,lexicographic,0,46127645,300000,30.0,True,solved,0.07537789992056787,267,243,243,4096,3662,75,6,0,0.0,2557890da0617d0b6cefe3634ee3ab48fa917abbb4a0f32fe7b4802be9f46b6f,True
d16-c3-h6-s21866818,16,3,21866818,6,10,aa36838f7ba9fffb358fb0923ef550233bebb9e3d5267fc9e0fe723f7cc6ac07,99fd1d3867001450f5bb49d404b1ebf18bb1a4e57d09dd4c5b1f20beb60899bb,4,all_pair_lexicographic,1,56127664,300000,30.0,True,solved,0.4252162000630051,1301,1277,1277,20136,18270,428,27,207,0.02105849958024919,2557890da0617d0b6cefe3634ee3ab48fa917abbb4a0f32fe7b4802be9f46b6f,True
d16-c3-h6-s21866818,16,3,21866818,6,10,aa36838f7ba9fffb358fb0923ef550233bebb9e3d5267fc9e0fe723f7cc6ac07,99fd1d3867001450f5bb49d404b1ebf18bb1a4e57d09dd4c5b1f20beb60899bb,4,lexicographic,1,56127664,300000,30.0,True,solved,0.078876500017941,267,243,243,4096,3662,75,6,0,0.0,2557890da0617d0b6cefe3634ee3ab48fa917abbb4a0f32fe7b4802be9f46b6f,True
d16-c3-h6-s21866818,16,3,21866818,6,10,aa36838f7ba9fffb358fb0923ef550233bebb9e3d5267fc9e0fe723f7cc6ac07,99fd1d3867001450f5bb49d404b1ebf18bb1a4e57d09dd4c5b1f20beb60899bb,4,all_pair_lexicographic,2,66127683,300000,30.0,True,solved,0.40867740008980036,1301,1277,1277,20136,18270,428,27,207,0.01988019875716418,2557890da0617d0b6cefe3634ee3ab48fa917abbb4a0f32fe7b4802be9f46b6f,True
d16-c3-h6-s21866818,16,3,21866818,6,10,aa36838f7ba9fffb358fb0923ef550233bebb9e3d5267fc9e0fe723f7cc6ac07,99fd1d3867001450f5bb49d404b1ebf18bb1a4e57d09dd4c5b1f20beb60899bb,4,lexicographic,2,66127683,300000,30.0,True,solved,0.07690099999308586,267,243,243,4096,3662,75,6,0,0.0,2557890da0617d0b6cefe3634ee3ab48fa917abbb4a0f32fe7b4802be9f46b6f,True
d16-c3-h6-s21866818,16,3,21866818,6,10,aa36838f7ba9fffb358fb0923ef550233bebb9e3d5267fc9e0fe723f7cc6ac07,99fd1d3867001450f5bb49d404b1ebf18bb1a4e57d09dd4c5b1f20beb60899bb,8,all_pair_lexicographic,0,50127657,300000,30.0,True,solved,3.6841955999843776,1186,1174,1174,155648,148335,5254,30,60,0.0335649992339313,2557890da0617d0b6cefe3634ee3ab48fa917abbb4a0f32fe7b4802be9f46b6f,True
d16-c3-h6-s21866818,16,3,21866818,6,10,aa36838f7ba9fffb358fb0923ef550233bebb9e3d5267fc9e0fe723f7cc6ac07,99fd1d3867001450f5bb49d404b1ebf18bb1a4e57d09dd4c5b1f20beb60899bb,8,lexicographic,0,50127657,300000,30.0,True,solved,0.6325050999876112,225,213,213,29568,28101,565,6,0,0.0,2557890da0617d0b6cefe3634ee3ab48fa917abbb4a0f32fe7b4802be9f46b6f,True
d16-c3-h6-s21866818,16,3,21866818,6,10,aa36838f7ba9fffb358fb0923ef550233bebb9e3d5267fc9e0fe723f7cc6ac07,99fd1d3867001450f5bb49d404b1ebf18bb1a4e57d09dd4c5b1f20beb60899bb,8,all_pair_lexicographic,1,60127676,300000,30.0,True,solved,3.9268537000752985,1186,1174,1174,155648,148335,5254,30,60,0.03387809975538403,2557890da0617d0b6cefe3634ee3ab48fa917abbb4a0f32fe7b4802be9f46b6f,True
d16-c3-h6-s21866818,16,3,21866818,6,10,aa36838f7ba9fffb358fb0923ef550233bebb9e3d5267fc9e0fe723f7cc6ac07,99fd1d3867001450f5bb49d404b1ebf18bb1a4e57d09dd4c5b1f20beb60899bb,8,lexicographic,1,60127676,300000,30.0,True,solved,0.6241584999952465,225,213,213,29568,28101,565,6,0,0.0,2557890da0617d0b6cefe3634ee3ab48fa917abbb4a0f32fe7b4802be9f46b6f,True
d16-c3-h6-s21866818,16,3,21866818,6,10,aa36838f7ba9fffb358fb0923ef550233bebb9e3d5267fc9e0fe723f7cc6ac07,99fd1d3867001450f5bb49d404b1ebf18bb1a4e57d09dd4c5b1f20beb60899bb,8,all_pair_lexicographic,2,70127695,300000,30.0,True,solved,3.906032899976708,1186,1174,1174,155648,148335,5254,30,60,0.03057290054857731,2557890da0617d0b6cefe3634ee3ab48fa917abbb4a0f32fe7b4802be9f46b6f,True
d16-c3-h6-s21866818,16,3,21866818,6,10,aa36838f7ba9fffb358fb0923ef550233bebb9e3d5267fc9e0fe723f7cc6ac07,99fd1d3867001450f5bb49d404b1ebf18bb1a4e57d09dd4c5b1f20beb60899bb,8,lexicographic,2,70127695,300000,30.0,True,solved,0.6430652999551967,225,213,213,29568,28101,565,6,0,0.0,2557890da0617d0b6cefe3634ee3ab48fa917abbb4a0f32fe7b4802be9f46b6f,True
d16-c4-h6-s21866819,16,4,21866819,6,10,49df4d71104a22b55be2adb4ed4c0f44ba042b22c5202c3fc3d08404b70540b4,8a2f5580f7f8236f680831fc45e08be07bf0e47ae71847a2dc3ec2b4556912ce,2,all_pair_lexicographic,0,44127640,300000,30.0,True,solved,0.33225220011081547,3037,2989,2989,12108,8897,98,20,1330,0.05229370144661516,64ec8a044ee8a92b82292bc911d8db26d859283c05111be408462424613d651f,True
d16-c4-h6-s21866819,16,4,21866819,6,10,49df4d71104a22b55be2adb4ed4c0f44ba042b22c5202c3fc3d08404b70540b4,8a2f5580f7f8236f680831fc45e08be07bf0e47ae71847a2dc3ec2b4556912ce,2,lexicographic,0,44127640,300000,30.0,True,solved,0.05426519992761314,575,527,527,2288,1638,30,6,0,0.0,64ec8a044ee8a92b82292bc911d8db26d859283c05111be408462424613d651f,True
d16-c4-h6-s21866819,16,4,21866819,6,10,49df4d71104a22b55be2adb4ed4c0f44ba042b22c5202c3fc3d08404b70540b4,8a2f5580f7f8236f680831fc45e08be07bf0e47ae71847a2dc3ec2b4556912ce,2,all_pair_lexicographic,1,54127659,300000,30.0,True,solved,0.3237163999583572,3037,2989,2989,12108,8897,98,20,1330,0.050121000153012574,64ec8a044ee8a92b82292bc911d8db26d859283c05111be408462424613d651f,True
d16-c4-h6-s21866819,16,4,21866819,6,10,49df4d71104a22b55be2adb4ed4c0f44ba042b22c5202c3fc3d08404b70540b4,8a2f5580f7f8236f680831fc45e08be07bf0e47ae71847a2dc3ec2b4556912ce,2,lexicographic,1,54127659,300000,30.0,True,solved,0.05256240000016987,575,527,527,2288,1638,30,6,0,0.0,64ec8a044ee8a92b82292bc911d8db26d859283c05111be408462424613d651f,True
d16-c4-h6-s21866819,16,4,21866819,6,10,49df4d71104a22b55be2adb4ed4c0f44ba042b22c5202c3fc3d08404b70540b4,8a2f5580f7f8236f680831fc45e08be07bf0e47ae71847a2dc3ec2b4556912ce,2,all_pair_lexicographic,2,64127678,300000,30.0,True,solved,0.3568139000562951,3037,2989,2989,12108,8897,98,20,1330,0.05482289521023631,64ec8a044ee8a92b82292bc911d8db26d859283c05111be408462424613d651f,True
d16-c4-h6-s21866819,16,4,21866819,6,10,49df4d71104a22b55be2adb4ed4c0f44ba042b22c5202c3fc3d08404b70540b4,8a2f5580f7f8236f680831fc45e08be07bf0e47ae71847a2dc3ec2b4556912ce,2,lexicographic,2,64127678,300000,30.0,True,solved,0.05097900005057454,575,527,527,2288,1638,30,6,0,0.0,64ec8a044ee8a92b82292bc911d8db26d859283c05111be408462424613d651f,True
d16-c4-h6-s21866819,16,4,21866819,6,10,49df4d71104a22b55be2adb4ed4c0f44ba042b22c5202c3fc3d08404b70540b4,8a2f5580f7f8236f680831fc45e08be07bf0e47ae71847a2dc3ec2b4556912ce,4,all_pair_lexicographic,0,46127646,300000,30.0,True,solved,0.8462834999663755,2778,2754,2754,42424,38900,602,39,400,0.04087640100624412,64ec8a044ee8a92b82292bc911d8db26d859283c05111be408462424613d651f,True
d16-c4-h6-s21866819,16,4,21866819,6,10,49df4d71104a22b55be2adb4ed4c0f44ba042b22c5202c3fc3d08404b70540b4,8a2f5580f7f8236f680831fc45e08be07bf0e47ae71847a2dc3ec2b4556912ce,4,lexicographic,0,46127646,300000,30.0,True,solved,0.0788830000674352,268,244,244,4104,3672,62,6,0,0.0,64ec8a044ee8a92b82292bc911d8db26d859283c05111be408462424613d651f,True
d16-c4-h6-s21866819,16,4,21866819,6,10,49df4d71104a22b55be2adb4ed4c0f44ba042b22c5202c3fc3d08404b70540b4,8a2f5580f7f8236f680831fc45e08be07bf0e47ae71847a2dc3ec2b4556912ce,4,all_pair_lexicographic,1,56127665,300000,30.0,True,solved,0.8336693999590352,2778,2754,2754,42424,38900,602,39,400,0.04237699857912958,64ec8a044ee8a92b82292bc911d8db26d859283c05111be408462424613d651f,True
d16-c4-h6-s21866819,16,4,21866819,6,10,49df4d71104a22b55be2adb4ed4c0f44ba042b22c5202c3fc3d08404b70540b4,8a2f5580f7f8236f680831fc45e08be07bf0e47ae71847a2dc3ec2b4556912ce,4,lexicographic,1,56127665,300000,30.0,True,solved,0.0960701999720186,268,244,244,4104,3672,62,6,0,0.0,64ec8a044ee8a92b82292bc911d8db26d859283c05111be408462424613d651f,True
d16-c4-h6-s21866819,16,4,21866819,6,10,49df4d71104a22b55be2adb4ed4c0f44ba042b22c5202c3fc3d08404b70540b4,8a2f5580f7f8236f680831fc45e08be07bf0e47ae71847a2dc3ec2b4556912ce,4,all_pair_lexicographic,2,66127684,300000,30.0,True,solved,0.9214784000068903,2778,2754,2754,42424,38900,602,39,400,0.04320519894827157,64ec8a044ee8a92b82292bc911d8db26d859283c05111be408462424613d651f,True
d16-c4-h6-s21866819,16,4,21866819,6,10,49df4d71104a22b55be2adb4ed4c0f44ba042b22c5202c3fc3d08404b70540b4,8a2f5580f7f8236f680831fc45e08be07bf0e47ae71847a2dc3ec2b4556912ce,4,lexicographic,2,66127684,300000,30.0,True,solved,0.07761919999029487,268,244,244,4104,3672,62,6,0,0.0,64ec8a044ee8a92b82292bc911d8db26d859283c05111be408462424613d651f,True
d16-c4-h6-s21866819,16,4,21866819,6,10,49df4d71104a22b55be2adb4ed4c0f44ba042b22c5202c3fc3d08404b70540b4,8a2f5580f7f8236f680831fc45e08be07bf0e47ae71847a2dc3ec2b4556912ce,8,all_pair_lexicographic,0,50127658,300000,30.0,True,solved,9.63594780000858,2948,2936,2936,383488,371766,7745,48,96,0.06099590065423399,64ec8a044ee8a92b82292bc911d8db26d859283c05111be408462424613d651f,True
d16-c4-h6-s21866819,16,4,21866819,6,10,49df4d71104a22b55be2adb4ed4c0f44ba042b22c5202c3fc3d08404b70540b4,8a2f5580f7f8236f680831fc45e08be07bf0e47ae71847a2dc3ec2b4556912ce,8,lexicographic,0,50127658,300000,30.0,True,solved,0.672385900048539,225,213,213,29568,28101,399,6,0,0.0,64ec8a044ee8a92b82292bc911d8db26d859283c05111be408462424613d651f,True
d16-c4-h6-s21866819,16,4,21866819,6,10,49df4d71104a22b55be2adb4ed4c0f44ba042b22c5202c3fc3d08404b70540b4,8a2f5580f7f8236f680831fc45e08be07bf0e47ae71847a2dc3ec2b4556912ce,8,all_pair_lexicographic,1,60127677,300000,30.0,True,solved,9.700277099967934,2948,2936,2936,383488,371766,7745,48,96,0.06617479992564768,64ec8a044ee8a92b82292bc911d8db26d859283c05111be408462424613d651f,True
d16-c4-h6-s21866819,16,4,21866819,6,10,49df4d71104a22b55be2adb4ed4c0f44ba042b22c5202c3fc3d08404b70540b4,8a2f5580f7f8236f680831fc45e08be07bf0e47ae71847a2dc3ec2b4556912ce,8,lexicographic,1,60127677,300000,30.0,True,solved,0.7222914999583736,225,213,213,29568,28101,399,6,0,0.0,64ec8a044ee8a92b82292bc911d8db26d859283c05111be408462424613d651f,True
d16-c4-h6-s21866819,16,4,21866819,6,10,49df4d71104a22b55be2adb4ed4c0f44ba042b22c5202c3fc3d08404b70540b4,8a2f5580f7f8236f680831fc45e08be07bf0e47ae71847a2dc3ec2b4556912ce,8,all_pair_lexicographic,2,70127696,300000,30.0,True,solved,9.908241599914618,2948,2936,2936,383488,371766,7745,48,96,0.06301399960648268,64ec8a044ee8a92b82292bc911d8db26d859283c05111be408462424613d651f,True
d16-c4-h6-s21866819,16,4,21866819,6,10,49df4d71104a22b55be2adb4ed4c0f44ba042b22c5202c3fc3d08404b70540b4,8a2f5580f7f8236f680831fc45e08be07bf0e47ae71847a2dc3ec2b4556912ce,8,lexicographic,2,70127696,300000,30.0,True,solved,0.7053199999500066,225,213,213,29568,28101,399,6,0,0.0,64ec8a044ee8a92b82292bc911d8db26d859283c05111be408462424613d651f,True
d20-c0-h4-s22264815,20,0,22264815,4,16,0d5f399c0c571861c05e470ad9a1bfa5c2ccc2918143ba0e336b4725d2ccc1e0,2d52ad7420551bc7d387999b608d10ca3d7b3d9abf107583813d20e4bc22e774,2,all_pair_lexicographic,0,44525636,300000,30.0,True,solved,1.3629787999670953,7843,7803,7803,31352,23382,56,10,3066,0.20224600087385625,28161c22a9485931d73601adf47d7ffcbe9376194afaf9d6cf73365a8e585c11,True
d20-c0-h4-s22264815,20,0,22264815,4,16,0d5f399c0c571861c05e470ad9a1bfa5c2ccc2918143ba0e336b4725d2ccc1e0,2d52ad7420551bc7d387999b608d10ca3d7b3d9abf107583813d20e4bc22e774,2,lexicographic,0,44525636,300000,30.0,True,solved,0.4894524000119418,3712,3672,3672,14840,11072,19,4,0,0.0,28161c22a9485931d73601adf47d7ffcbe9376194afaf9d6cf73365a8e585c11,True
d20-c0-h4-s22264815,20,0,22264815,4,16,0d5f399c0c571861c05e470ad9a1bfa5c2ccc2918143ba0e336b4725d2ccc1e0,2d52ad7420551bc7d387999b608d10ca3d7b3d9abf107583813d20e4bc22e774,2,all_pair_lexicographic,1,54525655,300000,30.0,True,solved,1.5145513999741524,7843,7803,7803,31352,23382,56,10,3066,0.2233688966371119,28161c22a9485931d73601adf47d7ffcbe9376194afaf9d6cf73365a8e585c11,True
d20-c0-h4-s22264815,20,0,22264815,4,16,0d5f399c0c571861c05e470ad9a1bfa5c2ccc2918143ba0e336b4725d2ccc1e0,2d52ad7420551bc7d387999b608d10ca3d7b3d9abf107583813d20e4bc22e774,2,lexicographic,1,54525655,300000,30.0,True,solved,0.4635861999122426,3712,3672,3672,14840,11072,19,4,0,0.0,28161c22a9485931d73601adf47d7ffcbe9376194afaf9d6cf73365a8e585c11,True
d20-c0-h4-s22264815,20,0,22264815,4,16,0d5f399c0c571861c05e470ad9a1bfa5c2ccc2918143ba0e336b4725d2ccc1e0,2d52ad7420551bc7d387999b608d10ca3d7b3d9abf107583813d20e4bc22e774,2,all_pair_lexicographic,2,64525674,300000,30.0,True,solved,1.316364899976179,7843,7803,7803,31352,23382,56,10,3066,0.1964658001670614,28161c22a9485931d73601adf47d7ffcbe9376194afaf9d6cf73365a8e585c11,True
d20-c0-h4-s22264815,20,0,22264815,4,16,0d5f399c0c571861c05e470ad9a1bfa5c2ccc2918143ba0e336b4725d2ccc1e0,2d52ad7420551bc7d387999b608d10ca3d7b3d9abf107583813d20e4bc22e774,2,lexicographic,2,64525674,300000,30.0,True,solved,0.6473944999743253,3712,3672,3672,14840,11072,19,4,0,0.0,28161c22a9485931d73601adf47d7ffcbe9376194afaf9d6cf73365a8e585c11,True
d20-c0-h4-s22264815,20,0,22264815,4,16,0d5f399c0c571861c05e470ad9a1bfa5c2ccc2918143ba0e336b4725d2ccc1e0,2d52ad7420551bc7d387999b608d10ca3d7b3d9abf107583813d20e4bc22e774,4,all_pair_lexicographic,0,46525642,300000,30.0,True,solved,2.2670981000410393,4322,4302,4302,69040,64398,173,10,456,0.10108659986872226,28161c22a9485931d73601adf47d7ffcbe9376194afaf9d6cf73365a8e585c11,True
d20-c0-h4-s22264815,20,0,22264815,4,16,0d5f399c0c571861c05e470ad9a1bfa5c2ccc2918143ba0e336b4725d2ccc1e0,2d52ad7420551bc7d387999b608d10ca3d7b3d9abf107583813d20e4bc22e774,4,lexicographic,0,46525642,300000,30.0,True,solved,1.2296278000576422,2423,2403,2403,38728,36177,45,4,0,0.0,28161c22a9485931d73601adf47d7ffcbe9376194afaf9d6cf73365a8e585c11,True
d20-c0-h4-s22264815,20,0,22264815,4,16,0d5f399c0c571861c05e470ad9a1bfa5c2ccc2918143ba0e336b4725d2ccc1e0,2d52ad7420551bc7d387999b608d10ca3d7b3d9abf107583813d20e4bc22e774,4,all_pair_lexicographic,1,56525661,300000,30.0,True,solved,2.374811499961652,4322,4302,4302,69040,64398,173,10,456,0.10533029900398105,28161c22a9485931d73601adf47d7ffcbe9376194afaf9d6cf73365a8e585c11,True
d20-c0-h4-s22264815,20,0,22264815,4,16,0d5f399c0c571861c05e470ad9a1bfa5c2ccc2918143ba0e336b4725d2ccc1e0,2d52ad7420551bc7d387999b608d10ca3d7b3d9abf107583813d20e4bc22e774,4,lexicographic,1,56525661,300000,30.0,True,solved,1.195868199924007,2423,2403,2403,38728,36177,45,4,0,0.0,28161c22a9485931d73601adf47d7ffcbe9376194afaf9d6cf73365a8e585c11,True
d20-c0-h4-s22264815,20,0,22264815,4,16,0d5f399c0c571861c05e470ad9a1bfa5c2ccc2918143ba0e336b4725d2ccc1e0,2d52ad7420551bc7d387999b608d10ca3d7b3d9abf107583813d20e4bc22e774,4,all_pair_lexicographic,2,66525680,300000,30.0,True,solved,2.332974100019783,4322,4302,4302,69040,64398,173,10,456,0.10205960075836629,28161c22a9485931d73601adf47d7ffcbe9376194afaf9d6cf73365a8e585c11,True
d20-c0-h4-s22264815,20,0,22264815,4,16,0d5f399c0c571861c05e470ad9a1bfa5c2ccc2918143ba0e336b4725d2ccc1e0,2d52ad7420551bc7d387999b608d10ca3d7b3d9abf107583813d20e4bc22e774,4,lexicographic,2,66525680,300000,30.0,True,solved,1.138106899918057,2423,2403,2403,38728,36177,45,4,0,0.0,28161c22a9485931d73601adf47d7ffcbe9376194afaf9d6cf73365a8e585c11,True
d20-c0-h4-s22264815,20,0,22264815,4,16,0d5f399c0c571861c05e470ad9a1bfa5c2ccc2918143ba0e336b4725d2ccc1e0,2d52ad7420551bc7d387999b608d10ca3d7b3d9abf107583813d20e4bc22e774,8,all_pair_lexicographic,0,50525654,300000,30.0,True,solved,3.1987274000421166,330,318,318,81752,79427,1392,9,27,0.02027300000190735,28161c22a9485931d73601adf47d7ffcbe9376194afaf9d6cf73365a8e585c11,True
d20-c0-h4-s22264815,20,0,22264815,4,16,0d5f399c0c571861c05e470ad9a1bfa5c2ccc2918143ba0e336b4725d2ccc1e0,2d52ad7420551bc7d387999b608d10ca3d7b3d9abf107583813d20e4bc22e774,8,lexicographic,0,50525654,300000,30.0,True,solved,2.2588022999698296,233,221,221,58408,57375,414,4,0,0.0,28161c22a9485931d73601adf47d7ffcbe9376194afaf9d6cf73365a8e585c11,True
d20-c0-h4-s22264815,20,0,22264815,4,16,0d5f399c0c571861c05e470ad9a1bfa5c2ccc2918143ba0e336b4725d2ccc1e0,2d52ad7420551bc7d387999b608d10ca3d7b3d9abf107583813d20e4bc22e774,8,all_pair_lexicographic,1,60525673,300000,30.0,True,solved,3.212782199960202,330,318,318,81752,79427,1392,9,27,0.023543100571259856,28161c22a9485931d73601adf47d7ffcbe9376194afaf9d6cf73365a8e585c11,True
d20-c0-h4-s22264815,20,0,22264815,4,16,0d5f399c0c571861c05e470ad9a1bfa5c2ccc2918143ba0e336b4725d2ccc1e0,2d52ad7420551bc7d387999b608d10ca3d7b3d9abf107583813d20e4bc22e774,8,lexicographic,1,60525673,300000,30.0,True,solved,2.0814094999805093,233,221,221,58408,57375,414,4,0,0.0,28161c22a9485931d73601adf47d7ffcbe9376194afaf9d6cf73365a8e585c11,True
d20-c0-h4-s22264815,20,0,22264815,4,16,0d5f399c0c571861c05e470ad9a1bfa5c2ccc2918143ba0e336b4725d2ccc1e0,2d52ad7420551bc7d387999b608d10ca3d7b3d9abf107583813d20e4bc22e774,8,all_pair_lexicographic,2,70525692,300000,30.0,True,solved,3.1898177000693977,330,318,318,81752,79427,1392,9,27,0.021524299983866513,28161c22a9485931d73601adf47d7ffcbe9376194afaf9d6cf73365a8e585c11,True
d20-c0-h4-s22264815,20,0,22264815,4,16,0d5f399c0c571861c05e470ad9a1bfa5c2ccc2918143ba0e336b4725d2ccc1e0,2d52ad7420551bc7d387999b608d10ca3d7b3d9abf107583813d20e4bc22e774,8,lexicographic,2,70525692,300000,30.0,True,solved,2.1812538999365643,233,221,221,58408,57375,414,4,0,0.0,28161c22a9485931d73601adf47d7ffcbe9376194afaf9d6cf73365a8e585c11,True
d20-c0-h4-s22264818,20,0,22264818,4,16,9e8635273dd192cf0b7fc14bf604c4fe002e9dc3584200ca2dc19db43079f579,6decd09cc1b5a8194264c2e05efd20e483029ef8984c0fb4fccd6da4aaea66d2,2,all_pair_lexicographic,0,44525639,300000,30.0,True,solved,2.4309013999300078,14019,13979,13979,56054,41898,69,11,5510,0.36340639740228653,faa5aaee447b3ead851f9e814df3767b2553880ae28778987e5895c4c7b0d2e9,True
d20-c0-h4-s22264818,20,0,22264818,4,16,9e8635273dd192cf0b7fc14bf604c4fe002e9dc3584200ca2dc19db43079f579,6decd09cc1b5a8194264c2e05efd20e483029ef8984c0fb4fccd6da4aaea66d2,2,lexicographic,0,44525639,300000,30.0,True,solved,0.40798099990934134,3049,3009,3009,12188,9080,22,4,0,0.0,faa5aaee447b3ead851f9e814df3767b2553880ae28778987e5895c4c7b0d2e9,True
d20-c0-h4-s22264818,20,0,22264818,4,16,9e8635273dd192cf0b7fc14bf604c4fe002e9dc3584200ca2dc19db43079f579,6decd09cc1b5a8194264c2e05efd20e483029ef8984c0fb4fccd6da4aaea66d2,2,all_pair_lexicographic,1,54525658,300000,30.0,True,solved,2.2796930000185966,14019,13979,13979,56054,41898,69,11,5510,0.3376448027556762,faa5aaee447b3ead851f9e814df3767b2553880ae28778987e5895c4c7b0d2e9,True
d20-c0-h4-s22264818,20,0,22264818,4,16,9e8635273dd192cf0b7fc14bf604c4fe002e9dc3584200ca2dc19db43079f579,6decd09cc1b5a8194264c2e05efd20e483029ef8984c0fb4fccd6da4aaea66d2,2,lexicographic,1,54525658,300000,30.0,True,solved,0.40821410005446523,3049,3009,3009,12188,9080,22,4,0,0.0,faa5aaee447b3ead851f9e814df3767b2553880ae28778987e5895c4c7b0d2e9,True
d20-c0-h4-s22264818,20,0,22264818,4,16,9e8635273dd192cf0b7fc14bf604c4fe002e9dc3584200ca2dc19db43079f579,6decd09cc1b5a8194264c2e05efd20e483029ef8984c0fb4fccd6da4aaea66d2,2,all_pair_lexicographic,2,64525677,300000,30.0,True,solved,2.341622899984941,14019,13979,13979,56054,41898,69,11,5510,0.35163279459811747,faa5aaee447b3ead851f9e814df3767b2553880ae28778987e5895c4c7b0d2e9,True
d20-c0-h4-s22264818,20,0,22264818,4,16,9e8635273dd192cf0b7fc14bf604c4fe002e9dc3584200ca2dc19db43079f579,6decd09cc1b5a8194264c2e05efd20e483029ef8984c0fb4fccd6da4aaea66d2,2,lexicographic,2,64525677,300000,30.0,True,solved,0.4205167000181973,3049,3009,3009,12188,9080,22,4,0,0.0,faa5aaee447b3ead851f9e814df3767b2553880ae28778987e5895c4c7b0d2e9,True
d20-c0-h4-s22264818,20,0,22264818,4,16,9e8635273dd192cf0b7fc14bf604c4fe002e9dc3584200ca2dc19db43079f579,6decd09cc1b5a8194264c2e05efd20e483029ef8984c0fb4fccd6da4aaea66d2,4,all_pair_lexicographic,0,46525645,300000,30.0,True,solved,4.67276290000882,8916,8896,8896,142496,133265,160,12,927,0.20481749961618334,faa5aaee447b3ead851f9e814df3767b2553880ae28778987e5895c4c7b0d2e9,True
d20-c0-h4-s22264818,20,0,22264818,4,16,9e8635273dd192cf0b7fc14bf604c4fe002e9dc3584200ca2dc19db43079f579,6decd09cc1b5a8194264c2e05efd20e483029ef8984c0fb4fccd6da4aaea66d2,4,lexicographic,0,46525645,300000,30.0,True,solved,1.0789366000099108,2019,1999,1999,32248,30091,51,4,0,0.0,faa5aaee447b3ead851f9e814df3767b2553880ae28778987e5895c4c7b0d2e9,True
d20-c0-h4-s22264818,20,0,22264818,4,16,9e8635273dd192cf0b7fc14bf604c4fe002e9dc3584200ca2dc19db43079f579,6decd09cc1b5a8194264c2e05efd20e483029ef8984c0fb4fccd6da4aaea66d2,4,all_pair_lexicographic,1,56525664,300000,30.0,True,solved,4.522263100021519,8916,8896,8896,142496,133265,160,12,927,0.1993389994604513,faa5aaee447b3ead851f9e814df3767b2553880ae28778987e5895c4c7b0d2e9,True
d20-c0-h4-s22264818,20,0,22264818,4,16,9e8635273dd192cf0b7fc14bf604c4fe002e9dc3584200ca2dc19db43079f579,6decd09cc1b5a8194264c2e05efd20e483029ef8984c0fb4fccd6da4aaea66d2,4,lexicographic,1,56525664,300000,30.0,True,solved,1.0744827000889927,2019,1999,1999,32248,30091,51,4,0,0.0,faa5aaee447b3ead851f9e814df3767b2553880ae28778987e5895c4c7b0d2e9,True
d20-c0-h4-s22264818,20,0,22264818,4,16,9e8635273dd192cf0b7fc14bf604c4fe002e9dc3584200ca2dc19db43079f579,6decd09cc1b5a8194264c2e05efd20e483029ef8984c0fb4fccd6da4aaea66d2,4,all_pair_lexicographic,2,66525683,300000,30.0,True,solved,4.533144899993204,8916,8896,8896,142496,133265,160,12,927,0.1982198996702209,faa5aaee447b3ead851f9e814df3767b2553880ae28778987e5895c4c7b0d2e9,True
d20-c0-h4-s22264818,20,0,22264818,4,16,9e8635273dd192cf0b7fc14bf604c4fe002e9dc3584200ca2dc19db43079f579,6decd09cc1b5a8194264c2e05efd20e483029ef8984c0fb4fccd6da4aaea66d2,4,lexicographic,2,66525683,300000,30.0,True,solved,1.093091200105846,2019,1999,1999,32248,30091,51,4,0,0.0,faa5aaee447b3ead851f9e814df3767b2553880ae28778987e5895c4c7b0d2e9,True
d20-c0-h4-s22264818,20,0,22264818,4,16,9e8635273dd192cf0b7fc14bf604c4fe002e9dc3584200ca2dc19db43079f579,6decd09cc1b5a8194264c2e05efd20e483029ef8984c0fb4fccd6da4aaea66d2,8,all_pair_lexicographic,0,50525657,300000,30.0,True,solved,2.4735420999350026,258,246,246,64312,62505,756,7,21,0.021570699522271752,faa5aaee447b3ead851f9e814df3767b2553880ae28778987e5895c4c7b0d2e9,True
d20-c0-h4-s22264818,20,0,22264818,4,16,9e8635273dd192cf0b7fc14bf604c4fe002e9dc3584200ca2dc19db43079f579,6decd09cc1b5a8194264c2e05efd20e483029ef8984c0fb4fccd6da4aaea66d2,8,lexicographic,0,50525657,300000,30.0,True,solved,1.8158614001004025,193,181,181,47672,46637,226,4,0,0.0,faa5aaee447b3ead851f9e814df3767b2553880ae28778987e5895c4c7b0d2e9,True
d20-c0-h4-s22264818,20,0,22264818,4,16,9e8635273dd192cf0b7fc14bf604c4fe002e9dc3584200ca2dc19db43079f579,6decd09cc1b5a8194264c2e05efd20e483029ef8984c0fb4fccd6da4aaea66d2,8,all_pair_lexicographic,1,60525676,300000,30.0,True,solved,2.5256055999780074,258,246,246,64312,62505,756,7,21,0.02096200012601912,faa5aaee447b3ead851f9e814df3767b2553880ae28778987e5895c4c7b0d2e9,True
d20-c0-h4-s22264818,20,0,22264818,4,16,9e8635273dd192cf0b7fc14bf604c4fe002e9dc3584200ca2dc19db43079f579,6decd09cc1b5a8194264c2e05efd20e483029ef8984c0fb4fccd6da4aaea66d2,8,lexicographic,1,60525676,300000,30.0,True,solved,1.755145600065589,193,181,181,47672,46637,226,4,0,0.0,faa5aaee447b3ead851f9e814df3767b2553880ae28778987e5895c4c7b0d2e9,True
d20-c0-h4-s22264818,20,0,22264818,4,16,9e8635273dd192cf0b7fc14bf604c4fe002e9dc3584200ca2dc19db43079f579,6decd09cc1b5a8194264c2e05efd20e483029ef8984c0fb4fccd6da4aaea66d2,8,all_pair_lexicographic,2,70525695,300000,30.0,True,solved,2.5194096999475732,258,246,246,64312,62505,756,7,21,0.020578799885697663,faa5aaee447b3ead851f9e814df3767b2553880ae28778987e5895c4c7b0d2e9,True
d20-c0-h4-s22264818,20,0,22264818,4,16,9e8635273dd192cf0b7fc14bf604c4fe002e9dc3584200ca2dc19db43079f579,6decd09cc1b5a8194264c2e05efd20e483029ef8984c0fb4fccd6da4aaea66d2,8,lexicographic,2,70525695,300000,30.0,True,solved,1.8423372000688687,193,181,181,47672,46637,226,4,0,0.0,faa5aaee447b3ead851f9e814df3767b2553880ae28778987e5895c4c7b0d2e9,True
d20-c1-h4-s22264816,20,1,22264816,4,16,bd8ee64c527eae2f582219bc517f2769c6441d6a04b98387b3073eb9c47f672b,832b8ade6e41068e7a8a1c5cbfae7c109aef3df45749dd733db6a365561e3986,2,all_pair_lexicographic,0,44525637,300000,30.0,True,solved,1.5193700999952853,9537,9497,9497,38130,28469,47,9,3646,0.2270051013911143,f554fa6a338dc3f3b5f69e30db11b9821095fd22e004e881b1b7bd54521c4d44,True
d20-c1-h4-s22264816,20,1,22264816,4,16,bd8ee64c527eae2f582219bc517f2769c6441d6a04b98387b3073eb9c47f672b,832b8ade6e41068e7a8a1c5cbfae7c109aef3df45749dd733db6a365561e3986,2,lexicographic,0,44525637,300000,30.0,True,solved,0.5110648999689147,3740,3700,3700,14952,11150,22,4,0,0.0,f554fa6a338dc3f3b5f69e30db11b9821095fd22e004e881b1b7bd54521c4d44,True
d20-c1-h4-s22264816,20,1,22264816,4,16,bd8ee64c527eae2f582219bc517f2769c6441d6a04b98387b3073eb9c47f672b,832b8ade6e41068e7a8a1c5cbfae7c109aef3df45749dd733db6a365561e3986,2,all_pair_lexicographic,1,54525656,300000,30.0,True,solved,1.6162926000542939,9537,9497,9497,38130,28469,47,9,3646,0.24279389821458608,f554fa6a338dc3f3b5f69e30db11b9821095fd22e004e881b1b7bd54521c4d44,True
d20-c1-h4-s22264816,20,1,22264816,4,16,bd8ee64c527eae2f582219bc517f2769c6441d6a04b98387b3073eb9c47f672b,832b8ade6e41068e7a8a1c5cbfae7c109aef3df45749dd733db6a365561e3986,2,lexicographic,1,54525656,300000,30.0,True,solved,0.5106851999880746,3740,3700,3700,14952,11150,22,4,0,0.0,f554fa6a338dc3f3b5f69e30db11b9821095fd22e004e881b1b7bd54521c4d44,True
d20-c1-h4-s22264816,20,1,22264816,4,16,bd8ee64c527eae2f582219bc517f2769c6441d6a04b98387b3073eb9c47f672b,832b8ade6e41068e7a8a1c5cbfae7c109aef3df45749dd733db6a365561e3986,2,all_pair_lexicographic,2,64525675,300000,30.0,True,solved,1.586839499999769,9537,9497,9497,38130,28469,47,9,3646,0.23599070159252733,f554fa6a338dc3f3b5f69e30db11b9821095fd22e004e881b1b7bd54521c4d44,True
d20-c1-h4-s22264816,20,1,22264816,4,16,bd8ee64c527eae2f582219bc517f2769c6441d6a04b98387b3073eb9c47f672b,832b8ade6e41068e7a8a1c5cbfae7c109aef3df45749dd733db6a365561e3986,2,lexicographic,2,64525675,300000,30.0,True,solved,0.5209370999364182,3740,3700,3700,14952,11150,22,4,0,0.0,f554fa6a338dc3f3b5f69e30db11b9821095fd22e004e881b1b7bd54521c4d44,True
d20-c1-h4-s22264816,20,1,22264816,4,16,bd8ee64c527eae2f582219bc517f2769c6441d6a04b98387b3073eb9c47f672b,832b8ade6e41068e7a8a1c5cbfae7c109aef3df45749dd733db6a365561e3986,4,all_pair_lexicographic,0,46525643,300000,30.0,True,solved,3.2158386999508366,6305,6285,6285,100792,94189,133,10,652,0.14109180076047778,f554fa6a338dc3f3b5f69e30db11b9821095fd22e004e881b1b7bd54521c4d44,True
d20-c1-h4-s22264816,20,1,22264816,4,16,bd8ee64c527eae2f582219bc517f2769c6441d6a04b98387b3073eb9c47f672b,832b8ade6e41068e7a8a1c5cbfae7c109aef3df45749dd733db6a365561e3986,4,lexicographic,0,46525643,300000,30.0,True,solved,1.393334100022912,2500,2480,2480,39960,37333,43,4,0,0.0,f554fa6a338dc3f3b5f69e30db11b9821095fd22e004e881b1b7bd54521c4d44,True
d20-c1-h4-s22264816,20,1,22264816,4,16,bd8ee64c527eae2f582219bc517f2769c6441d6a04b98387b3073eb9c47f672b,832b8ade6e41068e7a8a1c5cbfae7c109aef3df45749dd733db6a365561e3986,4,all_pair_lexicographic,1,56525662,300000,30.0,True,solved,3.2086690000724047,6305,6285,6285,100792,94189,133,10,652,0.14320450159721076,f554fa6a338dc3f3b5f69e30db11b9821095fd22e004e881b1b7bd54521c4d44,True
d20-c1-h4-s22264816,20,1,22264816,4,16,bd8ee64c527eae2f582219bc517f2769c6441d6a04b98387b3073eb9c47f672b,832b8ade6e41068e7a8a1c5cbfae7c109aef3df45749dd733db6a365561e3986,4,lexicographic,1,56525662,300000,30.0,True,solved,1.3443552000680938,2500,2480,2480,39960,37333,43,4,0,0.0,f554fa6a338dc3f3b5f69e30db11b9821095fd22e004e881b1b7bd54521c4d44,True
d20-c1-h4-s22264816,20,1,22264816,4,16,bd8ee64c527eae2f582219bc517f2769c6441d6a04b98387b3073eb9c47f672b,832b8ade6e41068e7a8a1c5cbfae7c109aef3df45749dd733db6a365561e3986,4,all_pair_lexicographic,2,66525681,300000,30.0,True,solved,3.295945000019856,6305,6285,6285,100792,94189,133,10,652,0.1454938006354496,f554fa6a338dc3f3b5f69e30db11b9821095fd22e004e881b1b7bd54521c4d44,True
d20-c1-h4-s22264816,20,1,22264816,4,16,bd8ee64c527eae2f582219bc517f2769c6441d6a04b98387b3073eb9c47f672b,832b8ade6e41068e7a8a1c5cbfae7c109aef3df45749dd733db6a365561e3986,4,lexicographic,2,66525681,300000,30.0,True,solved,1.2938541000476107,2500,2480,2480,39960,37333,43,4,0,0.0,f554fa6a338dc3f3b5f69e30db11b9821095fd22e004e881b1b7bd54521c4d44,True
d20-c1-h4-s22264816,20,1,22264816,4,16,bd8ee64c527eae2f582219bc517f2769c6441d6a04b98387b3073eb9c47f672b,832b8ade6e41068e7a8a1c5cbfae7c109aef3df45749dd733db6a365561e3986,8,all_pair_lexicographic,0,50525655,300000,30.0,True,solved,0.4728413999546319,44,32,32,10024,8733,324,5,15,0.018768800073303282,f554fa6a338dc3f3b5f69e30db11b9821095fd22e004e881b1b7bd54521c4d44,True
d20-c1-h4-s22264816,20,1,22264816,4,16,bd8ee64c527eae2f582219bc517f2769c6441d6a04b98387b3073eb9c47f672b,832b8ade6e41068e7a8a1c5cbfae7c109aef3df45749dd733db6a365561e3986,8,lexicographic,0,50525655,300000,30.0,True,solved,2.4764246999984607,242,230,230,60712,59679,95,4,0,0.0,f554fa6a338dc3f3b5f69e30db11b9821095fd22e004e881b1b7bd54521c4d44,True
d20-c1-h4-s22264816,20,1,22264816,4,16,bd8ee64c527eae2f582219bc517f2769c6441d6a04b98387b3073eb9c47f672b,832b8ade6e41068e7a8a1c5cbfae7c109aef3df45749dd733db6a365561e3986,8,all_pair_lexicographic,1,60525674,300000,30.0,True,solved,0.47324089996982366,44,32,32,10024,8733,324,5,15,0.020613999920897186,f554fa6a338dc3f3b5f69e30db11b9821095fd22e004e881b1b7bd54521c4d44,True
d20-c1-h4-s22264816,20,1,22264816,4,16,bd8ee64c527eae2f582219bc517f2769c6441d6a04b98387b3073eb9c47f672b,832b8ade6e41068e7a8a1c5cbfae7c109aef3df45749dd733db6a365561e3986,8,lexicographic,1,60525674,300000,30.0,True,solved,2.4219627999700606,242,230,230,60712,59679,95,4,0,0.0,f554fa6a338dc3f3b5f69e30db11b9821095fd22e004e881b1b7bd54521c4d44,True
d20-c1-h4-s22264816,20,1,22264816,4,16,bd8ee64c527eae2f582219bc517f2769c6441d6a04b98387b3073eb9c47f672b,832b8ade6e41068e7a8a1c5cbfae7c109aef3df45749dd733db6a365561e3986,8,all_pair_lexicographic,2,70525693,300000,30.0,True,solved,0.5144529000390321,44,32,32,10024,8733,324,5,15,0.025432400056160986,f554fa6a338dc3f3b5f69e30db11b9821095fd22e004e881b1b7bd54521c4d44,True
d20-c1-h4-s22264816,20,1,22264816,4,16,bd8ee64c527eae2f582219bc517f2769c6441d6a04b98387b3073eb9c47f672b,832b8ade6e41068e7a8a1c5cbfae7c109aef3df45749dd733db6a365561e3986,8,lexicographic,2,70525693,300000,30.0,True,solved,2.4881413999246433,242,230,230,60712,59679,95,4,0,0.0,f554fa6a338dc3f3b5f69e30db11b9821095fd22e004e881b1b7bd54521c4d44,True
d20-c1-h4-s22264819,20,1,22264819,4,16,108be3514f8ac49bad5b1e30037ec28bc82ebbb30711238052253cbc79cdb4cb,abedb01b033ab855d2c58868245ea6d4d08e37282e6e4c391723eee7415c70ca,2,all_pair_lexicographic,0,44525640,300000,30.0,True,solved,0.9144119000993669,5834,5794,5794,23316,17338,71,10,2251,0.13697909761685878,65725ef8daf1d42088bbbbecc3768dc1801608b5f47173a11689334f10be1c04,True
d20-c1-h4-s22264819,20,1,22264819,4,16,108be3514f8ac49bad5b1e30037ec28bc82ebbb30711238052253cbc79cdb4cb,abedb01b033ab855d2c58868245ea6d4d08e37282e6e4c391723eee7415c70ca,2,lexicographic,0,44525640,300000,30.0,True,solved,0.55463290004991,4151,4111,4111,16596,12386,25,4,0,0.0,65725ef8daf1d42088bbbbecc3768dc1801608b5f47173a11689334f10be1c04,True
d20-c1-h4-s22264819,20,1,22264819,4,16,108be3514f8ac49bad5b1e30037ec28bc82ebbb30711238052253cbc79cdb4cb,abedb01b033ab855d2c58868245ea6d4d08e37282e6e4c391723eee7415c70ca,2,all_pair_lexicographic,1,54525659,300000,30.0,True,solved,0.9493117000674829,5834,5794,5794,23316,17338,71,10,2251,0.14196659496519715,65725ef8daf1d42088bbbbecc3768dc1801608b5f47173a11689334f10be1c04,True
d20-c1-h4-s22264819,20,1,22264819,4,16,108be3514f8ac49bad5b1e30037ec28bc82ebbb30711238052253cbc79cdb4cb,abedb01b033ab855d2c58868245ea6d4d08e37282e6e4c391723eee7415c70ca,2,lexicographic,1,54525659,300000,30.0,True,solved,0.5883736000396311,4151,4111,4111,16596,12386,25,4,0,0.0,65725ef8daf1d42088bbbbecc3768dc1801608b5f47173a11689334f10be1c04,True
d20-c1-h4-s22264819,20,1,22264819,4,16,108be3514f8ac49bad5b1e30037ec28bc82ebbb30711238052253cbc79cdb4cb,abedb01b033ab855d2c58868245ea6d4d08e37282e6e4c391723eee7415c70ca,2,all_pair_lexicographic,2,64525678,300000,30.0,True,solved,0.9024354999419302,5834,5794,5794,23316,17338,71,10,2251,0.1353809026768431,65725ef8daf1d42088bbbbecc3768dc1801608b5f47173a11689334f10be1c04,True
d20-c1-h4-s22264819,20,1,22264819,4,16,108be3514f8ac49bad5b1e30037ec28bc82ebbb30711238052253cbc79cdb4cb,abedb01b033ab855d2c58868245ea6d4d08e37282e6e4c391723eee7415c70ca,2,lexicographic,2,64525678,300000,30.0,True,solved,0.5238122999435291,4151,4111,4111,16596,12386,25,4,0,0.0,65725ef8daf1d42088bbbbecc3768dc1801608b5f47173a11689334f10be1c04,True
d20-c1-h4-s22264819,20,1,22264819,4,16,108be3514f8ac49bad5b1e30037ec28bc82ebbb30711238052253cbc79cdb4cb,abedb01b033ab855d2c58868245ea6d4d08e37282e6e4c391723eee7415c70ca,4,all_pair_lexicographic,0,46525646,300000,30.0,True,solved,1.908666200004518,3893,3873,3873,62080,57869,168,11,398,0.085321199381724,65725ef8daf1d42088bbbbecc3768dc1801608b5f47173a11689334f10be1c04,True
d20-c1-h4-s22264819,20,1,22264819,4,16,108be3514f8ac49bad5b1e30037ec28bc82ebbb30711238052253cbc79cdb4cb,abedb01b033ab855d2c58868245ea6d4d08e37282e6e4c391723eee7415c70ca,4,lexicographic,0,46525646,300000,30.0,True,solved,1.3205900999018922,2763,2743,2743,44152,41261,55,4,0,0.0,65725ef8daf1d42088bbbbecc3768dc1801608b5f47173a11689334f10be1c04,True
d20-c1-h4-s22264819,20,1,22264819,4,16,108be3514f8ac49bad5b1e30037ec28bc82ebbb30711238052253cbc79cdb4cb,abedb01b033ab855d2c58868245ea6d4d08e37282e6e4c391723eee7415c70ca,4,all_pair_lexicographic,1,56525665,300000,30.0,True,solved,1.9258715000469238,3893,3873,3873,62080,57869,168,11,398,0.08762930182274431,65725ef8daf1d42088bbbbecc3768dc1801608b5f47173a11689334f10be1c04,True
d20-c1-h4-s22264819,20,1,22264819,4,16,108be3514f8ac49bad5b1e30037ec28bc82ebbb30711238052253cbc79cdb4cb,abedb01b033ab855d2c58868245ea6d4d08e37282e6e4c391723eee7415c70ca,4,lexicographic,1,56525665,300000,30.0,True,solved,1.3120700999861583,2763,2743,2743,44152,41261,55,4,0,0.0,65725ef8daf1d42088bbbbecc3768dc1801608b5f47173a11689334f10be1c04,True
d20-c1-h4-s22264819,20,1,22264819,4,16,108be3514f8ac49bad5b1e30037ec28bc82ebbb30711238052253cbc79cdb4cb,abedb01b033ab855d2c58868245ea6d4d08e37282e6e4c391723eee7415c70ca,4,all_pair_lexicographic,2,66525684,300000,30.0,True,solved,1.9921959999483079,3893,3873,3873,62080,57869,168,11,398,0.08845839952118695,65725ef8daf1d42088bbbbecc3768dc1801608b5f47173a11689334f10be1c04,True
d20-c1-h4-s22264819,20,1,22264819,4,16,108be3514f8ac49bad5b1e30037ec28bc82ebbb30711238052253cbc79cdb4cb,abedb01b033ab855d2c58868245ea6d4d08e37282e6e4c391723eee7415c70ca,4,lexicographic,2,66525684,300000,30.0,True,solved,1.3971152999438345,2763,2743,2743,44152,41261,55,4,0,0.0,65725ef8daf1d42088bbbbecc3768dc1801608b5f47173a11689334f10be1c04,True
d20-c1-h4-s22264819,20,1,22264819,4,16,108be3514f8ac49bad5b1e30037ec28bc82ebbb30711238052253cbc79cdb4cb,abedb01b033ab855d2c58868245ea6d4d08e37282e6e4c391723eee7415c70ca,8,all_pair_lexicographic,0,50525658,300000,30.0,True,solved,2.716106800013222,320,308,308,75472,72611,1898,11,33,0.019643799983896315,65725ef8daf1d42088bbbbecc3768dc1801608b5f47173a11689334f10be1c04,True
d20-c1-h4-s22264819,20,1,22264819,4,16,108be3514f8ac49bad5b1e30037ec28bc82ebbb30711238052253cbc79cdb4cb,abedb01b033ab855d2c58868245ea6d4d08e37282e6e4c391723eee7415c70ca,8,lexicographic,0,50525658,300000,30.0,True,solved,2.510121600003913,264,252,252,65848,64808,377,4,0,0.0,65725ef8daf1d42088bbbbecc3768dc1801608b5f47173a11689334f10be1c04,True
d20-c1-h4-s22264819,20,1,22264819,4,16,108be3514f8ac49bad5b1e30037ec28bc82ebbb30711238052253cbc79cdb4cb,abedb01b033ab855d2c58868245ea6d4d08e37282e6e4c391723eee7415c70ca,8,all_pair_lexicographic,1,60525677,300000,30.0,True,solved,2.8138175000203773,320,308,308,75472,72611,1898,11,33,0.019570500240661204,65725ef8daf1d42088bbbbecc3768dc1801608b5f47173a11689334f10be1c04,True
d20-c1-h4-s22264819,20,1,22264819,4,16,108be3514f8ac49bad5b1e30037ec28bc82ebbb30711238052253cbc79cdb4cb,abedb01b033ab855d2c58868245ea6d4d08e37282e6e4c391723eee7415c70ca,8,lexicographic,1,60525677,300000,30.0,True,solved,2.366661800071597,264,252,252,65848,64808,377,4,0,0.0,65725ef8daf1d42088bbbbecc3768dc1801608b5f47173a11689334f10be1c04,True
d20-c1-h4-s22264819,20,1,22264819,4,16,108be3514f8ac49bad5b1e30037ec28bc82ebbb30711238052253cbc79cdb4cb,abedb01b033ab855d2c58868245ea6d4d08e37282e6e4c391723eee7415c70ca,8,all_pair_lexicographic,2,70525696,300000,30.0,True,solved,2.8197882999666035,320,308,308,75472,72611,1898,11,33,0.021852100151591003,65725ef8daf1d42088bbbbecc3768dc1801608b5f47173a11689334f10be1c04,True
d20-c1-h4-s22264819,20,1,22264819,4,16,108be3514f8ac49bad5b1e30037ec28bc82ebbb30711238052253cbc79cdb4cb,abedb01b033ab855d2c58868245ea6d4d08e37282e6e4c391723eee7415c70ca,8,lexicographic,2,70525696,300000,30.0,True,solved,2.5269509999779984,264,252,252,65848,64808,377,4,0,0.0,65725ef8daf1d42088bbbbecc3768dc1801608b5f47173a11689334f10be1c04,True
d20-c2-h4-s22264817,20,2,22264817,4,16,3def0bcf30def55b97f808eb4701973dc288a0660e7305d52f8243659ef2e738,b60fa1d091d681a3ba311e4ce5ac21ca849874ae52effcc53ae09ab9815e2642,2,all_pair_lexicographic,0,44525638,300000,30.0,True,solved,0.9941508000483736,6036,5996,5996,24128,17976,39,8,2327,0.14990050019696355,fd8e8f7e4d42c29f09153dd707227419b3d83891e035a598231ac202535aa0c8,True
d20-c2-h4-s22264817,20,2,22264817,4,16,3def0bcf30def55b97f808eb4701973dc288a0660e7305d52f8243659ef2e738,b60fa1d091d681a3ba311e4ce5ac21ca849874ae52effcc53ae09ab9815e2642,2,lexicographic,0,44525638,300000,30.0,True,solved,0.47719780006445944,3555,3515,3515,14212,10598,22,4,0,0.0,fd8e8f7e4d42c29f09153dd707227419b3d83891e035a598231ac202535aa0c8,True
d20-c2-h4-s22264817,20,2,22264817,4,16,3def0bcf30def55b97f808eb4701973dc288a0660e7305d52f8243659ef2e738,b60fa1d091d681a3ba311e4ce5ac21ca849874ae52effcc53ae09ab9815e2642,2,all_pair_lexicographic,1,54525657,300000,30.0,True,solved,1.0019189999438822,6036,5996,5996,24128,17976,39,8,2327,0.15014030365273356,fd8e8f7e4d42c29f09153dd707227419b3d83891e035a598231ac202535aa0c8,True
d20-c2-h4-s22264817,20,2,22264817,4,16,3def0bcf30def55b97f808eb4701973dc288a0660e7305d52f8243659ef2e738,b60fa1d091d681a3ba311e4ce5ac21ca849874ae52effcc53ae09ab9815e2642,2,lexicographic,1,54525657,300000,30.0,True,solved,0.46250180003698915,3555,3515,3515,14212,10598,22,4,0,0.0,fd8e8f7e4d42c29f09153dd707227419b3d83891e035a598231ac202535aa0c8,True
d20-c2-h4-s22264817,20,2,22264817,4,16,3def0bcf30def55b97f808eb4701973dc288a0660e7305d52f8243659ef2e738,b60fa1d091d681a3ba311e4ce5ac21ca849874ae52effcc53ae09ab9815e2642,2,all_pair_lexicographic,2,64525676,300000,30.0,True,solved,1.0134875000221655,6036,5996,5996,24128,17976,39,8,2327,0.14984599722083658,fd8e8f7e4d42c29f09153dd707227419b3d83891e035a598231ac202535aa0c8,True
d20-c2-h4-s22264817,20,2,22264817,4,16,3def0bcf30def55b97f808eb4701973dc288a0660e7305d52f8243659ef2e738,b60fa1d091d681a3ba311e4ce5ac21ca849874ae52effcc53ae09ab9815e2642,2,lexicographic,2,64525676,300000,30.0,True,solved,0.5011028000153601,3555,3515,3515,14212,10598,22,4,0,0.0,fd8e8f7e4d42c29f09153dd707227419b3d83891e035a598231ac202535aa0c8,True
d20-c2-h4-s22264817,20,2,22264817,4,16,3def0bcf30def55b97f808eb4701973dc288a0660e7305d52f8243659ef2e738,b60fa1d091d681a3ba311e4ce5ac21ca849874ae52effcc53ae09ab9815e2642,4,all_pair_lexicographic,0,46525644,300000,30.0,True,solved,3.058362799929455,6187,6167,6167,98760,92243,178,11,648,0.13525540044065565,fd8e8f7e4d42c29f09153dd707227419b3d83891e035a598231ac202535aa0c8,True
d20-c2-h4-s22264817,20,2,22264817,4,16,3def0bcf30def55b97f808eb4701973dc288a0660e7305d52f8243659ef2e738,b60fa1d091d681a3ba311e4ce5ac21ca849874ae52effcc53ae09ab9815e2642,4,lexicographic,0,46525644,300000,30.0,True,solved,1.162261400022544,2405,2385,2385,38408,35880,45,4,0,0.0,fd8e8f7e4d42c29f09153dd707227419b3d83891e035a598231ac202535aa0c8,True
d20-c2-h4-s22264817,20,2,22264817,4,16,3def0bcf30def55b97f808eb4701973dc288a0660e7305d52f8243659ef2e738,b60fa1d091d681a3ba311e4ce5ac21ca849874ae52effcc53ae09ab9815e2642,4,all_pair_lexicographic,1,56525663,300000,30.0,True,solved,3.216289500007406,6187,6167,6167,98760,92243,178,11,648,0.14180959959048778,fd8e8f7e4d42c29f09153dd707227419b3d83891e035a598231ac202535aa0c8,True
d20-c2-h4-s22264817,20,2,22264817,4,16,3def0bcf30def55b97f808eb4701973dc288a0660e7305d52f8243659ef2e738,b60fa1d091d681a3ba311e4ce5ac21ca849874ae52effcc53ae09ab9815e2642,4,lexicographic,1,56525663,300000,30.0,True,solved,1.1909692999906838,2405,2385,2385,38408,35880,45,4,0,0.0,fd8e8f7e4d42c29f09153dd707227419b3d83891e035a598231ac202535aa0c8,True
d20-c2-h4-s22264817,20,2,22264817,4,16,3def0bcf30def55b97f808eb4701973dc288a0660e7305d52f8243659ef2e738,b60fa1d091d681a3ba311e4ce5ac21ca849874ae52effcc53ae09ab9815e2642,4,all_pair_lexicographic,2,66525682,300000,30.0,True,solved,3.2196341999806464,6187,6167,6167,98760,92243,178,11,648,0.1411249004304409,fd8e8f7e4d42c29f09153dd707227419b3d83891e035a598231ac202535aa0c8,True
d20-c2-h4-s22264817,20,2,22264817,4,16,3def0bcf30def55b97f808eb4701973dc288a0660e7305d52f8243659ef2e738,b60fa1d091d681a3ba311e4ce5ac21ca849874ae52effcc53ae09ab9815e2642,4,lexicographic,2,66525682,300000,30.0,True,solved,1.1731746000004932,2405,2385,2385,38408,35880,45,4,0,0.0,fd8e8f7e4d42c29f09153dd707227419b3d83891e035a598231ac202535aa0c8,True
d20-c2-h4-s22264817,20,2,22264817,4,16,3def0bcf30def55b97f808eb4701973dc288a0660e7305d52f8243659ef2e738,b60fa1d091d681a3ba311e4ce5ac21ca849874ae52effcc53ae09ab9815e2642,8,all_pair_lexicographic,0,50525656,300000,30.0,True,solved,3.234929700032808,348,336,336,81648,79044,1491,10,36,0.02535109978634864,fd8e8f7e4d42c29f09153dd707227419b3d83891e035a598231ac202535aa0c8,True
d20-c2-h4-s22264817,20,2,22264817,4,16,3def0bcf30def55b97f808eb4701973dc288a0660e7305d52f8243659ef2e738,b60fa1d091d681a3ba311e4ce5ac21ca849874ae52effcc53ae09ab9815e2642,8,lexicographic,0,50525656,300000,30.0,True,solved,2.2695219999877736,235,223,223,57928,56888,251,4,0,0.0,fd8e8f7e4d42c29f09153dd707227419b3d83891e035a598231ac202535aa0c8,True
d20-c2-h4-s22264817,20,2,22264817,4,16,3def0bcf30def55b97f808eb4701973dc288a0660e7305d52f8243659ef2e738,b60fa1d091d681a3ba311e4ce5ac21ca849874ae52effcc53ae09ab9815e2642,8,all_pair_lexicographic,1,60525675,300000,30.0,True,solved,3.111968799959868,348,336,336,81648,79044,1491,10,36,0.02691660006530583,fd8e8f7e4d42c29f09153dd707227419b3d83891e035a598231ac202535aa0c8,True
d20-c2-h4-s22264817,20,2,22264817,4,16,3def0bcf30def55b97f808eb4701973dc288a0660e7305d52f8243659ef2e738,b60fa1d091d681a3ba311e4ce5ac21ca849874ae52effcc53ae09ab9815e2642,8,lexicographic,1,60525675,300000,30.0,True,solved,2.203894400037825,235,223,223,57928,56888,251,4,0,0.0,fd8e8f7e4d42c29f09153dd707227419b3d83891e035a598231ac202535aa0c8,True
d20-c2-h4-s22264817,20,2,22264817,4,16,3def0bcf30def55b97f808eb4701973dc288a0660e7305d52f8243659ef2e738,b60fa1d091d681a3ba311e4ce5ac21ca849874ae52effcc53ae09ab9815e2642,8,all_pair_lexicographic,2,70525694,300000,30.0,True,solved,3.25865029997658,348,336,336,81648,79044,1491,10,36,0.02350119990296662,fd8e8f7e4d42c29f09153dd707227419b3d83891e035a598231ac202535aa0c8,True
d20-c2-h4-s22264817,20,2,22264817,4,16,3def0bcf30def55b97f808eb4701973dc288a0660e7305d52f8243659ef2e738,b60fa1d091d681a3ba311e4ce5ac21ca849874ae52effcc53ae09ab9815e2642,8,lexicographic,2,70525694,300000,30.0,True,solved,2.2751846000319347,235,223,223,57928,56888,251,4,0,0.0,fd8e8f7e4d42c29f09153dd707227419b3d83891e035a598231ac202535aa0c8,True
d20-c0-h6-s22266815,20,0,22266815,6,14,70db1fecdf6d8ee378662a3fab2ffaf576376658a05d1f53130a0cb5b86e0418,816429e3ee5c2cf9031b9cd16a714624ed1d921a9db532c2b95b24032ad397c6,2,all_pair_lexicographic,0,44527636,300000,30.0,True,solved,1.6371551000047475,10535,10475,10475,42108,31386,86,16,4159,0.2462887957226485,7a549452ed6f4252288d8e39275337036a08d25306ad4e54d87f09a8eaa7537b,True
d20-c0-h6-s22266815,20,0,22266815,6,14,70db1fecdf6d8ee378662a3fab2ffaf576376658a05d1f53130a0cb5b86e0418,816429e3ee5c2cf9031b9cd16a714624ed1d921a9db532c2b95b24032ad397c6,2,lexicographic,0,44527636,300000,30.0,True,solved,0.5632806000066921,4211,4151,4151,16832,12528,34,6,0,0.0,7a549452ed6f4252288d8e39275337036a08d25306ad4e54d87f09a8eaa7537b,True
d20-c0-h6-s22266815,20,0,22266815,6,14,70db1fecdf6d8ee378662a3fab2ffaf576376658a05d1f53130a0cb5b86e0418,816429e3ee5c2cf9031b9cd16a714624ed1d921a9db532c2b95b24032ad397c6,2,all_pair_lexicographic,1,54527655,300000,30.0,True,solved,1.6141057999338955,10535,10475,10475,42108,31386,86,16,4159,0.24353099975269288,7a549452ed6f4252288d8e39275337036a08d25306ad4e54d87f09a8eaa7537b,True
d20-c0-h6-s22266815,20,0,22266815,6,14,70db1fecdf6d8ee378662a3fab2ffaf576376658a05d1f53130a0cb5b86e0418,816429e3ee5c2cf9031b9cd16a714624ed1d921a9db532c2b95b24032ad397c6,2,lexicographic,1,54527655,300000,30.0,True,solved,0.5405598999932408,4211,4151,4151,16832,12528,34,6,0,0.0,7a549452ed6f4252288d8e39275337036a08d25306ad4e54d87f09a8eaa7537b,True
d20-c0-h6-s22266815,20,0,22266815,6,14,70db1fecdf6d8ee378662a3fab2ffaf576376658a05d1f53130a0cb5b86e0418,816429e3ee5c2cf9031b9cd16a714624ed1d921a9db532c2b95b24032ad397c6,2,all_pair_lexicographic,2,64527674,300000,30.0,True,solved,1.6323511999798939,10535,10475,10475,42108,31386,86,16,4159,0.24388840177562088,7a549452ed6f4252288d8e39275337036a08d25306ad4e54d87f09a8eaa7537b,True
d20-c0-h6-s22266815,20,0,22266815,6,14,70db1fecdf6d8ee378662a3fab2ffaf576376658a05d1f53130a0cb5b86e0418,816429e3ee5c2cf9031b9cd16a714624ed1d921a9db532c2b95b24032ad397c6,2,lexicographic,2,64527674,300000,30.0,True,solved,0.5745295999804512,4211,4151,4151,16832,12528,34,6,0,0.0,7a549452ed6f4252288d8e39275337036a08d25306ad4e54d87f09a8eaa7537b,True
d20-c0-h6-s22266815,20,0,22266815,6,14,70db1fecdf6d8ee378662a3fab2ffaf576376658a05d1f53130a0cb5b86e0418,816429e3ee5c2cf9031b9cd16a714624ed1d921a9db532c2b95b24032ad397c6,4,all_pair_lexicographic,0,46527642,300000,30.0,True,solved,1.6210529999807477,3259,3229,3229,52008,48413,108,10,349,0.07317610119935125,7a549452ed6f4252288d8e39275337036a08d25306ad4e54d87f09a8eaa7537b,True
d20-c0-h6-s22266815,20,0,22266815,6,14,70db1fecdf6d8ee378662a3fab2ffaf576376658a05d1f53130a0cb5b86e0418,816429e3ee5c2cf9031b9cd16a714624ed1d921a9db532c2b95b24032ad397c6,4,lexicographic,0,46527642,300000,30.0,True,solved,1.2110511000500992,2698,2668,2668,43088,40187,73,6,0,0.0,7a549452ed6f4252288d8e39275337036a08d25306ad4e54d87f09a8eaa7537b,True
d20-c0-h6-s22266815,20,0,22266815,6,14,70db1fecdf6d8ee378662a3fab2ffaf576376658a05d1f53130a0cb5b86e0418,816429e3ee5c2cf9031b9cd16a714624ed1d921a9db532c2b95b24032ad397c6,4,all_pair_lexicographic,1,56527661,300000,30.0,True,solved,1.5531214999500662,3259,3229,3229,52008,48413,108,10,349,0.07068770029582083,7a549452ed6f4252288d8e39275337036a08d25306ad4e54d87f09a8eaa7537b,True
d20-c0-h6-s22266815,20,0,22266815,6,14,70db1fecdf6d8ee378662a3fab2ffaf576376658a05d1f53130a0cb5b86e0418,816429e3ee5c2cf9031b9cd16a714624ed1d921a9db532c2b95b24032ad397c6,4,lexicographic,1,56527661,300000,30.0,True,solved,1.2654808000661433,2698,2668,2668,43088,40187,73,6,0,0.0,7a549452ed6f4252288d8e39275337036a08d25306ad4e54d87f09a8eaa7537b,True
d20-c0-h6-s22266815,20,0,22266815,6,14,70db1fecdf6d8ee378662a3fab2ffaf576376658a05d1f53130a0cb5b86e0418,816429e3ee5c2cf9031b9cd16a714624ed1d921a9db532c2b95b24032ad397c6,4,all_pair_lexicographic,2,66527680,300000,30.0,True,solved,1.6487662000581622,3259,3229,3229,52008,48413,108,10,349,0.07545729994308203,7a549452ed6f4252288d8e39275337036a08d25306ad4e54d87f09a8eaa7537b,True
d20-c0-h6-s22266815,20,0,22266815,6,14,70db1fecdf6d8ee378662a3fab2ffaf576376658a05d1f53130a0cb5b86e0418,816429e3ee5c2cf9031b9cd16a714624ed1d921a9db532c2b95b24032ad397c6,4,lexicographic,2,66527680,300000,30.0,True,solved,1.2454093999695033,2698,2668,2668,43088,40187,73,6,0,0.0,7a549452ed6f4252288d8e39275337036a08d25306ad4e54d87f09a8eaa7537b,True
d20-c0-h6-s22266815,20,0,22266815,6,14,70db1fecdf6d8ee378662a3fab2ffaf576376658a05d1f53130a0cb5b86e0418,816429e3ee5c2cf9031b9cd16a714624ed1d921a9db532c2b95b24032ad397c6,8,all_pair_lexicographic,0,50527654,300000,30.0,True,solved,2.0692807999439538,245,227,227,58008,54647,2093,13,43,0.02895729977171868,7a549452ed6f4252288d8e39275337036a08d25306ad4e54d87f09a8eaa7537b,True
d20-c0-h6-s22266815,20,0,22266815,6,14,70db1fecdf6d8ee378662a3fab2ffaf576376658a05d1f53130a0cb5b86e0418,816429e3ee5c2cf9031b9cd16a714624ed1d921a9db532c2b95b24032ad397c6,8,lexicographic,0,50527654,300000,30.0,True,solved,2.2331728000426665,258,240,240,63568,62015,497,6,0,0.0,7a549452ed6f4252288d8e39275337036a08d25306ad4e54d87f09a8eaa7537b,True
d20-c0-h6-s22266815,20,0,22266815,6,14,70db1fecdf6d8ee378662a3fab2ffaf576376658a05d1f53130a0cb5b86e0418,816429e3ee5c2cf9031b9cd16a714624ed1d921a9db532c2b95b24032ad397c6,8,all_pair_lexicographic,1,60527673,300000,30.0,True,solved,2.070942600024864,245,227,227,58008,54647,2093,13,43,0.027063700137659907,7a549452ed6f4252288d8e39275337036a08d25306ad4e54d87f09a8eaa7537b,True
d20-c0-h6-s22266815,20,0,22266815,6,14,70db1fecdf6d8ee378662a3fab2ffaf576376658a05d1f53130a0cb5b86e0418,816429e3ee5c2cf9031b9cd16a714624ed1d921a9db532c2b95b24032ad397c6,8,lexicographic,1,60527673,300000,30.0,True,solved,2.398446299950592,258,240,240,63568,62015,497,6,0,0.0,7a549452ed6f4252288d8e39275337036a08d25306ad4e54d87f09a8eaa7537b,True
d20-c0-h6-s22266815,20,0,22266815,6,14,70db1fecdf6d8ee378662a3fab2ffaf576376658a05d1f53130a0cb5b86e0418,816429e3ee5c2cf9031b9cd16a714624ed1d921a9db532c2b95b24032ad397c6,8,all_pair_lexicographic,2,70527692,300000,30.0,True,solved,2.0860420999815688,245,227,227,58008,54647,2093,13,43,0.024913000059314072,7a549452ed6f4252288d8e39275337036a08d25306ad4e54d87f09a8eaa7537b,True
d20-c0-h6-s22266815,20,0,22266815,6,14,70db1fecdf6d8ee378662a3fab2ffaf576376658a05d1f53130a0cb5b86e0418,816429e3ee5c2cf9031b9cd16a714624ed1d921a9db532c2b95b24032ad397c6,8,lexicographic,2,70527692,300000,30.0,True,solved,2.465662100003101,258,240,240,63568,62015,497,6,0,0.0,7a549452ed6f4252288d8e39275337036a08d25306ad4e54d87f09a8eaa7537b,True
d20-c0-h6-s22266818,20,0,22266818,6,14,465794cbaad1cedf872536f20cf7ee5605a00a1b9556743c277b72e99bd3f376,a9bb0595fe2df3d10581faf1fe31b9f5c5049edf3cd5eb7a1d33eb3b0948549b,2,all_pair_lexicographic,0,44527639,300000,30.0,True,solved,14.078349300078116,89150,89090,89090,356480,266768,458,60,33788,2.0946496864780784,9d377cde601f023f2a8e6c3940fb32960029e2577b05bfec1ce8f166c46ff06f,True
d20-c0-h6-s22266818,20,0,22266818,6,14,465794cbaad1cedf872536f20cf7ee5605a00a1b9556743c277b72e99bd3f376,a9bb0595fe2df3d10581faf1fe31b9f5c5049edf3cd5eb7a1d33eb3b0948549b,2,lexicographic,0,44527639,300000,30.0,True,solved,0.5567265999270603,3495,3435,3435,13968,10372,46,6,0,0.0,9d377cde601f023f2a8e6c3940fb32960029e2577b05bfec1ce8f166c46ff06f,True
d20-c0-h6-s22266818,20,0,22266818,6,14,465794cbaad1cedf872536f20cf7ee5605a00a1b9556743c277b72e99bd3f376,a9bb0595fe2df3d10581faf1fe31b9f5c5049edf3cd5eb7a1d33eb3b0948549b,2,all_pair_lexicographic,1,54527658,300000,30.0,True,solved,14.322929800022393,89150,89090,89090,356480,266768,458,60,33788,2.1320881963474676,9d377cde601f023f2a8e6c3940fb32960029e2577b05bfec1ce8f166c46ff06f,True
d20-c0-h6-s22266818,20,0,22266818,6,14,465794cbaad1cedf872536f20cf7ee5605a00a1b9556743c277b72e99bd3f376,a9bb0595fe2df3d10581faf1fe31b9f5c5049edf3cd5eb7a1d33eb3b0948549b,2,lexicographic,1,54527658,300000,30.0,True,solved,0.4533785000676289,3495,3435,3435,13968,10372,46,6,0,0.0,9d377cde601f023f2a8e6c3940fb32960029e2577b05bfec1ce8f166c46ff06f,True
d20-c0-h6-s22266818,20,0,22266818,6,14,465794cbaad1cedf872536f20cf7ee5605a00a1b9556743c277b72e99bd3f376,a9bb0595fe2df3d10581faf1fe31b9f5c5049edf3cd5eb7a1d33eb3b0948549b,2,all_pair_lexicographic,2,64527677,300000,30.0,True,solved,14.441001399885863,89150,89090,89090,356480,266768,458,60,33788,2.1302065070485696,9d377cde601f023f2a8e6c3940fb32960029e2577b05bfec1ce8f166c46ff06f,True
d20-c0-h6-s22266818,20,0,22266818,6,14,465794cbaad1cedf872536f20cf7ee5605a00a1b9556743c277b72e99bd3f376,a9bb0595fe2df3d10581faf1fe31b9f5c5049edf3cd5eb7a1d33eb3b0948549b,2,lexicographic,2,64527677,300000,30.0,True,solved,0.4583461999427527,3495,3435,3435,13968,10372,46,6,0,0.0,9d377cde601f023f2a8e6c3940fb32960029e2577b05bfec1ce8f166c46ff06f,True
d20-c0-h6-s22266818,20,0,22266818,6,14,465794cbaad1cedf872536f20cf7ee5605a00a1b9556743c277b72e99bd3f376,a9bb0595fe2df3d10581faf1fe31b9f5c5049edf3cd5eb7a1d33eb3b0948549b,4,all_pair_lexicographic,0,46527645,300000,30.0,True,solved,18.48816700000316,35852,35822,35822,572952,536120,760,40,3592,0.8013652983354405,9d377cde601f023f2a8e6c3940fb32960029e2577b05bfec1ce8f166c46ff06f,True
d20-c0-h6-s22266818,20,0,22266818,6,14,465794cbaad1cedf872536f20cf7ee5605a00a1b9556743c277b72e99bd3f376,a9bb0595fe2df3d10581faf1fe31b9f5c5049edf3cd5eb7a1d33eb3b0948549b,4,lexicographic,0,46527645,300000,30.0,True,solved,0.9571354000363499,2186,2156,2156,34880,32484,95,6,0,0.0,9d377cde601f023f2a8e6c3940fb32960029e2577b05bfec1ce8f166c46ff06f,True
d20-c0-h6-s22266818,20,0,22266818,6,14,465794cbaad1cedf872536f20cf7ee5605a00a1b9556743c277b72e99bd3f376,a9bb0595fe2df3d10581faf1fe31b9f5c5049edf3cd5eb7a1d33eb3b0948549b,4,all_pair_lexicographic,1,56527664,300000,30.0,True,solved,19.03312460007146,35852,35822,35822,572952,536120,760,40,3592,0.8315471976529807,9d377cde601f023f2a8e6c3940fb32960029e2577b05bfec1ce8f166c46ff06f,True
d20-c0-h6-s22266818,20,0,22266818,6,14,465794cbaad1cedf872536f20cf7ee5605a00a1b9556743c277b72e99bd3f376,a9bb0595fe2df3d10581faf1fe31b9f5c5049edf3cd5eb7a1d33eb3b0948549b,4,lexicographic,1,56527664,300000,30.0,True,solved,0.9357043999480084,2186,2156,2156,34880,32484,95,6,0,0.0,9d377cde601f023f2a8e6c3940fb32960029e2577b05bfec1ce8f166c46ff06f,True
d20-c0-h6-s22266818,20,0,22266818,6,14,465794cbaad1cedf872536f20cf7ee5605a00a1b9556743c277b72e99bd3f376,a9bb0595fe2df3d10581faf1fe31b9f5c5049edf3cd5eb7a1d33eb3b0948549b,4,all_pair_lexicographic,2,66527683,300000,30.0,True,solved,19.785381700028665,35852,35822,35822,572952,536120,760,40,3592,0.860408496344462,9d377cde601f023f2a8e6c3940fb32960029e2577b05bfec1ce8f166c46ff06f,True
d20-c0-h6-s22266818,20,0,22266818,6,14,465794cbaad1cedf872536f20cf7ee5605a00a1b9556743c277b72e99bd3f376,a9bb0595fe2df3d10581faf1fe31b9f5c5049edf3cd5eb7a1d33eb3b0948549b,4,lexicographic,2,66527683,300000,30.0,True,solved,1.047063000034541,2186,2156,2156,34880,32484,95,6,0,0.0,9d377cde601f023f2a8e6c3940fb32960029e2577b05bfec1ce8f166c46ff06f,True
d20-c0-h6-s22266818,20,0,22266818,6,14,465794cbaad1cedf872536f20cf7ee5605a00a1b9556743c277b72e99bd3f376,a9bb0595fe2df3d10581faf1fe31b9f5c5049edf3cd5eb7a1d33eb3b0948549b,8,all_pair_lexicographic,0,50527657,300000,30.0,False,time_budget,30.003050100058317,2900,2897,2897,725048,716754,5080,31,123,0.0740178000414744,,False
d20-c0-h6-s22266818,20,0,22266818,6,14,465794cbaad1cedf872536f20cf7ee5605a00a1b9556743c277b72e99bd3f376,a9bb0595fe2df3d10581faf1fe31b9f5c5049edf3cd5eb7a1d33eb3b0948549b,8,lexicographic,0,50527657,300000,30.0,True,solved,2.000791599974036,208,190,190,50272,48716,559,6,0,0.0,9d377cde601f023f2a8e6c3940fb32960029e2577b05bfec1ce8f166c46ff06f,True
d20-c0-h6-s22266818,20,0,22266818,6,14,465794cbaad1cedf872536f20cf7ee5605a00a1b9556743c277b72e99bd3f376,a9bb0595fe2df3d10581faf1fe31b9f5c5049edf3cd5eb7a1d33eb3b0948549b,8,all_pair_lexicographic,1,60527676,300000,30.0,False,time_budget,30.00255430000834,2871,2865,2865,718368,710077,5080,31,120,0.0718212992651388,,False
d20-c0-h6-s22266818,20,0,22266818,6,14,465794cbaad1cedf872536f20cf7ee5605a00a1b9556743c277b72e99bd3f376,a9bb0595fe2df3d10581faf1fe31b9f5c5049edf3cd5eb7a1d33eb3b0948549b,8,lexicographic,1,60527676,300000,30.0,True,solved,1.9045028999680653,208,190,190,50272,48716,559,6,0,0.0,9d377cde601f023f2a8e6c3940fb32960029e2577b05bfec1ce8f166c46ff06f,True
d20-c0-h6-s22266818,20,0,22266818,6,14,465794cbaad1cedf872536f20cf7ee5605a00a1b9556743c277b72e99bd3f376,a9bb0595fe2df3d10581faf1fe31b9f5c5049edf3cd5eb7a1d33eb3b0948549b,8,all_pair_lexicographic,2,70527695,300000,30.0,False,time_budget,30.002181499963626,2989,2988,2988,747336,739035,5080,31,125,0.07608319993596524,,False
d20-c0-h6-s22266818,20,0,22266818,6,14,465794cbaad1cedf872536f20cf7ee5605a00a1b9556743c277b72e99bd3f376,a9bb0595fe2df3d10581faf1fe31b9f5c5049edf3cd5eb7a1d33eb3b0948549b,8,lexicographic,2,70527695,300000,30.0,True,solved,1.9443338999990374,208,190,190,50272,48716,559,6,0,0.0,9d377cde601f023f2a8e6c3940fb32960029e2577b05bfec1ce8f166c46ff06f,True
d20-c1-h6-s22266816,20,1,22266816,6,14,4259c89e9722f9c5880bbed1162f1d4f4603b21c75580e2f2e01ae7dcd2172c8,22497a5c9c34615eb7343a7cdcacf49405b0a4fe133c981e4230c3ca4a3e2bb4,2,all_pair_lexicographic,0,44527637,300000,30.0,True,solved,3.3955307999858633,21748,21688,21688,86952,64975,120,20,8535,0.5047258960548788,4212a498f37d518bf36895deb096a5dd52203de3702f2fc5f33523f8dea6bf92,True
d20-c1-h6-s22266816,20,1,22266816,6,14,4259c89e9722f9c5880bbed1162f1d4f4603b21c75580e2f2e01ae7dcd2172c8,22497a5c9c34615eb7343a7cdcacf49405b0a4fe133c981e4230c3ca4a3e2bb4,2,lexicographic,0,44527637,300000,30.0,True,solved,0.4675099999876693,3722,3662,3662,14876,11060,35,6,0,0.0,4212a498f37d518bf36895deb096a5dd52203de3702f2fc5f33523f8dea6bf92,True
d20-c1-h6-s22266816,20,1,22266816,6,14,4259c89e9722f9c5880bbed1162f1d4f4603b21c75580e2f2e01ae7dcd2172c8,22497a5c9c34615eb7343a7cdcacf49405b0a4fe133c981e4230c3ca4a3e2bb4,2,all_pair_lexicographic,1,54527656,300000,30.0,True,solved,3.421400000108406,21748,21688,21688,86952,64975,120,20,8535,0.5118863098323345,4212a498f37d518bf36895deb096a5dd52203de3702f2fc5f33523f8dea6bf92,True
d20-c1-h6-s22266816,20,1,22266816,6,14,4259c89e9722f9c5880bbed1162f1d4f4603b21c75580e2f2e01ae7dcd2172c8,22497a5c9c34615eb7343a7cdcacf49405b0a4fe133c981e4230c3ca4a3e2bb4,2,lexicographic,1,54527656,300000,30.0,True,solved,0.5080863999901339,3722,3662,3662,14876,11060,35,6,0,0.0,4212a498f37d518bf36895deb096a5dd52203de3702f2fc5f33523f8dea6bf92,True
d20-c1-h6-s22266816,20,1,22266816,6,14,4259c89e9722f9c5880bbed1162f1d4f4603b21c75580e2f2e01ae7dcd2172c8,22497a5c9c34615eb7343a7cdcacf49405b0a4fe133c981e4230c3ca4a3e2bb4,2,all_pair_lexicographic,2,64527675,300000,30.0,True,solved,3.357737199985422,21748,21688,21688,86952,64975,120,20,8535,0.5025542927905917,4212a498f37d518bf36895deb096a5dd52203de3702f2fc5f33523f8dea6bf92,True
d20-c1-h6-s22266816,20,1,22266816,6,14,4259c89e9722f9c5880bbed1162f1d4f4603b21c75580e2f2e01ae7dcd2172c8,22497a5c9c34615eb7343a7cdcacf49405b0a4fe133c981e4230c3ca4a3e2bb4,2,lexicographic,2,64527675,300000,30.0,True,solved,0.4940759000601247,3722,3662,3662,14876,11060,35,6,0,0.0,4212a498f37d518bf36895deb096a5dd52203de3702f2fc5f33523f8dea6bf92,True
d20-c1-h6-s22266816,20,1,22266816,6,14,4259c89e9722f9c5880bbed1162f1d4f4603b21c75580e2f2e01ae7dcd2172c8,22497a5c9c34615eb7343a7cdcacf49405b0a4fe133c981e4230c3ca4a3e2bb4,4,all_pair_lexicographic,0,46527643,300000,30.0,True,solved,19.458436899934895,40898,40868,40868,653472,611600,750,49,4072,0.8554012977983803,4212a498f37d518bf36895deb096a5dd52203de3702f2fc5f33523f8dea6bf92,True
d20-c1-h6-s22266816,20,1,22266816,6,14,4259c89e9722f9c5880bbed1162f1d4f4603b21c75580e2f2e01ae7dcd2172c8,22497a5c9c34615eb7343a7cdcacf49405b0a4fe133c981e4230c3ca4a3e2bb4,4,lexicographic,0,46527643,300000,30.0,True,solved,1.109438700019382,2424,2394,2394,38696,36063,71,6,0,0.0,4212a498f37d518bf36895deb096a5dd52203de3702f2fc5f33523f8dea6bf92,True
d20-c1-h6-s22266816,20,1,22266816,6,14,4259c89e9722f9c5880bbed1162f1d4f4603b21c75580e2f2e01ae7dcd2172c8,22497a5c9c34615eb7343a7cdcacf49405b0a4fe133c981e4230c3ca4a3e2bb4,4,all_pair_lexicographic,1,56527662,300000,30.0,True,solved,19.47060830006376,40898,40868,40868,653472,611600,750,49,4072,0.8425178029574454,4212a498f37d518bf36895deb096a5dd52203de3702f2fc5f33523f8dea6bf92,True
d20-c1-h6-s22266816,20,1,22266816,6,14,4259c89e9722f9c5880bbed1162f1d4f4603b21c75580e2f2e01ae7dcd2172c8,22497a5c9c34615eb7343a7cdcacf49405b0a4fe133c981e4230c3ca4a3e2bb4,4,lexicographic,1,56527662,300000,30.0,True,solved,1.1268482999876142,2424,2394,2394,38696,36063,71,6,0,0.0,4212a498f37d518bf36895deb096a5dd52203de3702f2fc5f33523f8dea6bf92,True
d20-c1-h6-s22266816,20,1,22266816,6,14,4259c89e9722f9c5880bbed1162f1d4f4603b21c75580e2f2e01ae7dcd2172c8,22497a5c9c34615eb7343a7cdcacf49405b0a4fe133c981e4230c3ca4a3e2bb4,4,all_pair_lexicographic,2,66527681,300000,30.0,True,solved,19.509228600072674,40898,40868,40868,653472,611600,750,49,4072,0.8500044962856919,4212a498f37d518bf36895deb096a5dd52203de3702f2fc5f33523f8dea6bf92,True
d20-c1-h6-s22266816,20,1,22266816,6,14,4259c89e9722f9c5880bbed1162f1d4f4603b21c75580e2f2e01ae7dcd2172c8,22497a5c9c34615eb7343a7cdcacf49405b0a4fe133c981e4230c3ca4a3e2bb4,4,lexicographic,2,66527681,300000,30.0,True,solved,1.1026196000166237,2424,2394,2394,38696,36063,71,6,0,0.0,4212a498f37d518bf36895deb096a5dd52203de3702f2fc5f33523f8dea6bf92,True
d20-c1-h6-s22266816,20,1,22266816,6,14,4259c89e9722f9c5880bbed1162f1d4f4603b21c75580e2f2e01ae7dcd2172c8,22497a5c9c34615eb7343a7cdcacf49405b0a4fe133c981e4230c3ca4a3e2bb4,8,all_pair_lexicographic,0,50527655,300000,30.0,True,solved,25.227680000010878,2890,2872,2872,720744,710899,5850,38,145,0.07894030015449971,4212a498f37d518bf36895deb096a5dd52203de3702f2fc5f33523f8dea6bf92,True
d20-c1-h6-s22266816,20,1,22266816,6,14,4259c89e9722f9c5880bbed1162f1d4f4603b21c75580e2f2e01ae7dcd2172c8,22497a5c9c34615eb7343a7cdcacf49405b0a4fe133c981e4230c3ca4a3e2bb4,8,lexicographic,0,50527655,300000,30.0,True,solved,2.0881632000673562,234,216,216,57176,55622,409,6,0,0.0,4212a498f37d518bf36895deb096a5dd52203de3702f2fc5f33523f8dea6bf92,True
d20-c1-h6-s22266816,20,1,22266816,6,14,4259c89e9722f9c5880bbed1162f1d4f4603b21c75580e2f2e01ae7dcd2172c8,22497a5c9c34615eb7343a7cdcacf49405b0a4fe133c981e4230c3ca4a3e2bb4,8,all_pair_lexicographic,1,60527674,300000,30.0,True,solved,25.66876469994895,2890,2872,2872,720744,710899,5850,38,145,0.08264299959409982,4212a498f37d518bf36895deb096a5dd52203de3702f2fc5f33523f8dea6bf92,True
d20-c1-h6-s22266816,20,1,22266816,6,14,4259c89e9722f9c5880bbed1162f1d4f4603b21c75580e2f2e01ae7dcd2172c8,22497a5c9c34615eb7343a7cdcacf49405b0a4fe133c981e4230c3ca4a3e2bb4,8,lexicographic,1,60527674,300000,30.0,True,solved,2.0677321000257507,234,216,216,57176,55622,409,6,0,0.0,4212a498f37d518bf36895deb096a5dd52203de3702f2fc5f33523f8dea6bf92,True
d20-c1-h6-s22266816,20,1,22266816,6,14,4259c89e9722f9c5880bbed1162f1d4f4603b21c75580e2f2e01ae7dcd2172c8,22497a5c9c34615eb7343a7cdcacf49405b0a4fe133c981e4230c3ca4a3e2bb4,8,all_pair_lexicographic,2,70527693,300000,30.0,True,solved,25.873550900025293,2890,2872,2872,720744,710899,5850,38,145,0.08411259960848838,4212a498f37d518bf36895deb096a5dd52203de3702f2fc5f33523f8dea6bf92,True
d20-c1-h6-s22266816,20,1,22266816,6,14,4259c89e9722f9c5880bbed1162f1d4f4603b21c75580e2f2e01ae7dcd2172c8,22497a5c9c34615eb7343a7cdcacf49405b0a4fe133c981e4230c3ca4a3e2bb4,8,lexicographic,2,70527693,300000,30.0,True,solved,2.060459299944341,234,216,216,57176,55622,409,6,0,0.0,4212a498f37d518bf36895deb096a5dd52203de3702f2fc5f33523f8dea6bf92,True
d20-c1-h6-s22266819,20,1,22266819,6,14,48ffc4616eaa29d29aacc411edd9ba879b250bacde78d807a606db2a62ada974,8a846155d57200c1e8a8c817b8959973d03d4430d312650d9b883e2e2bc258f2,2,all_pair_lexicographic,0,44527640,300000,30.0,True,solved,7.759669200051576,43352,43292,43292,173328,129556,317,40,17574,1.1715590000385419,275a076783d1b1589a329da9c93f338babccf7a62b5ed9c047a3cc30ab0bdb1e,True
d20-c1-h6-s22266819,20,1,22266819,6,14,48ffc4616eaa29d29aacc411edd9ba879b250bacde78d807a606db2a62ada974,8a846155d57200c1e8a8c817b8959973d03d4430d312650d9b883e2e2bc258f2,2,lexicographic,0,44527640,300000,30.0,True,solved,0.5606700000353158,3991,3931,3931,15952,11870,33,6,0,0.0,275a076783d1b1589a329da9c93f338babccf7a62b5ed9c047a3cc30ab0bdb1e,True
d20-c1-h6-s22266819,20,1,22266819,6,14,48ffc4616eaa29d29aacc411edd9ba879b250bacde78d807a606db2a62ada974,8a846155d57200c1e8a8c817b8959973d03d4430d312650d9b883e2e2bc258f2,2,all_pair_lexicographic,1,54527659,300000,30.0,True,solved,7.726054599974304,43352,43292,43292,173328,129556,317,40,17574,1.1643953977618366,275a076783d1b1589a329da9c93f338babccf7a62b5ed9c047a3cc30ab0bdb1e,True
d20-c1-h6-s22266819,20,1,22266819,6,14,48ffc4616eaa29d29aacc411edd9ba879b250bacde78d807a606db2a62ada974,8a846155d57200c1e8a8c817b8959973d03d4430d312650d9b883e2e2bc258f2,2,lexicographic,1,54527659,300000,30.0,True,solved,0.6039615999907255,3991,3931,3931,15952,11870,33,6,0,0.0,275a076783d1b1589a329da9c93f338babccf7a62b5ed9c047a3cc30ab0bdb1e,True
d20-c1-h6-s22266819,20,1,22266819,6,14,48ffc4616eaa29d29aacc411edd9ba879b250bacde78d807a606db2a62ada974,8a846155d57200c1e8a8c817b8959973d03d4430d312650d9b883e2e2bc258f2,2,all_pair_lexicographic,2,64527678,300000,30.0,True,solved,7.718119900091551,43352,43292,43292,173328,129556,317,40,17574,1.1537735015153885,275a076783d1b1589a329da9c93f338babccf7a62b5ed9c047a3cc30ab0bdb1e,True
d20-c1-h6-s22266819,20,1,22266819,6,14,48ffc4616eaa29d29aacc411edd9ba879b250bacde78d807a606db2a62ada974,8a846155d57200c1e8a8c817b8959973d03d4430d312650d9b883e2e2bc258f2,2,lexicographic,2,64527678,300000,30.0,True,solved,0.5855218999786302,3991,3931,3931,15952,11870,33,6,0,0.0,275a076783d1b1589a329da9c93f338babccf7a62b5ed9c047a3cc30ab0bdb1e,True
d20-c1-h6-s22266819,20,1,22266819,6,14,48ffc4616eaa29d29aacc411edd9ba879b250bacde78d807a606db2a62ada974,8a846155d57200c1e8a8c817b8959973d03d4430d312650d9b883e2e2bc258f2,4,all_pair_lexicographic,0,46527646,300000,30.0,True,solved,16.433332100044936,28813,28783,28783,458416,428501,892,44,2962,0.7168462028494105,275a076783d1b1589a329da9c93f338babccf7a62b5ed9c047a3cc30ab0bdb1e,True
d20-c1-h6-s22266819,20,1,22266819,6,14,48ffc4616eaa29d29aacc411edd9ba879b250bacde78d807a606db2a62ada974,8a846155d57200c1e8a8c817b8959973d03d4430d312650d9b883e2e2bc258f2,4,lexicographic,0,46527646,300000,30.0,True,solved,1.2798159000230953,2503,2473,2473,39904,37199,81,6,0,0.0,275a076783d1b1589a329da9c93f338babccf7a62b5ed9c047a3cc30ab0bdb1e,True
d20-c1-h6-s22266819,20,1,22266819,6,14,48ffc4616eaa29d29aacc411edd9ba879b250bacde78d807a606db2a62ada974,8a846155d57200c1e8a8c817b8959973d03d4430d312650d9b883e2e2bc258f2,4,all_pair_lexicographic,1,56527665,300000,30.0,True,solved,16.7882641000906,28813,28783,28783,458416,428501,892,44,2962,0.7393506000516936,275a076783d1b1589a329da9c93f338babccf7a62b5ed9c047a3cc30ab0bdb1e,True
d20-c1-h6-s22266819,20,1,22266819,6,14,48ffc4616eaa29d29aacc411edd9ba879b250bacde78d807a606db2a62ada974,8a846155d57200c1e8a8c817b8959973d03d4430d312650d9b883e2e2bc258f2,4,lexicographic,1,56527665,300000,30.0,True,solved,1.2693938000593334,2503,2473,2473,39904,37199,81,6,0,0.0,275a076783d1b1589a329da9c93f338babccf7a62b5ed9c047a3cc30ab0bdb1e,True
d20-c1-h6-s22266819,20,1,22266819,6,14,48ffc4616eaa29d29aacc411edd9ba879b250bacde78d807a606db2a62ada974,8a846155d57200c1e8a8c817b8959973d03d4430d312650d9b883e2e2bc258f2,4,all_pair_lexicographic,2,66527684,300000,30.0,True,solved,16.273980600060895,28813,28783,28783,458416,428501,892,44,2962,0.7169797993265092,275a076783d1b1589a329da9c93f338babccf7a62b5ed9c047a3cc30ab0bdb1e,True
d20-c1-h6-s22266819,20,1,22266819,6,14,48ffc4616eaa29d29aacc411edd9ba879b250bacde78d807a606db2a62ada974,8a846155d57200c1e8a8c817b8959973d03d4430d312650d9b883e2e2bc258f2,4,lexicographic,2,66527684,300000,30.0,True,solved,1.319319300004281,2503,2473,2473,39904,37199,81,6,0,0.0,275a076783d1b1589a329da9c93f338babccf7a62b5ed9c047a3cc30ab0bdb1e,True
d20-c1-h6-s22266819,20,1,22266819,6,14,48ffc4616eaa29d29aacc411edd9ba879b250bacde78d807a606db2a62ada974,8a846155d57200c1e8a8c817b8959973d03d4430d312650d9b883e2e2bc258f2,8,all_pair_lexicographic,0,50527658,300000,30.0,True,solved,25.69657620007638,3197,3179,3179,734112,720399,9575,52,278,0.08803680003620684,275a076783d1b1589a329da9c93f338babccf7a62b5ed9c047a3cc30ab0bdb1e,True
d20-c1-h6-s22266819,20,1,22266819,6,14,48ffc4616eaa29d29aacc411edd9ba879b250bacde78d807a606db2a62ada974,8a846155d57200c1e8a8c817b8959973d03d4430d312650d9b883e2e2bc258f2,8,lexicographic,0,50527658,300000,30.0,True,solved,2.456017200020142,248,230,230,59024,57460,565,6,0,0.0,275a076783d1b1589a329da9c93f338babccf7a62b5ed9c047a3cc30ab0bdb1e,True
d20-c1-h6-s22266819,20,1,22266819,6,14,48ffc4616eaa29d29aacc411edd9ba879b250bacde78d807a606db2a62ada974,8a846155d57200c1e8a8c817b8959973d03d4430d312650d9b883e2e2bc258f2,8,all_pair_lexicographic,1,60527677,300000,30.0,True,solved,24.57415849994868,3197,3179,3179,734112,720399,9575,52,278,0.08694910001941025,275a076783d1b1589a329da9c93f338babccf7a62b5ed9c047a3cc30ab0bdb1e,True
d20-c1-h6-s22266819,20,1,22266819,6,14,48ffc4616eaa29d29aacc411edd9ba879b250bacde78d807a606db2a62ada974,8a846155d57200c1e8a8c817b8959973d03d4430d312650d9b883e2e2bc258f2,8,lexicographic,1,60527677,300000,30.0,True,solved,2.477449300000444,248,230,230,59024,57460,565,6,0,0.0,275a076783d1b1589a329da9c93f338babccf7a62b5ed9c047a3cc30ab0bdb1e,True
d20-c1-h6-s22266819,20,1,22266819,6,14,48ffc4616eaa29d29aacc411edd9ba879b250bacde78d807a606db2a62ada974,8a846155d57200c1e8a8c817b8959973d03d4430d312650d9b883e2e2bc258f2,8,all_pair_lexicographic,2,70527696,300000,30.0,True,solved,21.04458520002663,3197,3179,3179,734112,720399,9575,52,278,0.07454929919913411,275a076783d1b1589a329da9c93f338babccf7a62b5ed9c047a3cc30ab0bdb1e,True
d20-c1-h6-s22266819,20,1,22266819,6,14,48ffc4616eaa29d29aacc411edd9ba879b250bacde78d807a606db2a62ada974,8a846155d57200c1e8a8c817b8959973d03d4430d312650d9b883e2e2bc258f2,8,lexicographic,2,70527696,300000,30.0,True,solved,2.596685399999842,248,230,230,59024,57460,565,6,0,0.0,275a076783d1b1589a329da9c93f338babccf7a62b5ed9c047a3cc30ab0bdb1e,True
d20-c2-h6-s22266817,20,2,22266817,6,14,6814c23a600100fb6fd9aa710bf644ea3d259590adbbf9cbfd28ac69812f335f,e5b138a8f62d12afe5e27d42783d08e4417d4f5066eaaddcf45e9478293450a4,2,all_pair_lexicographic,0,44527638,300000,30.0,True,solved,6.099114299984649,38441,38381,38381,153696,114897,255,34,15283,0.9088930123252794,e940d7e8ee5986da2f34496d2a23c69beadaeed20f4a518ef96fc1e469ca0a4b,True
d20-c2-h6-s22266817,20,2,22266817,6,14,6814c23a600100fb6fd9aa710bf644ea3d259590adbbf9cbfd28ac69812f335f,e5b138a8f62d12afe5e27d42783d08e4417d4f5066eaaddcf45e9478293450a4,2,lexicographic,0,44527638,300000,30.0,True,solved,0.4632611999986693,3938,3878,3878,15740,11704,40,6,0,0.0,e940d7e8ee5986da2f34496d2a23c69beadaeed20f4a518ef96fc1e469ca0a4b,True
d20-c2-h6-s22266817,20,2,22266817,6,14,6814c23a600100fb6fd9aa710bf644ea3d259590adbbf9cbfd28ac69812f335f,e5b138a8f62d12afe5e27d42783d08e4417d4f5066eaaddcf45e9478293450a4,2,all_pair_lexicographic,1,54527657,300000,30.0,True,solved,5.949909299961291,38441,38381,38381,153696,114897,255,34,15283,0.8929667996708304,e940d7e8ee5986da2f34496d2a23c69beadaeed20f4a518ef96fc1e469ca0a4b,True
d20-c2-h6-s22266817,20,2,22266817,6,14,6814c23a600100fb6fd9aa710bf644ea3d259590adbbf9cbfd28ac69812f335f,e5b138a8f62d12afe5e27d42783d08e4417d4f5066eaaddcf45e9478293450a4,2,lexicographic,1,54527657,300000,30.0,True,solved,0.5001699000131339,3938,3878,3878,15740,11704,40,6,0,0.0,e940d7e8ee5986da2f34496d2a23c69beadaeed20f4a518ef96fc1e469ca0a4b,True
d20-c2-h6-s22266817,20,2,22266817,6,14,6814c23a600100fb6fd9aa710bf644ea3d259590adbbf9cbfd28ac69812f335f,e5b138a8f62d12afe5e27d42783d08e4417d4f5066eaaddcf45e9478293450a4,2,all_pair_lexicographic,2,64527676,300000,30.0,True,solved,6.033202199963853,38441,38381,38381,153696,114897,255,34,15283,0.898841803194955,e940d7e8ee5986da2f34496d2a23c69beadaeed20f4a518ef96fc1e469ca0a4b,True
d20-c2-h6-s22266817,20,2,22266817,6,14,6814c23a600100fb6fd9aa710bf644ea3d259590adbbf9cbfd28ac69812f335f,e5b138a8f62d12afe5e27d42783d08e4417d4f5066eaaddcf45e9478293450a4,2,lexicographic,2,64527676,300000,30.0,True,solved,0.4878487999085337,3938,3878,3878,15740,11704,40,6,0,0.0,e940d7e8ee5986da2f34496d2a23c69beadaeed20f4a518ef96fc1e469ca0a4b,True
d20-c2-h6-s22266817,20,2,22266817,6,14,6814c23a600100fb6fd9aa710bf644ea3d259590adbbf9cbfd28ac69812f335f,e5b138a8f62d12afe5e27d42783d08e4417d4f5066eaaddcf45e9478293450a4,4,all_pair_lexicographic,0,46527644,300000,30.0,True,solved,11.620900099980645,24070,24040,24040,384392,359569,541,34,2420,0.5131376000354066,e940d7e8ee5986da2f34496d2a23c69beadaeed20f4a518ef96fc1e469ca0a4b,True
d20-c2-h6-s22266817,20,2,22266817,6,14,6814c23a600100fb6fd9aa710bf644ea3d259590adbbf9cbfd28ac69812f335f,e5b138a8f62d12afe5e27d42783d08e4417d4f5066eaaddcf45e9478293450a4,4,lexicographic,0,46527644,300000,30.0,True,solved,1.1183940999908373,2446,2416,2416,39056,36389,80,6,0,0.0,e940d7e8ee5986da2f34496d2a23c69beadaeed20f4a518ef96fc1e469ca0a4b,True
d20-c2-h6-s22266817,20,2,22266817,6,14,6814c23a600100fb6fd9aa710bf644ea3d259590adbbf9cbfd28ac69812f335f,e5b138a8f62d12afe5e27d42783d08e4417d4f5066eaaddcf45e9478293450a4,4,all_pair_lexicographic,1,56527663,300000,30.0,True,solved,11.639932599966414,24070,24040,24040,384392,359569,541,34,2420,0.505815597367473,e940d7e8ee5986da2f34496d2a23c69beadaeed20f4a518ef96fc1e469ca0a4b,True
d20-c2-h6-s22266817,20,2,22266817,6,14,6814c23a600100fb6fd9aa710bf644ea3d259590adbbf9cbfd28ac69812f335f,e5b138a8f62d12afe5e27d42783d08e4417d4f5066eaaddcf45e9478293450a4,4,lexicographic,1,56527663,300000,30.0,True,solved,1.1033014999702573,2446,2416,2416,39056,36389,80,6,0,0.0,e940d7e8ee5986da2f34496d2a23c69beadaeed20f4a518ef96fc1e469ca0a4b,True
d20-c2-h6-s22266817,20,2,22266817,6,14,6814c23a600100fb6fd9aa710bf644ea3d259590adbbf9cbfd28ac69812f335f,e5b138a8f62d12afe5e27d42783d08e4417d4f5066eaaddcf45e9478293450a4,4,all_pair_lexicographic,2,66527682,300000,30.0,True,solved,11.844313999987207,24070,24040,24040,384392,359569,541,34,2420,0.5179267012281343,e940d7e8ee5986da2f34496d2a23c69beadaeed20f4a518ef96fc1e469ca0a4b,True
d20-c2-h6-s22266817,20,2,22266817,6,14,6814c23a600100fb6fd9aa710bf644ea3d259590adbbf9cbfd28ac69812f335f,e5b138a8f62d12afe5e27d42783d08e4417d4f5066eaaddcf45e9478293450a4,4,lexicographic,2,66527682,300000,30.0,True,solved,1.1049624000443146,2446,2416,2416,39056,36389,80,6,0,0.0,e940d7e8ee5986da2f34496d2a23c69beadaeed20f4a518ef96fc1e469ca0a4b,True
d20-c2-h6-s22266817,20,2,22266817,6,14,6814c23a600100fb6fd9aa710bf644ea3d259590adbbf9cbfd28ac69812f335f,e5b138a8f62d12afe5e27d42783d08e4417d4f5066eaaddcf45e9478293450a4,8,all_pair_lexicographic,0,50527656,300000,30.0,True,solved,23.916099600028247,2659,2641,2641,654912,644269,7097,41,150,0.07344340009149164,e940d7e8ee5986da2f34496d2a23c69beadaeed20f4a518ef96fc1e469ca0a4b,True
d20-c2-h6-s22266817,20,2,22266817,6,14,6814c23a600100fb6fd9aa710bf644ea3d259590adbbf9cbfd28ac69812f335f,e5b138a8f62d12afe5e27d42783d08e4417d4f5066eaaddcf45e9478293450a4,8,lexicographic,0,50527656,300000,30.0,True,solved,1.9254512999905273,233,215,215,57168,55616,615,6,0,0.0,e940d7e8ee5986da2f34496d2a23c69beadaeed20f4a518ef96fc1e469ca0a4b,True
d20-c2-h6-s22266817,20,2,22266817,6,14,6814c23a600100fb6fd9aa710bf644ea3d259590adbbf9cbfd28ac69812f335f,e5b138a8f62d12afe5e27d42783d08e4417d4f5066eaaddcf45e9478293450a4,8,all_pair_lexicographic,1,60527675,300000,30.0,True,solved,24.509344700025395,2659,2641,2641,654912,644269,7097,41,150,0.07706729997880757,e940d7e8ee5986da2f34496d2a23c69beadaeed20f4a518ef96fc1e469ca0a4b,True
d20-c2-h6-s22266817,20,2,22266817,6,14,6814c23a600100fb6fd9aa710bf644ea3d259590adbbf9cbfd28ac69812f335f,e5b138a8f62d12afe5e27d42783d08e4417d4f5066eaaddcf45e9478293450a4,8,lexicographic,1,60527675,300000,30.0,True,solved,2.0089594000019133,233,215,215,57168,55616,615,6,0,0.0,e940d7e8ee5986da2f34496d2a23c69beadaeed20f4a518ef96fc1e469ca0a4b,True
d20-c2-h6-s22266817,20,2,22266817,6,14,6814c23a600100fb6fd9aa710bf644ea3d259590adbbf9cbfd28ac69812f335f,e5b138a8f62d12afe5e27d42783d08e4417d4f5066eaaddcf45e9478293450a4,8,all_pair_lexicographic,2,70527694,300000,30.0,True,solved,24.939162999973632,2659,2641,2641,654912,644269,7097,41,150,0.08050490019377321,e940d7e8ee5986da2f34496d2a23c69beadaeed20f4a518ef96fc1e469ca0a4b,True
d20-c2-h6-s22266817,20,2,22266817,6,14,6814c23a600100fb6fd9aa710bf644ea3d259590adbbf9cbfd28ac69812f335f,e5b138a8f62d12afe5e27d42783d08e4417d4f5066eaaddcf45e9478293450a4,8,lexicographic,2,70527694,300000,30.0,True,solved,2.1004573999671265,233,215,215,57168,55616,615,6,0,0.0,e940d7e8ee5986da2f34496d2a23c69beadaeed20f4a518ef96fc1e469ca0a4b,True
