instance_id,block_size,tie_repetition,order,hidden_rows,guided_policy,baseline,guided_nodes,baseline_nodes,node_ratio_guided_over_baseline,node_reduction_fraction,guided_seconds,baseline_seconds,time_ratio_guided_over_baseline,time_reduction_fraction
d16-c0-h4-s21864815,2,0,16,4,all_pair_product,lexicographic,982,545,1.801834862385321,-0.8018348623853211,0.14124260004609823,0.0644548999844119,2.1913399924638326,-1.1913399924638326
d16-c0-h4-s21864815,2,0,16,4,all_pair_product,random_order,982,1613,0.6088034717916925,0.3911965282083075,0.14124260004609823,0.16665199992712587,0.8475301833032982,0.1524698166967018
d16-c0-h4-s21864815,2,0,16,4,all_pair_product,balance_only,982,1413,0.6949752300070772,0.30502476999292283,0.14124260004609823,0.16757340007461607,0.8428700496809552,0.15712995031904475
d16-c0-h4-s21864815,2,0,16,4,all_pair_product,minimum_max_pressure,982,1768,0.5554298642533937,0.4445701357466063,0.14124260004609823,0.1808154999744147,0.7811421037802843,0.21885789621971574
d16-c0-h4-s21864815,2,1,16,4,all_pair_product,lexicographic,982,545,1.801834862385321,-0.8018348623853211,0.09892949997447431,0.06767670006956905,1.4617955643933374,-0.46179556439333735
d16-c0-h4-s21864815,2,1,16,4,all_pair_product,random_order,982,1027,0.9561830574488802,0.043816942551119786,0.09892949997447431,0.1185768999857828,0.8343066818776322,0.16569331812236776
d16-c0-h4-s21864815,2,1,16,4,all_pair_product,balance_only,982,1538,0.6384915474642393,0.3615084525357607,0.09892949997447431,0.14934520004317164,0.6624216911281814,0.3375783088718186
d16-c0-h4-s21864815,2,1,16,4,all_pair_product,minimum_max_pressure,982,1113,0.8823000898472596,0.1176999101527404,0.09892949997447431,0.11177550000138581,0.8850732045327265,0.11492679546727347
d16-c0-h4-s21864815,2,2,16,4,all_pair_product,lexicographic,890,545,1.6330275229357798,-0.6330275229357798,0.12396170001011342,0.07754399999976158,1.5985982153421872,-0.5985982153421872
d16-c0-h4-s21864815,2,2,16,4,all_pair_product,random_order,890,772,1.1528497409326426,-0.15284974093264259,0.12396170001011342,0.08018579997587949,1.5459308262485634,-0.5459308262485634
d16-c0-h4-s21864815,2,2,16,4,all_pair_product,balance_only,890,1347,0.6607275426874536,0.3392724573125464,0.12396170001011342,0.169045599992387,0.73330332180013,0.26669667819987
d16-c0-h4-s21864815,2,2,16,4,all_pair_product,minimum_max_pressure,890,962,0.9251559251559252,0.07484407484407485,0.12396170001011342,0.12353649991564453,1.0034418985057796,-0.0034418985057795837
d16-c0-h4-s21864815,4,0,16,4,all_pair_product,lexicographic,348,256,1.359375,-0.359375,0.13981870003044605,0.09744110004976392,1.4349047779534465,-0.4349047779534465
d16-c0-h4-s21864815,4,0,16,4,all_pair_product,random_order,348,837,0.4157706093189964,0.5842293906810037,0.13981870003044605,0.3233768999343738,0.4323707106438985,0.5676292893561015
d16-c0-h4-s21864815,4,0,16,4,all_pair_product,balance_only,348,437,0.7963386727688787,0.2036613272311213,0.13981870003044605,0.1296670000301674,1.0782905442241806,-0.07829054422418058
d16-c0-h4-s21864815,4,0,16,4,all_pair_product,minimum_max_pressure,348,897,0.3879598662207358,0.6120401337792643,0.13981870003044605,0.3107046999502927,0.45000510147678674,0.5499948985232133
d16-c0-h4-s21864815,4,1,16,4,all_pair_product,lexicographic,304,256,1.1875,-0.1875,0.09330850001424551,0.07517940003890544,1.241144515199087,-0.24114451519908697
d16-c0-h4-s21864815,4,1,16,4,all_pair_product,random_order,304,233,1.3047210300429184,-0.3047210300429184,0.09330850001424551,0.07744799996726215,1.2047890204225766,-0.20478902042257663
d16-c0-h4-s21864815,4,1,16,4,all_pair_product,balance_only,304,137,2.218978102189781,-1.218978102189781,0.09330850001424551,0.04885779996402562,1.9097974137793616,-0.9097974137793616
d16-c0-h4-s21864815,4,1,16,4,all_pair_product,minimum_max_pressure,304,454,0.6696035242290749,0.3303964757709251,0.09330850001424551,0.20015519997105002,0.46618074388145514,0.5338192561185449
d16-c0-h4-s21864815,4,2,16,4,all_pair_product,lexicographic,348,256,1.359375,-0.359375,0.15337740001268685,0.08423710009083152,1.8207820526502272,-0.8207820526502272
d16-c0-h4-s21864815,4,2,16,4,all_pair_product,random_order,348,746,0.46648793565683644,0.5335120643431636,0.15337740001268685,0.24233969999477267,0.6329024918987489,0.3670975081012511
d16-c0-h4-s21864815,4,2,16,4,all_pair_product,balance_only,348,457,0.7614879649890591,0.23851203501094087,0.15337740001268685,0.1564229999203235,0.9805297180773418,0.019470281922658206
d16-c0-h4-s21864815,4,2,16,4,all_pair_product,minimum_max_pressure,348,853,0.4079718640093787,0.5920281359906213,0.15337740001268685,0.3111504999687895,0.4929363765382721,0.5070636234617278
d16-c0-h4-s21864815,8,0,16,4,all_pair_product,lexicographic,108,228,0.47368421052631576,0.5263157894736843,0.381996100069955,0.6327406000345945,0.6037167522505584,0.39628324774944157
d16-c0-h4-s21864815,8,0,16,4,all_pair_product,random_order,108,302,0.3576158940397351,0.6423841059602649,0.381996100069955,1.0079943999880925,0.37896649036390234,0.6210335096360977
d16-c0-h4-s21864815,8,0,16,4,all_pair_product,balance_only,108,142,0.7605633802816901,0.23943661971830987,0.381996100069955,0.45894939999561757,0.8323272676107706,0.16767273238922942
d16-c0-h4-s21864815,8,0,16,4,all_pair_product,minimum_max_pressure,108,225,0.48,0.52,0.381996100069955,0.7109248000197113,0.5373227942805817,0.4626772057194183
d16-c0-h4-s21864815,8,1,16,4,all_pair_product,lexicographic,64,228,0.2807017543859649,0.7192982456140351,0.272002000012435,0.7199639999307692,0.37779944558143236,0.6222005544185676
d16-c0-h4-s21864815,8,1,16,4,all_pair_product,random_order,64,630,0.10158730158730159,0.8984126984126984,0.272002000012435,1.8856546999886632,0.1442480428755436,0.8557519571244564
d16-c0-h4-s21864815,8,1,16,4,all_pair_product,balance_only,64,313,0.20447284345047922,0.7955271565495208,0.272002000012435,1.0391117999097332,0.2617639411236246,0.7382360588763754
d16-c0-h4-s21864815,8,1,16,4,all_pair_product,minimum_max_pressure,64,500,0.128,0.872,0.272002000012435,1.5740412001032382,0.17280487956388624,0.8271951204361138
d16-c0-h4-s21864815,8,2,16,4,all_pair_product,lexicographic,31,228,0.13596491228070176,0.8640350877192983,0.16870220005512238,0.748749400023371,0.22531196692759503,0.774688033072405
d16-c0-h4-s21864815,8,2,16,4,all_pair_product,random_order,31,571,0.0542907180385289,0.9457092819614711,0.16870220005512238,1.9277617000043392,0.08751195754887268,0.9124880424511274
d16-c0-h4-s21864815,8,2,16,4,all_pair_product,balance_only,31,330,0.09393939393939393,0.906060606060606,0.16870220005512238,1.0965333000058308,0.1538505032671833,0.8461494967328167
d16-c0-h4-s21864815,8,2,16,4,all_pair_product,minimum_max_pressure,31,440,0.07045454545454545,0.9295454545454546,0.16870220005512238,1.525047899922356,0.11062091889947288,0.8893790811005271
d16-c0-h6-s21866815,2,0,16,6,all_pair_product,lexicographic,11387,616,18.48538961038961,-17.48538961038961,1.424587200046517,0.052173399948515,27.30485652559173,-26.30485652559173
d16-c0-h6-s21866815,2,0,16,6,all_pair_product,random_order,11387,7306,1.5585819874076101,-0.5585819874076101,1.424587200046517,0.7767978999763727,1.8339225686498992,-0.8339225686498992
d16-c0-h6-s21866815,2,0,16,6,all_pair_product,balance_only,11387,11866,0.9596325636271701,0.04036743637282991,1.424587200046517,1.2225806000642478,1.1652296789035042,-0.16522967890350415
d16-c0-h6-s21866815,2,0,16,6,all_pair_product,minimum_max_pressure,11387,7321,1.5553886081136457,-0.5553886081136457,1.424587200046517,0.7862405000487342,1.8118975045907906,-0.8118975045907906
d16-c0-h6-s21866815,2,1,16,6,all_pair_product,lexicographic,11387,616,18.48538961038961,-17.48538961038961,1.3113899000454694,0.0736411000834778,17.807853203698873,-16.807853203698873
d16-c0-h6-s21866815,2,1,16,6,all_pair_product,random_order,11387,16831,0.6765492246450003,0.32345077535499966,1.3113899000454694,1.6819419000530615,0.7796879904139958,0.22031200958600416
d16-c0-h6-s21866815,2,1,16,6,all_pair_product,balance_only,11387,11914,0.9557663253315427,0.04423367466845729,1.3113899000454694,1.2629851000383496,1.0383257094685043,-0.03832570946850433
d16-c0-h6-s21866815,2,1,16,6,all_pair_product,minimum_max_pressure,11387,16726,0.6807963649408107,0.31920363505918925,1.3113899000454694,1.7379992000060156,0.7545399906058244,0.24546000939417556
d16-c0-h6-s21866815,2,2,16,6,all_pair_product,lexicographic,10682,616,17.34090909090909,-16.34090909090909,1.2634010999463499,0.09853740001562983,12.821538824303781,-11.821538824303781
d16-c0-h6-s21866815,2,2,16,6,all_pair_product,random_order,10682,4281,2.495211399205793,-1.4952113992057932,1.2634010999463499,0.5027260999195278,2.5131002749779348,-1.5131002749779348
d16-c0-h6-s21866815,2,2,16,6,all_pair_product,balance_only,10682,11015,0.9697684975034044,0.030231502496595564,1.2634010999463499,1.1162465999368578,1.1318297408635476,-0.1318297408635476
d16-c0-h6-s21866815,2,2,16,6,all_pair_product,minimum_max_pressure,10682,4513,2.366939951251939,-1.366939951251939,1.2634010999463499,0.4560742999892682,2.7701650805056954,-1.7701650805056954
d16-c0-h6-s21866815,4,0,16,6,all_pair_product,lexicographic,6478,245,26.440816326530612,-25.440816326530612,2.1619920000666752,0.08661919995211065,24.959731806135135,-23.959731806135135
d16-c0-h6-s21866815,4,0,16,6,all_pair_product,random_order,6478,4316,1.5009267840593141,-0.5009267840593141,2.1619920000666752,1.4971098999958485,1.4441104157234352,-0.44411041572343524
d16-c0-h6-s21866815,4,0,16,6,all_pair_product,balance_only,6478,5466,1.18514452982071,-0.18514452982070995,2.1619920000666752,1.6446239999495447,1.31458132687654,-0.31458132687654006
d16-c0-h6-s21866815,4,0,16,6,all_pair_product,minimum_max_pressure,6478,4481,1.4456594510153984,-0.4456594510153984,2.1619920000666752,1.3772985999239609,1.5697336802535313,-0.5697336802535313
d16-c0-h6-s21866815,4,1,16,6,all_pair_product,lexicographic,5827,245,23.783673469387754,-22.783673469387754,2.111054199980572,0.07965369999874383,26.502901936932798,-25.502901936932798
d16-c0-h6-s21866815,4,1,16,6,all_pair_product,random_order,5827,5013,1.1623778176740476,-0.16237781767404758,2.111054199980572,1.4733223000075668,1.432852947362386,-0.4328529473623861
d16-c0-h6-s21866815,4,1,16,6,all_pair_product,balance_only,5827,5277,1.1042258859200302,-0.10422588592003024,2.111054199980572,1.693091099965386,1.246863916551053,-0.2468639165510531
d16-c0-h6-s21866815,4,1,16,6,all_pair_product,minimum_max_pressure,5827,5299,1.0996414417814682,-0.09964144178146817,2.111054199980572,1.6174662000266835,1.3051612453760986,-0.30516124537609857
d16-c0-h6-s21866815,4,2,16,6,all_pair_product,lexicographic,6422,245,26.212244897959184,-25.212244897959184,2.2558483000611886,0.09485100000165403,23.78307345227621,-22.78307345227621
d16-c0-h6-s21866815,4,2,16,6,all_pair_product,random_order,6422,5753,1.1162871545280724,-0.11628715452807237,2.2558483000611886,1.9377592001110315,1.1641530588175926,-0.16415305881759257
d16-c0-h6-s21866815,4,2,16,6,all_pair_product,balance_only,6422,5701,1.1264690405192073,-0.12646904051920727,2.2558483000611886,1.7215686000417918,1.310344705407863,-0.31034470540786296
d16-c0-h6-s21866815,4,2,16,6,all_pair_product,minimum_max_pressure,6422,5913,1.0860815153052596,-0.08608151530525965,2.2558483000611886,2.049602499930188,1.1006272192476472,-0.10062721924764717
d16-c0-h6-s21866815,8,0,16,6,all_pair_product,lexicographic,4004,210,19.066666666666666,-18.066666666666666,13.301519599976018,0.590727600036189,22.517179829012804,-21.517179829012804
d16-c0-h6-s21866815,8,0,16,6,all_pair_product,random_order,4004,898,4.458797327394209,-3.458797327394209,13.301519599976018,2.7301263998961076,4.872125920793335,-3.8721259207933354
d16-c0-h6-s21866815,8,0,16,6,all_pair_product,balance_only,4004,3904,1.0256147540983607,-0.02561475409836067,13.301519599976018,12.794397399993613,1.0396362707932347,-0.03963627079323473
d16-c0-h6-s21866815,8,0,16,6,all_pair_product,minimum_max_pressure,4004,4121,0.9716088328075709,0.028391167192429068,13.301519599976018,13.569312599953264,0.9802648072255209,0.019735192774479104
d16-c0-h6-s21866815,8,1,16,6,all_pair_product,lexicographic,4004,210,19.066666666666666,-18.066666666666666,13.121742299990728,0.6353859999217093,20.651607529293308,-19.651607529293308
d16-c0-h6-s21866815,8,1,16,6,all_pair_product,random_order,4004,1972,2.030425963488844,-1.030425963488844,13.121742299990728,6.068837400060147,2.162150908815036,-1.1621509088150361
d16-c0-h6-s21866815,8,1,16,6,all_pair_product,balance_only,4004,4486,0.8925546143557735,0.10744538564422645,13.121742299990728,14.51568099996075,0.9039701478715473,0.09602985212845272
d16-c0-h6-s21866815,8,1,16,6,all_pair_product,minimum_max_pressure,4004,4686,0.8544600938967136,0.14553990610328638,13.121742299990728,16.093641699990258,0.8153370470524811,0.1846629529475189
d16-c0-h6-s21866815,8,2,16,6,all_pair_product,lexicographic,4004,210,19.066666666666666,-18.066666666666666,15.731129299965687,0.6712171999970451,23.436719589478546,-22.436719589478546
d16-c0-h6-s21866815,8,2,16,6,all_pair_product,random_order,4004,2431,1.6470588235294117,-0.6470588235294117,15.731129299965687,8.2691195999505,1.9023946999218462,-0.9023946999218462
d16-c0-h6-s21866815,8,2,16,6,all_pair_product,balance_only,4004,3912,1.0235173824130879,-0.023517382413087873,15.731129299965687,13.934003000031225,1.128974157672453,-0.12897415767245302
d16-c0-h6-s21866815,8,2,16,6,all_pair_product,minimum_max_pressure,4004,4468,0.8961504028648165,0.10384959713518349,15.731129299965687,17.43330680008512,0.9023606066457156,0.0976393933542844
d16-c1-h4-s21864816,2,0,16,4,all_pair_product,lexicographic,1259,522,2.4118773946360155,-1.4118773946360155,0.15506120002828538,0.04296959994826466,3.6086256380087054,-2.6086256380087054
d16-c1-h4-s21864816,2,0,16,4,all_pair_product,random_order,1259,2215,0.5683972911963883,0.43160270880361173,0.15506120002828538,0.18752679997123778,0.8268748789616638,0.17312512103833622
d16-c1-h4-s21864816,2,0,16,4,all_pair_product,balance_only,1259,2377,0.5296592343289861,0.4703407656710139,0.15506120002828538,0.23620519996620715,0.6564681897370139,0.34353181026298607
d16-c1-h4-s21864816,2,0,16,4,all_pair_product,minimum_max_pressure,1259,2292,0.5493019197207679,0.4506980802792321,0.15506120002828538,0.2456167999189347,0.6313134935373436,0.36868650646265644
d16-c1-h4-s21864816,2,1,16,4,all_pair_product,lexicographic,1259,522,2.4118773946360155,-1.4118773946360155,0.17450209998060018,0.051714600063860416,3.3743294884832156,-2.3743294884832156
d16-c1-h4-s21864816,2,1,16,4,all_pair_product,random_order,1259,398,3.163316582914573,-2.163316582914573,0.17450209998060018,0.04254459997173399,4.101627470854981,-3.1016274708549814
d16-c1-h4-s21864816,2,1,16,4,all_pair_product,balance_only,1259,2210,0.569683257918552,0.430316742081448,0.17450209998060018,0.22831260005477816,0.7643121752313826,0.23568782476861738
d16-c1-h4-s21864816,2,1,16,4,all_pair_product,minimum_max_pressure,1259,464,2.7133620689655173,-1.7133620689655173,0.17450209998060018,0.0589268000330776,2.9613367751625113,-1.9613367751625113
d16-c1-h4-s21864816,2,2,16,4,all_pair_product,lexicographic,1259,522,2.4118773946360155,-1.4118773946360155,0.1630196999758482,0.05921650002710521,2.7529438568849742,-1.7529438568849742
d16-c1-h4-s21864816,2,2,16,4,all_pair_product,random_order,1259,504,2.498015873015873,-1.498015873015873,0.1630196999758482,0.07662730000447482,2.1274363048982323,-1.1274363048982323
d16-c1-h4-s21864816,2,2,16,4,all_pair_product,balance_only,1259,2373,0.5305520438263801,0.4694479561736199,0.1630196999758482,0.2341275999788195,0.696285700577787,0.30371429942221295
d16-c1-h4-s21864816,2,2,16,4,all_pair_product,minimum_max_pressure,1259,617,2.0405186385737437,-1.0405186385737437,0.1630196999758482,0.054041100083850324,3.0165873700369974,-2.0165873700369974
d16-c1-h4-s21864816,4,0,16,4,all_pair_product,lexicographic,854,231,3.696969696969697,-2.696969696969697,0.33168409997597337,0.08543370000552386,3.8823567275504605,-2.8823567275504605
d16-c1-h4-s21864816,4,0,16,4,all_pair_product,random_order,854,755,1.1311258278145695,-0.1311258278145695,0.33168409997597337,0.2667996999807656,1.2431951760061406,-0.2431951760061406
d16-c1-h4-s21864816,4,0,16,4,all_pair_product,balance_only,854,997,0.8565697091273822,0.14343029087261783,0.33168409997597337,0.32327819999773055,1.0260020625526305,-0.02600206255263049
d16-c1-h4-s21864816,4,0,16,4,all_pair_product,minimum_max_pressure,854,934,0.9143468950749465,0.08565310492505351,0.33168409997597337,0.3498536000261083,0.9480654192245584,0.05193458077544155
d16-c1-h4-s21864816,4,1,16,4,all_pair_product,lexicographic,789,231,3.4155844155844157,-2.4155844155844157,0.335526300012134,0.074980300036259,4.4748593943993304,-3.4748593943993304
d16-c1-h4-s21864816,4,1,16,4,all_pair_product,random_order,789,769,1.0260078023407022,-0.026007802340702213,0.335526300012134,0.2602812999393791,1.2890910721987323,-0.2890910721987323
d16-c1-h4-s21864816,4,1,16,4,all_pair_product,balance_only,789,1095,0.7205479452054795,0.2794520547945205,0.335526300012134,0.37484970001969486,0.8950955542835041,0.10490444571649593
d16-c1-h4-s21864816,4,1,16,4,all_pair_product,minimum_max_pressure,789,968,0.8150826446280992,0.1849173553719008,0.335526300012134,0.3132461999775842,1.0711264814581762,-0.07112648145817624
d16-c1-h4-s21864816,4,2,16,4,all_pair_product,lexicographic,854,231,3.696969696969697,-2.696969696969697,0.298490000073798,0.09494290000293404,3.1438896438235373,-2.1438896438235373
d16-c1-h4-s21864816,4,2,16,4,all_pair_product,random_order,854,981,0.8705402650356778,0.12945973496432217,0.298490000073798,0.39458570000715554,0.7564643119818714,0.24353568801812864
d16-c1-h4-s21864816,4,2,16,4,all_pair_product,balance_only,854,993,0.8600201409869084,0.13997985901309162,0.298490000073798,0.2965241998899728,1.0066294763953654,-0.006629476395365375
d16-c1-h4-s21864816,4,2,16,4,all_pair_product,minimum_max_pressure,854,1092,0.782051282051282,0.21794871794871795,0.298490000073798,0.4096602000063285,0.7286282633001372,0.2713717366998628
d16-c1-h4-s21864816,8,0,16,4,all_pair_product,lexicographic,584,205,2.848780487804878,-1.848780487804878,1.9608057999284938,0.6424930000212044,3.05187107075685,-2.05187107075685
d16-c1-h4-s21864816,8,0,16,4,all_pair_product,random_order,584,1011,0.5776458951533135,0.42235410484668645,1.9608057999284938,3.311433000024408,0.5921321071312755,0.4078678928687245
d16-c1-h4-s21864816,8,0,16,4,all_pair_product,balance_only,584,453,1.2891832229580573,-0.2891832229580573,1.9608057999284938,1.5770428000250831,1.2433434272660875,-0.2433434272660875
d16-c1-h4-s21864816,8,0,16,4,all_pair_product,minimum_max_pressure,584,467,1.2505353319057815,-0.2505353319057815,1.9608057999284938,1.6393139000283554,1.1961136911573662,-0.1961136911573662
d16-c1-h4-s21864816,8,1,16,4,all_pair_product,lexicographic,584,205,2.848780487804878,-1.848780487804878,2.0833546000067145,0.671489900094457,3.1025851613161324,-2.1025851613161324
d16-c1-h4-s21864816,8,1,16,4,all_pair_product,random_order,584,592,0.9864864864864865,0.013513513513513487,2.0833546000067145,1.9396702999947593,1.0740766613853618,-0.07407666138536184
d16-c1-h4-s21864816,8,1,16,4,all_pair_product,balance_only,584,320,1.825,-0.825,2.0833546000067145,1.103323300019838,1.8882539686864726,-0.8882539686864726
d16-c1-h4-s21864816,8,1,16,4,all_pair_product,minimum_max_pressure,584,298,1.9597315436241611,-0.9597315436241611,2.0833546000067145,1.0137771000154316,2.0550420797382403,-1.0550420797382403
d16-c1-h4-s21864816,8,2,16,4,all_pair_product,lexicographic,584,205,2.848780487804878,-1.848780487804878,1.9930600000079721,0.6553095000563189,3.0414025736490675,-2.0414025736490675
d16-c1-h4-s21864816,8,2,16,4,all_pair_product,random_order,584,532,1.0977443609022557,-0.09774436090225569,1.9930600000079721,1.8564107000129297,1.0736094119658386,-0.07360941196583859
d16-c1-h4-s21864816,8,2,16,4,all_pair_product,balance_only,584,232,2.5172413793103448,-1.5172413793103448,1.9930600000079721,0.8822527000447735,2.2590579772743413,-1.2590579772743413
d16-c1-h4-s21864816,8,2,16,4,all_pair_product,minimum_max_pressure,584,205,2.848780487804878,-1.848780487804878,1.9930600000079721,0.7890221999259666,2.5259872284898695,-1.5259872284898695
d16-c1-h6-s21866816,2,0,16,6,all_pair_product,lexicographic,9172,587,15.625212947189096,-14.625212947189096,1.2925144999753684,0.10183759999927133,12.691918308999982,-11.691918308999982
d16-c1-h6-s21866816,2,0,16,6,all_pair_product,random_order,9172,8387,1.0935972338142363,-0.09359723381423635,1.2925144999753684,0.9360113999573514,1.3808747415194524,-0.38087474151945244
d16-c1-h6-s21866816,2,0,16,6,all_pair_product,balance_only,9172,6949,1.3199021441934091,-0.3199021441934091,1.2925144999753684,0.8521513999439776,1.5167662695388886,-0.5167662695388886
d16-c1-h6-s21866816,2,0,16,6,all_pair_product,minimum_max_pressure,9172,8089,1.1338855235505008,-0.13388552355050076,1.2925144999753684,1.014873699983582,1.273571775479331,-0.273571775479331
d16-c1-h6-s21866816,2,1,16,6,all_pair_product,lexicographic,9209,587,15.68824531516184,-14.68824531516184,1.4597821000497788,0.07034390000626445,20.752078004201906,-19.752078004201906
d16-c1-h6-s21866816,2,1,16,6,all_pair_product,random_order,9209,9074,1.0148776724707957,-0.014877672470795744,1.4597821000497788,1.1240773999597877,1.298649096674304,-0.29864909667430406
d16-c1-h6-s21866816,2,1,16,6,all_pair_product,balance_only,9209,6937,1.3275191004757099,-0.32751910047570987,1.4597821000497788,0.8535360998939723,1.7102757577929222,-0.7102757577929222
d16-c1-h6-s21866816,2,1,16,6,all_pair_product,minimum_max_pressure,9209,8689,1.0598457820232479,-0.05984578202324786,1.4597821000497788,1.1185099999420345,1.3051131417022919,-0.30511314170229187
d16-c1-h6-s21866816,2,2,16,6,all_pair_product,lexicographic,9172,587,15.625212947189096,-14.625212947189096,1.3954696001019329,0.07344690000172704,18.99970727245288,-17.99970727245288
d16-c1-h6-s21866816,2,2,16,6,all_pair_product,random_order,9172,9760,0.9397540983606557,0.06024590163934429,1.3954696001019329,1.3269923999905586,1.0516033099450015,-0.05160330994500151
d16-c1-h6-s21866816,2,2,16,6,all_pair_product,balance_only,9172,8072,1.1362735381565907,-0.1362735381565907,1.3954696001019329,0.9803242000052705,1.4234776618739295,-0.42347766187392955
d16-c1-h6-s21866816,2,2,16,6,all_pair_product,minimum_max_pressure,9172,9411,0.9746041865901605,0.02539581340983954,1.3954696001019329,1.2029671999625862,1.1600229832910938,-0.16002298329109377
d16-c1-h6-s21866816,4,0,16,6,all_pair_product,lexicographic,729,244,2.987704918032787,-1.987704918032787,0.3687722999602556,0.09215059992857277,4.001843723709842,-3.0018437237098423
d16-c1-h6-s21866816,4,0,16,6,all_pair_product,random_order,729,2845,0.2562390158172232,0.7437609841827768,0.3687722999602556,1.2235732999397442,0.3013896265784944,0.6986103734215057
d16-c1-h6-s21866816,4,0,16,6,all_pair_product,balance_only,729,2039,0.3575282000980873,0.6424717999019127,0.3687722999602556,0.777810400002636,0.47411592845635114,0.5258840715436488
d16-c1-h6-s21866816,4,0,16,6,all_pair_product,minimum_max_pressure,729,2557,0.2850997262416895,0.7149002737583106,0.3687722999602556,1.0588653999147937,0.3482711778002478,0.6517288221997521
d16-c1-h6-s21866816,4,1,16,6,all_pair_product,lexicographic,729,244,2.987704918032787,-1.987704918032787,0.34584730002097785,0.09607139998115599,3.599898617994683,-2.599898617994683
d16-c1-h6-s21866816,4,1,16,6,all_pair_product,random_order,729,3176,0.22953400503778337,0.7704659949622166,0.34584730002097785,1.45892400003504,0.23705641967139576,0.7629435803286042
d16-c1-h6-s21866816,4,1,16,6,all_pair_product,balance_only,729,2362,0.3086367485182049,0.6913632514817951,0.34584730002097785,1.1260795999551192,0.3071250913654433,0.6928749086345567
d16-c1-h6-s21866816,4,1,16,6,all_pair_product,minimum_max_pressure,729,2747,0.2653804149981798,0.7346195850018202,0.34584730002097785,1.1611548999790102,0.29784768597818395,0.702152314021816
d16-c1-h6-s21866816,4,2,16,6,all_pair_product,lexicographic,1040,244,4.262295081967213,-3.2622950819672134,0.5231473000021651,0.1055910000577569,4.954468654677107,-3.9544686546771066
d16-c1-h6-s21866816,4,2,16,6,all_pair_product,random_order,1040,3846,0.2704108164326573,0.7295891835673427,0.5231473000021651,1.7332492000423372,0.3018304003771567,0.6981695996228433
d16-c1-h6-s21866816,4,2,16,6,all_pair_product,balance_only,1040,2569,0.4048267808485792,0.5951732191514207,0.5231473000021651,1.2021694000577554,0.4351693696221446,0.5648306303778554
d16-c1-h6-s21866816,4,2,16,6,all_pair_product,minimum_max_pressure,1040,3490,0.2979942693409742,0.7020057306590257,0.5231473000021651,1.4807978000026196,0.35328746436632985,0.6467125356336701
d16-c1-h6-s21866816,8,0,16,6,all_pair_product,lexicographic,2694,201,13.402985074626866,-12.402985074626866,10.925592200015672,0.8661118999589235,12.614527292066802,-11.614527292066802
d16-c1-h6-s21866816,8,0,16,6,all_pair_product,random_order,2694,3053,0.8824107435309532,0.11758925646904683,10.925592200015672,12.479040599893779,0.8755153982036624,0.12448460179633758
d16-c1-h6-s21866816,8,0,16,6,all_pair_product,balance_only,2694,3059,0.8806799607714939,0.11932003922850609,10.925592200015672,12.055064899963327,0.906307207027057,0.09369279297294297
d16-c1-h6-s21866816,8,0,16,6,all_pair_product,minimum_max_pressure,2694,2443,1.1027425296766271,-0.10274252967662711,10.925592200015672,9.686636599944904,1.1279035904038988,-0.12790359040389876
d16-c1-h6-s21866816,8,1,16,6,all_pair_product,lexicographic,2746,201,13.661691542288557,-12.661691542288557,10.538114700000733,0.840518599958159,12.537634146972263,-11.537634146972263
d16-c1-h6-s21866816,8,1,16,6,all_pair_product,random_order,2746,3357,0.8179922549895741,0.18200774501042594,10.538114700000733,12.987256599939428,0.8114196111324914,0.1885803888675086
d16-c1-h6-s21866816,8,1,16,6,all_pair_product,balance_only,2746,3019,0.909572706194104,0.09042729380589598,10.538114700000733,12.014812399982475,0.8770935699350665,0.12290643006493351
d16-c1-h6-s21866816,8,1,16,6,all_pair_product,minimum_max_pressure,2746,2689,1.021197471178877,-0.021197471178876937,10.538114700000733,10.172188199940138,1.0359732333759564,-0.03597323337595637
d16-c1-h6-s21866816,8,2,16,6,all_pair_product,lexicographic,2694,201,13.402985074626866,-12.402985074626866,10.094773499993607,0.7933125999988988,12.72483696843794,-11.72483696843794
d16-c1-h6-s21866816,8,2,16,6,all_pair_product,random_order,2694,261,10.32183908045977,-9.32183908045977,10.094773499993607,0.9057398000732064,11.14533500590092,-10.14533500590092
d16-c1-h6-s21866816,8,2,16,6,all_pair_product,balance_only,2694,1806,1.4916943521594683,-0.49169435215946833,10.094773499993607,6.53779700002633,1.5440634666314894,-0.5440634666314894
d16-c1-h6-s21866816,8,2,16,6,all_pair_product,minimum_max_pressure,2694,2044,1.318003913894325,-0.3180039138943249,10.094773499993607,7.543532000039704,1.3382025157367232,-0.3382025157367232
d16-c2-h4-s21864817,2,0,16,4,all_pair_product,lexicographic,725,609,1.1904761904761905,-0.19047619047619047,0.07894659996964037,0.054705999908037484,1.4431067908886064,-0.4431067908886064
d16-c2-h4-s21864817,2,0,16,4,all_pair_product,random_order,725,435,1.6666666666666667,-0.6666666666666667,0.07894659996964037,0.05789940000977367,1.3635132653587747,-0.3635132653587747
d16-c2-h4-s21864817,2,0,16,4,all_pair_product,balance_only,725,477,1.519916142557652,-0.519916142557652,0.07894659996964037,0.04416349995881319,1.7875983570882255,-0.7875983570882255
d16-c2-h4-s21864817,2,0,16,4,all_pair_product,minimum_max_pressure,725,341,2.126099706744868,-1.126099706744868,0.07894659996964037,0.0387236000970006,2.038720567609501,-1.0387205676095008
d16-c2-h4-s21864817,2,1,16,4,all_pair_product,lexicographic,725,609,1.1904761904761905,-0.19047619047619047,0.11126140004489571,0.048862399999052286,2.277035103618604,-1.277035103618604
d16-c2-h4-s21864817,2,1,16,4,all_pair_product,random_order,725,405,1.7901234567901234,-0.7901234567901234,0.11126140004489571,0.04558180004823953,2.440917206585677,-1.4409172065856768
d16-c2-h4-s21864817,2,1,16,4,all_pair_product,balance_only,725,408,1.7769607843137254,-0.7769607843137254,0.11126140004489571,0.06207059998996556,1.7924975763547062,-0.7924975763547062
d16-c2-h4-s21864817,2,1,16,4,all_pair_product,minimum_max_pressure,725,227,3.193832599118943,-2.193832599118943,0.11126140004489571,0.038709199987351894,2.8742882849878066,-1.8742882849878066
d16-c2-h4-s21864817,2,2,16,4,all_pair_product,lexicographic,725,609,1.1904761904761905,-0.19047619047619047,0.10673640004824847,0.0644339999416843,1.6565229559681187,-0.6565229559681187
d16-c2-h4-s21864817,2,2,16,4,all_pair_product,random_order,725,492,1.4735772357723578,-0.4735772357723578,0.10673640004824847,0.06178420002106577,1.7275678897170461,-0.7275678897170461
d16-c2-h4-s21864817,2,2,16,4,all_pair_product,balance_only,725,513,1.4132553606237817,-0.41325536062378165,0.10673640004824847,0.045895099989138544,2.325660039383475,-1.3256600393834752
d16-c2-h4-s21864817,2,2,16,4,all_pair_product,minimum_max_pressure,725,296,2.449324324324324,-1.4493243243243241,0.10673640004824847,0.024283200036734343,4.39548329243194,-3.3954832924319396
d16-c2-h4-s21864817,4,0,16,4,all_pair_product,lexicographic,263,268,0.9813432835820896,0.018656716417910446,0.08919129997957498,0.10508480004500598,0.8487554807296194,0.15124451927038063
d16-c2-h4-s21864817,4,0,16,4,all_pair_product,random_order,263,750,0.3506666666666667,0.6493333333333333,0.08919129997957498,0.27927729999646544,0.31936466007335285,0.6806353399266472
d16-c2-h4-s21864817,4,0,16,4,all_pair_product,balance_only,263,397,0.6624685138539043,0.33753148614609574,0.08919129997957498,0.12906019994989038,0.6910829211035229,0.3089170788964771
d16-c2-h4-s21864817,4,0,16,4,all_pair_product,minimum_max_pressure,263,474,0.5548523206751055,0.4451476793248945,0.08919129997957498,0.18205009994562715,0.48992722336441297,0.510072776635587
d16-c2-h4-s21864817,4,1,16,4,all_pair_product,lexicographic,205,268,0.7649253731343284,0.2350746268656716,0.0753893000073731,0.10489990003407001,0.7186784733149193,0.2813215266850807
d16-c2-h4-s21864817,4,1,16,4,all_pair_product,random_order,205,127,1.6141732283464567,-0.6141732283464567,0.0753893000073731,0.055855699931271374,1.3497154292245408,-0.3497154292245408
d16-c2-h4-s21864817,4,1,16,4,all_pair_product,balance_only,205,311,0.6591639871382636,0.34083601286173637,0.0753893000073731,0.10689209995325655,0.7052841139835452,0.2947158860164548
d16-c2-h4-s21864817,4,1,16,4,all_pair_product,minimum_max_pressure,205,29,7.068965517241379,-6.068965517241379,0.0753893000073731,0.017597800004296005,4.284018456225717,-3.2840184562257173
d16-c2-h4-s21864817,4,2,16,4,all_pair_product,lexicographic,232,268,0.8656716417910447,0.13432835820895528,0.08192579995375127,0.10893059999216348,0.7520916983808502,0.24790830161914978
d16-c2-h4-s21864817,4,2,16,4,all_pair_product,random_order,232,355,0.6535211267605634,0.3464788732394366,0.08192579995375127,0.14601819997187704,0.5610656751660416,0.43893432483395844
d16-c2-h4-s21864817,4,2,16,4,all_pair_product,balance_only,232,365,0.6356164383561644,0.36438356164383556,0.08192579995375127,0.13328009995166212,0.6146889144250643,0.38531108557493565
d16-c2-h4-s21864817,4,2,16,4,all_pair_product,minimum_max_pressure,232,141,1.6453900709219857,-0.6453900709219857,0.08192579995375127,0.06263890000991523,1.307906108516961,-0.307906108516961
d16-c2-h4-s21864817,8,0,16,4,all_pair_product,lexicographic,187,241,0.7759336099585062,0.22406639004149376,0.6075423000147566,0.7764945999952033,0.7824166452909134,0.21758335470908663
d16-c2-h4-s21864817,8,0,16,4,all_pair_product,random_order,187,571,0.3274956217162872,0.6725043782837128,0.6075423000147566,2.1945552999386564,0.27684073398913167,0.7231592660108683
d16-c2-h4-s21864817,8,0,16,4,all_pair_product,balance_only,187,383,0.48825065274151436,0.5117493472584856,0.6075423000147566,1.277283399947919,0.47565191878288643,0.5243480812171135
d16-c2-h4-s21864817,8,0,16,4,all_pair_product,minimum_max_pressure,187,286,0.6538461538461539,0.34615384615384615,0.6075423000147566,0.8594389000209048,0.7069057497862604,0.2930942502137396
d16-c2-h4-s21864817,8,1,16,4,all_pair_product,lexicographic,231,241,0.9585062240663901,0.04149377593360992,1.0302757000317797,0.9654865999473259,1.067105126148813,-0.06710512614881292
d16-c2-h4-s21864817,8,1,16,4,all_pair_product,random_order,231,653,0.3537519142419602,0.6462480857580398,1.0302757000317797,2.2996018000412732,0.44802352303485254,0.5519764769651474
d16-c2-h4-s21864817,8,1,16,4,all_pair_product,balance_only,231,425,0.5435294117647059,0.4564705882352941,1.0302757000317797,1.6498014000244439,0.6244846804085116,0.37551531959148843
d16-c2-h4-s21864817,8,1,16,4,all_pair_product,minimum_max_pressure,231,362,0.638121546961326,0.36187845303867405,1.0302757000317797,1.3885678000515327,0.7419700355960609,0.2580299644039391
d16-c2-h4-s21864817,8,2,16,4,all_pair_product,lexicographic,187,241,0.7759336099585062,0.22406639004149376,0.6866300998954102,0.8839667999418452,0.7767600547221711,0.22323994527782887
d16-c2-h4-s21864817,8,2,16,4,all_pair_product,random_order,187,450,0.41555555555555557,0.5844444444444444,0.6866300998954102,1.6485503999283537,0.41650537340274907,0.5834946265972509
d16-c2-h4-s21864817,8,2,16,4,all_pair_product,balance_only,187,362,0.5165745856353591,0.4834254143646409,0.6866300998954102,1.302989499992691,0.5269651826812586,0.4730348173187414
d16-c2-h4-s21864817,8,2,16,4,all_pair_product,minimum_max_pressure,187,291,0.6426116838487973,0.3573883161512027,0.6866300998954102,1.0025999000063166,0.6848495595212849,0.3151504404787151
d16-c2-h6-s21866817,2,0,16,6,all_pair_product,lexicographic,5664,603,9.393034825870647,-8.393034825870647,0.7626111999852583,0.07624860003124923,10.001641993068919,-9.001641993068919
d16-c2-h6-s21866817,2,0,16,6,all_pair_product,random_order,5664,4401,1.286980231765508,-0.2869802317655079,0.7626111999852583,0.6104250999633223,1.2493116682637726,-0.2493116682637726
d16-c2-h6-s21866817,2,0,16,6,all_pair_product,balance_only,5664,6575,0.8614448669201521,0.1385551330798479,0.7626111999852583,0.8643693999620155,0.8822746386195197,0.11772536138048029
d16-c2-h6-s21866817,2,0,16,6,all_pair_product,minimum_max_pressure,5664,4164,1.3602305475504324,-0.3602305475504324,0.7626111999852583,0.544245500001125,1.4012264685398075,-0.4012264685398075
d16-c2-h6-s21866817,2,1,16,6,all_pair_product,lexicographic,5875,603,9.742951907131012,-8.742951907131012,0.7923175999894738,0.05663460004143417,13.989991973277998,-12.989991973277998
d16-c2-h6-s21866817,2,1,16,6,all_pair_product,random_order,5875,3642,1.613124656781988,-0.6131246567819879,0.7923175999894738,0.42493139998987317,1.864577670674269,-0.8645776706742689
d16-c2-h6-s21866817,2,1,16,6,all_pair_product,balance_only,5875,6713,0.8751675852822881,0.12483241471771189,0.7923175999894738,0.8879617999773473,0.8922879340188807,0.10771206598111926
d16-c2-h6-s21866817,2,1,16,6,all_pair_product,minimum_max_pressure,5875,3509,1.6742661726987746,-0.6742661726987746,0.7923175999894738,0.40940980007871985,1.9352677924102692,-0.9352677924102692
d16-c2-h6-s21866817,2,2,16,6,all_pair_product,lexicographic,8137,603,13.494195688225538,-12.494195688225538,1.191192000056617,0.08883120003156364,13.409612834604967,-12.409612834604967
d16-c2-h6-s21866817,2,2,16,6,all_pair_product,random_order,8137,9414,0.8643509666454217,0.13564903335457834,1.191192000056617,1.076274499995634,1.1067734114869852,-0.10677341148698516
d16-c2-h6-s21866817,2,2,16,6,all_pair_product,balance_only,8137,9531,0.8537404259783863,0.14625957402161371,1.191192000056617,1.2209555000299588,0.9756227807052661,0.02437721929473391
d16-c2-h6-s21866817,2,2,16,6,all_pair_product,minimum_max_pressure,8137,9123,0.8919215170448317,0.10807848295516831,1.191192000056617,1.0835583000443876,1.0993335568633642,-0.0993335568633642
d16-c2-h6-s21866817,4,0,16,6,all_pair_product,lexicographic,1097,262,4.187022900763359,-3.187022900763359,0.4156065999995917,0.11224179994314909,3.7027791803953436,-2.7027791803953436
d16-c2-h6-s21866817,4,0,16,6,all_pair_product,random_order,1097,3114,0.3522800256904303,0.6477199743095696,0.4156065999995917,1.2022377999965101,0.34569417132018154,0.6543058286798185
d16-c2-h6-s21866817,4,0,16,6,all_pair_product,balance_only,1097,3675,0.2985034013605442,0.7014965986394558,0.4156065999995917,1.4185504000633955,0.2929797911875518,0.7070202088124482
d16-c2-h6-s21866817,4,0,16,6,all_pair_product,minimum_max_pressure,1097,2628,0.417427701674277,0.582572298325723,0.4156065999995917,0.936426000087522,0.44382214927901137,0.5561778507209887
d16-c2-h6-s21866817,4,1,16,6,all_pair_product,lexicographic,1682,262,6.419847328244275,-5.419847328244275,0.7590875999303535,0.09315530001185834,8.148624928841668,-7.148624928841668
d16-c2-h6-s21866817,4,1,16,6,all_pair_product,random_order,1682,1640,1.025609756097561,-0.025609756097561,0.7590875999303535,0.6515293000265956,1.165085898515028,-0.16508589851502808
d16-c2-h6-s21866817,4,1,16,6,all_pair_product,balance_only,1682,2503,0.6719936076707951,0.3280063923292049,0.7590875999303535,1.0466680999379605,0.7252419367470424,0.2747580632529576
d16-c2-h6-s21866817,4,1,16,6,all_pair_product,minimum_max_pressure,1682,1318,1.2761760242792108,-0.27617602427921084,0.7590875999303535,0.5083347000181675,1.4932830670485888,-0.4932830670485888
d16-c2-h6-s21866817,4,2,16,6,all_pair_product,lexicographic,1682,262,6.419847328244275,-5.419847328244275,0.7866675000404939,0.10479250003118068,7.5069065038664355,-6.5069065038664355
d16-c2-h6-s21866817,4,2,16,6,all_pair_product,random_order,1682,3419,0.4919567124890319,0.5080432875109682,0.7866675000404939,1.3110138999763876,0.6000451254213722,0.3999548745786278
d16-c2-h6-s21866817,4,2,16,6,all_pair_product,balance_only,1682,3745,0.44913217623498,0.55086782376502,0.7866675000404939,1.519540699897334,0.5177008421647701,0.4822991578352299
d16-c2-h6-s21866817,4,2,16,6,all_pair_product,minimum_max_pressure,1682,2848,0.5905898876404494,0.4094101123595506,0.7866675000404939,1.1800173999508843,0.6666575425694886,0.3333424574305114
d16-c2-h6-s21866817,8,0,16,6,all_pair_product,lexicographic,1065,224,4.754464285714286,-3.7544642857142856,4.509534800075926,0.8664757999358699,5.204455566340904,-4.204455566340904
d16-c2-h6-s21866817,8,0,16,6,all_pair_product,random_order,1065,1287,0.8275058275058275,0.17249417249417254,4.509534800075926,5.083185399998911,0.8871474174593145,0.11285258254068553
d16-c2-h6-s21866817,8,0,16,6,all_pair_product,balance_only,1065,1799,0.5919955530850473,0.40800444691495275,4.509534800075926,7.251187100075185,0.6219029708982641,0.3780970291017359
d16-c2-h6-s21866817,8,0,16,6,all_pair_product,minimum_max_pressure,1065,2003,0.5317024463305042,0.46829755366949577,4.509534800075926,7.95903939998243,0.566592847886377,0.433407152113623
d16-c2-h6-s21866817,8,1,16,6,all_pair_product,lexicographic,1067,224,4.763392857142857,-3.7633928571428568,4.433451500022784,0.8064839000580832,5.497259771340116,-4.497259771340116
d16-c2-h6-s21866817,8,1,16,6,all_pair_product,random_order,1067,3369,0.3167111902641733,0.6832888097358267,4.433451500022784,12.425205599982291,0.35681111788034336,0.6431888821196566
d16-c2-h6-s21866817,8,1,16,6,all_pair_product,balance_only,1067,2022,0.5276953511374877,0.47230464886251233,4.433451500022784,7.8762665000976995,0.5628874416537061,0.4371125583462939
d16-c2-h6-s21866817,8,1,16,6,all_pair_product,minimum_max_pressure,1067,3247,0.3286110255620573,0.6713889744379427,4.433451500022784,12.289392300066538,0.36075433119657024,0.6392456688034298
d16-c2-h6-s21866817,8,2,16,6,all_pair_product,lexicographic,1068,224,4.767857142857143,-3.7678571428571432,4.242900100070983,0.9159590000053868,4.632194344993641,-3.632194344993641
d16-c2-h6-s21866817,8,2,16,6,all_pair_product,random_order,1068,3426,0.3117338003502627,0.6882661996497372,4.242900100070983,12.77815690007992,0.33204319944173216,0.6679568005582679
d16-c2-h6-s21866817,8,2,16,6,all_pair_product,balance_only,1068,1877,0.5689930740543421,0.4310069259456579,4.242900100070983,6.958367699990049,0.6097550866817588,0.3902449133182412
d16-c2-h6-s21866817,8,2,16,6,all_pair_product,minimum_max_pressure,1068,3110,0.34340836012861736,0.6565916398713827,4.242900100070983,11.548963799956255,0.3673836175750291,0.6326163824249709
d16-c3-h4-s21864818,2,0,16,4,all_pair_product,lexicographic,1550,497,3.118712273641851,-2.118712273641851,0.17708780011162162,0.045575099997222424,3.8856261450312615,-2.8856261450312615
d16-c3-h4-s21864818,2,0,16,4,all_pair_product,random_order,1550,935,1.6577540106951871,-0.6577540106951871,0.17708780011162162,0.09430930006783456,1.8777342211663786,-0.8777342211663786
d16-c3-h4-s21864818,2,0,16,4,all_pair_product,balance_only,1550,2489,0.622740056247489,0.37725994375251104,0.17708780011162162,0.27746020001359284,0.6382457739991034,0.3617542260008966
d16-c3-h4-s21864818,2,0,16,4,all_pair_product,minimum_max_pressure,1550,783,1.9795657726692208,-0.9795657726692208,0.17708780011162162,0.10301259998232126,1.719088734213222,-0.719088734213222
d16-c3-h4-s21864818,2,1,16,4,all_pair_product,lexicographic,1289,497,2.5935613682092553,-1.5935613682092553,0.17202109994832426,0.05454719997942448,3.1536192510928447,-2.1536192510928447
d16-c3-h4-s21864818,2,1,16,4,all_pair_product,random_order,1289,2375,0.5427368421052632,0.4572631578947368,0.17202109994832426,0.2411891999654472,0.7132205752702362,0.2867794247297638
d16-c3-h4-s21864818,2,1,16,4,all_pair_product,balance_only,1289,2457,0.5246235246235246,0.4753764753764754,0.17202109994832426,0.2870066000614315,0.5993628714862462,0.40063712851375377
d16-c3-h4-s21864818,2,1,16,4,all_pair_product,minimum_max_pressure,1289,2144,0.6012126865671642,0.3987873134328358,0.17202109994832426,0.2160448000067845,0.7962288374583524,0.20377116254164762
d16-c3-h4-s21864818,2,2,16,4,all_pair_product,lexicographic,1289,497,2.5935613682092553,-1.5935613682092553,0.21007900009863079,0.04400029999669641,4.7744901765306995,-3.7744901765306995
d16-c3-h4-s21864818,2,2,16,4,all_pair_product,random_order,1289,1285,1.003112840466926,-0.003112840466926059,0.21007900009863079,0.1674990999745205,1.2542097248915811,-0.2542097248915811
d16-c3-h4-s21864818,2,2,16,4,all_pair_product,balance_only,1289,2490,0.5176706827309236,0.48232931726907635,0.21007900009863079,0.28288419998716563,0.7426324980616168,0.2573675019383832
d16-c3-h4-s21864818,2,2,16,4,all_pair_product,minimum_max_pressure,1289,1051,1.2264509990485253,-0.22645099904852528,0.21007900009863079,0.13927449996117502,1.508380932311325,-0.5083809323113251
d16-c3-h4-s21864818,4,0,16,4,all_pair_product,lexicographic,615,223,2.757847533632287,-1.7578475336322872,0.22439630003646016,0.09190820006188005,2.4415264349141683,-1.4415264349141683
d16-c3-h4-s21864818,4,0,16,4,all_pair_product,random_order,615,492,1.25,-0.25,0.22439630003646016,0.15609970001969486,1.4375190984233053,-0.4375190984233053
d16-c3-h4-s21864818,4,0,16,4,all_pair_product,balance_only,615,814,0.7555282555282555,0.24447174447174447,0.22439630003646016,0.28961940004955977,0.774797199352189,0.22520280064781095
d16-c3-h4-s21864818,4,0,16,4,all_pair_product,minimum_max_pressure,615,198,3.106060606060606,-2.106060606060606,0.22439630003646016,0.05811880005057901,3.860993341933676,-2.860993341933676
d16-c3-h4-s21864818,4,1,16,4,all_pair_product,lexicographic,614,223,2.7533632286995515,-1.7533632286995515,0.24987800000235438,0.0639751999406144,3.905857273354457,-2.905857273354457
d16-c3-h4-s21864818,4,1,16,4,all_pair_product,random_order,614,492,1.2479674796747968,-0.24796747967479682,0.24987800000235438,0.20325200003571808,1.2293999564995306,-0.2293999564995306
d16-c3-h4-s21864818,4,1,16,4,all_pair_product,balance_only,614,891,0.6891133557800224,0.3108866442199776,0.24987800000235438,0.2837000999134034,0.8807822065576542,0.11921779344234584
d16-c3-h4-s21864818,4,1,16,4,all_pair_product,minimum_max_pressure,614,186,3.3010752688172045,-2.3010752688172045,0.24987800000235438,0.06079719995614141,4.1100248067775205,-3.1100248067775205
d16-c3-h4-s21864818,4,2,16,4,all_pair_product,lexicographic,615,223,2.757847533632287,-1.7578475336322872,0.18286599998828024,0.06835979991592467,2.67505171479709,-1.6750517147970898
d16-c3-h4-s21864818,4,2,16,4,all_pair_product,random_order,615,1118,0.5500894454382826,0.44991055456171736,0.18286599998828024,0.3904422000050545,0.4683561356480241,0.5316438643519759
d16-c3-h4-s21864818,4,2,16,4,all_pair_product,balance_only,615,1178,0.5220713073005093,0.4779286926994907,0.18286599998828024,0.4669397999532521,0.3916265009035168,0.6083734990964832
d16-c3-h4-s21864818,4,2,16,4,all_pair_product,minimum_max_pressure,615,686,0.8965014577259475,0.10349854227405253,0.18286599998828024,0.2795467999530956,0.6541516483786,0.34584835162140004
d16-c3-h4-s21864818,8,0,16,4,all_pair_product,lexicographic,628,197,3.1878172588832485,-2.1878172588832485,1.969192299991846,0.680696600000374,2.892907500920034,-1.892907500920034
d16-c3-h4-s21864818,8,0,16,4,all_pair_product,random_order,628,829,0.7575392038600723,0.24246079613992766,1.969192299991846,2.8152469000779092,0.6994741029418594,0.3005258970581406
d16-c3-h4-s21864818,8,0,16,4,all_pair_product,balance_only,628,522,1.2030651340996168,-0.2030651340996168,1.969192299991846,1.7855001999996603,1.1028799100623012,-0.10287991006230124
d16-c3-h4-s21864818,8,0,16,4,all_pair_product,minimum_max_pressure,628,610,1.0295081967213116,-0.029508196721311553,1.969192299991846,2.0456565000349656,0.9626211927360178,0.03737880726398224
d16-c3-h4-s21864818,8,1,16,4,all_pair_product,lexicographic,575,197,2.918781725888325,-1.918781725888325,1.988138800021261,0.595450900029391,3.338879494385058,-2.338879494385058
d16-c3-h4-s21864818,8,1,16,4,all_pair_product,random_order,575,594,0.968013468013468,0.03198653198653201,1.988138800021261,2.0080158999189734,0.9901011242498057,0.009898875750194325
d16-c3-h4-s21864818,8,1,16,4,all_pair_product,balance_only,575,243,2.366255144032922,-1.3662551440329218,1.988138800021261,0.8198682999936864,2.424948982704382,-1.424948982704382
d16-c3-h4-s21864818,8,1,16,4,all_pair_product,minimum_max_pressure,575,611,0.9410801963993454,0.05891980360065463,1.988138800021261,2.109282100107521,0.9425665727310327,0.057433427268967274
d16-c3-h4-s21864818,8,2,16,4,all_pair_product,lexicographic,628,197,3.1878172588832485,-2.1878172588832485,2.2489199999254197,0.6385776000097394,3.5217646217016068,-2.5217646217016068
d16-c3-h4-s21864818,8,2,16,4,all_pair_product,random_order,628,738,0.8509485094850948,0.14905149051490518,2.2489199999254197,2.399951300001703,0.937069014660349,0.06293098533965102
d16-c3-h4-s21864818,8,2,16,4,all_pair_product,balance_only,628,537,1.1694599627560522,-0.16945996275605224,2.2489199999254197,1.7933580999961123,1.2540272909968706,-0.2540272909968706
d16-c3-h4-s21864818,8,2,16,4,all_pair_product,minimum_max_pressure,628,608,1.0328947368421053,-0.03289473684210531,2.2489199999254197,2.04836440004874,1.0979101178832766,-0.09791011788327664
d16-c3-h6-s21866818,2,0,16,6,all_pair_product,lexicographic,5388,611,8.818330605564649,-7.818330605564649,0.762608400080353,0.06913119996897876,11.031320162568539,-10.031320162568539
d16-c3-h6-s21866818,2,0,16,6,all_pair_product,random_order,5388,3443,1.564914318907929,-0.5649143189079291,0.762608400080353,0.4387172000715509,1.7382687525266352,-0.7382687525266352
d16-c3-h6-s21866818,2,0,16,6,all_pair_product,balance_only,5388,8490,0.6346289752650177,0.3653710247349823,0.762608400080353,1.0489394000032917,0.7270280819635146,0.27297191803648535
d16-c3-h6-s21866818,2,0,16,6,all_pair_product,minimum_max_pressure,5388,3043,1.7706210976010517,-0.7706210976010517,0.762608400080353,0.3913817999418825,1.9485024602411127,-0.9485024602411127
d16-c3-h6-s21866818,2,1,16,6,all_pair_product,lexicographic,4930,611,8.068739770867431,-7.068739770867431,0.6985917999409139,0.05613539996556938,12.44476391669775,-11.44476391669775
d16-c3-h6-s21866818,2,1,16,6,all_pair_product,random_order,4930,1039,4.744947064485082,-3.744947064485082,0.6985917999409139,0.11588030005805194,6.0285639542782,-5.0285639542782
d16-c3-h6-s21866818,2,1,16,6,all_pair_product,balance_only,4930,6558,0.7517535834095761,0.2482464165904239,0.6985917999409139,0.7545114000095055,0.9258863417201025,0.07411365827989747
d16-c3-h6-s21866818,2,1,16,6,all_pair_product,minimum_max_pressure,4930,643,7.6671850699844475,-6.6671850699844475,0.6985917999409139,0.07048420002683997,9.911324802933057,-8.911324802933057
d16-c3-h6-s21866818,2,2,16,6,all_pair_product,lexicographic,5042,611,8.252045826513912,-7.252045826513912,0.7551298999460414,0.10950939997565001,6.895571522754654,-5.895571522754654
d16-c3-h6-s21866818,2,2,16,6,all_pair_product,random_order,5042,2713,1.858459270180612,-0.858459270180612,0.7551298999460414,0.336307100020349,2.2453581857187985,-1.2453581857187985
d16-c3-h6-s21866818,2,2,16,6,all_pair_product,balance_only,5042,8334,0.6049916006719462,0.39500839932805376,0.7551298999460414,0.9773507000645623,0.7726294153123937,0.2273705846876063
d16-c3-h6-s21866818,2,2,16,6,all_pair_product,minimum_max_pressure,5042,2558,1.9710711493354183,-0.9710711493354183,0.7551298999460414,0.3074534999905154,2.4560783987475707,-1.4560783987475707
d16-c3-h6-s21866818,4,0,16,6,all_pair_product,lexicographic,1301,267,4.872659176029963,-3.8726591760299627,0.5291343999560922,0.09674229996744543,5.469524707745736,-4.469524707745736
d16-c3-h6-s21866818,4,0,16,6,all_pair_product,random_order,1301,1497,0.8690714762859052,0.1309285237140948,0.5291343999560922,0.5513164000585675,0.9597653904362017,0.04023460956379832
d16-c3-h6-s21866818,4,0,16,6,all_pair_product,balance_only,1301,3367,0.3863973863973864,0.6136026136026136,0.5291343999560922,1.3360103000886738,0.39605562915268877,0.6039443708473112
d16-c3-h6-s21866818,4,0,16,6,all_pair_product,minimum_max_pressure,1301,1159,1.1225194132873166,-0.12251941328731664,0.5291343999560922,0.46707109990529716,1.1328776284025686,-0.13287762840256856
d16-c3-h6-s21866818,4,1,16,6,all_pair_product,lexicographic,1301,267,4.872659176029963,-3.8726591760299627,0.5398598000174388,0.1020883999299258,5.288160068999048,-4.288160068999048
d16-c3-h6-s21866818,4,1,16,6,all_pair_product,random_order,1301,3698,0.35181179015684155,0.6481882098431584,0.5398598000174388,1.4713959000073373,0.36690315639369847,0.6330968436063016
d16-c3-h6-s21866818,4,1,16,6,all_pair_product,balance_only,1301,3298,0.3944815039417829,0.6055184960582172,0.5398598000174388,1.2332034000428393,0.43777028185187056,0.5622297181481295
d16-c3-h6-s21866818,4,1,16,6,all_pair_product,minimum_max_pressure,1301,3268,0.3981028151774786,0.6018971848225214,0.5398598000174388,1.2362077999860048,0.43670635310952627,0.5632936468904737
d16-c3-h6-s21866818,4,2,16,6,all_pair_product,lexicographic,1300,267,4.868913857677903,-3.868913857677903,0.6760936001082882,0.1269855999853462,5.324175341033217,-4.324175341033217
d16-c3-h6-s21866818,4,2,16,6,all_pair_product,random_order,1300,2706,0.4804138950480414,0.5195861049519586,0.6760936001082882,0.9878805000334978,0.6843880409476275,0.3156119590523725
d16-c3-h6-s21866818,4,2,16,6,all_pair_product,balance_only,1300,2706,0.4804138950480414,0.5195861049519586,0.6760936001082882,1.0601983999367803,0.6377047919979918,0.3622952080020082
d16-c3-h6-s21866818,4,2,16,6,all_pair_product,minimum_max_pressure,1300,2288,0.5681818181818182,0.43181818181818177,0.6760936001082882,0.9447699000593275,0.7156172101437953,0.2843827898562047
d16-c3-h6-s21866818,8,0,16,6,all_pair_product,lexicographic,1216,225,5.404444444444445,-4.404444444444445,4.799091499997303,0.8546336999861524,5.615378260973166,-4.615378260973166
d16-c3-h6-s21866818,8,0,16,6,all_pair_product,random_order,1216,2497,0.48698438125750904,0.513015618742491,4.799091499997303,8.74864229990635,0.5485527165796542,0.4514472834203458
d16-c3-h6-s21866818,8,0,16,6,all_pair_product,balance_only,1216,1705,0.7131964809384165,0.2868035190615835,4.799091499997303,6.28304789995309,0.7638158384934697,0.23618416150653032
d16-c3-h6-s21866818,8,0,16,6,all_pair_product,minimum_max_pressure,1216,1870,0.6502673796791444,0.3497326203208556,4.799091499997303,7.312881399993785,0.6562517887957792,0.34374821120422083
d16-c3-h6-s21866818,8,1,16,6,all_pair_product,lexicographic,1186,225,5.271111111111111,-4.271111111111111,5.066587800043635,0.7987761000404134,6.342938653005886,-5.342938653005886
d16-c3-h6-s21866818,8,1,16,6,all_pair_product,random_order,1186,1524,0.7782152230971129,0.22178477690288712,5.066587800043635,5.90836440003477,0.857527981858028,0.14247201814197197
d16-c3-h6-s21866818,8,1,16,6,all_pair_product,balance_only,1186,1163,1.0197764402407568,-0.019776440240756754,5.066587800043635,4.160801700083539,1.2176950898529748,-0.2176950898529748
d16-c3-h6-s21866818,8,1,16,6,all_pair_product,minimum_max_pressure,1186,739,1.604871447902571,-0.604871447902571,5.066587800043635,3.158422000007704,1.6041516301593888,-0.6041516301593888
d16-c3-h6-s21866818,8,2,16,6,all_pair_product,lexicographic,1187,225,5.275555555555556,-4.275555555555556,5.001351000042632,1.0282908000517637,4.863751576685181,-3.863751576685181
d16-c3-h6-s21866818,8,2,16,6,all_pair_product,random_order,1187,1592,0.7456030150753769,0.25439698492462315,5.001351000042632,6.768702799919993,0.738893573536978,0.26110642646302196
d16-c3-h6-s21866818,8,2,16,6,all_pair_product,balance_only,1187,1253,0.9473264166001596,0.05267358339984041,5.001351000042632,4.89476429997012,1.0217756552799004,-0.02177565527990044
d16-c3-h6-s21866818,8,2,16,6,all_pair_product,minimum_max_pressure,1187,752,1.5784574468085106,-0.5784574468085106,5.001351000042632,3.132284399936907,1.596710375387169,-0.596710375387169
d16-c4-h4-s21864819,2,0,16,4,all_pair_product,lexicographic,991,553,1.7920433996383363,-0.7920433996383363,0.12472299998626113,0.07516529993154109,1.6593162017560779,-0.6593162017560779
d16-c4-h4-s21864819,2,0,16,4,all_pair_product,random_order,991,1265,0.783399209486166,0.21660079051383396,0.12472299998626113,0.15410200005862862,0.8093535446574986,0.19064645534250135
d16-c4-h4-s21864819,2,0,16,4,all_pair_product,balance_only,991,1832,0.540938864628821,0.459061135371179,0.12472299998626113,0.24574069993104786,0.5075390442904127,0.49246095570958726
d16-c4-h4-s21864819,2,0,16,4,all_pair_product,minimum_max_pressure,991,1215,0.8156378600823045,0.18436213991769546,0.12472299998626113,0.1602411000058055,0.7783458799380586,0.2216541200619414
d16-c4-h4-s21864819,2,1,16,4,all_pair_product,lexicographic,1784,553,3.2260397830018084,-2.2260397830018084,0.25821240001823753,0.08971249999012798,2.8782209842179336,-1.8782209842179336
d16-c4-h4-s21864819,2,1,16,4,all_pair_product,random_order,1784,2151,0.8293816829381683,0.17061831706183173,0.25821240001823753,0.2535372000420466,1.0184398974801945,-0.018439897480194478
d16-c4-h4-s21864819,2,1,16,4,all_pair_product,balance_only,1784,2188,0.8153564899451554,0.18464351005484458,0.25821240001823753,0.2343953000381589,1.1016108257128077,-0.10161082571280766
d16-c4-h4-s21864819,2,1,16,4,all_pair_product,minimum_max_pressure,1784,2054,0.8685491723466408,0.13145082765335925,0.25821240001823753,0.212744600023143,1.2137201131786584,-0.21372011317865836
d16-c4-h4-s21864819,2,2,16,4,all_pair_product,lexicographic,1350,553,2.4412296564195297,-1.4412296564195297,0.14267840003594756,0.048280199989676476,2.9552155970036535,-1.9552155970036535
d16-c4-h4-s21864819,2,2,16,4,all_pair_product,random_order,1350,1926,0.7009345794392523,0.2990654205607477,0.14267840003594756,0.19565070001408458,0.7292506493750156,0.2707493506249844
d16-c4-h4-s21864819,2,2,16,4,all_pair_product,balance_only,1350,2293,0.5887483645878762,0.41125163541212384,0.14267840003594756,0.26612009992823005,0.5361428921544314,0.46385710784556855
d16-c4-h4-s21864819,2,2,16,4,all_pair_product,minimum_max_pressure,1350,1872,0.7211538461538461,0.27884615384615385,0.14267840003594756,0.20929050003178418,0.6817242063747734,0.3182757936252266
d16-c4-h4-s21864819,4,0,16,4,all_pair_product,lexicographic,209,252,0.8293650793650794,0.17063492063492058,0.08720569999422878,0.07168629998341203,1.216490459326369,-0.216490459326369
d16-c4-h4-s21864819,4,0,16,4,all_pair_product,random_order,209,570,0.36666666666666664,0.6333333333333333,0.08720569999422878,0.22768470004666597,0.3830108038720002,0.6169891961279999
d16-c4-h4-s21864819,4,0,16,4,all_pair_product,balance_only,209,1008,0.20734126984126985,0.7926587301587301,0.08720569999422878,0.35334450006484985,0.24680078500789962,0.7531992149921004
d16-c4-h4-s21864819,4,0,16,4,all_pair_product,minimum_max_pressure,209,367,0.5694822888283378,0.43051771117166215,0.08720569999422878,0.14678919990547,0.594087985017889,0.40591201498211105
d16-c4-h4-s21864819,4,1,16,4,all_pair_product,lexicographic,209,252,0.8293650793650794,0.17063492063492058,0.08910730003844947,0.12478299997746944,0.7140980746939767,0.2859019253060233
d16-c4-h4-s21864819,4,1,16,4,all_pair_product,random_order,209,149,1.4026845637583893,-0.40268456375838935,0.08910730003844947,0.06187199999112636,1.4401878079135826,-0.4401878079135826
d16-c4-h4-s21864819,4,1,16,4,all_pair_product,balance_only,209,758,0.2757255936675462,0.7242744063324538,0.08910730003844947,0.26804859994444996,0.3324296417027209,0.6675703582972792
d16-c4-h4-s21864819,4,1,16,4,all_pair_product,minimum_max_pressure,209,307,0.6807817589576547,0.3192182410423453,0.08910730003844947,0.09969080006703734,0.8938367429946297,0.10616325700537033
d16-c4-h4-s21864819,4,2,16,4,all_pair_product,lexicographic,227,252,0.9007936507936508,0.09920634920634919,0.08042829995974898,0.09185129997786134,0.875635946133962,0.124364053866038
d16-c4-h4-s21864819,4,2,16,4,all_pair_product,random_order,227,440,0.5159090909090909,0.4840909090909091,0.08042829995974898,0.13897920004092157,0.5787074608003742,0.42129253919962584
d16-c4-h4-s21864819,4,2,16,4,all_pair_product,balance_only,227,843,0.269276393831554,0.730723606168446,0.08042829995974898,0.2933192999335006,0.27420050428997733,0.7257994957100227
d16-c4-h4-s21864819,4,2,16,4,all_pair_product,minimum_max_pressure,227,469,0.4840085287846482,0.5159914712153518,0.08042829995974898,0.1404459000332281,0.5726639221274559,0.42733607787254413
d16-c4-h4-s21864819,8,0,16,4,all_pair_product,lexicographic,155,226,0.6858407079646017,0.3141592920353983,0.6132170999189839,0.8030285999411717,0.76363046093739,0.23636953906261005
d16-c4-h4-s21864819,8,0,16,4,all_pair_product,random_order,155,612,0.25326797385620914,0.7467320261437909,0.6132170999189839,2.1844401999842376,0.2807204792895721,0.7192795207104279
d16-c4-h4-s21864819,8,0,16,4,all_pair_product,balance_only,155,356,0.4353932584269663,0.5646067415730337,0.6132170999189839,1.3065201999852434,0.46935141142548725,0.5306485885745127
d16-c4-h4-s21864819,8,0,16,4,all_pair_product,minimum_max_pressure,155,180,0.8611111111111112,0.13888888888888884,0.6132170999189839,0.7638653999892995,0.8027816156191576,0.19721838438084238
d16-c4-h4-s21864819,8,1,16,4,all_pair_product,lexicographic,131,226,0.5796460176991151,0.42035398230088494,0.5177483999868855,0.7384081999771297,0.7011682698037771,0.2988317301962229
d16-c4-h4-s21864819,8,1,16,4,all_pair_product,random_order,131,429,0.30536130536130535,0.6946386946386947,0.5177483999868855,1.4537543000187725,0.3561457393317425,0.6438542606682576
d16-c4-h4-s21864819,8,1,16,4,all_pair_product,balance_only,131,310,0.42258064516129035,0.5774193548387097,0.5177483999868855,1.1521394000155851,0.44937999688221913,0.5506200031177808
d16-c4-h4-s21864819,8,1,16,4,all_pair_product,minimum_max_pressure,131,155,0.8451612903225807,0.1548387096774193,0.5177483999868855,0.6680354999843985,0.7750312670493965,0.2249687329506035
d16-c4-h4-s21864819,8,2,16,4,all_pair_product,lexicographic,276,226,1.2212389380530972,-0.22123893805309724,1.0175518000032753,0.7406377999577671,1.3738858590005782,-0.37388585900057825
d16-c4-h4-s21864819,8,2,16,4,all_pair_product,random_order,276,1145,0.2410480349344978,0.7589519650655022,1.0175518000032753,3.670599899953231,0.27721675686207053,0.7227832431379295
d16-c4-h4-s21864819,8,2,16,4,all_pair_product,balance_only,276,507,0.5443786982248521,0.4556213017751479,1.0175518000032753,1.7967344999779016,0.5663339797926685,0.43366602020733147
d16-c4-h4-s21864819,8,2,16,4,all_pair_product,minimum_max_pressure,276,628,0.4394904458598726,0.5605095541401274,1.0175518000032753,2.13170969998464,0.47734069981977717,0.5226593001802229
d16-c4-h6-s21866819,2,0,16,6,all_pair_product,lexicographic,6207,575,10.794782608695652,-9.794782608695652,0.888701600022614,0.07295860000886023,12.180902592904584,-11.180902592904584
d16-c4-h6-s21866819,2,0,16,6,all_pair_product,random_order,6207,6815,0.9107850330154071,0.08921496698459286,0.888701600022614,0.9447238000575453,0.9406999167042062,0.05930008329579384
d16-c4-h6-s21866819,2,0,16,6,all_pair_product,balance_only,6207,10397,0.5969991343656824,0.4030008656343176,0.888701600022614,1.2906317999586463,0.6885787255908999,0.31142127440910006
d16-c4-h6-s21866819,2,0,16,6,all_pair_product,minimum_max_pressure,6207,6803,0.9123915919447303,0.0876084080552697,0.888701600022614,0.9384825999150053,0.9469558626905819,0.05304413730941815
d16-c4-h6-s21866819,2,1,16,6,all_pair_product,lexicographic,5891,575,10.245217391304347,-9.245217391304347,0.9310807000147179,0.09528110001701862,9.771934831235292,-8.771934831235292
d16-c4-h6-s21866819,2,1,16,6,all_pair_product,random_order,5891,7896,0.7460739614994935,0.25392603850050655,0.9310807000147179,1.0498572000069544,0.8868641373403452,0.1131358626596548
d16-c4-h6-s21866819,2,1,16,6,all_pair_product,balance_only,5891,10486,0.5617966812893381,0.43820331871066187,0.9310807000147179,1.485927699948661,0.6265989254032257,0.3734010745967743
d16-c4-h6-s21866819,2,1,16,6,all_pair_product,minimum_max_pressure,5891,7941,0.741846115098854,0.258153884901146,0.9310807000147179,0.9397713999496773,0.9907523255810671,0.009247674418932927
d16-c4-h6-s21866819,2,2,16,6,all_pair_product,lexicographic,4329,575,7.528695652173913,-6.528695652173913,0.7144720000214875,0.10513579996768385,6.795706127133655,-5.795706127133655
d16-c4-h6-s21866819,2,2,16,6,all_pair_product,random_order,4329,2201,1.9668332576101772,-0.9668332576101772,0.7144720000214875,0.29153649997897446,2.4507120037217125,-1.4507120037217125
d16-c4-h6-s21866819,2,2,16,6,all_pair_product,balance_only,4329,10765,0.40213655364607526,0.5978634463539247,0.7144720000214875,1.6399365999968722,0.4356705009345179,0.5643294990654821
d16-c4-h6-s21866819,2,2,16,6,all_pair_product,minimum_max_pressure,4329,2428,1.7829489291598024,-0.7829489291598024,0.7144720000214875,0.3122806999599561,2.287915968271829,-1.2879159682718289
d16-c4-h6-s21866819,4,0,16,6,all_pair_product,lexicographic,2778,268,10.365671641791044,-9.365671641791044,1.2838822999037802,0.11786720005329698,10.892617278795429,-9.892617278795429
d16-c4-h6-s21866819,4,0,16,6,all_pair_product,random_order,2778,3132,0.8869731800766284,0.1130268199233716,1.2838822999037802,1.2898653000593185,0.9953615310410605,0.00463846895893949
d16-c4-h6-s21866819,4,0,16,6,all_pair_product,balance_only,2778,4572,0.6076115485564304,0.3923884514435696,1.2838822999037802,2.063119799946435,0.6223013806261343,0.37769861937386573
d16-c4-h6-s21866819,4,0,16,6,all_pair_product,minimum_max_pressure,2778,3287,0.8451475509583206,0.15485244904167939,1.2838822999037802,1.401668299920857,0.9159672798309505,0.0840327201690495
d16-c4-h6-s21866819,4,1,16,6,all_pair_product,lexicographic,4324,268,16.134328358208954,-15.134328358208954,2.0391761999344453,0.17223959998227656,11.839183324533245,-10.839183324533245
d16-c4-h6-s21866819,4,1,16,6,all_pair_product,random_order,4324,5057,0.8550524026102432,0.14494759738975682,2.0391761999344453,2.325482100015506,0.8768832062482219,0.12311679375177809
d16-c4-h6-s21866819,4,1,16,6,all_pair_product,balance_only,4324,4736,0.9130067567567568,0.0869932432432432,2.0391761999344453,2.121663699974306,0.9611213124677301,0.03887868753226986
d16-c4-h6-s21866819,4,1,16,6,all_pair_product,minimum_max_pressure,4324,4807,0.8995215311004785,0.1004784688995215,2.0391761999344453,2.2556700999848545,0.904022356792395,0.09597764320760505
d16-c4-h6-s21866819,4,2,16,6,all_pair_product,lexicographic,2778,268,10.365671641791044,-9.365671641791044,1.272929499973543,0.1014877000125125,12.542697290574152,-11.542697290574152
d16-c4-h6-s21866819,4,2,16,6,all_pair_product,random_order,2778,2008,1.3834661354581674,-0.38346613545816743,1.272929499973543,0.9472438999218866,1.3438244364292171,-0.3438244364292171
d16-c4-h6-s21866819,4,2,16,6,all_pair_product,balance_only,2778,4566,0.6084099868593955,0.3915900131406045,1.272929499973543,2.243218299932778,0.5674568097147249,0.4325431902852751
d16-c4-h6-s21866819,4,2,16,6,all_pair_product,minimum_max_pressure,2778,3148,0.8824650571791613,0.11753494282083865,1.272929499973543,1.4987341000232846,0.8493364499771952,0.15066355002280485
d16-c4-h6-s21866819,8,0,16,6,all_pair_product,lexicographic,2982,225,13.253333333333334,-12.253333333333334,12.609410299919546,1.047619599965401,12.036248940298547,-11.036248940298547
d16-c4-h6-s21866819,8,0,16,6,all_pair_product,random_order,2982,2304,1.2942708333333333,-0.29427083333333326,12.609410299919546,9.897118699969724,1.2740486076981292,-0.2740486076981292
d16-c4-h6-s21866819,8,0,16,6,all_pair_product,balance_only,2982,3062,0.9738732854343566,0.026126714565643416,12.609410299919546,12.784756700042635,0.986284729210177,0.013715270789823042
d16-c4-h6-s21866819,8,0,16,6,all_pair_product,minimum_max_pressure,2982,2996,0.9953271028037384,0.004672897196261627,12.609410299919546,12.588131300057285,1.0016904018042905,-0.0016904018042904756
d16-c4-h6-s21866819,8,1,16,6,all_pair_product,lexicographic,2952,225,13.12,-12.12,12.507987800054252,0.9880203000502661,12.6596465674014,-11.6596465674014
d16-c4-h6-s21866819,8,1,16,6,all_pair_product,random_order,2952,2867,1.0296477153819323,-0.029647715381932338,12.507987800054252,11.597009200020693,1.0785528910360727,-0.07855289103607266
d16-c4-h6-s21866819,8,1,16,6,all_pair_product,balance_only,2952,4127,0.7152895565786286,0.2847104434213714,12.507987800054252,17.04154160001781,0.7339704407986881,0.2660295592013119
d16-c4-h6-s21866819,8,1,16,6,all_pair_product,minimum_max_pressure,2952,3212,0.9190535491905355,0.0809464508094645,12.507987800054252,13.161597999976948,0.9503396016255898,0.049660398374410164
d16-c4-h6-s21866819,8,2,16,6,all_pair_product,lexicographic,2952,225,13.12,-12.12,12.545541299972683,0.9410724999615923,13.331110302856263,-12.331110302856263
d16-c4-h6-s21866819,8,2,16,6,all_pair_product,random_order,2952,2858,1.032890132960112,-0.032890132960111895,12.545541299972683,11.93766900000628,1.0509205189024828,-0.050920518902482836
d16-c4-h6-s21866819,8,2,16,6,all_pair_product,balance_only,2952,4245,0.6954063604240283,0.30459363957597174,12.545541299972683,18.17424740002025,0.6902922043395704,0.3097077956604296
d16-c4-h6-s21866819,8,2,16,6,all_pair_product,minimum_max_pressure,2952,2646,1.1156462585034013,-0.11564625850340127,12.545541299972683,10.85269289999269,1.1559841797404158,-0.15598417974041578
d20-c0-h4-s22264815,2,0,20,4,all_pair_product,lexicographic,9471,3712,2.5514547413793105,-1.5514547413793105,1.97606050001923,0.7132776000071317,2.7703947242973457,-1.7703947242973457
d20-c0-h4-s22264815,2,0,20,4,all_pair_product,random_order,9471,6369,1.4870466321243523,-0.4870466321243523,1.97606050001923,1.036695500020869,1.9061146691380941,-0.9061146691380941
d20-c0-h4-s22264815,2,0,20,4,all_pair_product,balance_only,9471,2133,4.440225035161744,-3.4402250351617436,1.97606050001923,0.44936979992780834,4.397403876132054,-3.3974038761320537
d20-c0-h4-s22264815,2,0,20,4,all_pair_product,minimum_max_pressure,9471,5365,1.7653308480894687,-0.7653308480894687,1.97606050001923,0.9441172999795526,2.0930243520185754,-1.0930243520185754
d20-c0-h4-s22264815,2,1,20,4,all_pair_product,lexicographic,9471,3712,2.5514547413793105,-1.5514547413793105,2.034220299916342,0.5521603000815958,3.6841118414629483,-2.6841118414629483
d20-c0-h4-s22264815,2,1,20,4,all_pair_product,random_order,9471,6175,1.5337651821862348,-0.5337651821862348,2.034220299916342,1.1252750999992713,1.8077537660947613,-0.8077537660947613
d20-c0-h4-s22264815,2,1,20,4,all_pair_product,balance_only,9471,4299,2.203070481507327,-1.2030704815073272,2.034220299916342,0.8728612998966128,2.3305195225831272,-1.3305195225831272
d20-c0-h4-s22264815,2,1,20,4,all_pair_product,minimum_max_pressure,9471,5288,1.791036308623298,-0.7910363086232981,2.034220299916342,0.9400986999971792,2.1638369459743383,-1.1638369459743383
d20-c0-h4-s22264815,2,2,20,4,all_pair_product,lexicographic,9471,3712,2.5514547413793105,-1.5514547413793105,1.9292534999549389,0.6149035999551415,3.1374893562107653,-2.1374893562107653
d20-c0-h4-s22264815,2,2,20,4,all_pair_product,random_order,9471,14779,0.6408417348941065,0.35915826510589355,1.9292534999549389,2.7028898999560624,0.7137743568416532,0.28622564315834675
d20-c0-h4-s22264815,2,2,20,4,all_pair_product,balance_only,9471,9598,0.9867680766826422,0.013231923317357785,1.9292534999549389,1.774636899936013,1.087125766417063,-0.08712576641706304
d20-c0-h4-s22264815,2,2,20,4,all_pair_product,minimum_max_pressure,9471,13629,0.6949152542372882,0.30508474576271183,1.9292534999549389,2.6870567000005394,0.7179801974236538,0.2820198025763462
d20-c0-h4-s22264815,4,0,20,4,all_pair_product,lexicographic,4322,2423,1.7837391663227404,-0.7837391663227404,2.8082432999508455,1.4605548999970779,1.9227235483968894,-0.9227235483968894
d20-c0-h4-s22264815,4,0,20,4,all_pair_product,random_order,4322,3944,1.095841784989858,-0.09584178498985807,2.8082432999508455,2.502990899956785,1.1219550578467268,-0.12195505784672678
d20-c0-h4-s22264815,4,0,20,4,all_pair_product,balance_only,4322,2596,1.664869029275809,-0.664869029275809,2.8082432999508455,1.6241185000399128,1.729087686570797,-0.7290876865707969
d20-c0-h4-s22264815,4,0,20,4,all_pair_product,minimum_max_pressure,4322,8197,0.5272660729535196,0.47273392704648043,2.8082432999508455,5.373438499984331,0.5226156956963468,0.4773843043036532
d20-c0-h4-s22264815,4,1,20,4,all_pair_product,lexicographic,4322,2423,1.7837391663227404,-0.7837391663227404,2.9457593000261113,1.4840513999806717,1.9849442546696676,-0.9849442546696676
d20-c0-h4-s22264815,4,1,20,4,all_pair_product,random_order,4322,2212,1.953887884267631,-0.953887884267631,2.9457593000261113,1.4713130000745878,2.0021295943669206,-1.0021295943669206
d20-c0-h4-s22264815,4,1,20,4,all_pair_product,balance_only,4322,1095,3.9470319634703195,-2.9470319634703195,2.9457593000261113,0.7084279999835417,4.158163285604956,-3.1581632856049557
d20-c0-h4-s22264815,4,1,20,4,all_pair_product,minimum_max_pressure,4322,6039,0.7156814042059944,0.28431859579400565,2.9457593000261113,3.8002312999451533,0.7751526334906578,0.22484736650934223
d20-c0-h4-s22264815,4,2,20,4,all_pair_product,lexicographic,4322,2423,1.7837391663227404,-0.7837391663227404,2.988608599989675,1.4677675999701023,2.036159266664935,-1.036159266664935
d20-c0-h4-s22264815,4,2,20,4,all_pair_product,random_order,4322,4919,0.8786338686724944,0.12136613132750562,2.988608599989675,3.1779198999283835,0.940429178236061,0.05957082176393902
d20-c0-h4-s22264815,4,2,20,4,all_pair_product,balance_only,4322,2563,1.6863051111978151,-0.6863051111978151,2.988608599989675,1.5796478000702336,1.8919461666434738,-0.8919461666434738
d20-c0-h4-s22264815,4,2,20,4,all_pair_product,minimum_max_pressure,4322,8426,0.512936150011868,0.487063849988132,2.988608599989675,5.588487999979407,0.5347794609205009,0.4652205390794991
d20-c0-h4-s22264815,8,0,20,4,all_pair_product,lexicographic,330,233,1.4163090128755365,-0.41630901287553645,4.694081799942069,2.791753099998459,1.681410078829915,-0.6814100788299149
d20-c0-h4-s22264815,8,0,20,4,all_pair_product,random_order,330,701,0.47075606276747506,0.5292439372325249,4.694081799942069,9.054463800042868,0.5184273639616125,0.4815726360383875
d20-c0-h4-s22264815,8,0,20,4,all_pair_product,balance_only,330,904,0.36504424778761063,0.6349557522123894,4.694081799942069,11.944243000005372,0.3929995228613448,0.6070004771386552
d20-c0-h4-s22264815,8,0,20,4,all_pair_product,minimum_max_pressure,330,506,0.6521739130434783,0.34782608695652173,4.694081799942069,6.903682200005278,0.6799388592856259,0.3200611407143741
d20-c0-h4-s22264815,8,1,20,4,all_pair_product,lexicographic,330,233,1.4163090128755365,-0.41630901287553645,4.558588500018232,3.1640415000729263,1.4407486437561463,-0.4407486437561463
d20-c0-h4-s22264815,8,1,20,4,all_pair_product,random_order,330,925,0.3567567567567568,0.6432432432432432,4.558588500018232,12.151545500033535,0.3751447501065318,0.6248552498934682
d20-c0-h4-s22264815,8,1,20,4,all_pair_product,balance_only,330,767,0.4302477183833116,0.5697522816166884,4.558588500018232,10.442340899957344,0.43654852333319755,0.5634514766668024
d20-c0-h4-s22264815,8,1,20,4,all_pair_product,minimum_max_pressure,330,673,0.4903417533432392,0.5096582466567607,4.558588500018232,9.32660480006598,0.48877255954771265,0.5112274404522874
d20-c0-h4-s22264815,8,2,20,4,all_pair_product,lexicographic,330,233,1.4163090128755365,-0.41630901287553645,4.753202999942005,3.0255966999102384,1.5709968880132041,-0.5709968880132041
d20-c0-h4-s22264815,8,2,20,4,all_pair_product,random_order,330,307,1.0749185667752443,-0.07491856677524433,4.753202999942005,4.575179799925536,1.038910645657984,-0.03891064565798397
d20-c0-h4-s22264815,8,2,20,4,all_pair_product,balance_only,330,752,0.43882978723404253,0.5611702127659575,4.753202999942005,10.486736499937251,0.45325855188317604,0.546741448116824
d20-c0-h4-s22264815,8,2,20,4,all_pair_product,minimum_max_pressure,330,177,1.8644067796610169,-0.8644067796610169,4.753202999942005,2.4917791000334546,1.9075539239727102,-0.9075539239727102
d20-c0-h4-s22264818,2,0,20,4,all_pair_product,lexicographic,19133,3049,6.275172187602492,-5.275172187602492,3.933231000090018,0.6009975000051782,6.544504760928506,-5.544504760928506
d20-c0-h4-s22264818,2,0,20,4,all_pair_product,random_order,19133,13888,1.3776641705069124,-0.37766417050691237,3.933231000090018,2.5194066999247298,1.5611735097027122,-0.5611735097027122
d20-c0-h4-s22264818,2,0,20,4,all_pair_product,balance_only,19133,24970,0.7662394873848618,0.2337605126151382,3.933231000090018,4.439035600051284,0.8860552954440324,0.11394470455596761
d20-c0-h4-s22264818,2,0,20,4,all_pair_product,minimum_max_pressure,19133,21641,0.884108867427568,0.115891132572432,3.933231000090018,4.161388500011526,0.9451727470480403,0.05482725295195967
d20-c0-h4-s22264818,2,1,20,4,all_pair_product,lexicographic,19133,3049,6.275172187602492,-5.275172187602492,4.520662099937908,0.6154770000139251,7.344973248124022,-6.344973248124022
d20-c0-h4-s22264818,2,1,20,4,all_pair_product,random_order,19133,19035,1.0051484108221698,-0.005148410822169769,4.520662099937908,3.825300100026652,1.181779724917899,-0.18177972491789895
d20-c0-h4-s22264818,2,1,20,4,all_pair_product,balance_only,19133,24831,0.7705287745157263,0.22947122548427368,4.520662099937908,5.318605400039814,0.8499713289322173,0.15002867106778273
d20-c0-h4-s22264818,2,1,20,4,all_pair_product,minimum_max_pressure,19133,19026,1.0056238831073268,-0.005623883107326755,4.520662099937908,4.0586868999525905,1.1138238083826357,-0.11382380838263573
d20-c0-h4-s22264818,2,2,20,4,all_pair_product,lexicographic,19133,3049,6.275172187602492,-5.275172187602492,4.351270999992266,0.497282899916172,8.750091750039603,-7.750091750039603
d20-c0-h4-s22264818,2,2,20,4,all_pair_product,random_order,19133,15921,1.2017461214747818,-0.20174612147478177,4.351270999992266,3.3099804000230506,1.3145911679603794,-0.31459116796037945
d20-c0-h4-s22264818,2,2,20,4,all_pair_product,balance_only,19133,23965,0.7983726267473399,0.2016273732526601,4.351270999992266,4.954625600017607,0.8782239772015877,0.12177602279841226
d20-c0-h4-s22264818,2,2,20,4,all_pair_product,minimum_max_pressure,19133,21943,0.871940937884519,0.12805906211548101,4.351270999992266,4.398023599991575,0.9893696341239737,0.010630365876026282
d20-c0-h4-s22264818,4,0,20,4,all_pair_product,lexicographic,8916,2019,4.416047548291234,-3.4160475482912336,5.998417300055735,1.556372300023213,3.854101810965326,-2.854101810965326
d20-c0-h4-s22264818,4,0,20,4,all_pair_product,random_order,8916,5044,1.767644726407613,-0.7676447264076129,5.998417300055735,3.471507200039923,1.7279000026232847,-0.7279000026232847
d20-c0-h4-s22264818,4,0,20,4,all_pair_product,balance_only,8916,15602,0.5714651967696449,0.4285348032303551,5.998417300055735,9.452694299980067,0.6345722298528562,0.3654277701471438
d20-c0-h4-s22264818,4,0,20,4,all_pair_product,minimum_max_pressure,8916,9468,0.9416983523447402,0.0583016476552598,5.998417300055735,5.761598299955949,1.0411030043697418,-0.04110300436974179
d20-c0-h4-s22264818,4,1,20,4,all_pair_product,lexicographic,8916,2019,4.416047548291234,-3.4160475482912336,5.574343700078316,1.231398200034164,4.526840870746491,-3.526840870746491
d20-c0-h4-s22264818,4,1,20,4,all_pair_product,random_order,8916,15029,0.5932530441147116,0.4067469558852884,5.574343700078316,8.869522099965252,0.6284829822003775,0.37151701779962254
d20-c0-h4-s22264818,4,1,20,4,all_pair_product,balance_only,8916,16284,0.5475313190862195,0.45246868091378045,5.574343700078316,9.20784199994523,0.6053908939913905,0.39460910600860954
d20-c0-h4-s22264818,4,1,20,4,all_pair_product,minimum_max_pressure,8916,12585,0.7084624553039333,0.29153754469606674,5.574343700078316,7.270789499976672,0.7666765349342325,0.2333234650657675
d20-c0-h4-s22264818,4,2,20,4,all_pair_product,lexicographic,8916,2019,4.416047548291234,-3.4160475482912336,5.163009000010788,1.1317429000046104,4.561998135786631,-3.561998135786631
d20-c0-h4-s22264818,4,2,20,4,all_pair_product,random_order,8916,4485,1.9879598662207358,-0.9879598662207358,5.163009000010788,2.6562061000149697,1.9437531598100355,-0.9437531598100355
d20-c0-h4-s22264818,4,2,20,4,all_pair_product,balance_only,8916,15684,0.568477429227238,0.431522570772762,5.163009000010788,8.660536899929866,0.596153455573014,0.403846544426986
d20-c0-h4-s22264818,4,2,20,4,all_pair_product,minimum_max_pressure,8916,10853,0.8215240025799319,0.17847599742006814,5.163009000010788,6.0078821000643075,0.8593725565878738,0.14062744341212619
d20-c0-h4-s22264818,8,0,20,4,all_pair_product,lexicographic,258,193,1.3367875647668395,-0.33678756476683946,2.983042500098236,2.036614099983126,1.464706789628409,-0.46470678962840894
d20-c0-h4-s22264818,8,0,20,4,all_pair_product,random_order,258,786,0.3282442748091603,0.6717557251908397,2.983042500098236,8.5309473000234,0.34967306621271166,0.6503269337872883
d20-c0-h4-s22264818,8,0,20,4,all_pair_product,balance_only,258,705,0.3659574468085106,0.6340425531914894,2.983042500098236,7.864905699971132,0.3792852214501676,0.6207147785498324
d20-c0-h4-s22264818,8,0,20,4,all_pair_product,minimum_max_pressure,258,534,0.48314606741573035,0.5168539325842696,2.983042500098236,5.746327599976212,0.5191215516690321,0.48087844833096793
d20-c0-h4-s22264818,8,1,20,4,all_pair_product,lexicographic,258,193,1.3367875647668395,-0.33678756476683946,2.8918484000023454,2.1421417000237852,1.3499799756338415,-0.34997997563384153
d20-c0-h4-s22264818,8,1,20,4,all_pair_product,random_order,258,1299,0.19861431870669746,0.8013856812933026,2.8918484000023454,15.262246300000697,0.18947724621651618,0.8105227537834838
d20-c0-h4-s22264818,8,1,20,4,all_pair_product,balance_only,258,714,0.36134453781512604,0.6386554621848739,2.8918484000023454,8.276517599937506,0.34940400537832256,0.6505959946216775
d20-c0-h4-s22264818,8,1,20,4,all_pair_product,minimum_max_pressure,258,859,0.30034924330616997,0.69965075669383,2.8918484000023454,10.282280799932778,0.28124581075642785,0.7187541892435722
d20-c0-h4-s22264818,8,2,20,4,all_pair_product,lexicographic,258,193,1.3367875647668395,-0.33678756476683946,3.240177399944514,2.1191706999670714,1.5289836727144543,-0.5289836727144543
d20-c0-h4-s22264818,8,2,20,4,all_pair_product,random_order,258,1230,0.2097560975609756,0.7902439024390244,3.240177399944514,15.086832399945706,0.21476856864640284,0.7852314313535972
d20-c0-h4-s22264818,8,2,20,4,all_pair_product,balance_only,258,736,0.35054347826086957,0.6494565217391304,3.240177399944514,8.904886300093494,0.36386510627434904,0.636134893725651
d20-c0-h4-s22264818,8,2,20,4,all_pair_product,minimum_max_pressure,258,905,0.2850828729281768,0.7149171270718232,3.240177399944514,10.862362899933942,0.29829397432157406,0.701706025678426
d20-c0-h6-s22266815,2,0,20,6,all_pair_product,lexicographic,14429,4211,3.4265020185229162,-2.4265020185229162,3.0015424999874085,0.6863376999972388,4.373273535752857,-3.3732735357528574
d20-c0-h6-s22266815,2,0,20,6,all_pair_product,random_order,14429,49289,0.29274280265373614,0.7072571973462638,3.0015424999874085,8.808835200034082,0.34074226975841204,0.659257730241588
d20-c0-h6-s22266815,2,0,20,6,all_pair_product,balance_only,14429,47044,0.306712864552334,0.693287135447666,3.0015424999874085,8.370771000045352,0.35857419823946285,0.6414258017605372
d20-c0-h6-s22266815,2,0,20,6,all_pair_product,minimum_max_pressure,14429,29858,0.48325406926116954,0.5167459307388305,3.0015424999874085,5.32463419996202,0.5637086769282326,0.43629132307176743
d20-c0-h6-s22266815,2,1,20,6,all_pair_product,lexicographic,13203,4211,3.135359772025647,-2.135359772025647,2.8318306000437587,0.7375893000280485,3.8393054236769326,-2.8393054236769326
d20-c0-h6-s22266815,2,1,20,6,all_pair_product,random_order,13203,23437,0.5633400179203824,0.43665998207961765,2.8318306000437587,4.170389799983241,0.6790325930816201,0.3209674069183799
d20-c0-h6-s22266815,2,1,20,6,all_pair_product,balance_only,13203,45897,0.2876658605137591,0.7123341394862409,2.8318306000437587,7.7770668000448495,0.364125790976545,0.635874209023455
d20-c0-h6-s22266815,2,1,20,6,all_pair_product,minimum_max_pressure,13203,28042,0.4708294700805934,0.5291705299194066,2.8318306000437587,4.967545200022869,0.5700663981941668,0.4299336018058332
d20-c0-h6-s22266815,2,2,20,6,all_pair_product,lexicographic,11762,4211,2.793160769413441,-1.7931607694134408,2.3282217000378296,0.7721288000466302,3.0153281420110534,-2.0153281420110534
d20-c0-h6-s22266815,2,2,20,6,all_pair_product,random_order,11762,34380,0.3421175101803374,0.6578824898196626,2.3282217000378296,5.978921499918215,0.3894049620938621,0.6105950379061379
d20-c0-h6-s22266815,2,2,20,6,all_pair_product,balance_only,11762,46755,0.2515666773607101,0.7484333226392899,2.3282217000378296,7.548839599941857,0.30842113800586807,0.6915788619941319
d20-c0-h6-s22266815,2,2,20,6,all_pair_product,minimum_max_pressure,11762,14852,0.7919472124966335,0.20805278750336653,2.3282217000378296,2.5316158999921754,0.9196583494538115,0.08034165054618847
d20-c0-h6-s22266815,4,0,20,6,all_pair_product,lexicographic,5006,2698,1.855448480355819,-0.8554484803558191,2.983272400102578,1.5706323999911547,1.8994084167112426,-0.8994084167112426
d20-c0-h6-s22266815,4,0,20,6,all_pair_product,random_order,5006,32468,0.1541825797708513,0.8458174202291486,2.983272400102578,17.48125670000445,0.17065548840672412,0.8293445115932758
d20-c0-h6-s22266815,4,0,20,6,all_pair_product,balance_only,5006,27087,0.1848119023885997,0.8151880976114003,2.983272400102578,14.244694199995138,0.2094304277942026,0.7905695722057974
d20-c0-h6-s22266815,4,0,20,6,all_pair_product,minimum_max_pressure,5006,19849,0.25220414126656254,0.7477958587334375,2.983272400102578,10.794879299937747,0.2763599589408825,0.7236400410591175
d20-c0-h6-s22266815,4,1,20,6,all_pair_product,lexicographic,4786,2698,1.7739065974796144,-0.7739065974796144,2.820406400016509,1.516379699925892,1.8599605363711653,-0.8599605363711653
d20-c0-h6-s22266815,4,1,20,6,all_pair_product,random_order,4786,18306,0.26144433519064786,0.7385556648093521,2.820406400016509,9.864283200004138,0.2859210692587705,0.7140789307412295
d20-c0-h6-s22266815,4,1,20,6,all_pair_product,balance_only,4786,26561,0.18018899890817364,0.8198110010918264,2.820406400016509,14.064397999900393,0.20053516688282597,0.7994648331171741
d20-c0-h6-s22266815,4,1,20,6,all_pair_product,minimum_max_pressure,4786,17103,0.2798339472607145,0.7201660527392855,2.820406400016509,9.104274299927056,0.30978926019826825,0.6902107398017318
d20-c0-h6-s22266815,4,2,20,6,all_pair_product,lexicographic,3879,2698,1.4377316530763529,-0.43773165307635287,2.1199705000035465,1.4104798999615014,1.5030136197342554,-0.5030136197342554
d20-c0-h6-s22266815,4,2,20,6,all_pair_product,random_order,3879,37852,0.10247807249286696,0.897521927507133,2.1199705000035465,19.911445200094022,0.106469946239439,0.893530053760561
d20-c0-h6-s22266815,4,2,20,6,all_pair_product,balance_only,3879,31227,0.12421942549716591,0.8757805745028341,2.1199705000035465,15.927676499937661,0.1330997964462578,0.8669002035537422
d20-c0-h6-s22266815,4,2,20,6,all_pair_product,minimum_max_pressure,3879,19570,0.19821154828819623,0.8017884517118038,2.1199705000035465,10.449646199936979,0.20287485905659963,0.7971251409434004
d20-c0-h6-s22266815,8,0,20,6,all_pair_product,lexicographic,771,258,2.988372093023256,-1.9883720930232558,8.044142400030978,2.579189100069925,3.1188649175870395,-2.1188649175870395
d20-c0-h6-s22266815,8,0,20,6,all_pair_product,random_order,771,2464,0.31290584415584416,0.6870941558441559,8.044142400030978,24.488647100050002,0.328484557238548,0.671515442761452
d20-c0-h6-s22266815,8,0,20,6,all_pair_product,balance_only,771,2062,0.3739088263821532,0.6260911736178467,8.044142400030978,20.52906799991615,0.39184157800363045,0.6081584219963696
d20-c0-h6-s22266815,8,0,20,6,all_pair_product,minimum_max_pressure,771,2158,0.3572752548656163,0.6427247451343837,8.044142400030978,21.649753400008194,0.3715581536382735,0.6284418463617265
d20-c0-h6-s22266815,8,1,20,6,all_pair_product,lexicographic,248,258,0.9612403100775194,0.03875968992248058,2.5252049000700936,2.73714199999813,0.9225699288059658,0.07743007119403422
d20-c0-h6-s22266815,8,1,20,6,all_pair_product,random_order,248,2722,0.09110947832476121,0.9088905216752388,2.5252049000700936,26.44920369994361,0.0954737590105776,0.9045262409894224
d20-c0-h6-s22266815,8,1,20,6,all_pair_product,balance_only,248,2343,0.10584720443875373,0.8941527955612463,2.5252049000700936,23.67570380005054,0.10665807113470911,0.8933419288652908
d20-c0-h6-s22266815,8,1,20,6,all_pair_product,minimum_max_pressure,248,2437,0.1017644645055396,0.8982355354944604,2.5252049000700936,23.6315137000056,0.10685751797903219,0.8931424820209678
d20-c0-h6-s22266815,8,2,20,6,all_pair_product,lexicographic,248,258,0.9612403100775194,0.03875968992248058,2.403915800037794,2.6923083000583574,0.8928828098868496,0.10711719011315035
d20-c0-h6-s22266815,8,2,20,6,all_pair_product,random_order,248,1620,0.15308641975308643,0.8469135802469135,2.403915800037794,15.451531899976544,0.15557782979702117,0.8444221702029788
d20-c0-h6-s22266815,8,2,20,6,all_pair_product,balance_only,248,1058,0.23440453686200377,0.7655954631379962,2.403915800037794,10.341229600016959,0.23245937794803934,0.7675406220519607
d20-c0-h6-s22266815,8,2,20,6,all_pair_product,minimum_max_pressure,248,1273,0.194815396700707,0.805184603299293,2.403915800037794,12.454565800027922,0.19301482192437447,0.8069851780756255
d20-c0-h6-s22266818,2,0,20,6,all_pair_product,lexicographic,89150,3495,25.507868383404865,-24.507868383404865,17.949103999999352,0.4688319000415504,38.28473275476478,-37.28473275476478
d20-c0-h6-s22266818,2,0,20,6,all_pair_product,random_order,89150,17704,5.035585178490736,-4.035585178490736,17.949103999999352,2.7638996000168845,6.494123013690404,-5.494123013690404
d20-c0-h6-s22266818,2,0,20,6,all_pair_product,balance_only,89150,71621,1.2447466525181161,-0.24474665251811611,17.949103999999352,13.07867980003357,1.3723941769683268,-0.3723941769683268
d20-c0-h6-s22266818,2,0,20,6,all_pair_product,minimum_max_pressure,89150,32961,2.7047116288947546,-1.7047116288947546,17.949103999999352,6.319911500089802,2.840087871443185,-1.8400878714431852
d20-c0-h6-s22266818,2,1,20,6,all_pair_product,lexicographic,89150,3495,25.507868383404865,-24.507868383404865,15.658421800006181,0.6716754999943078,23.312480208283436,-22.312480208283436
d20-c0-h6-s22266818,2,1,20,6,all_pair_product,random_order,89150,70918,1.2570856482134296,-0.2570856482134296,15.658421800006181,11.31732400006149,1.3835798815975495,-0.3835798815975495
d20-c0-h6-s22266818,2,1,20,6,all_pair_product,balance_only,89150,71882,1.2402270387579644,-0.24022703875796436,15.658421800006181,11.413652399904095,1.3719028100187942,-0.3719028100187942
d20-c0-h6-s22266818,2,1,20,6,all_pair_product,minimum_max_pressure,89150,85819,1.038814248592969,-0.038814248592969,15.658421800006181,12.81759630003944,1.2216348083889956,-0.22163480838899563
d20-c0-h6-s22266818,2,2,20,6,all_pair_product,lexicographic,89150,3495,25.507868383404865,-24.507868383404865,15.537367700017057,0.47891319997143,32.44297234017345,-31.442972340173448
d20-c0-h6-s22266818,2,2,20,6,all_pair_product,random_order,89150,86753,1.0276301684091615,-0.02763016840916155,15.537367700017057,13.144317400059663,1.1820596861078942,-0.18205968610789425
d20-c0-h6-s22266818,2,2,20,6,all_pair_product,balance_only,89150,83005,1.0740316848382627,-0.07403168483826272,15.537367700017057,12.80303950002417,1.213568676405921,-0.21356867640592103
d20-c0-h6-s22266818,2,2,20,6,all_pair_product,minimum_max_pressure,89150,97766,0.911871202667594,0.08812879733240597,15.537367700017057,15.00459080003202,1.0355075927817972,-0.03550759278179716
d20-c0-h6-s22266818,4,0,20,6,all_pair_product,lexicographic,35852,2186,16.400731930466605,-15.400731930466605,19.967002099961974,1.0365542999934405,19.262861675542062,-18.262861675542062
d20-c0-h6-s22266818,4,0,20,6,all_pair_product,random_order,35852,35729,1.0034425816563577,-0.0034425816563576905,19.967002099961974,18.243670199997723,1.0944619082164984,-0.09446190821649836
d20-c0-h6-s22266818,4,0,20,6,all_pair_product,balance_only,35852,25754,1.3920944319329036,-0.3920944319329036,19.967002099961974,13.995672399993055,1.426655435288117,-0.4266554352881169
d20-c0-h6-s22266818,4,0,20,6,all_pair_product,minimum_max_pressure,35852,50294,0.712848451107488,0.28715154889251204,19.967002099961974,27.748373999958858,0.7195737703402577,0.2804262296597423
d20-c0-h6-s22266818,4,1,20,6,all_pair_product,lexicographic,36810,2186,16.838975297346753,-15.838975297346753,21.628928899997845,1.0465208999812603,20.66746005778303,-19.66746005778303
d20-c0-h6-s22266818,4,1,20,6,all_pair_product,random_order,36810,33076,1.1128915225541178,-0.11289152255411783,21.628928899997845,18.1849839000497,1.1893840004960758,-0.18938400049607584
d20-c0-h6-s22266818,4,1,20,6,all_pair_product,balance_only,36810,28498,1.2916695908484805,-0.29166959084848054,21.628928899997845,15.900825099903159,1.3602394067040944,-0.3602394067040944
d20-c0-h6-s22266818,4,1,20,6,all_pair_product,minimum_max_pressure,36810,51592,0.7134827104977516,0.2865172895022484,21.628928899997845,28.92031880002469,0.7478800302844304,0.2521199697155696
d20-c0-h6-s22266818,4,2,20,6,all_pair_product,lexicographic,35852,2186,16.400731930466605,-15.400731930466605,22.280467999982648,1.1068133999360725,20.130283931572862,-19.130283931572862
d20-c0-h6-s22266818,4,2,20,6,all_pair_product,random_order,35852,46209,0.775866173256292,0.22413382674370796,22.280467999982648,26.124489399953745,0.8528575490559481,0.14714245094405187
d20-c0-h6-s22266818,4,2,20,6,all_pair_product,balance_only,35852,27710,1.2938289426199927,-0.2938289426199927,22.280467999982648,15.752083600033075,1.4144457689353467,-0.4144457689353467
d20-c1-h4-s22264816,2,0,20,4,all_pair_product,lexicographic,9537,3740,2.55,-1.5499999999999998,2.336210699984804,0.7407462000846863,3.1538612006618663,-2.1538612006618663
d20-c1-h4-s22264816,2,0,20,4,all_pair_product,random_order,9537,18378,0.518935683969964,0.48106431603003597,2.336210699984804,3.802731200004928,0.6143507329631336,0.3856492670368664
d20-c1-h4-s22264816,2,0,20,4,all_pair_product,balance_only,9537,25559,0.37313666418873975,0.6268633358112603,2.336210699984804,5.639206700026989,0.4142800262976037,0.5857199737023964
d20-c1-h4-s22264816,2,0,20,4,all_pair_product,minimum_max_pressure,9537,13995,0.6814576634512326,0.3185423365487674,2.336210699984804,3.0994658999843523,0.7537462180166583,0.2462537819833417
d20-c1-h4-s22264816,2,1,20,4,all_pair_product,lexicographic,9537,3740,2.55,-1.5499999999999998,2.263814599951729,0.8626443999819458,2.624273223125437,-1.6242732231254369
d20-c1-h4-s22264816,2,1,20,4,all_pair_product,random_order,9537,14903,0.6399382674629269,0.3600617325370731,2.263814599951729,3.1086246999911964,0.7282367022169451,0.27176329778305486
d20-c1-h4-s22264816,2,1,20,4,all_pair_product,balance_only,9537,25322,0.37662901824500433,0.6233709817549957,2.263814599951729,5.1009805999929085,0.4437998842722273,0.5562001157277727
d20-c1-h4-s22264816,2,1,20,4,all_pair_product,minimum_max_pressure,9537,15119,0.6307956875454725,0.36920431245452745,2.263814599951729,3.004343200009316,0.7535139793432086,0.24648602065679137
d20-c1-h4-s22264816,2,2,20,4,all_pair_product,lexicographic,9537,3740,2.55,-1.5499999999999998,2.216856300015934,0.8141234000213444,2.7229978894573144,-1.7229978894573144
d20-c1-h4-s22264816,2,2,20,4,all_pair_product,random_order,9537,12715,0.7500589854502556,0.24994101454974438,2.216856300015934,2.5388146999757737,0.8731855460097533,0.1268144539902467
d20-c1-h4-s22264816,2,2,20,4,all_pair_product,balance_only,9537,25497,0.37404400517707964,0.6259559948229203,2.216856300015934,5.09880899998825,0.43477923962655635,0.5652207603734436
d20-c1-h4-s22264816,2,2,20,4,all_pair_product,minimum_max_pressure,9537,8425,1.1319881305637982,-0.1319881305637982,2.216856300015934,1.7496240000473335,1.2670472627009917,-0.26704726270099166
d20-c1-h4-s22264816,4,0,20,4,all_pair_product,lexicographic,6305,2500,2.522,-1.5219999999999998,4.345997299998999,1.8514310999307781,2.347371879062358,-1.347371879062358
d20-c1-h4-s22264816,4,0,20,4,all_pair_product,random_order,6305,2731,2.3086781398755036,-1.3086781398755036,4.345997299998999,1.761524600093253,2.467179453394478,-1.4671794533944782
d20-c1-h4-s22264816,4,0,20,4,all_pair_product,balance_only,6305,7849,0.8032870429354058,0.19671295706459424,4.345997299998999,5.265082500060089,0.8254376450795213,0.17456235492047867
d20-c1-h4-s22264816,4,0,20,4,all_pair_product,minimum_max_pressure,6305,2486,2.5362027353177794,-1.5362027353177794,4.345997299998999,1.6293272000038996,2.667356992498865,-1.6673569924988652
d20-c1-h4-s22264816,4,1,20,4,all_pair_product,lexicographic,6305,2500,2.522,-1.5219999999999998,4.476688300026581,1.8008460000855848,2.4858806915271083,-1.4858806915271083
d20-c1-h4-s22264816,4,1,20,4,all_pair_product,random_order,6305,7467,0.8443819472344984,0.15561805276550156,4.476688300026581,4.743450599955395,0.9437619736292135,0.056238026370786454
d20-c1-h4-s22264816,4,1,20,4,all_pair_product,balance_only,6305,10739,0.5871123940776609,0.4128876059223391,4.476688300026581,7.303715299931355,0.6129330232886618,0.38706697671133816
d20-c1-h4-s22264816,4,1,20,4,all_pair_product,minimum_max_pressure,6305,2699,2.3360503890329753,-1.3360503890329753,4.476688300026581,1.7010027000214905,2.631793764918787,-1.631793764918787
d20-c1-h4-s22264816,4,2,20,4,all_pair_product,lexicographic,6305,2500,2.522,-1.5219999999999998,4.275139499921352,1.71547409996856,2.4921037863525326,-1.4921037863525326
d20-c1-h4-s22264816,4,2,20,4,all_pair_product,random_order,6305,9341,0.6749812653891446,0.3250187346108554,4.275139499921352,5.862665700027719,0.7292142719140781,0.27078572808592194
d20-c1-h4-s22264816,4,2,20,4,all_pair_product,balance_only,6305,8413,0.749435397598954,0.25056460240104605,4.275139499921352,5.354441600036807,0.7984286353766494,0.20157136462335057
d20-c1-h4-s22264816,4,2,20,4,all_pair_product,minimum_max_pressure,6305,3136,2.0105229591836733,-1.0105229591836733,4.275139499921352,1.9172107999911532,2.229874513507372,-1.2298745135073719
d20-c1-h4-s22264816,8,0,20,4,all_pair_product,lexicographic,44,242,0.18181818181818182,0.8181818181818181,0.5936563999857754,3.2197599000064656,0.1843790898770381,0.8156209101229619
d20-c1-h4-s22264816,8,0,20,4,all_pair_product,random_order,44,1267,0.03472770323599053,0.9652722967640095,0.5936563999857754,15.823761999956332,0.03751676750367034,0.9624832324963296
d20-c1-h4-s22264816,8,0,20,4,all_pair_product,balance_only,44,1186,0.03709949409780776,0.9629005059021922,0.5936563999857754,14.821404399932362,0.040053991104141554,0.9599460088958585
d20-c1-h4-s22264816,8,0,20,4,all_pair_product,minimum_max_pressure,44,210,0.20952380952380953,0.7904761904761904,0.5936563999857754,2.7214960999554023,0.21813604656479343,0.7818639534352065
d20-c1-h4-s22264816,8,1,20,4,all_pair_product,lexicographic,44,242,0.18181818181818182,0.8181818181818181,0.6094611999578774,3.181629900005646,0.19155628376411596,0.8084437162358841
d20-c1-h4-s22264816,8,1,20,4,all_pair_product,random_order,44,913,0.04819277108433735,0.9518072289156626,0.6094611999578774,11.371895599993877,0.05359363305781716,0.9464063669421828
d20-c1-h4-s22264816,8,1,20,4,all_pair_product,balance_only,44,1216,0.03618421052631579,0.9638157894736842,0.6094611999578774,15.16123680002056,0.04019864658779361,0.9598013534122064
d20-c1-h4-s22264816,8,1,20,4,all_pair_product,minimum_max_pressure,44,269,0.16356877323420074,0.8364312267657993,0.6094611999578774,3.541648200014606,0.17208405960687,0.82791594039313
d20-c1-h4-s22264816,8,2,20,4,all_pair_product,lexicographic,44,242,0.18181818181818182,0.8181818181818181,0.5784663000376895,3.1579129999736324,0.18317993562283683,0.8168200643771631
d20-c1-h4-s22264816,8,2,20,4,all_pair_product,random_order,44,1822,0.024149286498353458,0.9758507135016465,0.5784663000376895,23.03290760004893,0.025114775350223724,0.9748852246497762
d20-c1-h4-s22264816,8,2,20,4,all_pair_product,balance_only,44,1254,0.03508771929824561,0.9649122807017544,0.5784663000376895,15.687407099991105,0.036874564187093575,0.9631254358129064
d20-c1-h4-s22264816,8,2,20,4,all_pair_product,minimum_max_pressure,44,529,0.0831758034026465,0.9168241965973535,0.5784663000376895,6.920986599987373,0.08358147955939474,0.9164185204406052
d20-c1-h4-s22264819,2,0,20,4,all_pair_product,lexicographic,5834,4151,1.4054444712117562,-0.4054444712117562,1.1379980000201613,0.7041572000598535,1.6161135608972417,-0.6161135608972417
d20-c1-h4-s22264819,2,0,20,4,all_pair_product,random_order,5834,10153,0.5746084901014479,0.4253915098985521,1.1379980000201613,1.6746468000346795,0.679545083773244,0.32045491622675604
d20-c1-h4-s22264819,2,0,20,4,all_pair_product,balance_only,5834,12777,0.45660170619081164,0.5433982938091884,1.1379980000201613,2.3234453999903053,0.48978900043225015,0.5102109995677498
d20-c1-h4-s22264819,2,0,20,4,all_pair_product,minimum_max_pressure,5834,8839,0.660029415092205,0.33997058490779497,1.1379980000201613,1.5860983000602573,0.7174826427699517,0.28251735723004834
d20-c1-h4-s22264819,2,1,20,4,all_pair_product,lexicographic,6243,4151,1.5039749457961937,-0.5039749457961937,1.321837699972093,0.7526084999553859,1.7563417102656305,-0.7563417102656305
d20-c1-h4-s22264819,2,1,20,4,all_pair_product,random_order,6243,6386,0.9776072658941435,0.022392734105856515,1.321837699972093,1.1764432999771088,1.1235881066242746,-0.12358810662427455
d20-c1-h4-s22264819,2,1,20,4,all_pair_product,balance_only,6243,11525,0.5416919739696312,0.4583080260303688,1.321837699972093,2.181660100002773,0.6058861781312372,0.39411382186876276
d20-c1-h4-s22264819,2,1,20,4,all_pair_product,minimum_max_pressure,6243,5147,1.2129395764523023,-0.21293957645230233,1.321837699972093,0.9174755000276491,1.4407335127011653,-0.44073351270116534
d20-c1-h4-s22264819,2,2,20,4,all_pair_product,lexicographic,6243,4151,1.5039749457961937,-0.5039749457961937,1.290569999953732,0.7256131001049653,1.778592475476313,-0.7785924754763129
d20-c1-h4-s22264819,2,2,20,4,all_pair_product,random_order,6243,6588,0.947632058287796,0.05236794171220405,1.290569999953732,1.2271765999030322,1.051657927681891,-0.051657927681890925
d20-c1-h4-s22264819,2,2,20,4,all_pair_product,balance_only,6243,12464,0.500882541720154,0.499117458279846,1.290569999953732,2.2931083000730723,0.562803771593608,0.43719622840639205
d20-c1-h4-s22264819,2,2,20,4,all_pair_product,minimum_max_pressure,6243,5430,1.1497237569060774,-0.14972375690607742,1.290569999953732,0.9387142999330536,1.3748272504698944,-0.3748272504698944
d20-c1-h4-s22264819,4,0,20,4,all_pair_product,lexicographic,4164,2763,1.507057546145494,-0.507057546145494,2.7665834999643266,1.7463038999121636,1.5842508856010007,-0.5842508856010007
d20-c1-h4-s22264819,4,0,20,4,all_pair_product,random_order,4164,4118,1.011170471102477,-0.011170471102476931,2.7665834999643266,2.663074800046161,1.0388681158773203,-0.03886811587732031
d20-c1-h4-s22264819,4,0,20,4,all_pair_product,balance_only,4164,6469,0.6436852682021951,0.35631473179780493,2.7665834999643266,3.962107800063677,0.6982605319117928,0.3017394680882072
d20-c1-h4-s22264819,4,0,20,4,all_pair_product,minimum_max_pressure,4164,6409,0.6497113434233109,0.35028865657668906,2.7665834999643266,4.027526599937119,0.6869187406502842,0.31308125934971576
d20-c1-h4-s22264819,4,1,20,4,all_pair_product,lexicographic,4086,2763,1.478827361563518,-0.4788273615635179,2.8132373000262305,1.7604854999808595,1.5979894750946924,-0.5979894750946924
d20-c1-h4-s22264819,4,1,20,4,all_pair_product,random_order,4086,7872,0.5190548780487805,0.4809451219512195,2.8132373000262305,4.944724400062114,0.5689371282231405,0.43106287177685954
d20-c1-h4-s22264819,4,1,20,4,all_pair_product,balance_only,4086,9044,0.45179124281291466,0.5482087571870853,2.8132373000262305,5.861546300002374,0.47994797891899127,0.5200520210810087
d20-c1-h4-s22264819,4,1,20,4,all_pair_product,minimum_max_pressure,4086,5760,0.709375,0.290625,2.8132373000262305,3.6623375000199303,0.768153481215459,0.231846518784541
d20-c1-h4-s22264819,4,2,20,4,all_pair_product,lexicographic,4164,2763,1.507057546145494,-0.507057546145494,2.7634935000678524,1.7987097000004724,1.5363754918690473,-0.5363754918690473
d20-c1-h4-s22264819,4,2,20,4,all_pair_product,random_order,4164,4633,0.8987696956615584,0.1012303043384416,2.7634935000678524,3.000038600061089,0.9211526478397912,0.07884735216020877
d20-c1-h4-s22264819,4,2,20,4,all_pair_product,balance_only,4164,6732,0.6185383244206774,0.38146167557932265,2.7634935000678524,4.400771100074053,0.6279566551464925,0.37204334485350754
d20-c1-h4-s22264819,4,2,20,4,all_pair_product,minimum_max_pressure,4164,5644,0.7377746279234585,0.2622253720765415,2.7634935000678524,3.5973627000348642,0.768199853754271,0.23180014624572898
d20-c1-h4-s22264819,8,0,20,4,all_pair_product,lexicographic,320,264,1.2121212121212122,-0.21212121212121215,3.82178290002048,3.3713688999414444,1.133599737509253,-0.13359973750925302
d20-c1-h4-s22264819,8,0,20,4,all_pair_product,random_order,320,344,0.9302325581395349,0.06976744186046513,3.82178290002048,4.181704599992372,0.9139294296463341,0.08607057035366594
d20-c1-h4-s22264819,8,0,20,4,all_pair_product,balance_only,320,485,0.6597938144329897,0.3402061855670103,3.82178290002048,5.918599900091067,0.645724151747726,0.354275848252274
d20-c1-h4-s22264819,8,0,20,4,all_pair_product,minimum_max_pressure,320,420,0.7619047619047619,0.23809523809523814,3.82178290002048,5.227526700007729,0.7310881645070946,0.2689118354929054
d20-c1-h4-s22264819,8,1,20,4,all_pair_product,lexicographic,320,264,1.2121212121212122,-0.21212121212121215,3.906598999979906,3.2502159000141546,1.2019506150231105,-0.2019506150231105
d20-c1-h4-s22264819,8,1,20,4,all_pair_product,random_order,320,796,0.4020100502512563,0.5979899497487438,3.906598999979906,9.418808900052682,0.4147657141613793,0.5852342858386207
d20-c1-h4-s22264819,8,1,20,4,all_pair_product,balance_only,320,530,0.6037735849056604,0.39622641509433965,3.906598999979906,6.36349939997308,0.6139073416108803,0.38609265838911966
d20-c1-h4-s22264819,8,1,20,4,all_pair_product,minimum_max_pressure,320,487,0.6570841889117043,0.3429158110882957,3.906598999979906,5.905353599926457,0.6615351534628777,0.3384648465371223
d20-c1-h4-s22264819,8,2,20,4,all_pair_product,lexicographic,320,264,1.2121212121212122,-0.21212121212121215,3.7345490999286994,3.3147150999866426,1.1266576424452734,-0.12665764244527344
d20-c1-h4-s22264819,8,2,20,4,all_pair_product,random_order,320,690,0.463768115942029,0.536231884057971,3.7345490999286994,8.085688700084575,0.46187149152670653,0.5381285084732934
d20-c1-h4-s22264819,8,2,20,4,all_pair_product,balance_only,320,579,0.5526770293609672,0.4473229706390328,3.7345490999286994,7.022885599988513,0.5317684656481957,0.4682315343518043
d20-c1-h4-s22264819,8,2,20,4,all_pair_product,minimum_max_pressure,320,543,0.5893186003683242,0.4106813996316758,3.7345490999286994,6.3810799000784755,0.5852534615469666,0.41474653845303344
d20-c1-h6-s22266816,2,0,20,6,all_pair_product,lexicographic,46054,3722,12.373455131649651,-11.373455131649651,8.167501599993557,0.5526334000751376,14.779239906388359,-13.779239906388359
d20-c1-h6-s22266816,2,0,20,6,all_pair_product,random_order,46054,59815,0.7699406503385439,0.23005934966145614,8.167501599993557,9.09440469997935,0.898079849032021,0.10192015096797902
d20-c1-h6-s22266816,2,0,20,6,all_pair_product,balance_only,46054,84264,0.5465441944365328,0.4534558055634672,8.167501599993557,13.200101700029336,0.6187453540585528,0.3812546459414472
d20-c1-h6-s22266816,2,0,20,6,all_pair_product,minimum_max_pressure,46054,59268,0.7770466356212459,0.22295336437875413,8.167501599993557,9.069290800020099,0.900566734498739,0.09943326550126097
d20-c1-h6-s22266816,2,1,20,6,all_pair_product,lexicographic,65241,3722,17.528479312197742,-16.528479312197742,11.697180500021204,0.5773487000260502,20.26016599585904,-19.26016599585904
d20-c1-h6-s22266816,2,1,20,6,all_pair_product,random_order,65241,73497,0.8876688844442631,0.11233111555573694,11.697180500021204,11.553662599995732,1.012421853138201,-0.012421853138200989
d20-c1-h6-s22266816,2,1,20,6,all_pair_product,balance_only,65241,83932,0.7773078206166897,0.22269217938331032,11.697180500021204,13.05247950006742,0.8961653990692561,0.10383460093074393
d20-c1-h6-s22266816,2,1,20,6,all_pair_product,minimum_max_pressure,65241,72439,0.900633636576982,0.09936636342301797,11.697180500021204,11.3061091999989,1.0345893793438987,-0.03458937934389872
d20-c1-h6-s22266816,2,2,20,6,all_pair_product,lexicographic,45651,3722,12.26518001074691,-11.26518001074691,8.102855800068937,0.5750846998998895,14.089847637190623,-13.089847637190623
d20-c1-h6-s22266816,2,2,20,6,all_pair_product,random_order,45651,55617,0.8208101839365661,0.17918981606343387,8.102855800068937,8.723055899958126,0.9289010517641912,0.07109894823580876
d20-c1-h6-s22266816,2,2,20,6,all_pair_product,balance_only,45651,59971,0.7612179219956312,0.2387820780043688,8.102855800068937,9.436930300085805,0.8586325788583246,0.14136742114167544
d20-c1-h6-s22266816,2,2,20,6,all_pair_product,minimum_max_pressure,45651,55336,0.8249783142981061,0.17502168570189391,8.102855800068937,8.476059500011615,0.9559696696392744,0.04403033036072557
d20-c1-h6-s22266816,4,0,20,6,all_pair_product,lexicographic,40898,2424,16.872112211221122,-15.872112211221122,22.00237860006746,1.2394348999951035,17.751943728673755,-16.751943728673755
d20-c1-h6-s22266816,4,0,20,6,all_pair_product,random_order,40898,35289,1.1589447136501458,-0.15894471365014584,22.00237860006746,18.61336959991604,1.182073911011078,-0.18207391101107806
d20-c1-h6-s22266816,4,0,20,6,all_pair_product,balance_only,40898,41491,0.9857077438480635,0.014292256151936522,22.00237860006746,21.31425199995283,1.0322848111261962,-0.03228481112619619
d20-c1-h6-s22266816,4,0,20,6,all_pair_product,minimum_max_pressure,40898,51717,0.7908037975907342,0.20919620240926584,22.00237860006746,26.740956499939784,0.8227969930737894,0.1772030069262106
d20-c1-h6-s22266816,4,1,20,6,all_pair_product,lexicographic,40898,2424,16.872112211221122,-15.872112211221122,22.30489469994791,1.297752199927345,17.18732952346115,-16.18732952346115
d20-c1-h6-s22266816,4,1,20,6,all_pair_product,random_order,40898,15323,2.669059583632448,-1.669059583632448,22.30489469994791,8.25134319998324,2.703183488961314,-1.7031834889613142
d20-c1-h6-s22266816,4,1,20,6,all_pair_product,balance_only,40898,33186,1.2323871512083409,-0.23238715120834086,22.30489469994791,17.15929280000273,1.299872608965817,-0.299872608965817
d20-c1-h6-s22266816,4,1,20,6,all_pair_product,minimum_max_pressure,40898,28916,1.414372665652234,-0.41437266565223396,22.30489469994791,14.767346099950373,1.5104199867045078,-0.5104199867045078
d20-c1-h6-s22266816,4,2,20,6,all_pair_product,lexicographic,40898,2424,16.872112211221122,-15.872112211221122,22.200444799964316,1.2807391999522224,17.334087065338906,-16.334087065338906
d20-c1-h6-s22266816,4,2,20,6,all_pair_product,random_order,40898,56155,0.7283055827619981,0.2716944172380019,22.200444799964316,28.720828599995002,0.7729736878123419,0.22702631218765812
d20-c1-h6-s22266816,4,2,20,6,all_pair_product,balance_only,40898,56483,0.7240762707363277,0.27592372926367226,22.200444799964316,29.0872199999867,0.7632370780010763,0.23676292199892368
d20-c1-h6-s22266816,4,2,20,6,all_pair_product,minimum_max_pressure,40898,53460,0.7650205761316873,0.23497942386831272,22.200444799964316,27.468188700033352,0.8082238345747698,0.19177616542523024
d20-c1-h6-s22266816,8,1,20,6,all_pair_product,lexicographic,2890,234,12.350427350427351,-11.350427350427351,28.724300500005484,2.361260399920866,12.164816934620228,-11.164816934620228
d20-c1-h6-s22266816,8,1,20,6,all_pair_product,random_order,2890,442,6.538461538461538,-5.538461538461538,28.724300500005484,4.60547549999319,6.236989101352934,-5.236989101352934
d20-c1-h6-s22266816,8,1,20,6,all_pair_product,balance_only,2890,2897,0.9975837072833966,0.0024162927166033743,28.724300500005484,28.73098720004782,0.9997672652180108,0.00023273478198915232
d20-c1-h6-s22266816,8,1,20,6,all_pair_product,minimum_max_pressure,2890,292,9.897260273972602,-8.897260273972602,28.724300500005484,2.969797300058417,9.672141765177194,-8.672141765177194
d20-c1-h6-s22266819,2,0,20,6,all_pair_product,lexicographic,43352,3991,10.862440491104985,-9.862440491104985,7.665180100011639,0.5957055001053959,12.867398569688325,-11.867398569688325
d20-c1-h6-s22266819,2,0,20,6,all_pair_product,random_order,43352,45755,0.9474811496011365,0.052518850398863504,7.665180100011639,6.817743899999186,1.1242986261206664,-0.12429862612066644
d20-c1-h6-s22266819,2,0,20,6,all_pair_product,balance_only,43352,54853,0.7903305197527938,0.20966948024720622,7.665180100011639,8.516206200001761,0.900069810429209,0.09993018957079103
d20-c1-h6-s22266819,2,0,20,6,all_pair_product,minimum_max_pressure,43352,44321,0.9781367748922632,0.02186322510773675,7.665180100011639,6.719984300085343,1.140654465504375,-0.1406544655043751
d20-c1-h6-s22266819,2,1,20,6,all_pair_product,lexicographic,43352,3991,10.862440491104985,-9.862440491104985,7.680580899934284,0.5850924999685958,13.127122464134358,-12.127122464134358
d20-c1-h6-s22266819,2,1,20,6,all_pair_product,random_order,43352,12984,3.338878619839803,-2.338878619839803,7.680580899934284,1.9194318000227213,4.001486741984459,-3.0014867419844586
d20-c1-h6-s22266819,2,1,20,6,all_pair_product,balance_only,43352,54168,0.8003249150790135,0.1996750849209865,7.680580899934284,8.349747500033118,0.9198578639538286,0.08014213604617137
d20-c1-h6-s22266819,2,1,20,6,all_pair_product,minimum_max_pressure,43352,13182,3.2887270520406613,-2.2887270520406613,7.680580899934284,1.9275654000230134,3.984601975031605,-2.984601975031605
d20-c1-h6-s22266819,2,2,20,6,all_pair_product,lexicographic,43352,3991,10.862440491104985,-9.862440491104985,7.648239200003445,0.6271954999538139,12.194346420799663,-11.194346420799663
d20-c1-h6-s22266819,2,2,20,6,all_pair_product,random_order,43352,48479,0.8942428680459581,0.1057571319540419,7.648239200003445,7.3739261999726295,1.0372003994333214,-0.03720039943332143
d20-c1-h6-s22266819,2,2,20,6,all_pair_product,balance_only,43352,54888,0.789826555895642,0.210173444104358,7.648239200003445,8.723843400017358,0.8767052375089891,0.1232947624910109
d20-c1-h6-s22266819,2,2,20,6,all_pair_product,minimum_max_pressure,43352,48061,0.902020349139635,0.09797965086036498,7.648239200003445,7.726037699962035,0.9899303494262043,0.010069650573795719
d20-c1-h6-s22266819,4,0,20,6,all_pair_product,lexicographic,28802,2503,11.506991610067919,-10.506991610067919,15.786270400043577,1.3552835000446066,11.647947015900364,-10.647947015900364
d20-c1-h6-s22266819,4,0,20,6,all_pair_product,random_order,28802,36107,0.7976846594843106,0.20231534051568945,15.786270400043577,18.99577739997767,0.8310410291532546,0.16895897084674538
d20-c1-h6-s22266819,4,0,20,6,all_pair_product,balance_only,28802,44225,0.6512605992085925,0.34873940079140753,15.786270400043577,23.63816339999903,0.6678298196400582,0.33217018035994184
d20-c1-h6-s22266819,4,0,20,6,all_pair_product,minimum_max_pressure,28802,30820,0.9345230369889682,0.06547696301103179,15.786270400043577,16.199986399966292,0.9744619538740121,0.025538046125987868
d20-c1-h6-s22266819,4,1,20,6,all_pair_product,lexicographic,29008,2503,11.589292848581701,-10.589292848581701,15.897493400028907,1.4526139000663534,10.944059807842079,-9.944059807842079
d20-c1-h6-s22266819,4,1,20,6,all_pair_product,random_order,29008,4022,7.212332173048234,-6.212332173048234,15.897493400028907,2.2421815000707284,7.090190245315747,-6.090190245315747
d20-c1-h6-s22266819,4,1,20,6,all_pair_product,balance_only,29008,31186,0.9301609696658757,0.06983903033412431,15.897493400028907,16.113978800014593,0.9865653664639618,0.013434633536038243
d20-c1-h6-s22266819,4,1,20,6,all_pair_product,minimum_max_pressure,29008,21794,1.3310085344590254,-0.33100853445902545,15.897493400028907,11.376334800035693,1.3974178572855493,-0.39741785728554935
d20-c1-h6-s22266819,4,2,20,6,all_pair_product,lexicographic,28997,2503,11.584898122253296,-10.584898122253296,16.077481199987233,1.2294281999347731,13.077202231769384,-12.077202231769384
d20-c1-h6-s22266819,4,2,20,6,all_pair_product,random_order,28997,15805,1.8346725719708954,-0.8346725719708954,16.077481199987233,8.457723899977282,1.9009229185207168,-0.9009229185207168
d20-c1-h6-s22266819,4,2,20,6,all_pair_product,balance_only,28997,31629,0.9167852287457713,0.08321477125422871,16.077481199987233,17.022326199919917,0.9444937790031818,0.055506220996818234
d20-c1-h6-s22266819,4,2,20,6,all_pair_product,minimum_max_pressure,28997,30201,0.9601337704049535,0.03986622959504649,16.077481199987233,16.41458209999837,0.9794633273051057,0.020536672694894342
d20-c1-h6-s22266819,8,1,20,6,all_pair_product,lexicographic,3197,248,12.891129032258064,-11.891129032258064,28.890906400047243,2.388469299999997,12.095992357970553,-11.095992357970553
d20-c1-h6-s22266819,8,1,20,6,all_pair_product,random_order,3197,1984,1.611391129032258,-0.611391129032258,28.890906400047243,21.07599190005567,1.3707969967463753,-0.37079699674637534
d20-c1-h6-s22266819,8,1,20,6,all_pair_product,balance_only,3197,2309,1.3845820701602425,-0.3845820701602425,28.890906400047243,23.772456599981524,1.2153100912620742,-0.21531009126207423
d20-c1-h6-s22266819,8,1,20,6,all_pair_product,minimum_max_pressure,3197,1702,1.8783783783783783,-0.8783783783783783,28.890906400047243,18.514563100063242,1.5604422445133774,-0.5604422445133774
d20-c1-h6-s22266819,8,2,20,6,all_pair_product,lexicographic,3197,248,12.891129032258064,-11.891129032258064,24.25148239999544,2.7775902999565005,8.731122945084895,-7.731122945084895
d20-c1-h6-s22266819,8,2,20,6,all_pair_product,random_order,3197,2553,1.2522522522522523,-0.25225225225225234,24.25148239999544,24.841109100030735,0.9762640750998285,0.023735924900171512
d20-c1-h6-s22266819,8,2,20,6,all_pair_product,balance_only,3197,2351,1.3598468736707785,-0.3598468736707785,24.25148239999544,22.387527699931525,1.0832586217222018,-0.08325862172220178
d20-c1-h6-s22266819,8,2,20,6,all_pair_product,minimum_max_pressure,3197,2280,1.4021929824561403,-0.4021929824561403,24.25148239999544,16.851372199947946,1.4391399176424549,-0.43913991764245486
d20-c2-h4-s22264817,2,0,20,4,all_pair_product,lexicographic,9301,3555,2.6163150492264418,-1.6163150492264418,2.0080921000335366,0.6434215001063421,3.120958966558698,-2.120958966558698
d20-c2-h4-s22264817,2,0,20,4,all_pair_product,random_order,9301,22771,0.40845812656448993,0.59154187343551,2.0080921000335366,4.145398600026965,0.48441471949657006,0.51558528050343
d20-c2-h4-s22264817,2,0,20,4,all_pair_product,balance_only,9301,20327,0.45756875092241844,0.5424312490775816,2.0080921000335366,3.834101299988106,0.5237451863986395,0.47625481360136046
d20-c2-h4-s22264817,2,0,20,4,all_pair_product,minimum_max_pressure,9301,22397,0.41527883198642673,0.5847211680135733,2.0080921000335366,4.13560369994957,0.4855620232804278,0.5144379767195721
d20-c2-h4-s22264817,2,1,20,4,all_pair_product,lexicographic,7644,3555,2.1502109704641352,-1.1502109704641352,1.5844619000563398,0.5861389000201598,2.7032191516410933,-1.7032191516410933
d20-c2-h4-s22264817,2,1,20,4,all_pair_product,random_order,7644,2638,2.89764973464746,-1.8976497346474601,1.5844619000563398,0.4852541000582278,3.265221045770068,-2.265221045770068
d20-c2-h4-s22264817,2,1,20,4,all_pair_product,balance_only,7644,19384,0.39434585224927776,0.6056541477507222,1.5844619000563398,3.4674889999441803,0.45694792401125034,0.5430520759887496
d20-c2-h4-s22264817,2,1,20,4,all_pair_product,minimum_max_pressure,7644,8912,0.8577199281867145,0.1422800718132855,1.5844619000563398,1.6261889000888914,0.9743406193276374,0.02565938067236262
d20-c2-h4-s22264817,2,2,20,4,all_pair_product,lexicographic,9301,3555,2.6163150492264418,-1.6163150492264418,1.973792599979788,0.627048599999398,3.147750589000092,-2.147750589000092
d20-c2-h4-s22264817,2,2,20,4,all_pair_product,random_order,9301,15338,0.6064023992697875,0.39359760073021255,1.973792599979788,2.8180090999230742,0.7004209461330939,0.2995790538669061
d20-c2-h4-s22264817,2,2,20,4,all_pair_product,balance_only,9301,20606,0.4513733863923129,0.5486266136076872,1.973792599979788,3.9405278000049293,0.5008954891721152,0.49910451082788476
d20-c2-h4-s22264817,2,2,20,4,all_pair_product,minimum_max_pressure,9301,21039,0.4420837492276249,0.5579162507723752,1.973792599979788,3.6977419999893755,0.5337832114802653,0.4662167885197347
d20-c2-h4-s22264817,4,0,20,4,all_pair_product,lexicographic,6187,2405,2.5725571725571728,-1.5725571725571728,4.210112400003709,1.4230207999935374,2.9585740419415014,-1.9585740419415014
d20-c2-h4-s22264817,4,0,20,4,all_pair_product,random_order,6187,8831,0.7006001585324425,0.2993998414675575,4.210112400003709,5.564845000044443,0.7565551960512981,0.24344480394870194
d20-c2-h4-s22264817,4,0,20,4,all_pair_product,balance_only,6187,11137,0.55553560204723,0.44446439795277004,4.210112400003709,6.9167837999993935,0.6086806414281849,0.3913193585718151
d20-c2-h4-s22264817,4,0,20,4,all_pair_product,minimum_max_pressure,6187,8389,0.737513410418405,0.262486589581595,4.210112400003709,5.396364100044593,0.7801757483281971,0.21982425167180286
d20-c2-h4-s22264817,4,1,20,4,all_pair_product,lexicographic,6187,2405,2.5725571725571728,-1.5725571725571728,4.008639500010759,1.3829414999345317,2.898632733344489,-1.8986327333444888
d20-c2-h4-s22264817,4,1,20,4,all_pair_product,random_order,6187,11044,0.5602136906917783,0.4397863093082217,4.008639500010759,6.88938990002498,0.5818569653019963,0.41814303469800373
d20-c2-h4-s22264817,4,1,20,4,all_pair_product,balance_only,6187,10795,0.5731357109773043,0.4268642890226957,4.008639500010759,6.732428699964657,0.5954224959013383,0.40457750409866167
d20-c2-h4-s22264817,4,1,20,4,all_pair_product,minimum_max_pressure,6187,10292,0.6011465215701516,0.3988534784298484,4.008639500010759,6.242257599951699,0.6421778396395843,0.3578221603604157
d20-c2-h4-s22264817,4,2,20,4,all_pair_product,lexicographic,6187,2405,2.5725571725571728,-1.5725571725571728,4.18842559994664,1.5352415000088513,2.728186803133248,-1.728186803133248
d20-c2-h4-s22264817,4,2,20,4,all_pair_product,random_order,6187,3485,1.77532281205165,-0.77532281205165,4.18842559994664,2.11338610004168,1.9818553741145721,-0.9818553741145721
d20-c2-h4-s22264817,4,2,20,4,all_pair_product,balance_only,6187,10483,0.5901936468568157,0.40980635314318425,4.18842559994664,6.332662799977697,0.6614003827839043,0.33859961721609566
d20-c2-h4-s22264817,4,2,20,4,all_pair_product,minimum_max_pressure,6187,8599,0.7195022677055471,0.28049773229445285,4.18842559994664,5.421138799982145,0.7726099173038025,0.22739008269619754
d20-c2-h4-s22264817,8,0,20,4,all_pair_product,lexicographic,348,235,1.4808510638297872,-0.48085106382978715,4.168404800002463,3.049141699913889,1.3670748066973022,-0.3670748066973022
d20-c2-h4-s22264817,8,0,20,4,all_pair_product,random_order,348,299,1.1638795986622072,-0.16387959866220725,4.168404800002463,3.632966300006956,1.1473832829097486,-0.14738328290974856
d20-c2-h4-s22264817,8,0,20,4,all_pair_product,balance_only,348,1053,0.33048433048433046,0.6695156695156695,4.168404800002463,12.283859999966808,0.3393399794538302,0.6606600205461698
d20-c2-h4-s22264817,8,0,20,4,all_pair_product,minimum_max_pressure,348,639,0.5446009389671361,0.45539906103286387,4.168404800002463,7.30277660000138,0.5707972499119959,0.4292027500880041
d20-c2-h4-s22264817,8,1,20,4,all_pair_product,lexicographic,708,235,3.0127659574468084,-2.0127659574468084,8.385306200012565,2.7270064000040293,3.074912548793496,-2.074912548793496
d20-c2-h4-s22264817,8,1,20,4,all_pair_product,random_order,708,1048,0.6755725190839694,0.3244274809160306,8.385306200012565,12.380818400066346,0.677282060769717,0.322717939230283
d20-c2-h4-s22264817,8,1,20,4,all_pair_product,balance_only,708,1070,0.6616822429906543,0.33831775700934574,8.385306200012565,13.134925000020303,0.6383977221034458,0.3616022778965542
d20-c2-h4-s22264817,8,1,20,4,all_pair_product,minimum_max_pressure,708,1065,0.6647887323943662,0.3352112676056338,8.385306200012565,12.037326999939978,0.6966086573916598,0.3033913426083402
d20-c2-h4-s22264817,8,2,20,4,all_pair_product,lexicographic,348,235,1.4808510638297872,-0.48085106382978715,3.99428840004839,2.965327800018713,1.3469972527230156,-0.3469972527230156
d20-c2-h4-s22264817,8,2,20,4,all_pair_product,random_order,348,241,1.4439834024896265,-0.44398340248962653,3.99428840004839,3.0247963999863714,1.320514795662408,-0.3205147956624079
d20-c2-h4-s22264817,8,2,20,4,all_pair_product,balance_only,348,1022,0.3405088062622309,0.6594911937377691,3.99428840004839,12.735724300029688,0.3136286799203936,0.6863713200796064
d20-c2-h4-s22264817,8,2,20,4,all_pair_product,minimum_max_pressure,348,621,0.5603864734299517,0.43961352657004826,3.99428840004839,7.466126000043005,0.5349880781579875,0.46501192184201245
d20-c2-h6-s22266817,2,0,20,6,all_pair_product,lexicographic,41526,3938,10.544946673438293,-9.544946673438293,7.736673300038092,0.5349464999744669,14.46251784133061,-13.46251784133061
d20-c2-h6-s22266817,2,0,20,6,all_pair_product,random_order,41526,46986,0.8837951730302643,0.11620482696973566,7.736673300038092,7.046631900011562,1.0979249959154809,-0.09792499591548087
d20-c2-h6-s22266817,2,0,20,6,all_pair_product,balance_only,41526,26856,1.5462466487935658,-0.5462466487935658,7.736673300038092,4.260029700002633,1.8161078313687131,-0.8161078313687131
d20-c2-h6-s22266817,2,0,20,6,all_pair_product,minimum_max_pressure,41526,47159,0.880553022752815,0.119446977247185,7.736673300038092,7.306595200090669,1.0588616295510782,-0.05886162955107821
d20-c2-h6-s22266817,2,1,20,6,all_pair_product,lexicographic,40193,3938,10.206449974606398,-9.206449974606398,6.923023700015619,0.523781199939549,13.217396311312099,-12.217396311312099
d20-c2-h6-s22266817,2,1,20,6,all_pair_product,random_order,40193,13404,2.9985825126827814,-1.9985825126827814,6.923023700015619,2.069952999940142,3.3445318324695372,-2.3445318324695372
d20-c2-h6-s22266817,2,1,20,6,all_pair_product,balance_only,40193,4971,8.085495876081271,-7.085495876081271,6.923023700015619,0.7725110000465065,8.961715366640528,-7.961715366640528
d20-c2-h6-s22266817,2,1,20,6,all_pair_product,minimum_max_pressure,40193,13682,2.9376553135506507,-1.9376553135506507,6.923023700015619,2.0676714999135584,3.348222239511956,-2.348222239511956
d20-c2-h6-s22266817,2,2,20,6,all_pair_product,lexicographic,40193,3938,10.206449974606398,-9.206449974606398,7.042714499984868,0.5368710999609903,13.118073408117144,-12.118073408117144
d20-c2-h6-s22266817,2,2,20,6,all_pair_product,random_order,40193,38833,1.0350217598434321,-0.03502175984343214,7.042714499984868,5.671952300006524,1.2416737884020583,-0.24167378840205833
d20-c2-h6-s22266817,2,2,20,6,all_pair_product,balance_only,40193,8829,4.552384188469816,-3.5523841884698157,7.042714499984868,1.2897204000037163,5.460652169233405,-4.460652169233405
d20-c2-h6-s22266817,2,2,20,6,all_pair_product,minimum_max_pressure,40193,38929,1.0324693673097176,-0.03246936730971761,7.042714499984868,6.17070620006416,1.1413141821452528,-0.14131418214525282
d20-c2-h6-s22266817,4,0,20,6,all_pair_product,lexicographic,26222,2446,10.720359771054783,-9.720359771054783,14.58814590005204,1.2248275000602007,11.910367704297158,-10.910367704297158
d20-c2-h6-s22266817,4,0,20,6,all_pair_product,random_order,26222,29872,0.8778119978575254,0.1221880021424746,14.58814590005204,15.614924699999392,0.9342437559146608,0.0657562440853392
d20-c2-h6-s22266817,4,0,20,6,all_pair_product,balance_only,26222,8053,3.2561778219297155,-2.2561778219297155,14.58814590005204,4.443626399966888,3.282937084936021,-2.282937084936021
d20-c2-h6-s22266817,4,0,20,6,all_pair_product,minimum_max_pressure,26222,28861,0.9085617268978898,0.09143827310211017,14.58814590005204,15.614109499962069,0.9342925320260806,0.06570746797391935
d20-c2-h6-s22266817,4,1,20,6,all_pair_product,lexicographic,24738,2446,10.113654946852003,-9.113654946852003,13.614016399951652,1.2833212999394163,10.608423939191495,-9.608423939191495
d20-c2-h6-s22266817,4,1,20,6,all_pair_product,random_order,24738,17915,1.3808540329332961,-0.3808540329332961,13.614016399951652,9.547444400028326,1.4259330381553477,-0.42593303815534767
d20-c2-h6-s22266817,4,1,20,6,all_pair_product,balance_only,24738,4780,5.1753138075313805,-4.1753138075313805,13.614016399951652,2.657576300087385,5.122718922314292,-4.122718922314292
d20-c2-h6-s22266817,4,1,20,6,all_pair_product,minimum_max_pressure,24738,16704,1.4809626436781609,-0.4809626436781609,13.614016399951652,9.138095500064082,1.4898089432153758,-0.4898089432153758
d20-c2-h6-s22266817,4,2,20,6,all_pair_product,lexicographic,24726,2446,10.10874897792314,-9.10874897792314,13.591844499926083,1.2633029000135139,10.758975143475636,-9.758975143475636
d20-c2-h6-s22266817,4,2,20,6,all_pair_product,random_order,24726,46244,0.5346855808321079,0.46531441916789207,13.591844499926083,24.482215899974108,0.5551721525313588,0.44482784746864124
d20-c2-h6-s22266817,4,2,20,6,all_pair_product,balance_only,24726,19853,1.2454540875434443,-0.24545408754344433,13.591844499926083,10.694774099974893,1.2708865444813828,-0.27088654448138283
d20-c2-h6-s22266817,4,2,20,6,all_pair_product,minimum_max_pressure,24726,40602,0.6089847790749224,0.39101522092507757,13.591844499926083,21.637399400002323,0.6281644225657093,0.37183557743429074
d20-c2-h6-s22266817,8,0,20,6,all_pair_product,lexicographic,2659,233,11.412017167381974,-10.412017167381974,27.51380740001332,2.3712452999316156,11.603104664374786,-10.603104664374786
d20-c2-h6-s22266817,8,1,20,6,all_pair_product,lexicographic,2659,233,11.412017167381974,-10.412017167381974,28.172623399994336,2.2235780000919476,12.669950592616658,-11.669950592616658
d20-c2-h6-s22266817,8,1,20,6,all_pair_product,random_order,2659,893,2.9776035834266517,-1.9776035834266517,28.172623399994336,9.259639000054449,3.0425185474108303,-2.0425185474108303
d20-c2-h6-s22266817,8,1,20,6,all_pair_product,balance_only,2659,2007,1.3248629795714997,-0.3248629795714997,28.172623399994336,21.033074200036936,1.3394439220846215,-0.3394439220846215
d20-c2-h6-s22266817,8,1,20,6,all_pair_product,minimum_max_pressure,2659,1363,1.950843727072634,-0.950843727072634,28.172623399994336,13.71225310000591,2.0545582986637108,-1.0545582986637108
d20-c2-h6-s22266817,8,2,20,6,all_pair_product,lexicographic,2659,233,11.412017167381974,-10.412017167381974,28.766110899974592,2.2855091000674292,12.586303375088686,-11.586303375088686
d20-c2-h6-s22266817,8,2,20,6,all_pair_product,random_order,2659,2522,1.0543219666931007,-0.05432196669310074,28.766110899974592,27.36238459998276,1.0513013145788732,-0.051301314578873214
d20-c2-h6-s22266817,8,2,20,6,all_pair_product,balance_only,2659,2145,1.2396270396270397,-0.23962703962703968,28.766110899974592,23.373257600003853,1.2307275003023048,-0.23072750030230482
d20-c2-h6-s22266817,8,2,20,6,all_pair_product,minimum_max_pressure,2659,2257,1.1781125387682765,-0.17811253876827648,28.766110899974592,24.55246909998823,1.171617843518165,-0.171617843518165
