instance_id,order,class_index,presentation_seed,hidden_rows,seed_rows,seed_digest,target_digest,block_size,policy,tie_repetition,tie_seed,max_nodes,max_seconds,solved,termination,elapsed_seconds,nodes,backtracks,dead_ends,candidate_evaluations,exact_prunes,symmetry_prunes,completed_rows,scoring_calls,scoring_seconds,solution_digest,verification_passed
d16-c0-h4-s21864815,16,0,21864815,4,12,48ccfef7f142571e4f0b4c6aa4e6c66d012bb3d0cf526a854a8440724a2838e1,b7faa5b885b41898600fc0346af01157dfe9859be4cad07caa2f46dabc3eb156,8,all_pair_lexicographic,0,50125654,300000,30.0,True,solved,0.08213570003863424,8,0,0,1536,562,421,4,8,0.00851800013333559,6dd7de846866f0a246b0ba90bd2e95862634d24526a7120336db49983a66132e,True
d16-c0-h4-s21864815,16,0,21864815,4,12,48ccfef7f142571e4f0b4c6aa4e6c66d012bb3d0cf526a854a8440724a2838e1,b7faa5b885b41898600fc0346af01157dfe9859be4cad07caa2f46dabc3eb156,8,all_pair_product,0,50125654,300000,30.0,True,solved,0.5699725999729708,108,100,100,14848,12904,1295,8,16,0.009517700062133372,6dd7de846866f0a246b0ba90bd2e95862634d24526a7120336db49983a66132e,True
d16-c0-h4-s21864815,16,0,21864815,4,12,48ccfef7f142571e4f0b4c6aa4e6c66d012bb3d0cf526a854a8440724a2838e1,b7faa5b885b41898600fc0346af01157dfe9859be4cad07caa2f46dabc3eb156,8,lexicographic,0,50125654,300000,30.0,True,solved,0.9458011999959126,228,220,220,29696,28722,421,4,0,0.0,6dd7de846866f0a246b0ba90bd2e95862634d24526a7120336db49983a66132e,True
d16-c0-h4-s21864815,16,0,21864815,4,12,48ccfef7f142571e4f0b4c6aa4e6c66d012bb3d0cf526a854a8440724a2838e1,b7faa5b885b41898600fc0346af01157dfe9859be4cad07caa2f46dabc3eb156,8,all_pair_lexicographic,1,60125673,300000,30.0,True,solved,0.07644870004151016,8,0,0,1536,562,421,4,8,0.009782899869605899,6dd7de846866f0a246b0ba90bd2e95862634d24526a7120336db49983a66132e,True
d16-c0-h4-s21864815,16,0,21864815,4,12,48ccfef7f142571e4f0b4c6aa4e6c66d012bb3d0cf526a854a8440724a2838e1,b7faa5b885b41898600fc0346af01157dfe9859be4cad07caa2f46dabc3eb156,8,all_pair_product,1,60125673,300000,30.0,True,solved,0.36825319996569306,64,56,56,8960,7501,852,6,12,0.008873799932189286,6dd7de846866f0a246b0ba90bd2e95862634d24526a7120336db49983a66132e,True
d16-c0-h4-s21864815,16,0,21864815,4,12,48ccfef7f142571e4f0b4c6aa4e6c66d012bb3d0cf526a854a8440724a2838e1,b7faa5b885b41898600fc0346af01157dfe9859be4cad07caa2f46dabc3eb156,8,lexicographic,1,60125673,300000,30.0,True,solved,0.9401906999992207,228,220,220,29696,28722,421,4,0,0.0,6dd7de846866f0a246b0ba90bd2e95862634d24526a7120336db49983a66132e,True
d16-c0-h4-s21864815,16,0,21864815,4,12,48ccfef7f142571e4f0b4c6aa4e6c66d012bb3d0cf526a854a8440724a2838e1,b7faa5b885b41898600fc0346af01157dfe9859be4cad07caa2f46dabc3eb156,8,all_pair_lexicographic,2,70125692,300000,30.0,True,solved,0.08868059993255883,8,0,0,1536,562,421,4,8,0.011674799956381321,6dd7de846866f0a246b0ba90bd2e95862634d24526a7120336db49983a66132e,True
d16-c0-h4-s21864815,16,0,21864815,4,12,48ccfef7f142571e4f0b4c6aa4e6c66d012bb3d0cf526a854a8440724a2838e1,b7faa5b885b41898600fc0346af01157dfe9859be4cad07caa2f46dabc3eb156,8,all_pair_product,2,70125692,300000,30.0,True,solved,0.18771379999816418,31,23,23,4608,3392,642,5,10,0.011506000184454024,6dd7de846866f0a246b0ba90bd2e95862634d24526a7120336db49983a66132e,True
d16-c0-h4-s21864815,16,0,21864815,4,12,48ccfef7f142571e4f0b4c6aa4e6c66d012bb3d0cf526a854a8440724a2838e1,b7faa5b885b41898600fc0346af01157dfe9859be4cad07caa2f46dabc3eb156,8,lexicographic,2,70125692,300000,30.0,True,solved,0.8004369999980554,228,220,220,29696,28722,421,4,0,0.0,6dd7de846866f0a246b0ba90bd2e95862634d24526a7120336db49983a66132e,True
d16-c0-h4-s21864820,16,0,21864820,4,12,279f8f1b875ff64dcb2ec4bf76d07539d96e4fc5c63370957309fb241375a880,8f160a4988c9624f5f0096407201ec2f44e819334693a230c6dc861476930929,8,all_pair_lexicographic,0,50125659,300000,30.0,True,solved,0.5289288000203669,128,120,120,17408,15462,1204,8,16,0.013354000053368509,5b1efb6e21da93242d34e92f1987936e865b38ed1181bfe45b8e0d9fa4bfb4b5,True
d16-c0-h4-s21864820,16,0,21864820,4,12,279f8f1b875ff64dcb2ec4bf76d07539d96e4fc5c63370957309fb241375a880,8f160a4988c9624f5f0096407201ec2f44e819334693a230c6dc861476930929,8,all_pair_product,0,50125659,300000,30.0,True,solved,1.1769366998923942,310,302,302,41472,38068,2483,14,28,0.01598689949605614,5b1efb6e21da93242d34e92f1987936e865b38ed1181bfe45b8e0d9fa4bfb4b5,True
d16-c0-h4-s21864820,16,0,21864820,4,12,279f8f1b875ff64dcb2ec4bf76d07539d96e4fc5c63370957309fb241375a880,8f160a4988c9624f5f0096407201ec2f44e819334693a230c6dc861476930929,8,lexicographic,0,50125659,300000,30.0,True,solved,0.9247109999414533,245,237,237,31872,30898,350,4,0,0.0,5b1efb6e21da93242d34e92f1987936e865b38ed1181bfe45b8e0d9fa4bfb4b5,True
d16-c0-h4-s21864820,16,0,21864820,4,12,279f8f1b875ff64dcb2ec4bf76d07539d96e4fc5c63370957309fb241375a880,8f160a4988c9624f5f0096407201ec2f44e819334693a230c6dc861476930929,8,all_pair_lexicographic,1,60125678,300000,30.0,True,solved,0.5108097000047565,128,120,120,17408,15462,1204,8,16,0.01288249995559454,5b1efb6e21da93242d34e92f1987936e865b38ed1181bfe45b8e0d9fa4bfb4b5,True
d16-c0-h4-s21864820,16,0,21864820,4,12,279f8f1b875ff64dcb2ec4bf76d07539d96e4fc5c63370957309fb241375a880,8f160a4988c9624f5f0096407201ec2f44e819334693a230c6dc861476930929,8,all_pair_product,1,60125678,300000,30.0,True,solved,0.51984339999035,128,120,120,17408,15462,1204,8,16,0.010813400382176042,5b1efb6e21da93242d34e92f1987936e865b38ed1181bfe45b8e0d9fa4bfb4b5,True
d16-c0-h4-s21864820,16,0,21864820,4,12,279f8f1b875ff64dcb2ec4bf76d07539d96e4fc5c63370957309fb241375a880,8f160a4988c9624f5f0096407201ec2f44e819334693a230c6dc861476930929,8,lexicographic,1,60125678,300000,30.0,True,solved,0.9402904000598937,245,237,237,31872,30898,350,4,0,0.0,5b1efb6e21da93242d34e92f1987936e865b38ed1181bfe45b8e0d9fa4bfb4b5,True
d16-c0-h4-s21864820,16,0,21864820,4,12,279f8f1b875ff64dcb2ec4bf76d07539d96e4fc5c63370957309fb241375a880,8f160a4988c9624f5f0096407201ec2f44e819334693a230c6dc861476930929,8,all_pair_lexicographic,2,70125697,300000,30.0,True,solved,0.5160798000870273,128,120,120,17408,15462,1204,8,16,0.015128900180570781,5b1efb6e21da93242d34e92f1987936e865b38ed1181bfe45b8e0d9fa4bfb4b5,True
d16-c0-h4-s21864820,16,0,21864820,4,12,279f8f1b875ff64dcb2ec4bf76d07539d96e4fc5c63370957309fb241375a880,8f160a4988c9624f5f0096407201ec2f44e819334693a230c6dc861476930929,8,all_pair_product,2,70125697,300000,30.0,True,solved,1.300271200016141,305,297,297,40704,37544,2243,13,26,0.01479619974270463,5b1efb6e21da93242d34e92f1987936e865b38ed1181bfe45b8e0d9fa4bfb4b5,True
d16-c0-h4-s21864820,16,0,21864820,4,12,279f8f1b875ff64dcb2ec4bf76d07539d96e4fc5c63370957309fb241375a880,8f160a4988c9624f5f0096407201ec2f44e819334693a230c6dc861476930929,8,lexicographic,2,70125697,300000,30.0,True,solved,0.9964353999821469,245,237,237,31872,30898,350,4,0,0.0,5b1efb6e21da93242d34e92f1987936e865b38ed1181bfe45b8e0d9fa4bfb4b5,True
d16-c0-h4-s21864825,16,0,21864825,4,12,1720dc67711775f03246413ecf8cc27bd997b4b1b6dc2bac0a3bed5433412d9b,0fa38bc2b9b01fdc50969b894800e8dd8c541110ccd84e442dd96e8b36765c3f,8,all_pair_lexicographic,0,50125664,300000,30.0,True,solved,0.13114680000580847,27,19,19,4096,2879,676,5,10,0.008063700166530907,35116649982b56c6482f98a9e79003951ef3aa315524f52990cb368a0d709495,True
d16-c0-h4-s21864825,16,0,21864825,4,12,1720dc67711775f03246413ecf8cc27bd997b4b1b6dc2bac0a3bed5433412d9b,0fa38bc2b9b01fdc50969b894800e8dd8c541110ccd84e442dd96e8b36765c3f,8,all_pair_product,0,50125664,300000,30.0,True,solved,0.5032479999354109,90,82,82,12416,10712,1101,7,14,0.011643100064247847,35116649982b56c6482f98a9e79003951ef3aa315524f52990cb368a0d709495,True
d16-c0-h4-s21864825,16,0,21864825,4,12,1720dc67711775f03246413ecf8cc27bd997b4b1b6dc2bac0a3bed5433412d9b,0fa38bc2b9b01fdc50969b894800e8dd8c541110ccd84e442dd96e8b36765c3f,8,lexicographic,0,50125664,300000,30.0,True,solved,0.714196200016886,231,223,223,30080,29106,451,4,0,0.0,35116649982b56c6482f98a9e79003951ef3aa315524f52990cb368a0d709495,True
d16-c0-h4-s21864825,16,0,21864825,4,12,1720dc67711775f03246413ecf8cc27bd997b4b1b6dc2bac0a3bed5433412d9b,0fa38bc2b9b01fdc50969b894800e8dd8c541110ccd84e442dd96e8b36765c3f,8,all_pair_lexicographic,1,60125683,300000,30.0,True,solved,0.14757229993119836,27,19,19,4096,2879,676,5,10,0.010948000010102987,35116649982b56c6482f98a9e79003951ef3aa315524f52990cb368a0d709495,True
d16-c0-h4-s21864825,16,0,21864825,4,12,1720dc67711775f03246413ecf8cc27bd997b4b1b6dc2bac0a3bed5433412d9b,0fa38bc2b9b01fdc50969b894800e8dd8c541110ccd84e442dd96e8b36765c3f,8,all_pair_product,1,60125683,300000,30.0,True,solved,0.13047630002256483,27,19,19,4096,2879,676,5,10,0.007377500063739717,35116649982b56c6482f98a9e79003951ef3aa315524f52990cb368a0d709495,True
d16-c0-h4-s21864825,16,0,21864825,4,12,1720dc67711775f03246413ecf8cc27bd997b4b1b6dc2bac0a3bed5433412d9b,0fa38bc2b9b01fdc50969b894800e8dd8c541110ccd84e442dd96e8b36765c3f,8,lexicographic,1,60125683,300000,30.0,True,solved,1.1344866000581533,231,223,223,30080,29106,451,4,0,0.0,35116649982b56c6482f98a9e79003951ef3aa315524f52990cb368a0d709495,True
d16-c0-h4-s21864825,16,0,21864825,4,12,1720dc67711775f03246413ecf8cc27bd997b4b1b6dc2bac0a3bed5433412d9b,0fa38bc2b9b01fdc50969b894800e8dd8c541110ccd84e442dd96e8b36765c3f,8,all_pair_lexicographic,2,70125702,300000,30.0,True,solved,0.13035629992373288,27,19,19,4096,2879,676,5,10,0.00787329999729991,35116649982b56c6482f98a9e79003951ef3aa315524f52990cb368a0d709495,True
d16-c0-h4-s21864825,16,0,21864825,4,12,1720dc67711775f03246413ecf8cc27bd997b4b1b6dc2bac0a3bed5433412d9b,0fa38bc2b9b01fdc50969b894800e8dd8c541110ccd84e442dd96e8b36765c3f,8,all_pair_product,2,70125702,300000,30.0,True,solved,0.5621887999586761,109,101,101,14976,13030,1325,8,16,0.010413600015453994,35116649982b56c6482f98a9e79003951ef3aa315524f52990cb368a0d709495,True
d16-c0-h4-s21864825,16,0,21864825,4,12,1720dc67711775f03246413ecf8cc27bd997b4b1b6dc2bac0a3bed5433412d9b,0fa38bc2b9b01fdc50969b894800e8dd8c541110ccd84e442dd96e8b36765c3f,8,lexicographic,2,70125702,300000,30.0,True,solved,0.7105805000755936,231,223,223,30080,29106,451,4,0,0.0,35116649982b56c6482f98a9e79003951ef3aa315524f52990cb368a0d709495,True
d16-c0-h4-s21864830,16,0,21864830,4,12,e1e6474b61ad373f5036bf07e60ff5f4726cab31c7cb18404a486d1ff286b7ee,9cc1b225f49851fe802c25a1a5e87b565a2c98747311010000dab53f64c02568,8,all_pair_lexicographic,0,50125669,300000,30.0,True,solved,3.159193400060758,845,837,837,109952,106547,1915,14,28,0.02969099977053702,4269b306a48da0d7da7624c9feeb5715b9a758d4960c836c5ef5876ab2950707,True
d16-c0-h4-s21864830,16,0,21864830,4,12,e1e6474b61ad373f5036bf07e60ff5f4726cab31c7cb18404a486d1ff286b7ee,9cc1b225f49851fe802c25a1a5e87b565a2c98747311010000dab53f64c02568,8,all_pair_product,0,50125669,300000,30.0,True,solved,3.36236209992785,904,896,896,117632,113985,2099,15,30,0.024089700425975025,4269b306a48da0d7da7624c9feeb5715b9a758d4960c836c5ef5876ab2950707,True
d16-c0-h4-s21864830,16,0,21864830,4,12,e1e6474b61ad373f5036bf07e60ff5f4726cab31c7cb18404a486d1ff286b7ee,9cc1b225f49851fe802c25a1a5e87b565a2c98747311010000dab53f64c02568,8,lexicographic,0,50125669,300000,30.0,True,solved,0.9029069999232888,191,183,183,24960,23986,315,4,0,0.0,4269b306a48da0d7da7624c9feeb5715b9a758d4960c836c5ef5876ab2950707,True
d16-c0-h4-s21864830,16,0,21864830,4,12,e1e6474b61ad373f5036bf07e60ff5f4726cab31c7cb18404a486d1ff286b7ee,9cc1b225f49851fe802c25a1a5e87b565a2c98747311010000dab53f64c02568,8,all_pair_lexicographic,1,60125688,300000,30.0,True,solved,3.1790613000048324,845,837,837,109952,106547,1915,14,28,0.02843759988900274,4269b306a48da0d7da7624c9feeb5715b9a758d4960c836c5ef5876ab2950707,True
d16-c0-h4-s21864830,16,0,21864830,4,12,e1e6474b61ad373f5036bf07e60ff5f4726cab31c7cb18404a486d1ff286b7ee,9cc1b225f49851fe802c25a1a5e87b565a2c98747311010000dab53f64c02568,8,all_pair_product,1,60125688,300000,30.0,True,solved,3.1662948000011966,845,837,837,109952,106547,1915,14,28,0.02382470015436411,4269b306a48da0d7da7624c9feeb5715b9a758d4960c836c5ef5876ab2950707,True
d16-c0-h4-s21864830,16,0,21864830,4,12,e1e6474b61ad373f5036bf07e60ff5f4726cab31c7cb18404a486d1ff286b7ee,9cc1b225f49851fe802c25a1a5e87b565a2c98747311010000dab53f64c02568,8,lexicographic,1,60125688,300000,30.0,True,solved,0.6190691000083461,191,183,183,24960,23986,315,4,0,0.0,4269b306a48da0d7da7624c9feeb5715b9a758d4960c836c5ef5876ab2950707,True
d16-c0-h4-s21864830,16,0,21864830,4,12,e1e6474b61ad373f5036bf07e60ff5f4726cab31c7cb18404a486d1ff286b7ee,9cc1b225f49851fe802c25a1a5e87b565a2c98747311010000dab53f64c02568,8,all_pair_lexicographic,2,70125707,300000,30.0,True,solved,3.2985990999732167,845,837,837,109952,106547,1915,14,28,0.028926099999807775,4269b306a48da0d7da7624c9feeb5715b9a758d4960c836c5ef5876ab2950707,True
d16-c0-h4-s21864830,16,0,21864830,4,12,e1e6474b61ad373f5036bf07e60ff5f4726cab31c7cb18404a486d1ff286b7ee,9cc1b225f49851fe802c25a1a5e87b565a2c98747311010000dab53f64c02568,8,all_pair_product,2,70125707,300000,30.0,True,solved,3.2155748000368476,845,837,837,109952,106547,1915,14,28,0.021354200085625052,4269b306a48da0d7da7624c9feeb5715b9a758d4960c836c5ef5876ab2950707,True
d16-c0-h4-s21864830,16,0,21864830,4,12,e1e6474b61ad373f5036bf07e60ff5f4726cab31c7cb18404a486d1ff286b7ee,9cc1b225f49851fe802c25a1a5e87b565a2c98747311010000dab53f64c02568,8,lexicographic,2,70125707,300000,30.0,True,solved,0.6470149999950081,191,183,183,24960,23986,315,4,0,0.0,4269b306a48da0d7da7624c9feeb5715b9a758d4960c836c5ef5876ab2950707,True
d16-c1-h4-s21864816,16,1,21864816,4,12,634b1b2d54c4314ea39c7f51035ef005ae6a2fbacd689a5ede8702bd536cd5a6,f20b8509c9a648539b7301c2dfe55da4a46ec7a87477aeb9933a9e6583ce3c12,8,all_pair_lexicographic,0,50125655,300000,30.0,True,solved,2.497619800036773,584,576,576,76544,73139,2174,14,28,0.028546800022013485,f20b8509c9a648539b7301c2dfe55da4a46ec7a87477aeb9933a9e6583ce3c12,True
d16-c1-h4-s21864816,16,1,21864816,4,12,634b1b2d54c4314ea39c7f51035ef005ae6a2fbacd689a5ede8702bd536cd5a6,f20b8509c9a648539b7301c2dfe55da4a46ec7a87477aeb9933a9e6583ce3c12,8,all_pair_product,0,50125655,300000,30.0,True,solved,2.6895625999895856,584,576,576,76544,73139,2174,14,28,0.02111000008881092,f20b8509c9a648539b7301c2dfe55da4a46ec7a87477aeb9933a9e6583ce3c12,True
d16-c1-h4-s21864816,16,1,21864816,4,12,634b1b2d54c4314ea39c7f51035ef005ae6a2fbacd689a5ede8702bd536cd5a6,f20b8509c9a648539b7301c2dfe55da4a46ec7a87477aeb9933a9e6583ce3c12,8,lexicographic,0,50125655,300000,30.0,True,solved,0.9486639999086037,205,197,197,26752,25778,310,4,0,0.0,f20b8509c9a648539b7301c2dfe55da4a46ec7a87477aeb9933a9e6583ce3c12,True
d16-c1-h4-s21864816,16,1,21864816,4,12,634b1b2d54c4314ea39c7f51035ef005ae6a2fbacd689a5ede8702bd536cd5a6,f20b8509c9a648539b7301c2dfe55da4a46ec7a87477aeb9933a9e6583ce3c12,8,all_pair_lexicographic,1,60125674,300000,30.0,True,solved,2.486957099987194,584,576,576,76544,73139,2174,14,28,0.028137399815022945,f20b8509c9a648539b7301c2dfe55da4a46ec7a87477aeb9933a9e6583ce3c12,True
d16-c1-h4-s21864816,16,1,21864816,4,12,634b1b2d54c4314ea39c7f51035ef005ae6a2fbacd689a5ede8702bd536cd5a6,f20b8509c9a648539b7301c2dfe55da4a46ec7a87477aeb9933a9e6583ce3c12,8,all_pair_product,1,60125674,300000,30.0,True,solved,2.3530775000108406,584,576,576,76544,73139,2174,14,28,0.022912099841050804,f20b8509c9a648539b7301c2dfe55da4a46ec7a87477aeb9933a9e6583ce3c12,True
d16-c1-h4-s21864816,16,1,21864816,4,12,634b1b2d54c4314ea39c7f51035ef005ae6a2fbacd689a5ede8702bd536cd5a6,f20b8509c9a648539b7301c2dfe55da4a46ec7a87477aeb9933a9e6583ce3c12,8,lexicographic,1,60125674,300000,30.0,True,solved,0.7968301000073552,205,197,197,26752,25778,310,4,0,0.0,f20b8509c9a648539b7301c2dfe55da4a46ec7a87477aeb9933a9e6583ce3c12,True
d16-c1-h4-s21864816,16,1,21864816,4,12,634b1b2d54c4314ea39c7f51035ef005ae6a2fbacd689a5ede8702bd536cd5a6,f20b8509c9a648539b7301c2dfe55da4a46ec7a87477aeb9933a9e6583ce3c12,8,all_pair_lexicographic,2,70125693,300000,30.0,True,solved,2.303920100093819,584,576,576,76544,73139,2174,14,28,0.029003200004808605,f20b8509c9a648539b7301c2dfe55da4a46ec7a87477aeb9933a9e6583ce3c12,True
d16-c1-h4-s21864816,16,1,21864816,4,12,634b1b2d54c4314ea39c7f51035ef005ae6a2fbacd689a5ede8702bd536cd5a6,f20b8509c9a648539b7301c2dfe55da4a46ec7a87477aeb9933a9e6583ce3c12,8,all_pair_product,2,70125693,300000,30.0,True,solved,2.373263799934648,584,576,576,76544,73139,2174,14,28,0.019286199938505888,f20b8509c9a648539b7301c2dfe55da4a46ec7a87477aeb9933a9e6583ce3c12,True
d16-c1-h4-s21864816,16,1,21864816,4,12,634b1b2d54c4314ea39c7f51035ef005ae6a2fbacd689a5ede8702bd536cd5a6,f20b8509c9a648539b7301c2dfe55da4a46ec7a87477aeb9933a9e6583ce3c12,8,lexicographic,2,70125693,300000,30.0,True,solved,0.8119992000283673,205,197,197,26752,25778,310,4,0,0.0,f20b8509c9a648539b7301c2dfe55da4a46ec7a87477aeb9933a9e6583ce3c12,True
d16-c1-h4-s21864821,16,1,21864821,4,12,6d7c4c86970ff17df6ea8e5664189e903e554043b2489990e44f6d3542bba488,2de2b98fd49543c5dce56b54c7dc3c9d436192a068285063ed012cf4090e77c9,8,all_pair_lexicographic,0,50125660,300000,30.0,True,solved,0.36446269997395575,89,81,81,12160,10701,846,6,12,0.01109859999269247,67c3cd58bfc9322644d06660d8f5bf208273d3de035068dad1fac71b5a15d4e3,True
d16-c1-h4-s21864821,16,1,21864821,4,12,6d7c4c86970ff17df6ea8e5664189e903e554043b2489990e44f6d3542bba488,2de2b98fd49543c5dce56b54c7dc3c9d436192a068285063ed012cf4090e77c9,8,all_pair_product,0,50125660,300000,30.0,True,solved,0.37465919996611774,89,81,81,12160,10701,846,6,12,0.010726100183092058,67c3cd58bfc9322644d06660d8f5bf208273d3de035068dad1fac71b5a15d4e3,True
d16-c1-h4-s21864821,16,1,21864821,4,12,6d7c4c86970ff17df6ea8e5664189e903e554043b2489990e44f6d3542bba488,2de2b98fd49543c5dce56b54c7dc3c9d436192a068285063ed012cf4090e77c9,8,lexicographic,0,50125660,300000,30.0,True,solved,0.7659229999408126,222,214,214,28928,27954,432,4,0,0.0,67c3cd58bfc9322644d06660d8f5bf208273d3de035068dad1fac71b5a15d4e3,True
d16-c1-h4-s21864821,16,1,21864821,4,12,6d7c4c86970ff17df6ea8e5664189e903e554043b2489990e44f6d3542bba488,2de2b98fd49543c5dce56b54c7dc3c9d436192a068285063ed012cf4090e77c9,8,all_pair_lexicographic,1,60125679,300000,30.0,True,solved,0.4301078000571579,89,81,81,12160,10701,846,6,12,0.010780399898067117,67c3cd58bfc9322644d06660d8f5bf208273d3de035068dad1fac71b5a15d4e3,True
d16-c1-h4-s21864821,16,1,21864821,4,12,6d7c4c86970ff17df6ea8e5664189e903e554043b2489990e44f6d3542bba488,2de2b98fd49543c5dce56b54c7dc3c9d436192a068285063ed012cf4090e77c9,8,all_pair_product,1,60125679,300000,30.0,True,solved,0.7796701000770554,189,181,181,25344,23155,1478,9,18,0.012539799674414098,67c3cd58bfc9322644d06660d8f5bf208273d3de035068dad1fac71b5a15d4e3,True
d16-c1-h4-s21864821,16,1,21864821,4,12,6d7c4c86970ff17df6ea8e5664189e903e554043b2489990e44f6d3542bba488,2de2b98fd49543c5dce56b54c7dc3c9d436192a068285063ed012cf4090e77c9,8,lexicographic,1,60125679,300000,30.0,True,solved,0.8386241999687627,222,214,214,28928,27954,432,4,0,0.0,67c3cd58bfc9322644d06660d8f5bf208273d3de035068dad1fac71b5a15d4e3,True
d16-c1-h4-s21864821,16,1,21864821,4,12,6d7c4c86970ff17df6ea8e5664189e903e554043b2489990e44f6d3542bba488,2de2b98fd49543c5dce56b54c7dc3c9d436192a068285063ed012cf4090e77c9,8,all_pair_lexicographic,2,70125698,300000,30.0,True,solved,0.38096380000934005,89,81,81,12160,10701,846,6,12,0.009984400006942451,67c3cd58bfc9322644d06660d8f5bf208273d3de035068dad1fac71b5a15d4e3,True
d16-c1-h4-s21864821,16,1,21864821,4,12,6d7c4c86970ff17df6ea8e5664189e903e554043b2489990e44f6d3542bba488,2de2b98fd49543c5dce56b54c7dc3c9d436192a068285063ed012cf4090e77c9,8,all_pair_product,2,70125698,300000,30.0,True,solved,0.6998611999442801,161,153,153,21632,19686,1262,8,16,0.01052400004118681,67c3cd58bfc9322644d06660d8f5bf208273d3de035068dad1fac71b5a15d4e3,True
d16-c1-h4-s21864821,16,1,21864821,4,12,6d7c4c86970ff17df6ea8e5664189e903e554043b2489990e44f6d3542bba488,2de2b98fd49543c5dce56b54c7dc3c9d436192a068285063ed012cf4090e77c9,8,lexicographic,2,70125698,300000,30.0,True,solved,0.936149499961175,222,214,214,28928,27954,432,4,0,0.0,67c3cd58bfc9322644d06660d8f5bf208273d3de035068dad1fac71b5a15d4e3,True
d16-c1-h4-s21864826,16,1,21864826,4,12,038118b91a0a99b504dc3ce8b2d5e11321c5e585ac1e30fda8e8d724594728d8,9f2fcca5653b2d50d526f13a13742177e4ee110f7d4bcca10ad2726d93dd0d31,8,all_pair_lexicographic,0,50125665,300000,30.0,True,solved,2.8955171999987215,708,700,700,92032,89357,1312,11,22,0.02456270018592477,4e6a291239b698eebe6f63333a05c599955de45b09886a72a0baf14ae803d292,True
d16-c1-h4-s21864826,16,1,21864826,4,12,038118b91a0a99b504dc3ce8b2d5e11321c5e585ac1e30fda8e8d724594728d8,9f2fcca5653b2d50d526f13a13742177e4ee110f7d4bcca10ad2726d93dd0d31,8,all_pair_product,0,50125665,300000,30.0,True,solved,2.485159800038673,708,700,700,92032,89357,1312,11,22,0.02529720007441938,4e6a291239b698eebe6f63333a05c599955de45b09886a72a0baf14ae803d292,True
d16-c1-h4-s21864826,16,1,21864826,4,12,038118b91a0a99b504dc3ce8b2d5e11321c5e585ac1e30fda8e8d724594728d8,9f2fcca5653b2d50d526f13a13742177e4ee110f7d4bcca10ad2726d93dd0d31,8,lexicographic,0,50125665,300000,30.0,True,solved,0.48997089988552034,158,150,150,20736,19762,303,4,0,0.0,4e6a291239b698eebe6f63333a05c599955de45b09886a72a0baf14ae803d292,True
d16-c1-h4-s21864826,16,1,21864826,4,12,038118b91a0a99b504dc3ce8b2d5e11321c5e585ac1e30fda8e8d724594728d8,9f2fcca5653b2d50d526f13a13742177e4ee110f7d4bcca10ad2726d93dd0d31,8,all_pair_lexicographic,1,60125684,300000,30.0,True,solved,2.3292775000445545,708,700,700,92032,89357,1312,11,22,0.021511700004339218,4e6a291239b698eebe6f63333a05c599955de45b09886a72a0baf14ae803d292,True
d16-c1-h4-s21864826,16,1,21864826,4,12,038118b91a0a99b504dc3ce8b2d5e11321c5e585ac1e30fda8e8d724594728d8,9f2fcca5653b2d50d526f13a13742177e4ee110f7d4bcca10ad2726d93dd0d31,8,all_pair_product,1,60125684,300000,30.0,True,solved,2.778732700040564,708,700,700,92032,89357,1312,11,22,0.02661099995020777,4e6a291239b698eebe6f63333a05c599955de45b09886a72a0baf14ae803d292,True
d16-c1-h4-s21864826,16,1,21864826,4,12,038118b91a0a99b504dc3ce8b2d5e11321c5e585ac1e30fda8e8d724594728d8,9f2fcca5653b2d50d526f13a13742177e4ee110f7d4bcca10ad2726d93dd0d31,8,lexicographic,1,60125684,300000,30.0,True,solved,0.7286542999790981,158,150,150,20736,19762,303,4,0,0.0,4e6a291239b698eebe6f63333a05c599955de45b09886a72a0baf14ae803d292,True
d16-c1-h4-s21864826,16,1,21864826,4,12,038118b91a0a99b504dc3ce8b2d5e11321c5e585ac1e30fda8e8d724594728d8,9f2fcca5653b2d50d526f13a13742177e4ee110f7d4bcca10ad2726d93dd0d31,8,all_pair_lexicographic,2,70125703,300000,30.0,True,solved,2.4575027000391856,708,700,700,92032,89357,1312,11,22,0.02277260005939752,4e6a291239b698eebe6f63333a05c599955de45b09886a72a0baf14ae803d292,True
d16-c1-h4-s21864826,16,1,21864826,4,12,038118b91a0a99b504dc3ce8b2d5e11321c5e585ac1e30fda8e8d724594728d8,9f2fcca5653b2d50d526f13a13742177e4ee110f7d4bcca10ad2726d93dd0d31,8,all_pair_product,2,70125703,300000,30.0,True,solved,2.872267800034024,708,700,700,92032,89357,1312,11,22,0.02582930016797036,4e6a291239b698eebe6f63333a05c599955de45b09886a72a0baf14ae803d292,True
d16-c1-h4-s21864826,16,1,21864826,4,12,038118b91a0a99b504dc3ce8b2d5e11321c5e585ac1e30fda8e8d724594728d8,9f2fcca5653b2d50d526f13a13742177e4ee110f7d4bcca10ad2726d93dd0d31,8,lexicographic,2,70125703,300000,30.0,True,solved,0.5035844000522047,158,150,150,20736,19762,303,4,0,0.0,4e6a291239b698eebe6f63333a05c599955de45b09886a72a0baf14ae803d292,True
d16-c1-h4-s21864831,16,1,21864831,4,12,208b049ebc3b79901120a9c7d7075784c252e3da4fc24963d8961a16b93071e3,f931a559946ee7f94f53411aec68a8df6e8eaec0d39ace2c712657b933e51db9,8,all_pair_lexicographic,0,50125670,300000,30.0,True,solved,1.4794851000187919,385,377,377,50560,48127,1383,10,20,0.017023500055074692,86400baaee9f2cd36a63f85eb775c26269c9230150580d032168c321885f6c0c,True
d16-c1-h4-s21864831,16,1,21864831,4,12,208b049ebc3b79901120a9c7d7075784c252e3da4fc24963d8961a16b93071e3,f931a559946ee7f94f53411aec68a8df6e8eaec0d39ace2c712657b933e51db9,8,all_pair_product,0,50125670,300000,30.0,True,solved,1.6043046000413597,411,403,403,54016,51341,1600,11,22,0.02245720021892339,86400baaee9f2cd36a63f85eb775c26269c9230150580d032168c321885f6c0c,True
d16-c1-h4-s21864831,16,1,21864831,4,12,208b049ebc3b79901120a9c7d7075784c252e3da4fc24963d8961a16b93071e3,f931a559946ee7f94f53411aec68a8df6e8eaec0d39ace2c712657b933e51db9,8,lexicographic,0,50125670,300000,30.0,True,solved,0.9308611999731511,224,216,216,29184,28210,293,4,0,0.0,86400baaee9f2cd36a63f85eb775c26269c9230150580d032168c321885f6c0c,True
d16-c1-h4-s21864831,16,1,21864831,4,12,208b049ebc3b79901120a9c7d7075784c252e3da4fc24963d8961a16b93071e3,f931a559946ee7f94f53411aec68a8df6e8eaec0d39ace2c712657b933e51db9,8,all_pair_lexicographic,1,60125689,300000,30.0,True,solved,1.6075538999866694,385,377,377,50560,48127,1383,10,20,0.018705999944359064,86400baaee9f2cd36a63f85eb775c26269c9230150580d032168c321885f6c0c,True
d16-c1-h4-s21864831,16,1,21864831,4,12,208b049ebc3b79901120a9c7d7075784c252e3da4fc24963d8961a16b93071e3,f931a559946ee7f94f53411aec68a8df6e8eaec0d39ace2c712657b933e51db9,8,all_pair_product,1,60125689,300000,30.0,True,solved,1.556226299959235,385,377,377,50560,48127,1383,10,20,0.021567299962043762,86400baaee9f2cd36a63f85eb775c26269c9230150580d032168c321885f6c0c,True
d16-c1-h4-s21864831,16,1,21864831,4,12,208b049ebc3b79901120a9c7d7075784c252e3da4fc24963d8961a16b93071e3,f931a559946ee7f94f53411aec68a8df6e8eaec0d39ace2c712657b933e51db9,8,lexicographic,1,60125689,300000,30.0,True,solved,0.7947282999521121,224,216,216,29184,28210,293,4,0,0.0,86400baaee9f2cd36a63f85eb775c26269c9230150580d032168c321885f6c0c,True
d16-c1-h4-s21864831,16,1,21864831,4,12,208b049ebc3b79901120a9c7d7075784c252e3da4fc24963d8961a16b93071e3,f931a559946ee7f94f53411aec68a8df6e8eaec0d39ace2c712657b933e51db9,8,all_pair_lexicographic,2,70125708,300000,30.0,True,solved,1.8977115000598133,385,377,377,50560,48127,1383,10,20,0.027203700388781726,86400baaee9f2cd36a63f85eb775c26269c9230150580d032168c321885f6c0c,True
d16-c1-h4-s21864831,16,1,21864831,4,12,208b049ebc3b79901120a9c7d7075784c252e3da4fc24963d8961a16b93071e3,f931a559946ee7f94f53411aec68a8df6e8eaec0d39ace2c712657b933e51db9,8,all_pair_product,2,70125708,300000,30.0,True,solved,1.31588509993162,385,377,377,50560,48127,1383,10,20,0.014962399960495532,86400baaee9f2cd36a63f85eb775c26269c9230150580d032168c321885f6c0c,True
d16-c1-h4-s21864831,16,1,21864831,4,12,208b049ebc3b79901120a9c7d7075784c252e3da4fc24963d8961a16b93071e3,f931a559946ee7f94f53411aec68a8df6e8eaec0d39ace2c712657b933e51db9,8,lexicographic,2,70125708,300000,30.0,True,solved,0.9965238999575377,224,216,216,29184,28210,293,4,0,0.0,86400baaee9f2cd36a63f85eb775c26269c9230150580d032168c321885f6c0c,True
d16-c2-h4-s21864817,16,2,21864817,4,12,1f0fad482681da78b4bb128ffc8e315b5a3c3a91b504adceabdf9481ba8971d7,843ba0af4b6bb5c548b0225ed3da86b94527b40d8b4a48ffe465506ab4457dbe,8,all_pair_lexicographic,0,50125656,300000,30.0,True,solved,0.8054137999424711,178,170,170,23808,21862,1223,8,16,0.013431299710646272,508fef64c77842ba7a6d9fa657c77b32ad32ff01edf24d538dc0cf1a38972361,True
d16-c2-h4-s21864817,16,2,21864817,4,12,1f0fad482681da78b4bb128ffc8e315b5a3c3a91b504adceabdf9481ba8971d7,843ba0af4b6bb5c548b0225ed3da86b94527b40d8b4a48ffe465506ab4457dbe,8,all_pair_product,0,50125656,300000,30.0,True,solved,0.7554873999906704,187,179,179,25088,22900,1457,9,18,0.010631999932229519,508fef64c77842ba7a6d9fa657c77b32ad32ff01edf24d538dc0cf1a38972361,True
d16-c2-h4-s21864817,16,2,21864817,4,12,1f0fad482681da78b4bb128ffc8e315b5a3c3a91b504adceabdf9481ba8971d7,843ba0af4b6bb5c548b0225ed3da86b94527b40d8b4a48ffe465506ab4457dbe,8,lexicographic,0,50125656,300000,30.0,True,solved,0.7980924999574199,241,233,233,31360,30386,420,4,0,0.0,508fef64c77842ba7a6d9fa657c77b32ad32ff01edf24d538dc0cf1a38972361,True
d16-c2-h4-s21864817,16,2,21864817,4,12,1f0fad482681da78b4bb128ffc8e315b5a3c3a91b504adceabdf9481ba8971d7,843ba0af4b6bb5c548b0225ed3da86b94527b40d8b4a48ffe465506ab4457dbe,8,all_pair_lexicographic,1,60125675,300000,30.0,True,solved,0.711993100005202,178,170,170,23808,21862,1223,8,16,0.013830300071276724,508fef64c77842ba7a6d9fa657c77b32ad32ff01edf24d538dc0cf1a38972361,True
d16-c2-h4-s21864817,16,2,21864817,4,12,1f0fad482681da78b4bb128ffc8e315b5a3c3a91b504adceabdf9481ba8971d7,843ba0af4b6bb5c548b0225ed3da86b94527b40d8b4a48ffe465506ab4457dbe,8,all_pair_product,1,60125675,300000,30.0,True,solved,0.9023843000177294,231,223,223,30848,28415,1658,10,20,0.012018799781799316,508fef64c77842ba7a6d9fa657c77b32ad32ff01edf24d538dc0cf1a38972361,True
d16-c2-h4-s21864817,16,2,21864817,4,12,1f0fad482681da78b4bb128ffc8e315b5a3c3a91b504adceabdf9481ba8971d7,843ba0af4b6bb5c548b0225ed3da86b94527b40d8b4a48ffe465506ab4457dbe,8,lexicographic,1,60125675,300000,30.0,True,solved,0.9219415999250486,241,233,233,31360,30386,420,4,0,0.0,508fef64c77842ba7a6d9fa657c77b32ad32ff01edf24d538dc0cf1a38972361,True
d16-c2-h4-s21864817,16,2,21864817,4,12,1f0fad482681da78b4bb128ffc8e315b5a3c3a91b504adceabdf9481ba8971d7,843ba0af4b6bb5c548b0225ed3da86b94527b40d8b4a48ffe465506ab4457dbe,8,all_pair_lexicographic,2,70125694,300000,30.0,True,solved,0.788537299958989,178,170,170,23808,21862,1223,8,16,0.015078999917022884,508fef64c77842ba7a6d9fa657c77b32ad32ff01edf24d538dc0cf1a38972361,True
d16-c2-h4-s21864817,16,2,21864817,4,12,1f0fad482681da78b4bb128ffc8e315b5a3c3a91b504adceabdf9481ba8971d7,843ba0af4b6bb5c548b0225ed3da86b94527b40d8b4a48ffe465506ab4457dbe,8,all_pair_product,2,70125694,300000,30.0,True,solved,0.7725077000213787,187,179,179,25088,22900,1457,9,18,0.012977800099179149,508fef64c77842ba7a6d9fa657c77b32ad32ff01edf24d538dc0cf1a38972361,True
d16-c2-h4-s21864817,16,2,21864817,4,12,1f0fad482681da78b4bb128ffc8e315b5a3c3a91b504adceabdf9481ba8971d7,843ba0af4b6bb5c548b0225ed3da86b94527b40d8b4a48ffe465506ab4457dbe,8,lexicographic,2,70125694,300000,30.0,True,solved,0.8680559999775141,241,233,233,31360,30386,420,4,0,0.0,508fef64c77842ba7a6d9fa657c77b32ad32ff01edf24d538dc0cf1a38972361,True
d16-c2-h4-s21864822,16,2,21864822,4,12,2d68077c179563059d8cc899d149cdc4d079bb669772d6adaf503687f662487d,fcbf8c03bdfa0b8fe1a99dfd6cc0b22336eb23fa4915aa0108a096aae77e181b,8,all_pair_lexicographic,0,50125661,300000,30.0,True,solved,0.2623551998985931,54,46,46,7680,6221,885,6,12,0.009240999934263527,8acf3e7efb59162015f5cff77299d56da09c1f58e719afa2cbb5333737eac2f4,True
d16-c2-h4-s21864822,16,2,21864822,4,12,2d68077c179563059d8cc899d149cdc4d079bb669772d6adaf503687f662487d,fcbf8c03bdfa0b8fe1a99dfd6cc0b22336eb23fa4915aa0108a096aae77e181b,8,all_pair_product,0,50125661,300000,30.0,True,solved,0.264554199995473,54,46,46,7680,6221,885,6,12,0.00855340005364269,8acf3e7efb59162015f5cff77299d56da09c1f58e719afa2cbb5333737eac2f4,True
d16-c2-h4-s21864822,16,2,21864822,4,12,2d68077c179563059d8cc899d149cdc4d079bb669772d6adaf503687f662487d,fcbf8c03bdfa0b8fe1a99dfd6cc0b22336eb23fa4915aa0108a096aae77e181b,8,lexicographic,0,50125661,300000,30.0,True,solved,0.7843202999792993,227,219,219,29568,28594,444,4,0,0.0,8acf3e7efb59162015f5cff77299d56da09c1f58e719afa2cbb5333737eac2f4,True
d16-c2-h4-s21864822,16,2,21864822,4,12,2d68077c179563059d8cc899d149cdc4d079bb669772d6adaf503687f662487d,fcbf8c03bdfa0b8fe1a99dfd6cc0b22336eb23fa4915aa0108a096aae77e181b,8,all_pair_lexicographic,1,60125680,300000,30.0,True,solved,0.2606984000885859,54,46,46,7680,6221,885,6,12,0.00846780021674931,8acf3e7efb59162015f5cff77299d56da09c1f58e719afa2cbb5333737eac2f4,True
d16-c2-h4-s21864822,16,2,21864822,4,12,2d68077c179563059d8cc899d149cdc4d079bb669772d6adaf503687f662487d,fcbf8c03bdfa0b8fe1a99dfd6cc0b22336eb23fa4915aa0108a096aae77e181b,8,all_pair_product,1,60125680,300000,30.0,True,solved,0.2313328000018373,54,46,46,7680,6221,885,6,12,0.007651299703866243,8acf3e7efb59162015f5cff77299d56da09c1f58e719afa2cbb5333737eac2f4,True
d16-c2-h4-s21864822,16,2,21864822,4,12,2d68077c179563059d8cc899d149cdc4d079bb669772d6adaf503687f662487d,fcbf8c03bdfa0b8fe1a99dfd6cc0b22336eb23fa4915aa0108a096aae77e181b,8,lexicographic,1,60125680,300000,30.0,True,solved,0.9619532999349758,227,219,219,29568,28594,444,4,0,0.0,8acf3e7efb59162015f5cff77299d56da09c1f58e719afa2cbb5333737eac2f4,True
d16-c2-h4-s21864822,16,2,21864822,4,12,2d68077c179563059d8cc899d149cdc4d079bb669772d6adaf503687f662487d,fcbf8c03bdfa0b8fe1a99dfd6cc0b22336eb23fa4915aa0108a096aae77e181b,8,all_pair_lexicographic,2,70125699,300000,30.0,True,solved,0.23657479998655617,54,46,46,7680,6221,885,6,12,0.008848899975419044,8acf3e7efb59162015f5cff77299d56da09c1f58e719afa2cbb5333737eac2f4,True
d16-c2-h4-s21864822,16,2,21864822,4,12,2d68077c179563059d8cc899d149cdc4d079bb669772d6adaf503687f662487d,fcbf8c03bdfa0b8fe1a99dfd6cc0b22336eb23fa4915aa0108a096aae77e181b,8,all_pair_product,2,70125699,300000,30.0,True,solved,0.23950209992472082,54,46,46,7680,6221,885,6,12,0.007775300065986812,8acf3e7efb59162015f5cff77299d56da09c1f58e719afa2cbb5333737eac2f4,True
d16-c2-h4-s21864822,16,2,21864822,4,12,2d68077c179563059d8cc899d149cdc4d079bb669772d6adaf503687f662487d,fcbf8c03bdfa0b8fe1a99dfd6cc0b22336eb23fa4915aa0108a096aae77e181b,8,lexicographic,2,70125699,300000,30.0,True,solved,0.8493962000356987,227,219,219,29568,28594,444,4,0,0.0,8acf3e7efb59162015f5cff77299d56da09c1f58e719afa2cbb5333737eac2f4,True
d16-c2-h4-s21864827,16,2,21864827,4,12,d16b9b0c75860750fc687051e53079a4c1cef2fd5df7930f2d08c2775ed410c2,f357c427aca928e5c217709a93920647bbafe7d6328e4aacc8c88276d0c3def5,8,all_pair_lexicographic,0,50125666,300000,30.0,True,solved,0.3768837000243366,46,38,38,6656,5195,685,6,12,0.021007800241932273,fa09b3e2bd1ba40e5f66143bc55b0db2d46e568f2c4461310e44244c188ed6de,True
d16-c2-h4-s21864827,16,2,21864827,4,12,d16b9b0c75860750fc687051e53079a4c1cef2fd5df7930f2d08c2775ed410c2,f357c427aca928e5c217709a93920647bbafe7d6328e4aacc8c88276d0c3def5,8,all_pair_product,0,50125666,300000,30.0,True,solved,0.30881120008416474,64,56,56,9088,7385,910,7,14,0.012716000084765255,fa09b3e2bd1ba40e5f66143bc55b0db2d46e568f2c4461310e44244c188ed6de,True
d16-c2-h4-s21864827,16,2,21864827,4,12,d16b9b0c75860750fc687051e53079a4c1cef2fd5df7930f2d08c2775ed410c2,f357c427aca928e5c217709a93920647bbafe7d6328e4aacc8c88276d0c3def5,8,lexicographic,0,50125666,300000,30.0,True,solved,0.7812107999343425,232,224,224,30208,29234,232,4,0,0.0,fa09b3e2bd1ba40e5f66143bc55b0db2d46e568f2c4461310e44244c188ed6de,True
d16-c2-h4-s21864827,16,2,21864827,4,12,d16b9b0c75860750fc687051e53079a4c1cef2fd5df7930f2d08c2775ed410c2,f357c427aca928e5c217709a93920647bbafe7d6328e4aacc8c88276d0c3def5,8,all_pair_lexicographic,1,60125685,300000,30.0,True,solved,0.20713930006604642,46,38,38,6656,5195,685,6,12,0.012162099941633642,fa09b3e2bd1ba40e5f66143bc55b0db2d46e568f2c4461310e44244c188ed6de,True
d16-c2-h4-s21864827,16,2,21864827,4,12,d16b9b0c75860750fc687051e53079a4c1cef2fd5df7930f2d08c2775ed410c2,f357c427aca928e5c217709a93920647bbafe7d6328e4aacc8c88276d0c3def5,8,all_pair_product,1,60125685,300000,30.0,True,solved,0.2885742000071332,64,56,56,9088,7385,910,7,14,0.012270400184206665,fa09b3e2bd1ba40e5f66143bc55b0db2d46e568f2c4461310e44244c188ed6de,True
d16-c2-h4-s21864827,16,2,21864827,4,12,d16b9b0c75860750fc687051e53079a4c1cef2fd5df7930f2d08c2775ed410c2,f357c427aca928e5c217709a93920647bbafe7d6328e4aacc8c88276d0c3def5,8,lexicographic,1,60125685,300000,30.0,True,solved,1.2870621999027207,232,224,224,30208,29234,232,4,0,0.0,fa09b3e2bd1ba40e5f66143bc55b0db2d46e568f2c4461310e44244c188ed6de,True
d16-c2-h4-s21864827,16,2,21864827,4,12,d16b9b0c75860750fc687051e53079a4c1cef2fd5df7930f2d08c2775ed410c2,f357c427aca928e5c217709a93920647bbafe7d6328e4aacc8c88276d0c3def5,8,all_pair_lexicographic,2,70125704,300000,30.0,True,solved,0.20510760007891804,46,38,38,6656,5195,685,6,12,0.011753300204873085,fa09b3e2bd1ba40e5f66143bc55b0db2d46e568f2c4461310e44244c188ed6de,True
d16-c2-h4-s21864827,16,2,21864827,4,12,d16b9b0c75860750fc687051e53079a4c1cef2fd5df7930f2d08c2775ed410c2,f357c427aca928e5c217709a93920647bbafe7d6328e4aacc8c88276d0c3def5,8,all_pair_product,2,70125704,300000,30.0,True,solved,0.20179079996887594,46,38,38,6656,5195,685,6,12,0.010929599986411631,fa09b3e2bd1ba40e5f66143bc55b0db2d46e568f2c4461310e44244c188ed6de,True
d16-c2-h4-s21864827,16,2,21864827,4,12,d16b9b0c75860750fc687051e53079a4c1cef2fd5df7930f2d08c2775ed410c2,f357c427aca928e5c217709a93920647bbafe7d6328e4aacc8c88276d0c3def5,8,lexicographic,2,70125704,300000,30.0,True,solved,0.7761611000169069,232,224,224,30208,29234,232,4,0,0.0,fa09b3e2bd1ba40e5f66143bc55b0db2d46e568f2c4461310e44244c188ed6de,True
d16-c2-h4-s21864832,16,2,21864832,4,12,9ea5535967267b4161891e7328b1a0b2f90ce0b09c1ce458252c5ba539ef698e,19910383c69ba8ccaaec187864e7b4389cfd4f0cca462295a396946240f23570,8,all_pair_lexicographic,0,50125671,300000,30.0,True,solved,0.3888134000590071,103,95,95,14336,12147,1545,9,18,0.009807899943552911,9cb9ee304e844c3a20e2692972391eb321ec5d4ef9a45c94ded90b840ae78290,True
d16-c2-h4-s21864832,16,2,21864832,4,12,9ea5535967267b4161891e7328b1a0b2f90ce0b09c1ce458252c5ba539ef698e,19910383c69ba8ccaaec187864e7b4389cfd4f0cca462295a396946240f23570,8,all_pair_product,0,50125671,300000,30.0,True,solved,0.39375759998802096,103,95,95,14336,12147,1545,9,18,0.008749799919314682,9cb9ee304e844c3a20e2692972391eb321ec5d4ef9a45c94ded90b840ae78290,True
d16-c2-h4-s21864832,16,2,21864832,4,12,9ea5535967267b4161891e7328b1a0b2f90ce0b09c1ce458252c5ba539ef698e,19910383c69ba8ccaaec187864e7b4389cfd4f0cca462295a396946240f23570,8,lexicographic,0,50125671,300000,30.0,True,solved,0.7832699000136927,233,225,225,30336,29362,420,4,0,0.0,9cb9ee304e844c3a20e2692972391eb321ec5d4ef9a45c94ded90b840ae78290,True
d16-c2-h4-s21864832,16,2,21864832,4,12,9ea5535967267b4161891e7328b1a0b2f90ce0b09c1ce458252c5ba539ef698e,19910383c69ba8ccaaec187864e7b4389cfd4f0cca462295a396946240f23570,8,all_pair_lexicographic,1,60125690,300000,30.0,True,solved,0.4058657999848947,103,95,95,14336,12147,1545,9,18,0.010562700335867703,9cb9ee304e844c3a20e2692972391eb321ec5d4ef9a45c94ded90b840ae78290,True
d16-c2-h4-s21864832,16,2,21864832,4,12,9ea5535967267b4161891e7328b1a0b2f90ce0b09c1ce458252c5ba539ef698e,19910383c69ba8ccaaec187864e7b4389cfd4f0cca462295a396946240f23570,8,all_pair_product,1,60125690,300000,30.0,True,solved,0.5039792000316083,120,112,112,16640,14209,1771,10,20,0.01277689984999597,9cb9ee304e844c3a20e2692972391eb321ec5d4ef9a45c94ded90b840ae78290,True
d16-c2-h4-s21864832,16,2,21864832,4,12,9ea5535967267b4161891e7328b1a0b2f90ce0b09c1ce458252c5ba539ef698e,19910383c69ba8ccaaec187864e7b4389cfd4f0cca462295a396946240f23570,8,lexicographic,1,60125690,300000,30.0,True,solved,0.7264632000587881,233,225,225,30336,29362,420,4,0,0.0,9cb9ee304e844c3a20e2692972391eb321ec5d4ef9a45c94ded90b840ae78290,True
d16-c2-h4-s21864832,16,2,21864832,4,12,9ea5535967267b4161891e7328b1a0b2f90ce0b09c1ce458252c5ba539ef698e,19910383c69ba8ccaaec187864e7b4389cfd4f0cca462295a396946240f23570,8,all_pair_lexicographic,2,70125709,300000,30.0,True,solved,0.4789963000221178,103,95,95,14336,12147,1545,9,18,0.014703200315125287,9cb9ee304e844c3a20e2692972391eb321ec5d4ef9a45c94ded90b840ae78290,True
d16-c2-h4-s21864832,16,2,21864832,4,12,9ea5535967267b4161891e7328b1a0b2f90ce0b09c1ce458252c5ba539ef698e,19910383c69ba8ccaaec187864e7b4389cfd4f0cca462295a396946240f23570,8,all_pair_product,2,70125709,300000,30.0,True,solved,0.451751499902457,120,112,112,16640,14209,1771,10,20,0.009027800057083368,9cb9ee304e844c3a20e2692972391eb321ec5d4ef9a45c94ded90b840ae78290,True
d16-c2-h4-s21864832,16,2,21864832,4,12,9ea5535967267b4161891e7328b1a0b2f90ce0b09c1ce458252c5ba539ef698e,19910383c69ba8ccaaec187864e7b4389cfd4f0cca462295a396946240f23570,8,lexicographic,2,70125709,300000,30.0,True,solved,0.7277216999791563,233,225,225,30336,29362,420,4,0,0.0,9cb9ee304e844c3a20e2692972391eb321ec5d4ef9a45c94ded90b840ae78290,True
d16-c3-h4-s21864818,16,3,21864818,4,12,52e361edb8f6a1e014649e53d70b17fed3a688c3a33698cd8d354ea79a5648e2,a09a081504121688a8ae053bbe9f7844bd3655e94537cfbb711998b705f5da13,8,all_pair_lexicographic,0,50125657,300000,30.0,True,solved,2.230826099985279,575,567,567,75136,72218,1722,12,24,0.022502400213852525,62531babf2974519c23748f6f8d3c31e266eb7a5f8464ade7167c65d4a2f9a46,True
d16-c3-h4-s21864818,16,3,21864818,4,12,52e361edb8f6a1e014649e53d70b17fed3a688c3a33698cd8d354ea79a5648e2,a09a081504121688a8ae053bbe9f7844bd3655e94537cfbb711998b705f5da13,8,all_pair_product,0,50125657,300000,30.0,True,solved,2.2549433999229223,628,620,620,82048,78886,1914,13,26,0.01873550016898662,62531babf2974519c23748f6f8d3c31e266eb7a5f8464ade7167c65d4a2f9a46,True
d16-c3-h4-s21864818,16,3,21864818,4,12,52e361edb8f6a1e014649e53d70b17fed3a688c3a33698cd8d354ea79a5648e2,a09a081504121688a8ae053bbe9f7844bd3655e94537cfbb711998b705f5da13,8,lexicographic,0,50125657,300000,30.0,True,solved,0.7814792999997735,197,189,189,25728,24754,338,4,0,0.0,62531babf2974519c23748f6f8d3c31e266eb7a5f8464ade7167c65d4a2f9a46,True
d16-c3-h4-s21864818,16,3,21864818,4,12,52e361edb8f6a1e014649e53d70b17fed3a688c3a33698cd8d354ea79a5648e2,a09a081504121688a8ae053bbe9f7844bd3655e94537cfbb711998b705f5da13,8,all_pair_lexicographic,1,60125676,300000,30.0,True,solved,2.72006009996403,575,567,567,75136,72218,1722,12,24,0.02839520014822483,62531babf2974519c23748f6f8d3c31e266eb7a5f8464ade7167c65d4a2f9a46,True
d16-c3-h4-s21864818,16,3,21864818,4,12,52e361edb8f6a1e014649e53d70b17fed3a688c3a33698cd8d354ea79a5648e2,a09a081504121688a8ae053bbe9f7844bd3655e94537cfbb711998b705f5da13,8,all_pair_product,1,60125676,300000,30.0,True,solved,2.0933431999292225,575,567,567,75136,72218,1722,12,24,0.018563400371931493,62531babf2974519c23748f6f8d3c31e266eb7a5f8464ade7167c65d4a2f9a46,True
d16-c3-h4-s21864818,16,3,21864818,4,12,52e361edb8f6a1e014649e53d70b17fed3a688c3a33698cd8d354ea79a5648e2,a09a081504121688a8ae053bbe9f7844bd3655e94537cfbb711998b705f5da13,8,lexicographic,1,60125676,300000,30.0,True,solved,0.6855141000123695,197,189,189,25728,24754,338,4,0,0.0,62531babf2974519c23748f6f8d3c31e266eb7a5f8464ade7167c65d4a2f9a46,True
d16-c3-h4-s21864818,16,3,21864818,4,12,52e361edb8f6a1e014649e53d70b17fed3a688c3a33698cd8d354ea79a5648e2,a09a081504121688a8ae053bbe9f7844bd3655e94537cfbb711998b705f5da13,8,all_pair_lexicographic,2,70125695,300000,30.0,True,solved,2.594675699947402,575,567,567,75136,72218,1722,12,24,0.02511840022634715,62531babf2974519c23748f6f8d3c31e266eb7a5f8464ade7167c65d4a2f9a46,True
d16-c3-h4-s21864818,16,3,21864818,4,12,52e361edb8f6a1e014649e53d70b17fed3a688c3a33698cd8d354ea79a5648e2,a09a081504121688a8ae053bbe9f7844bd3655e94537cfbb711998b705f5da13,8,all_pair_product,2,70125695,300000,30.0,True,solved,2.451627100002952,628,620,620,82048,78886,1914,13,26,0.023667999543249607,62531babf2974519c23748f6f8d3c31e266eb7a5f8464ade7167c65d4a2f9a46,True
d16-c3-h4-s21864818,16,3,21864818,4,12,52e361edb8f6a1e014649e53d70b17fed3a688c3a33698cd8d354ea79a5648e2,a09a081504121688a8ae053bbe9f7844bd3655e94537cfbb711998b705f5da13,8,lexicographic,2,70125695,300000,30.0,True,solved,0.7073965999297798,197,189,189,25728,24754,338,4,0,0.0,62531babf2974519c23748f6f8d3c31e266eb7a5f8464ade7167c65d4a2f9a46,True
d16-c3-h4-s21864823,16,3,21864823,4,12,887776418206ac12dcafe72c4533fcac13a9b35e1e7d791ece67015bb88cbd11,2ec441cc9368d0f8d09cf5f06879b0428881abe57549d68851412ec4d67d5033,8,all_pair_lexicographic,0,50125662,300000,30.0,True,solved,4.373747500008903,1234,1226,1226,159744,156339,1412,14,28,0.03551740024704486,4d9dff872641e554d53a66c4d3008e1b66a61bd9796a974c2395943c6ea48250,True
d16-c3-h4-s21864823,16,3,21864823,4,12,887776418206ac12dcafe72c4533fcac13a9b35e1e7d791ece67015bb88cbd11,2ec441cc9368d0f8d09cf5f06879b0428881abe57549d68851412ec4d67d5033,8,all_pair_product,0,50125662,300000,30.0,True,solved,4.726200300035998,1235,1227,1227,159872,156467,1412,14,28,0.030384400160983205,4d9dff872641e554d53a66c4d3008e1b66a61bd9796a974c2395943c6ea48250,True
d16-c3-h4-s21864823,16,3,21864823,4,12,887776418206ac12dcafe72c4533fcac13a9b35e1e7d791ece67015bb88cbd11,2ec441cc9368d0f8d09cf5f06879b0428881abe57549d68851412ec4d67d5033,8,lexicographic,0,50125662,300000,30.0,True,solved,0.5354764999356121,146,138,138,19200,18226,194,4,0,0.0,4d9dff872641e554d53a66c4d3008e1b66a61bd9796a974c2395943c6ea48250,True
d16-c3-h4-s21864823,16,3,21864823,4,12,887776418206ac12dcafe72c4533fcac13a9b35e1e7d791ece67015bb88cbd11,2ec441cc9368d0f8d09cf5f06879b0428881abe57549d68851412ec4d67d5033,8,all_pair_lexicographic,1,60125681,300000,30.0,True,solved,4.7338568000122905,1234,1226,1226,159744,156339,1412,14,28,0.034338100580498576,4d9dff872641e554d53a66c4d3008e1b66a61bd9796a974c2395943c6ea48250,True
d16-c3-h4-s21864823,16,3,21864823,4,12,887776418206ac12dcafe72c4533fcac13a9b35e1e7d791ece67015bb88cbd11,2ec441cc9368d0f8d09cf5f06879b0428881abe57549d68851412ec4d67d5033,8,all_pair_product,1,60125681,300000,30.0,True,solved,5.0516650000354275,1339,1331,1331,173312,169665,1551,15,30,0.03949980018660426,4d9dff872641e554d53a66c4d3008e1b66a61bd9796a974c2395943c6ea48250,True
d16-c3-h4-s21864823,16,3,21864823,4,12,887776418206ac12dcafe72c4533fcac13a9b35e1e7d791ece67015bb88cbd11,2ec441cc9368d0f8d09cf5f06879b0428881abe57549d68851412ec4d67d5033,8,lexicographic,1,60125681,300000,30.0,True,solved,0.5188061000080779,146,138,138,19200,18226,194,4,0,0.0,4d9dff872641e554d53a66c4d3008e1b66a61bd9796a974c2395943c6ea48250,True
d16-c3-h4-s21864823,16,3,21864823,4,12,887776418206ac12dcafe72c4533fcac13a9b35e1e7d791ece67015bb88cbd11,2ec441cc9368d0f8d09cf5f06879b0428881abe57549d68851412ec4d67d5033,8,all_pair_lexicographic,2,70125700,300000,30.0,True,solved,4.622764299972914,1234,1226,1226,159744,156339,1412,14,28,0.03756370046176016,4d9dff872641e554d53a66c4d3008e1b66a61bd9796a974c2395943c6ea48250,True
d16-c3-h4-s21864823,16,3,21864823,4,12,887776418206ac12dcafe72c4533fcac13a9b35e1e7d791ece67015bb88cbd11,2ec441cc9368d0f8d09cf5f06879b0428881abe57549d68851412ec4d67d5033,8,all_pair_product,2,70125700,300000,30.0,True,solved,4.718972699949518,1338,1330,1330,173184,169537,1551,15,30,0.030384700396098197,4d9dff872641e554d53a66c4d3008e1b66a61bd9796a974c2395943c6ea48250,True
d16-c3-h4-s21864823,16,3,21864823,4,12,887776418206ac12dcafe72c4533fcac13a9b35e1e7d791ece67015bb88cbd11,2ec441cc9368d0f8d09cf5f06879b0428881abe57549d68851412ec4d67d5033,8,lexicographic,2,70125700,300000,30.0,True,solved,0.6327039999887347,146,138,138,19200,18226,194,4,0,0.0,4d9dff872641e554d53a66c4d3008e1b66a61bd9796a974c2395943c6ea48250,True
d16-c3-h4-s21864828,16,3,21864828,4,12,b1939f4c4841b249fbf4f232625f88d073a12b582b58fc738b7963f8dbf1bef7,f83f905362c596d9409f3578f11bec38c9657ab86bbc96602e03ab6431628941,8,all_pair_lexicographic,0,50125667,300000,30.0,True,solved,1.332125100074336,385,377,377,50560,48128,1370,10,20,0.022457200102508068,37553945d694a691e4befd939578fd4c6305f34fddcefc9729aca481804d6b0a,True
d16-c3-h4-s21864828,16,3,21864828,4,12,b1939f4c4841b249fbf4f232625f88d073a12b582b58fc738b7963f8dbf1bef7,f83f905362c596d9409f3578f11bec38c9657ab86bbc96602e03ab6431628941,8,all_pair_product,0,50125667,300000,30.0,True,solved,1.2949401000514627,386,378,378,50688,48256,1370,10,20,0.016372200101614,37553945d694a691e4befd939578fd4c6305f34fddcefc9729aca481804d6b0a,True
d16-c3-h4-s21864828,16,3,21864828,4,12,b1939f4c4841b249fbf4f232625f88d073a12b582b58fc738b7963f8dbf1bef7,f83f905362c596d9409f3578f11bec38c9657ab86bbc96602e03ab6431628941,8,lexicographic,0,50125667,300000,30.0,True,solved,0.7667818999616429,211,203,203,27520,26546,284,4,0,0.0,37553945d694a691e4befd939578fd4c6305f34fddcefc9729aca481804d6b0a,True
d16-c3-h4-s21864828,16,3,21864828,4,12,b1939f4c4841b249fbf4f232625f88d073a12b582b58fc738b7963f8dbf1bef7,f83f905362c596d9409f3578f11bec38c9657ab86bbc96602e03ab6431628941,8,all_pair_lexicographic,1,60125686,300000,30.0,True,solved,1.8157602999126539,385,377,377,50560,48128,1370,10,20,0.023768599494360387,37553945d694a691e4befd939578fd4c6305f34fddcefc9729aca481804d6b0a,True
d16-c3-h4-s21864828,16,3,21864828,4,12,b1939f4c4841b249fbf4f232625f88d073a12b582b58fc738b7963f8dbf1bef7,f83f905362c596d9409f3578f11bec38c9657ab86bbc96602e03ab6431628941,8,all_pair_product,1,60125686,300000,30.0,True,solved,1.8840106000425294,508,500,500,66560,63641,1736,12,24,0.018740500090643764,37553945d694a691e4befd939578fd4c6305f34fddcefc9729aca481804d6b0a,True
d16-c3-h4-s21864828,16,3,21864828,4,12,b1939f4c4841b249fbf4f232625f88d073a12b582b58fc738b7963f8dbf1bef7,f83f905362c596d9409f3578f11bec38c9657ab86bbc96602e03ab6431628941,8,lexicographic,1,60125686,300000,30.0,True,solved,0.7139967000111938,211,203,203,27520,26546,284,4,0,0.0,37553945d694a691e4befd939578fd4c6305f34fddcefc9729aca481804d6b0a,True
d16-c3-h4-s21864828,16,3,21864828,4,12,b1939f4c4841b249fbf4f232625f88d073a12b582b58fc738b7963f8dbf1bef7,f83f905362c596d9409f3578f11bec38c9657ab86bbc96602e03ab6431628941,8,all_pair_lexicographic,2,70125705,300000,30.0,True,solved,1.6411002998938784,385,377,377,50560,48128,1370,10,20,0.024251200258731842,37553945d694a691e4befd939578fd4c6305f34fddcefc9729aca481804d6b0a,True
d16-c3-h4-s21864828,16,3,21864828,4,12,b1939f4c4841b249fbf4f232625f88d073a12b582b58fc738b7963f8dbf1bef7,f83f905362c596d9409f3578f11bec38c9657ab86bbc96602e03ab6431628941,8,all_pair_product,2,70125705,300000,30.0,True,solved,2.163847799994983,508,500,500,66560,63641,1736,12,24,0.01792960020247847,37553945d694a691e4befd939578fd4c6305f34fddcefc9729aca481804d6b0a,True
d16-c3-h4-s21864828,16,3,21864828,4,12,b1939f4c4841b249fbf4f232625f88d073a12b582b58fc738b7963f8dbf1bef7,f83f905362c596d9409f3578f11bec38c9657ab86bbc96602e03ab6431628941,8,lexicographic,2,70125705,300000,30.0,True,solved,0.7110545999603346,211,203,203,27520,26546,284,4,0,0.0,37553945d694a691e4befd939578fd4c6305f34fddcefc9729aca481804d6b0a,True
d16-c3-h4-s21864833,16,3,21864833,4,12,6d07320a186fa115956574c8177d1ea192897201900e7ce74fc36f27de8199ed,fc439b21a2eaf28cd866f1d9d935587a4852d66e71335d46c3e7ccc5d2e7a490,8,all_pair_lexicographic,0,50125672,300000,30.0,True,solved,0.9232479000929743,172,164,164,23296,20863,1567,10,20,0.0204157002735883,d92d5b3e9c6329dcf0f5812dce6b9cdb6dffbcb4198f50015580eeacfeafddba,True
d16-c3-h4-s21864833,16,3,21864833,4,12,6d07320a186fa115956574c8177d1ea192897201900e7ce74fc36f27de8199ed,fc439b21a2eaf28cd866f1d9d935587a4852d66e71335d46c3e7ccc5d2e7a490,8,all_pair_product,0,50125672,300000,30.0,True,solved,1.8533352999947965,448,440,440,59264,55617,2507,15,30,0.01758150022942573,d92d5b3e9c6329dcf0f5812dce6b9cdb6dffbcb4198f50015580eeacfeafddba,True
d16-c3-h4-s21864833,16,3,21864833,4,12,6d07320a186fa115956574c8177d1ea192897201900e7ce74fc36f27de8199ed,fc439b21a2eaf28cd866f1d9d935587a4852d66e71335d46c3e7ccc5d2e7a490,8,lexicographic,0,50125672,300000,30.0,True,solved,0.7568862999323756,235,227,227,30592,29618,262,4,0,0.0,d92d5b3e9c6329dcf0f5812dce6b9cdb6dffbcb4198f50015580eeacfeafddba,True
d16-c3-h4-s21864833,16,3,21864833,4,12,6d07320a186fa115956574c8177d1ea192897201900e7ce74fc36f27de8199ed,fc439b21a2eaf28cd866f1d9d935587a4852d66e71335d46c3e7ccc5d2e7a490,8,all_pair_lexicographic,1,60125691,300000,30.0,True,solved,0.6168223000131547,172,164,164,23296,20863,1567,10,20,0.013909499975852668,d92d5b3e9c6329dcf0f5812dce6b9cdb6dffbcb4198f50015580eeacfeafddba,True
d16-c3-h4-s21864833,16,3,21864833,4,12,6d07320a186fa115956574c8177d1ea192897201900e7ce74fc36f27de8199ed,fc439b21a2eaf28cd866f1d9d935587a4852d66e71335d46c3e7ccc5d2e7a490,8,all_pair_product,1,60125691,300000,30.0,True,solved,1.6431315999943763,448,440,440,59264,55617,2507,15,30,0.01693749998230487,d92d5b3e9c6329dcf0f5812dce6b9cdb6dffbcb4198f50015580eeacfeafddba,True
d16-c3-h4-s21864833,16,3,21864833,4,12,6d07320a186fa115956574c8177d1ea192897201900e7ce74fc36f27de8199ed,fc439b21a2eaf28cd866f1d9d935587a4852d66e71335d46c3e7ccc5d2e7a490,8,lexicographic,1,60125691,300000,30.0,True,solved,0.8061210999730974,235,227,227,30592,29618,262,4,0,0.0,d92d5b3e9c6329dcf0f5812dce6b9cdb6dffbcb4198f50015580eeacfeafddba,True
d16-c3-h4-s21864833,16,3,21864833,4,12,6d07320a186fa115956574c8177d1ea192897201900e7ce74fc36f27de8199ed,fc439b21a2eaf28cd866f1d9d935587a4852d66e71335d46c3e7ccc5d2e7a490,8,all_pair_lexicographic,2,70125710,300000,30.0,True,solved,0.6204294000053778,172,164,164,23296,20863,1567,10,20,0.013937400188297033,d92d5b3e9c6329dcf0f5812dce6b9cdb6dffbcb4198f50015580eeacfeafddba,True
d16-c3-h4-s21864833,16,3,21864833,4,12,6d07320a186fa115956574c8177d1ea192897201900e7ce74fc36f27de8199ed,fc439b21a2eaf28cd866f1d9d935587a4852d66e71335d46c3e7ccc5d2e7a490,8,all_pair_product,2,70125710,300000,30.0,True,solved,1.4798396000405774,433,425,425,57216,53811,2279,14,28,0.018424000241793692,d92d5b3e9c6329dcf0f5812dce6b9cdb6dffbcb4198f50015580eeacfeafddba,True
d16-c3-h4-s21864833,16,3,21864833,4,12,6d07320a186fa115956574c8177d1ea192897201900e7ce74fc36f27de8199ed,fc439b21a2eaf28cd866f1d9d935587a4852d66e71335d46c3e7ccc5d2e7a490,8,lexicographic,2,70125710,300000,30.0,True,solved,1.1491489000618458,235,227,227,30592,29618,262,4,0,0.0,d92d5b3e9c6329dcf0f5812dce6b9cdb6dffbcb4198f50015580eeacfeafddba,True
d16-c4-h4-s21864819,16,4,21864819,4,12,9cd928e2beb4b39954b56069ecec15fc731fd4357aca00a544cc5975377ae27d,a5a7df727c1c1becf1e9db797bef4a2c2daa44509adc22ad634486429db0abd6,8,all_pair_lexicographic,0,50125658,300000,30.0,True,solved,0.5183155999984592,131,123,123,17536,16077,639,6,12,0.01446800003759563,80bc3ceb4fe4746c6ea1a18c9eb58f2a79455985050c62c137238824588a84d5,True
d16-c4-h4-s21864819,16,4,21864819,4,12,9cd928e2beb4b39954b56069ecec15fc731fd4357aca00a544cc5975377ae27d,a5a7df727c1c1becf1e9db797bef4a2c2daa44509adc22ad634486429db0abd6,8,all_pair_product,0,50125658,300000,30.0,True,solved,0.8461829000152647,155,147,147,20736,19035,858,7,14,0.012248100014403462,80bc3ceb4fe4746c6ea1a18c9eb58f2a79455985050c62c137238824588a84d5,True
d16-c4-h4-s21864819,16,4,21864819,4,12,9cd928e2beb4b39954b56069ecec15fc731fd4357aca00a544cc5975377ae27d,a5a7df727c1c1becf1e9db797bef4a2c2daa44509adc22ad634486429db0abd6,8,lexicographic,0,50125658,300000,30.0,True,solved,0.7910765000851825,226,218,218,29440,28466,274,4,0,0.0,80bc3ceb4fe4746c6ea1a18c9eb58f2a79455985050c62c137238824588a84d5,True
d16-c4-h4-s21864819,16,4,21864819,4,12,9cd928e2beb4b39954b56069ecec15fc731fd4357aca00a544cc5975377ae27d,a5a7df727c1c1becf1e9db797bef4a2c2daa44509adc22ad634486429db0abd6,8,all_pair_lexicographic,1,60125677,300000,30.0,True,solved,0.5809216999914497,131,123,123,17536,16077,639,6,12,0.014989299816079438,80bc3ceb4fe4746c6ea1a18c9eb58f2a79455985050c62c137238824588a84d5,True
d16-c4-h4-s21864819,16,4,21864819,4,12,9cd928e2beb4b39954b56069ecec15fc731fd4357aca00a544cc5975377ae27d,a5a7df727c1c1becf1e9db797bef4a2c2daa44509adc22ad634486429db0abd6,8,all_pair_product,1,60125677,300000,30.0,True,solved,0.5103306999662891,131,123,123,17536,16077,639,6,12,0.01268699998036027,80bc3ceb4fe4746c6ea1a18c9eb58f2a79455985050c62c137238824588a84d5,True
d16-c4-h4-s21864819,16,4,21864819,4,12,9cd928e2beb4b39954b56069ecec15fc731fd4357aca00a544cc5975377ae27d,a5a7df727c1c1becf1e9db797bef4a2c2daa44509adc22ad634486429db0abd6,8,lexicographic,1,60125677,300000,30.0,True,solved,0.8316318000433967,226,218,218,29440,28466,274,4,0,0.0,80bc3ceb4fe4746c6ea1a18c9eb58f2a79455985050c62c137238824588a84d5,True
d16-c4-h4-s21864819,16,4,21864819,4,12,9cd928e2beb4b39954b56069ecec15fc731fd4357aca00a544cc5975377ae27d,a5a7df727c1c1becf1e9db797bef4a2c2daa44509adc22ad634486429db0abd6,8,all_pair_lexicographic,2,70125696,300000,30.0,True,solved,0.5315020999405533,131,123,123,17536,16077,639,6,12,0.013775799656286836,80bc3ceb4fe4746c6ea1a18c9eb58f2a79455985050c62c137238824588a84d5,True
d16-c4-h4-s21864819,16,4,21864819,4,12,9cd928e2beb4b39954b56069ecec15fc731fd4357aca00a544cc5975377ae27d,a5a7df727c1c1becf1e9db797bef4a2c2daa44509adc22ad634486429db0abd6,8,all_pair_product,2,70125696,300000,30.0,True,solved,1.1692339000292122,276,268,268,36480,34292,1225,9,18,0.019649899913929403,80bc3ceb4fe4746c6ea1a18c9eb58f2a79455985050c62c137238824588a84d5,True
d16-c4-h4-s21864819,16,4,21864819,4,12,9cd928e2beb4b39954b56069ecec15fc731fd4357aca00a544cc5975377ae27d,a5a7df727c1c1becf1e9db797bef4a2c2daa44509adc22ad634486429db0abd6,8,lexicographic,2,70125696,300000,30.0,True,solved,1.0434179999865592,226,218,218,29440,28466,274,4,0,0.0,80bc3ceb4fe4746c6ea1a18c9eb58f2a79455985050c62c137238824588a84d5,True
d16-c4-h4-s21864824,16,4,21864824,4,12,a696c78c0427ac78a5c70032224a92fdbc61f3c6d3d3fcc52f86497f17f07e21,db976ee75ed24dcddde8eb6fff0146e279764a6241d7a4c65634f8275b187cc2,8,all_pair_lexicographic,0,50125663,300000,30.0,True,solved,2.282427500002086,621,613,613,81152,77990,1799,13,26,0.026461999863386154,d787a10f23f317d45c59bb4aab5d9d4b5fba0e1beec0250a208d1e2e4ce8faef,True
d16-c4-h4-s21864824,16,4,21864824,4,12,a696c78c0427ac78a5c70032224a92fdbc61f3c6d3d3fcc52f86497f17f07e21,db976ee75ed24dcddde8eb6fff0146e279764a6241d7a4c65634f8275b187cc2,8,all_pair_product,0,50125663,300000,30.0,True,solved,2.5606402999255806,621,613,613,81152,77990,1799,13,26,0.021320299594663084,d787a10f23f317d45c59bb4aab5d9d4b5fba0e1beec0250a208d1e2e4ce8faef,True
d16-c4-h4-s21864824,16,4,21864824,4,12,a696c78c0427ac78a5c70032224a92fdbc61f3c6d3d3fcc52f86497f17f07e21,db976ee75ed24dcddde8eb6fff0146e279764a6241d7a4c65634f8275b187cc2,8,lexicographic,0,50125663,300000,30.0,True,solved,0.8353285999037325,223,215,215,29056,28082,215,4,0,0.0,d787a10f23f317d45c59bb4aab5d9d4b5fba0e1beec0250a208d1e2e4ce8faef,True
d16-c4-h4-s21864824,16,4,21864824,4,12,a696c78c0427ac78a5c70032224a92fdbc61f3c6d3d3fcc52f86497f17f07e21,db976ee75ed24dcddde8eb6fff0146e279764a6241d7a4c65634f8275b187cc2,8,all_pair_lexicographic,1,60125682,300000,30.0,True,solved,2.414444599999115,621,613,613,81152,77990,1799,13,26,0.026536299381405115,d787a10f23f317d45c59bb4aab5d9d4b5fba0e1beec0250a208d1e2e4ce8faef,True
d16-c4-h4-s21864824,16,4,21864824,4,12,a696c78c0427ac78a5c70032224a92fdbc61f3c6d3d3fcc52f86497f17f07e21,db976ee75ed24dcddde8eb6fff0146e279764a6241d7a4c65634f8275b187cc2,8,all_pair_product,1,60125682,300000,30.0,True,solved,2.8526528000365943,621,613,613,81152,77990,1799,13,26,0.02885890018660575,d787a10f23f317d45c59bb4aab5d9d4b5fba0e1beec0250a208d1e2e4ce8faef,True
d16-c4-h4-s21864824,16,4,21864824,4,12,a696c78c0427ac78a5c70032224a92fdbc61f3c6d3d3fcc52f86497f17f07e21,db976ee75ed24dcddde8eb6fff0146e279764a6241d7a4c65634f8275b187cc2,8,lexicographic,1,60125682,300000,30.0,True,solved,0.7958964999997988,223,215,215,29056,28082,215,4,0,0.0,d787a10f23f317d45c59bb4aab5d9d4b5fba0e1beec0250a208d1e2e4ce8faef,True
d16-c4-h4-s21864824,16,4,21864824,4,12,a696c78c0427ac78a5c70032224a92fdbc61f3c6d3d3fcc52f86497f17f07e21,db976ee75ed24dcddde8eb6fff0146e279764a6241d7a4c65634f8275b187cc2,8,all_pair_lexicographic,2,70125701,300000,30.0,True,solved,2.187554999953136,621,613,613,81152,77990,1799,13,26,0.026321500190533698,d787a10f23f317d45c59bb4aab5d9d4b5fba0e1beec0250a208d1e2e4ce8faef,True
d16-c4-h4-s21864824,16,4,21864824,4,12,a696c78c0427ac78a5c70032224a92fdbc61f3c6d3d3fcc52f86497f17f07e21,db976ee75ed24dcddde8eb6fff0146e279764a6241d7a4c65634f8275b187cc2,8,all_pair_product,2,70125701,300000,30.0,True,solved,2.008196600014344,621,613,613,81152,77990,1799,13,26,0.020076399785466492,d787a10f23f317d45c59bb4aab5d9d4b5fba0e1beec0250a208d1e2e4ce8faef,True
d16-c4-h4-s21864824,16,4,21864824,4,12,a696c78c0427ac78a5c70032224a92fdbc61f3c6d3d3fcc52f86497f17f07e21,db976ee75ed24dcddde8eb6fff0146e279764a6241d7a4c65634f8275b187cc2,8,lexicographic,2,70125701,300000,30.0,True,solved,0.7975506000220776,223,215,215,29056,28082,215,4,0,0.0,d787a10f23f317d45c59bb4aab5d9d4b5fba0e1beec0250a208d1e2e4ce8faef,True
d16-c4-h4-s21864829,16,4,21864829,4,12,82e6fafc5dff0504f3e919744076871b1605b7ad01f6cc8bcdd61f9cc74234d7,7433a018278e50713e20899528ee97b95849044ce72c165ba4445db6cb5d15af,8,all_pair_lexicographic,0,50125668,300000,30.0,True,solved,1.256141999969259,292,284,284,38528,36340,1303,9,18,0.01783069979865104,128939bd4dd1775660aea7d3438c108495a91f7b0c264d1e45077af1a188ad82,True
d16-c4-h4-s21864829,16,4,21864829,4,12,82e6fafc5dff0504f3e919744076871b1605b7ad01f6cc8bcdd61f9cc74234d7,7433a018278e50713e20899528ee97b95849044ce72c165ba4445db6cb5d15af,8,all_pair_product,0,50125668,300000,30.0,True,solved,1.2217095999512821,348,340,340,45824,43392,1493,10,20,0.014896700042299926,128939bd4dd1775660aea7d3438c108495a91f7b0c264d1e45077af1a188ad82,True
d16-c4-h4-s21864829,16,4,21864829,4,12,82e6fafc5dff0504f3e919744076871b1605b7ad01f6cc8bcdd61f9cc74234d7,7433a018278e50713e20899528ee97b95849044ce72c165ba4445db6cb5d15af,8,lexicographic,0,50125668,300000,30.0,True,solved,0.639762100065127,195,187,187,25472,24498,369,4,0,0.0,128939bd4dd1775660aea7d3438c108495a91f7b0c264d1e45077af1a188ad82,True
d16-c4-h4-s21864829,16,4,21864829,4,12,82e6fafc5dff0504f3e919744076871b1605b7ad01f6cc8bcdd61f9cc74234d7,7433a018278e50713e20899528ee97b95849044ce72c165ba4445db6cb5d15af,8,all_pair_lexicographic,1,60125687,300000,30.0,True,solved,1.0773027999093756,292,284,284,38528,36340,1303,9,18,0.015815400052815676,128939bd4dd1775660aea7d3438c108495a91f7b0c264d1e45077af1a188ad82,True
d16-c4-h4-s21864829,16,4,21864829,4,12,82e6fafc5dff0504f3e919744076871b1605b7ad01f6cc8bcdd61f9cc74234d7,7433a018278e50713e20899528ee97b95849044ce72c165ba4445db6cb5d15af,8,all_pair_product,1,60125687,300000,30.0,True,solved,1.233680000063032,292,284,284,38528,36340,1303,9,18,0.014738200348801911,128939bd4dd1775660aea7d3438c108495a91f7b0c264d1e45077af1a188ad82,True
d16-c4-h4-s21864829,16,4,21864829,4,12,82e6fafc5dff0504f3e919744076871b1605b7ad01f6cc8bcdd61f9cc74234d7,7433a018278e50713e20899528ee97b95849044ce72c165ba4445db6cb5d15af,8,lexicographic,1,60125687,300000,30.0,True,solved,0.6033715000376105,195,187,187,25472,24498,369,4,0,0.0,128939bd4dd1775660aea7d3438c108495a91f7b0c264d1e45077af1a188ad82,True
d16-c4-h4-s21864829,16,4,21864829,4,12,82e6fafc5dff0504f3e919744076871b1605b7ad01f6cc8bcdd61f9cc74234d7,7433a018278e50713e20899528ee97b95849044ce72c165ba4445db6cb5d15af,8,all_pair_lexicographic,2,70125706,300000,30.0,True,solved,1.235761999967508,292,284,284,38528,36340,1303,9,18,0.01357030007056892,128939bd4dd1775660aea7d3438c108495a91f7b0c264d1e45077af1a188ad82,True
d16-c4-h4-s21864829,16,4,21864829,4,12,82e6fafc5dff0504f3e919744076871b1605b7ad01f6cc8bcdd61f9cc74234d7,7433a018278e50713e20899528ee97b95849044ce72c165ba4445db6cb5d15af,8,all_pair_product,2,70125706,300000,30.0,True,solved,1.2999050999060273,347,339,339,45696,43264,1493,10,20,0.01585739990696311,128939bd4dd1775660aea7d3438c108495a91f7b0c264d1e45077af1a188ad82,True
d16-c4-h4-s21864829,16,4,21864829,4,12,82e6fafc5dff0504f3e919744076871b1605b7ad01f6cc8bcdd61f9cc74234d7,7433a018278e50713e20899528ee97b95849044ce72c165ba4445db6cb5d15af,8,lexicographic,2,70125706,300000,30.0,True,solved,0.7857414999743924,195,187,187,25472,24498,369,4,0,0.0,128939bd4dd1775660aea7d3438c108495a91f7b0c264d1e45077af1a188ad82,True
d16-c4-h4-s21864834,16,4,21864834,4,12,26eb17de074c4d701d8ccb8e456c23556dd48414ebca1f34f508703450f3d435,f2c04091df8be0fd21965912ac7451846753359d6a84c5234e529f508f77c352,8,all_pair_lexicographic,0,50125673,300000,30.0,True,solved,0.390718900016509,103,95,95,13952,12493,724,6,12,0.011122399941086769,90989d7ac7c5b34b64e66d4e6bd100ee2deba68a93c870e243f8b39bfbac54f7,True
d16-c4-h4-s21864834,16,4,21864834,4,12,26eb17de074c4d701d8ccb8e456c23556dd48414ebca1f34f508703450f3d435,f2c04091df8be0fd21965912ac7451846753359d6a84c5234e529f508f77c352,8,all_pair_product,0,50125673,300000,30.0,True,solved,0.41377049998845905,103,95,95,13952,12493,724,6,12,0.010482399724423885,90989d7ac7c5b34b64e66d4e6bd100ee2deba68a93c870e243f8b39bfbac54f7,True
d16-c4-h4-s21864834,16,4,21864834,4,12,26eb17de074c4d701d8ccb8e456c23556dd48414ebca1f34f508703450f3d435,f2c04091df8be0fd21965912ac7451846753359d6a84c5234e529f508f77c352,8,lexicographic,0,50125673,300000,30.0,True,solved,0.6923367000417784,208,200,200,27136,26162,333,4,0,0.0,90989d7ac7c5b34b64e66d4e6bd100ee2deba68a93c870e243f8b39bfbac54f7,True
d16-c4-h4-s21864834,16,4,21864834,4,12,26eb17de074c4d701d8ccb8e456c23556dd48414ebca1f34f508703450f3d435,f2c04091df8be0fd21965912ac7451846753359d6a84c5234e529f508f77c352,8,all_pair_lexicographic,1,60125692,300000,30.0,True,solved,0.4132477000821382,103,95,95,13952,12493,724,6,12,0.011996100074611604,90989d7ac7c5b34b64e66d4e6bd100ee2deba68a93c870e243f8b39bfbac54f7,True
d16-c4-h4-s21864834,16,4,21864834,4,12,26eb17de074c4d701d8ccb8e456c23556dd48414ebca1f34f508703450f3d435,f2c04091df8be0fd21965912ac7451846753359d6a84c5234e529f508f77c352,8,all_pair_product,1,60125692,300000,30.0,True,solved,0.4076886000111699,103,95,95,13952,12493,724,6,12,0.01073549990542233,90989d7ac7c5b34b64e66d4e6bd100ee2deba68a93c870e243f8b39bfbac54f7,True
d16-c4-h4-s21864834,16,4,21864834,4,12,26eb17de074c4d701d8ccb8e456c23556dd48414ebca1f34f508703450f3d435,f2c04091df8be0fd21965912ac7451846753359d6a84c5234e529f508f77c352,8,lexicographic,1,60125692,300000,30.0,True,solved,0.6792341999243945,208,200,200,27136,26162,333,4,0,0.0,90989d7ac7c5b34b64e66d4e6bd100ee2deba68a93c870e243f8b39bfbac54f7,True
d16-c4-h4-s21864834,16,4,21864834,4,12,26eb17de074c4d701d8ccb8e456c23556dd48414ebca1f34f508703450f3d435,f2c04091df8be0fd21965912ac7451846753359d6a84c5234e529f508f77c352,8,all_pair_lexicographic,2,70125711,300000,30.0,True,solved,0.4953555000247434,103,95,95,13952,12493,724,6,12,0.016053499886766076,90989d7ac7c5b34b64e66d4e6bd100ee2deba68a93c870e243f8b39bfbac54f7,True
d16-c4-h4-s21864834,16,4,21864834,4,12,26eb17de074c4d701d8ccb8e456c23556dd48414ebca1f34f508703450f3d435,f2c04091df8be0fd21965912ac7451846753359d6a84c5234e529f508f77c352,8,all_pair_product,2,70125711,300000,30.0,True,solved,0.5136985999997705,103,95,95,13952,12493,724,6,12,0.014052800135686994,90989d7ac7c5b34b64e66d4e6bd100ee2deba68a93c870e243f8b39bfbac54f7,True
d16-c4-h4-s21864834,16,4,21864834,4,12,26eb17de074c4d701d8ccb8e456c23556dd48414ebca1f34f508703450f3d435,f2c04091df8be0fd21965912ac7451846753359d6a84c5234e529f508f77c352,8,lexicographic,2,70125711,300000,30.0,True,solved,0.7642727999482304,208,200,200,27136,26162,333,4,0,0.0,90989d7ac7c5b34b64e66d4e6bd100ee2deba68a93c870e243f8b39bfbac54f7,True
d16-c0-h6-s21866815,16,0,21866815,6,10,607a9337f15d4c6bb16d1eddf32bb8211e99654d8aa4d685577c8a760bd55fe8,4b076880aa5186b0022d38aa5633e22b5ec23b254b22374ade46dd78ec972dcc,8,all_pair_lexicographic,0,50127654,300000,30.0,True,solved,14.616097200079821,4004,3992,3992,522496,503445,14203,78,156,0.08702079975046217,7e95a6038d046a3ec5842925ba47a7132167f26c3217b4ef7dc1f91a5e7366a8,True
d16-c0-h6-s21866815,16,0,21866815,6,10,607a9337f15d4c6bb16d1eddf32bb8211e99654d8aa4d685577c8a760bd55fe8,4b076880aa5186b0022d38aa5633e22b5ec23b254b22374ade46dd78ec972dcc,8,all_pair_product,0,50127654,300000,30.0,True,solved,14.349515600013547,4004,3992,3992,522496,503445,14203,78,156,0.08333580067846924,7e95a6038d046a3ec5842925ba47a7132167f26c3217b4ef7dc1f91a5e7366a8,True
d16-c0-h6-s21866815,16,0,21866815,6,10,607a9337f15d4c6bb16d1eddf32bb8211e99654d8aa4d685577c8a760bd55fe8,4b076880aa5186b0022d38aa5633e22b5ec23b254b22374ade46dd78ec972dcc,8,lexicographic,0,50127654,300000,30.0,True,solved,0.6563303999137133,210,198,198,27648,26181,591,6,0,0.0,97231e0df1ed0fc88629fc7b1fb47c58f71e42f363ed5b6c1e23f04545985371,True
d16-c0-h6-s21866815,16,0,21866815,6,10,607a9337f15d4c6bb16d1eddf32bb8211e99654d8aa4d685577c8a760bd55fe8,4b076880aa5186b0022d38aa5633e22b5ec23b254b22374ade46dd78ec972dcc,8,all_pair_lexicographic,1,60127673,300000,30.0,True,solved,13.997402500011958,4004,3992,3992,522496,503445,14203,78,156,0.0779507999541238,7e95a6038d046a3ec5842925ba47a7132167f26c3217b4ef7dc1f91a5e7366a8,True
d16-c0-h6-s21866815,16,0,21866815,6,10,607a9337f15d4c6bb16d1eddf32bb8211e99654d8aa4d685577c8a760bd55fe8,4b076880aa5186b0022d38aa5633e22b5ec23b254b22374ade46dd78ec972dcc,8,all_pair_product,1,60127673,300000,30.0,True,solved,14.987975099938922,4004,3992,3992,522496,503445,14203,78,156,0.0827945995843038,7e95a6038d046a3ec5842925ba47a7132167f26c3217b4ef7dc1f91a5e7366a8,True
d16-c0-h6-s21866815,16,0,21866815,6,10,607a9337f15d4c6bb16d1eddf32bb8211e99654d8aa4d685577c8a760bd55fe8,4b076880aa5186b0022d38aa5633e22b5ec23b254b22374ade46dd78ec972dcc,8,lexicographic,1,60127673,300000,30.0,True,solved,0.680054199998267,210,198,198,27648,26181,591,6,0,0.0,97231e0df1ed0fc88629fc7b1fb47c58f71e42f363ed5b6c1e23f04545985371,True
d16-c0-h6-s21866815,16,0,21866815,6,10,607a9337f15d4c6bb16d1eddf32bb8211e99654d8aa4d685577c8a760bd55fe8,4b076880aa5186b0022d38aa5633e22b5ec23b254b22374ade46dd78ec972dcc,8,all_pair_lexicographic,2,70127692,300000,30.0,True,solved,14.97813209996093,4004,3992,3992,522496,503445,14203,78,156,0.08805859973654151,7e95a6038d046a3ec5842925ba47a7132167f26c3217b4ef7dc1f91a5e7366a8,True
d16-c0-h6-s21866815,16,0,21866815,6,10,607a9337f15d4c6bb16d1eddf32bb8211e99654d8aa4d685577c8a760bd55fe8,4b076880aa5186b0022d38aa5633e22b5ec23b254b22374ade46dd78ec972dcc,8,all_pair_product,2,70127692,300000,30.0,True,solved,15.065608299919404,4004,3992,3992,522496,503445,14203,78,156,0.07533809961751103,7e95a6038d046a3ec5842925ba47a7132167f26c3217b4ef7dc1f91a5e7366a8,True
d16-c0-h6-s21866815,16,0,21866815,6,10,607a9337f15d4c6bb16d1eddf32bb8211e99654d8aa4d685577c8a760bd55fe8,4b076880aa5186b0022d38aa5633e22b5ec23b254b22374ade46dd78ec972dcc,8,lexicographic,2,70127692,300000,30.0,True,solved,0.6377726999344304,210,198,198,27648,26181,591,6,0,0.0,97231e0df1ed0fc88629fc7b1fb47c58f71e42f363ed5b6c1e23f04545985371,True
d16-c0-h6-s21866820,16,0,21866820,6,10,f8d8e267242e49320373c1b47c570c360a85584b1a764a817ccc837f78e69abd,24936cf381e740099269860ce21139c8c2623b8b6ad1492580ca7cffc67d6164,8,all_pair_lexicographic,0,50127659,300000,30.0,True,solved,27.47817999997642,6638,6626,6626,859776,840483,11732,79,158,0.15601980057545006,9ba7a865dff0e53e8d31ca5698e3eb32b73c54048a13771f33c78327f0d74d86,True
d16-c0-h6-s21866820,16,0,21866820,6,10,f8d8e267242e49320373c1b47c570c360a85584b1a764a817ccc837f78e69abd,24936cf381e740099269860ce21139c8c2623b8b6ad1492580ca7cffc67d6164,8,all_pair_product,0,50127659,300000,30.0,True,solved,27.576889699907042,6720,6708,6708,870400,850864,11894,80,160,0.14076980121899396,9ba7a865dff0e53e8d31ca5698e3eb32b73c54048a13771f33c78327f0d74d86,True
d16-c0-h6-s21866820,16,0,21866820,6,10,f8d8e267242e49320373c1b47c570c360a85584b1a764a817ccc837f78e69abd,24936cf381e740099269860ce21139c8c2623b8b6ad1492580ca7cffc67d6164,8,lexicographic,0,50127659,300000,30.0,True,solved,0.7295161999063566,172,160,160,22784,21317,487,6,0,0.0,9ba7a865dff0e53e8d31ca5698e3eb32b73c54048a13771f33c78327f0d74d86,True
d16-c0-h6-s21866820,16,0,21866820,6,10,f8d8e267242e49320373c1b47c570c360a85584b1a764a817ccc837f78e69abd,24936cf381e740099269860ce21139c8c2623b8b6ad1492580ca7cffc67d6164,8,all_pair_lexicographic,1,60127678,300000,30.0,True,solved,25.97378999995999,6638,6626,6626,859776,840483,11732,79,158,0.14446920109912753,9ba7a865dff0e53e8d31ca5698e3eb32b73c54048a13771f33c78327f0d74d86,True
d16-c0-h6-s21866820,16,0,21866820,6,10,f8d8e267242e49320373c1b47c570c360a85584b1a764a817ccc837f78e69abd,24936cf381e740099269860ce21139c8c2623b8b6ad1492580ca7cffc67d6164,8,all_pair_product,1,60127678,300000,30.0,True,solved,28.39397930004634,7060,7048,7048,914432,893916,12535,84,168,0.14803159947041422,9ba7a865dff0e53e8d31ca5698e3eb32b73c54048a13771f33c78327f0d74d86,True
d16-c0-h6-s21866820,16,0,21866820,6,10,f8d8e267242e49320373c1b47c570c360a85584b1a764a817ccc837f78e69abd,24936cf381e740099269860ce21139c8c2623b8b6ad1492580ca7cffc67d6164,8,lexicographic,1,60127678,300000,30.0,True,solved,0.7951183000113815,172,160,160,22784,21317,487,6,0,0.0,9ba7a865dff0e53e8d31ca5698e3eb32b73c54048a13771f33c78327f0d74d86,True
d16-c0-h6-s21866820,16,0,21866820,6,10,f8d8e267242e49320373c1b47c570c360a85584b1a764a817ccc837f78e69abd,24936cf381e740099269860ce21139c8c2623b8b6ad1492580ca7cffc67d6164,8,all_pair_lexicographic,2,70127697,300000,30.0,True,solved,28.34704739996232,6638,6626,6626,859776,840483,11732,79,158,0.15833220083732158,9ba7a865dff0e53e8d31ca5698e3eb32b73c54048a13771f33c78327f0d74d86,True
d16-c0-h6-s21866820,16,0,21866820,6,10,f8d8e267242e49320373c1b47c570c360a85584b1a764a817ccc837f78e69abd,24936cf381e740099269860ce21139c8c2623b8b6ad1492580ca7cffc67d6164,8,all_pair_product,2,70127697,300000,30.0,True,solved,26.54244969994761,7060,7048,7048,914432,893916,12535,84,168,0.14298859983682632,9ba7a865dff0e53e8d31ca5698e3eb32b73c54048a13771f33c78327f0d74d86,True
d16-c0-h6-s21866820,16,0,21866820,6,10,f8d8e267242e49320373c1b47c570c360a85584b1a764a817ccc837f78e69abd,24936cf381e740099269860ce21139c8c2623b8b6ad1492580ca7cffc67d6164,8,lexicographic,2,70127697,300000,30.0,True,solved,0.7164361999602988,172,160,160,22784,21317,487,6,0,0.0,9ba7a865dff0e53e8d31ca5698e3eb32b73c54048a13771f33c78327f0d74d86,True
d16-c0-h6-s21866825,16,0,21866825,6,10,9dafabb607ddc965b6cb01ca61abbc0f19be4cc948e47c570dcd4f8e9bace302,56d71dd534c512ea59e32b646a49e1e6de6c571183503559deaad438f2848de2,8,all_pair_lexicographic,0,50127664,300000,30.0,True,solved,8.549629100016318,1906,1894,1894,247936,240381,4690,31,62,0.06926640018355101,05453130f6d5788b545c3c39bc5b8ccaef1c3941467fcd756bac31a755122472,True
d16-c0-h6-s21866825,16,0,21866825,6,10,9dafabb607ddc965b6cb01ca61abbc0f19be4cc948e47c570dcd4f8e9bace302,56d71dd534c512ea59e32b646a49e1e6de6c571183503559deaad438f2848de2,8,all_pair_product,0,50127664,300000,30.0,True,solved,8.52617550001014,1906,1894,1894,247936,240381,4690,31,62,0.062036899966187775,05453130f6d5788b545c3c39bc5b8ccaef1c3941467fcd756bac31a755122472,True
d16-c0-h6-s21866825,16,0,21866825,6,10,9dafabb607ddc965b6cb01ca61abbc0f19be4cc948e47c570dcd4f8e9bace302,56d71dd534c512ea59e32b646a49e1e6de6c571183503559deaad438f2848de2,8,lexicographic,0,50127664,300000,30.0,True,solved,0.8192102999892086,193,181,181,25472,24005,497,6,0,0.0,711851ef0aff7f778c94b9aa54af91c4bc53585f410aa59e1940af0efcd53ebe,True
d16-c0-h6-s21866825,16,0,21866825,6,10,9dafabb607ddc965b6cb01ca61abbc0f19be4cc948e47c570dcd4f8e9bace302,56d71dd534c512ea59e32b646a49e1e6de6c571183503559deaad438f2848de2,8,all_pair_lexicographic,1,60127683,300000,30.0,True,solved,9.151245099958032,1906,1894,1894,247936,240381,4690,31,62,0.06144359987229109,05453130f6d5788b545c3c39bc5b8ccaef1c3941467fcd756bac31a755122472,True
d16-c0-h6-s21866825,16,0,21866825,6,10,9dafabb607ddc965b6cb01ca61abbc0f19be4cc948e47c570dcd4f8e9bace302,56d71dd534c512ea59e32b646a49e1e6de6c571183503559deaad438f2848de2,8,all_pair_product,1,60127683,300000,30.0,True,solved,9.876095200073905,2045,2033,2033,265984,257944,5037,33,66,0.06345260015223175,05453130f6d5788b545c3c39bc5b8ccaef1c3941467fcd756bac31a755122472,True
d16-c0-h6-s21866825,16,0,21866825,6,10,9dafabb607ddc965b6cb01ca61abbc0f19be4cc948e47c570dcd4f8e9bace302,56d71dd534c512ea59e32b646a49e1e6de6c571183503559deaad438f2848de2,8,lexicographic,1,60127683,300000,30.0,True,solved,0.7905666999286041,193,181,181,25472,24005,497,6,0,0.0,711851ef0aff7f778c94b9aa54af91c4bc53585f410aa59e1940af0efcd53ebe,True
d16-c0-h6-s21866825,16,0,21866825,6,10,9dafabb607ddc965b6cb01ca61abbc0f19be4cc948e47c570dcd4f8e9bace302,56d71dd534c512ea59e32b646a49e1e6de6c571183503559deaad438f2848de2,8,all_pair_lexicographic,2,70127702,300000,30.0,True,solved,9.20736380002927,1906,1894,1894,247936,240381,4690,31,62,0.06234549963846803,05453130f6d5788b545c3c39bc5b8ccaef1c3941467fcd756bac31a755122472,True
d16-c0-h6-s21866825,16,0,21866825,6,10,9dafabb607ddc965b6cb01ca61abbc0f19be4cc948e47c570dcd4f8e9bace302,56d71dd534c512ea59e32b646a49e1e6de6c571183503559deaad438f2848de2,8,all_pair_product,2,70127702,300000,30.0,True,solved,9.593927699956112,1957,1945,1945,254592,246793,4884,32,64,0.06180840032175183,05453130f6d5788b545c3c39bc5b8ccaef1c3941467fcd756bac31a755122472,True
d16-c0-h6-s21866825,16,0,21866825,6,10,9dafabb607ddc965b6cb01ca61abbc0f19be4cc948e47c570dcd4f8e9bace302,56d71dd534c512ea59e32b646a49e1e6de6c571183503559deaad438f2848de2,8,lexicographic,2,70127702,300000,30.0,True,solved,0.8901200999971479,193,181,181,25472,24005,497,6,0,0.0,711851ef0aff7f778c94b9aa54af91c4bc53585f410aa59e1940af0efcd53ebe,True
d16-c0-h6-s21866830,16,0,21866830,6,10,3db6c753a27b8e4c76d5315b51ffa88836220d5e946e094fc38a185ee09db58a,f45a1e5b1e593ad5c3d6b5b3b3d61ce4be3b39cde47aa140da76d84d04411b95,8,all_pair_lexicographic,0,50127669,300000,30.0,True,solved,1.9322531999787316,449,437,437,60928,54331,5440,27,54,0.022994100116193295,9a63006b39b5e7f2cfa742f83825264a814276e66da7aed8d689f96b47ac8172,True
d16-c0-h6-s21866830,16,0,21866830,6,10,3db6c753a27b8e4c76d5315b51ffa88836220d5e946e094fc38a185ee09db58a,f45a1e5b1e593ad5c3d6b5b3b3d61ce4be3b39cde47aa140da76d84d04411b95,8,all_pair_product,0,50127669,300000,30.0,True,solved,2.5403547999449074,458,446,446,62208,55369,5674,28,56,0.028870099922642112,9a63006b39b5e7f2cfa742f83825264a814276e66da7aed8d689f96b47ac8172,True
d16-c0-h6-s21866830,16,0,21866830,6,10,3db6c753a27b8e4c76d5315b51ffa88836220d5e946e094fc38a185ee09db58a,f45a1e5b1e593ad5c3d6b5b3b3d61ce4be3b39cde47aa140da76d84d04411b95,8,lexicographic,0,50127669,300000,30.0,True,solved,1.2415223000571132,245,233,233,32128,30661,721,6,0,0.0,9a63006b39b5e7f2cfa742f83825264a814276e66da7aed8d689f96b47ac8172,True
d16-c0-h6-s21866830,16,0,21866830,6,10,3db6c753a27b8e4c76d5315b51ffa88836220d5e946e094fc38a185ee09db58a,f45a1e5b1e593ad5c3d6b5b3b3d61ce4be3b39cde47aa140da76d84d04411b95,8,all_pair_lexicographic,1,60127688,300000,30.0,True,solved,2.0681400999892503,449,437,437,60928,54331,5440,27,54,0.02925449935719371,9a63006b39b5e7f2cfa742f83825264a814276e66da7aed8d689f96b47ac8172,True
d16-c0-h6-s21866830,16,0,21866830,6,10,3db6c753a27b8e4c76d5315b51ffa88836220d5e946e094fc38a185ee09db58a,f45a1e5b1e593ad5c3d6b5b3b3d61ce4be3b39cde47aa140da76d84d04411b95,8,all_pair_product,1,60127688,300000,30.0,True,solved,2.0798575000371784,468,456,456,63616,56534,5907,29,58,0.022764500230550766,9a63006b39b5e7f2cfa742f83825264a814276e66da7aed8d689f96b47ac8172,True
d16-c0-h6-s21866830,16,0,21866830,6,10,3db6c753a27b8e4c76d5315b51ffa88836220d5e946e094fc38a185ee09db58a,f45a1e5b1e593ad5c3d6b5b3b3d61ce4be3b39cde47aa140da76d84d04411b95,8,lexicographic,1,60127688,300000,30.0,True,solved,1.230556600028649,245,233,233,32128,30661,721,6,0,0.0,9a63006b39b5e7f2cfa742f83825264a814276e66da7aed8d689f96b47ac8172,True
d16-c0-h6-s21866830,16,0,21866830,6,10,3db6c753a27b8e4c76d5315b51ffa88836220d5e946e094fc38a185ee09db58a,f45a1e5b1e593ad5c3d6b5b3b3d61ce4be3b39cde47aa140da76d84d04411b95,8,all_pair_lexicographic,2,70127707,300000,30.0,True,solved,2.1403550000395626,449,437,437,60928,54331,5440,27,54,0.022341800155118108,9a63006b39b5e7f2cfa742f83825264a814276e66da7aed8d689f96b47ac8172,True
d16-c0-h6-s21866830,16,0,21866830,6,10,3db6c753a27b8e4c76d5315b51ffa88836220d5e946e094fc38a185ee09db58a,f45a1e5b1e593ad5c3d6b5b3b3d61ce4be3b39cde47aa140da76d84d04411b95,8,all_pair_product,2,70127707,300000,30.0,True,solved,2.2352567999623716,477,465,465,64896,57572,6141,30,60,0.02345579967368394,9a63006b39b5e7f2cfa742f83825264a814276e66da7aed8d689f96b47ac8172,True
d16-c0-h6-s21866830,16,0,21866830,6,10,3db6c753a27b8e4c76d5315b51ffa88836220d5e946e094fc38a185ee09db58a,f45a1e5b1e593ad5c3d6b5b3b3d61ce4be3b39cde47aa140da76d84d04411b95,8,lexicographic,2,70127707,300000,30.0,True,solved,0.9415785999735817,245,233,233,32128,30661,721,6,0,0.0,9a63006b39b5e7f2cfa742f83825264a814276e66da7aed8d689f96b47ac8172,True
d16-c1-h6-s21866816,16,1,21866816,6,10,83efeb6a7051807221bcac813633a071eb9a578b171e6f54123b355c9f206c1a,80c8ea58d3a780b1599e49acc565693c66fdda312d6dca51378e772452fafb93,8,all_pair_lexicographic,0,50127655,300000,30.0,True,solved,9.267772299936041,2693,2681,2681,350592,339363,7708,46,92,0.06046620022971183,89ceff4496dcb55bc6b294af4c4830ddee58101f2ecb4dd0ccd0575c2780b57c,True
d16-c1-h6-s21866816,16,1,21866816,6,10,83efeb6a7051807221bcac813633a071eb9a578b171e6f54123b355c9f206c1a,80c8ea58d3a780b1599e49acc565693c66fdda312d6dca51378e772452fafb93,8,all_pair_product,0,50127655,300000,30.0,True,solved,9.162630600039847,2694,2682,2682,350720,339491,7708,46,92,0.05047379981260747,89ceff4496dcb55bc6b294af4c4830ddee58101f2ecb4dd0ccd0575c2780b57c,True
d16-c1-h6-s21866816,16,1,21866816,6,10,83efeb6a7051807221bcac813633a071eb9a578b171e6f54123b355c9f206c1a,80c8ea58d3a780b1599e49acc565693c66fdda312d6dca51378e772452fafb93,8,lexicographic,0,50127655,300000,30.0,True,solved,0.7252122999634594,201,189,189,26496,25029,576,6,0,0.0,89ceff4496dcb55bc6b294af4c4830ddee58101f2ecb4dd0ccd0575c2780b57c,True
d16-c1-h6-s21866816,16,1,21866816,6,10,83efeb6a7051807221bcac813633a071eb9a578b171e6f54123b355c9f206c1a,80c8ea58d3a780b1599e49acc565693c66fdda312d6dca51378e772452fafb93,8,all_pair_lexicographic,1,60127674,300000,30.0,True,solved,11.130257799988613,2693,2681,2681,350592,339363,7708,46,92,0.0685193995013833,89ceff4496dcb55bc6b294af4c4830ddee58101f2ecb4dd0ccd0575c2780b57c,True
d16-c1-h6-s21866816,16,1,21866816,6,10,83efeb6a7051807221bcac813633a071eb9a578b171e6f54123b355c9f206c1a,80c8ea58d3a780b1599e49acc565693c66fdda312d6dca51378e772452fafb93,8,all_pair_product,1,60127674,300000,30.0,True,solved,11.23250729998108,2746,2734,2734,357504,346033,7898,47,94,0.06021950033027679,89ceff4496dcb55bc6b294af4c4830ddee58101f2ecb4dd0ccd0575c2780b57c,True
d16-c1-h6-s21866816,16,1,21866816,6,10,83efeb6a7051807221bcac813633a071eb9a578b171e6f54123b355c9f206c1a,80c8ea58d3a780b1599e49acc565693c66fdda312d6dca51378e772452fafb93,8,lexicographic,1,60127674,300000,30.0,True,solved,0.9202970999758691,201,189,189,26496,25029,576,6,0,0.0,89ceff4496dcb55bc6b294af4c4830ddee58101f2ecb4dd0ccd0575c2780b57c,True
d16-c1-h6-s21866816,16,1,21866816,6,10,83efeb6a7051807221bcac813633a071eb9a578b171e6f54123b355c9f206c1a,80c8ea58d3a780b1599e49acc565693c66fdda312d6dca51378e772452fafb93,8,all_pair_lexicographic,2,70127693,300000,30.0,True,solved,11.517373599926941,2693,2681,2681,350592,339363,7708,46,92,0.07160739996470511,89ceff4496dcb55bc6b294af4c4830ddee58101f2ecb4dd0ccd0575c2780b57c,True
d16-c1-h6-s21866816,16,1,21866816,6,10,83efeb6a7051807221bcac813633a071eb9a578b171e6f54123b355c9f206c1a,80c8ea58d3a780b1599e49acc565693c66fdda312d6dca51378e772452fafb93,8,all_pair_product,2,70127693,300000,30.0,True,solved,11.0082803000696,2694,2682,2682,350720,339491,7708,46,92,0.07215199992060661,89ceff4496dcb55bc6b294af4c4830ddee58101f2ecb4dd0ccd0575c2780b57c,True
d16-c1-h6-s21866816,16,1,21866816,6,10,83efeb6a7051807221bcac813633a071eb9a578b171e6f54123b355c9f206c1a,80c8ea58d3a780b1599e49acc565693c66fdda312d6dca51378e772452fafb93,8,lexicographic,2,70127693,300000,30.0,True,solved,0.7611423999769613,201,189,189,26496,25029,576,6,0,0.0,89ceff4496dcb55bc6b294af4c4830ddee58101f2ecb4dd0ccd0575c2780b57c,True
d16-c1-h6-s21866821,16,1,21866821,6,10,a71905932f08437d4ffd951b8298eecc5e10751370dc7ed8a9683ead8d85c5e1,1a5fc9269aa32515c1400152e8aaa595aa7dc4e09ce2927c869ce1307433289e,8,all_pair_lexicographic,0,50127660,300000,30.0,True,solved,6.246881099999882,1436,1424,1424,188160,179871,6118,34,68,0.045356600428931415,0ac3a968a947bc0bc903b90956dfdc2aa4ab7cc4e2fd9ea183e6411649b163ee,True
d16-c1-h6-s21866821,16,1,21866821,6,10,a71905932f08437d4ffd951b8298eecc5e10751370dc7ed8a9683ead8d85c5e1,1a5fc9269aa32515c1400152e8aaa595aa7dc4e09ce2927c869ce1307433289e,8,all_pair_product,0,50127660,300000,30.0,True,solved,6.980944199953228,1667,1655,1655,218368,208860,7109,39,78,0.0415716995485127,0ac3a968a947bc0bc903b90956dfdc2aa4ab7cc4e2fd9ea183e6411649b163ee,True
d16-c1-h6-s21866821,16,1,21866821,6,10,a71905932f08437d4ffd951b8298eecc5e10751370dc7ed8a9683ead8d85c5e1,1a5fc9269aa32515c1400152e8aaa595aa7dc4e09ce2927c869ce1307433289e,8,lexicographic,0,50127660,300000,30.0,True,solved,0.7119483000133187,207,195,195,27264,25797,707,6,0,0.0,8f84de8f32a46abfba12e11a2ad0b11c68b4eebdae8eb4ae82418f50b693d582,True
d16-c1-h6-s21866821,16,1,21866821,6,10,a71905932f08437d4ffd951b8298eecc5e10751370dc7ed8a9683ead8d85c5e1,1a5fc9269aa32515c1400152e8aaa595aa7dc4e09ce2927c869ce1307433289e,8,all_pair_lexicographic,1,60127679,300000,30.0,True,solved,7.489619800006039,1436,1424,1424,188160,179871,6118,34,68,0.04681530024390668,0ac3a968a947bc0bc903b90956dfdc2aa4ab7cc4e2fd9ea183e6411649b163ee,True
d16-c1-h6-s21866821,16,1,21866821,6,10,a71905932f08437d4ffd951b8298eecc5e10751370dc7ed8a9683ead8d85c5e1,1a5fc9269aa32515c1400152e8aaa595aa7dc4e09ce2927c869ce1307433289e,8,all_pair_product,1,60127679,300000,30.0,True,solved,7.046818999922834,1572,1560,1560,205952,196931,6716,37,74,0.046467100153677166,0ac3a968a947bc0bc903b90956dfdc2aa4ab7cc4e2fd9ea183e6411649b163ee,True
d16-c1-h6-s21866821,16,1,21866821,6,10,a71905932f08437d4ffd951b8298eecc5e10751370dc7ed8a9683ead8d85c5e1,1a5fc9269aa32515c1400152e8aaa595aa7dc4e09ce2927c869ce1307433289e,8,lexicographic,1,60127679,300000,30.0,True,solved,0.793675500084646,207,195,195,27264,25797,707,6,0,0.0,8f84de8f32a46abfba12e11a2ad0b11c68b4eebdae8eb4ae82418f50b693d582,True
d16-c1-h6-s21866821,16,1,21866821,6,10,a71905932f08437d4ffd951b8298eecc5e10751370dc7ed8a9683ead8d85c5e1,1a5fc9269aa32515c1400152e8aaa595aa7dc4e09ce2927c869ce1307433289e,8,all_pair_lexicographic,2,70127698,300000,30.0,True,solved,6.307643600041047,1436,1424,1424,188160,179871,6118,34,68,0.05110220017377287,0ac3a968a947bc0bc903b90956dfdc2aa4ab7cc4e2fd9ea183e6411649b163ee,True
d16-c1-h6-s21866821,16,1,21866821,6,10,a71905932f08437d4ffd951b8298eecc5e10751370dc7ed8a9683ead8d85c5e1,1a5fc9269aa32515c1400152e8aaa595aa7dc4e09ce2927c869ce1307433289e,8,all_pair_product,2,70127698,300000,30.0,True,solved,6.815900799934752,1572,1560,1560,205952,196931,6716,37,74,0.03942120017018169,0ac3a968a947bc0bc903b90956dfdc2aa4ab7cc4e2fd9ea183e6411649b163ee,True
d16-c1-h6-s21866821,16,1,21866821,6,10,a71905932f08437d4ffd951b8298eecc5e10751370dc7ed8a9683ead8d85c5e1,1a5fc9269aa32515c1400152e8aaa595aa7dc4e09ce2927c869ce1307433289e,8,lexicographic,2,70127698,300000,30.0,True,solved,0.6876218999968842,207,195,195,27264,25797,707,6,0,0.0,8f84de8f32a46abfba12e11a2ad0b11c68b4eebdae8eb4ae82418f50b693d582,True
d16-c1-h6-s21866826,16,1,21866826,6,10,80089054b71a3ba6b508e51e657dec99948c77b037dc566401bf7f5456f64dd7,ba5f77886c5126a56abe930f7f1886ff071e0beb1395e162f1c5be1d7c4e80cc,8,all_pair_lexicographic,0,50127665,300000,30.0,True,solved,6.971767099923454,1510,1498,1498,198528,188529,7674,41,82,0.04912840109318495,8f355ae567b80a7b00ae947d57675203d9677e6895404d20452e76240ab4ad64,True
d16-c1-h6-s21866826,16,1,21866826,6,10,80089054b71a3ba6b508e51e657dec99948c77b037dc566401bf7f5456f64dd7,ba5f77886c5126a56abe930f7f1886ff071e0beb1395e162f1c5be1d7c4e80cc,8,all_pair_product,0,50127665,300000,30.0,True,solved,8.21399580000434,1693,1681,1681,222592,211377,8709,46,92,0.05789280030876398,8f355ae567b80a7b00ae947d57675203d9677e6895404d20452e76240ab4ad64,True
d16-c1-h6-s21866826,16,1,21866826,6,10,80089054b71a3ba6b508e51e657dec99948c77b037dc566401bf7f5456f64dd7,ba5f77886c5126a56abe930f7f1886ff071e0beb1395e162f1c5be1d7c4e80cc,8,lexicographic,0,50127665,300000,30.0,True,solved,1.0433241000864655,232,220,220,30464,28997,630,6,0,0.0,8f355ae567b80a7b00ae947d57675203d9677e6895404d20452e76240ab4ad64,True
d16-c1-h6-s21866826,16,1,21866826,6,10,80089054b71a3ba6b508e51e657dec99948c77b037dc566401bf7f5456f64dd7,ba5f77886c5126a56abe930f7f1886ff071e0beb1395e162f1c5be1d7c4e80cc,8,all_pair_lexicographic,1,60127684,300000,30.0,True,solved,7.4770603000652045,1510,1498,1498,198528,188529,7674,41,82,0.051106499740853906,8f355ae567b80a7b00ae947d57675203d9677e6895404d20452e76240ab4ad64,True
d16-c1-h6-s21866826,16,1,21866826,6,10,80089054b71a3ba6b508e51e657dec99948c77b037dc566401bf7f5456f64dd7,ba5f77886c5126a56abe930f7f1886ff071e0beb1395e162f1c5be1d7c4e80cc,8,all_pair_product,1,60127684,300000,30.0,True,solved,7.56622260005679,1510,1498,1498,198528,188529,7674,41,82,0.04833270038943738,8f355ae567b80a7b00ae947d57675203d9677e6895404d20452e76240ab4ad64,True
d16-c1-h6-s21866826,16,1,21866826,6,10,80089054b71a3ba6b508e51e657dec99948c77b037dc566401bf7f5456f64dd7,ba5f77886c5126a56abe930f7f1886ff071e0beb1395e162f1c5be1d7c4e80cc,8,lexicographic,1,60127684,300000,30.0,True,solved,1.1101321999449283,232,220,220,30464,28997,630,6,0,0.0,8f355ae567b80a7b00ae947d57675203d9677e6895404d20452e76240ab4ad64,True
d16-c1-h6-s21866826,16,1,21866826,6,10,80089054b71a3ba6b508e51e657dec99948c77b037dc566401bf7f5456f64dd7,ba5f77886c5126a56abe930f7f1886ff071e0beb1395e162f1c5be1d7c4e80cc,8,all_pair_lexicographic,2,70127703,300000,30.0,True,solved,7.122344399918802,1510,1498,1498,198528,188529,7674,41,82,0.051634399336762726,8f355ae567b80a7b00ae947d57675203d9677e6895404d20452e76240ab4ad64,True
d16-c1-h6-s21866826,16,1,21866826,6,10,80089054b71a3ba6b508e51e657dec99948c77b037dc566401bf7f5456f64dd7,ba5f77886c5126a56abe930f7f1886ff071e0beb1395e162f1c5be1d7c4e80cc,8,all_pair_product,2,70127703,300000,30.0,True,solved,7.45867769990582,1532,1520,1520,201472,191229,7897,42,84,0.05405640054959804,8f355ae567b80a7b00ae947d57675203d9677e6895404d20452e76240ab4ad64,True
d16-c1-h6-s21866826,16,1,21866826,6,10,80089054b71a3ba6b508e51e657dec99948c77b037dc566401bf7f5456f64dd7,ba5f77886c5126a56abe930f7f1886ff071e0beb1395e162f1c5be1d7c4e80cc,8,lexicographic,2,70127703,300000,30.0,True,solved,1.3717508999397978,232,220,220,30464,28997,630,6,0,0.0,8f355ae567b80a7b00ae947d57675203d9677e6895404d20452e76240ab4ad64,True
d16-c1-h6-s21866831,16,1,21866831,6,10,b328279c66603ffd85b2f4e07d9e9c174921cc501cd3eba4b13958adeb8cbb14,b096fd340897ebb717b9aba0e2829d1ef755474f46f9ea0abaee9a18ef30a3fb,8,all_pair_lexicographic,0,50127670,300000,30.0,True,solved,3.202209699898958,762,750,750,101376,94051,5759,30,60,0.030197500716894865,c5268a827ccf639820b41ff897c1a44818694da7cd91c61316a6c8530b1cf5f5,True
d16-c1-h6-s21866831,16,1,21866831,6,10,b328279c66603ffd85b2f4e07d9e9c174921cc501cd3eba4b13958adeb8cbb14,b096fd340897ebb717b9aba0e2829d1ef755474f46f9ea0abaee9a18ef30a3fb,8,all_pair_product,0,50127670,300000,30.0,True,solved,3.166436000028625,762,750,750,101376,94051,5759,30,60,0.029400399886071682,c5268a827ccf639820b41ff897c1a44818694da7cd91c61316a6c8530b1cf5f5,True
d16-c1-h6-s21866831,16,1,21866831,6,10,b328279c66603ffd85b2f4e07d9e9c174921cc501cd3eba4b13958adeb8cbb14,b096fd340897ebb717b9aba0e2829d1ef755474f46f9ea0abaee9a18ef30a3fb,8,lexicographic,0,50127670,300000,30.0,True,solved,0.9488771000178531,226,214,214,29696,28229,633,6,0,0.0,c5268a827ccf639820b41ff897c1a44818694da7cd91c61316a6c8530b1cf5f5,True
d16-c1-h6-s21866831,16,1,21866831,6,10,b328279c66603ffd85b2f4e07d9e9c174921cc501cd3eba4b13958adeb8cbb14,b096fd340897ebb717b9aba0e2829d1ef755474f46f9ea0abaee9a18ef30a3fb,8,all_pair_lexicographic,1,60127689,300000,30.0,True,solved,3.163148400024511,762,750,750,101376,94051,5759,30,60,0.03346300031989813,c5268a827ccf639820b41ff897c1a44818694da7cd91c61316a6c8530b1cf5f5,True
d16-c1-h6-s21866831,16,1,21866831,6,10,b328279c66603ffd85b2f4e07d9e9c174921cc501cd3eba4b13958adeb8cbb14,b096fd340897ebb717b9aba0e2829d1ef755474f46f9ea0abaee9a18ef30a3fb,8,all_pair_product,1,60127689,300000,30.0,True,solved,3.6686833000276238,790,778,778,105088,97521,5974,31,62,0.035776499775238335,c5268a827ccf639820b41ff897c1a44818694da7cd91c61316a6c8530b1cf5f5,True
d16-c1-h6-s21866831,16,1,21866831,6,10,b328279c66603ffd85b2f4e07d9e9c174921cc501cd3eba4b13958adeb8cbb14,b096fd340897ebb717b9aba0e2829d1ef755474f46f9ea0abaee9a18ef30a3fb,8,lexicographic,1,60127689,300000,30.0,True,solved,0.8331010999390855,226,214,214,29696,28229,633,6,0,0.0,c5268a827ccf639820b41ff897c1a44818694da7cd91c61316a6c8530b1cf5f5,True
d16-c1-h6-s21866831,16,1,21866831,6,10,b328279c66603ffd85b2f4e07d9e9c174921cc501cd3eba4b13958adeb8cbb14,b096fd340897ebb717b9aba0e2829d1ef755474f46f9ea0abaee9a18ef30a3fb,8,all_pair_lexicographic,2,70127708,300000,30.0,True,solved,3.2288987000938505,762,750,750,101376,94051,5759,30,60,0.03430720011238009,c5268a827ccf639820b41ff897c1a44818694da7cd91c61316a6c8530b1cf5f5,True
d16-c1-h6-s21866831,16,1,21866831,6,10,b328279c66603ffd85b2f4e07d9e9c174921cc501cd3eba4b13958adeb8cbb14,b096fd340897ebb717b9aba0e2829d1ef755474f46f9ea0abaee9a18ef30a3fb,8,all_pair_product,2,70127708,300000,30.0,True,solved,3.179893200052902,790,778,778,105088,97521,5974,31,62,0.027663199813105166,c5268a827ccf639820b41ff897c1a44818694da7cd91c61316a6c8530b1cf5f5,True
d16-c1-h6-s21866831,16,1,21866831,6,10,b328279c66603ffd85b2f4e07d9e9c174921cc501cd3eba4b13958adeb8cbb14,b096fd340897ebb717b9aba0e2829d1ef755474f46f9ea0abaee9a18ef30a3fb,8,lexicographic,2,70127708,300000,30.0,True,solved,1.0221919000614434,226,214,214,29696,28229,633,6,0,0.0,c5268a827ccf639820b41ff897c1a44818694da7cd91c61316a6c8530b1cf5f5,True
d16-c2-h6-s21866817,16,2,21866817,6,10,abdd2f849136dbd21ce7bba431de9892aaf7d51c8f12cd8081a30bd9274ba532,6c740f23759133b475c266b3efbf3ab8158f049b493548a50a390f8cb687a21f,8,all_pair_lexicographic,0,50127656,300000,30.0,True,solved,4.622419900028035,1065,1053,1053,139648,133305,4367,26,52,0.0411178000504151,e281b7f7ed1242b76ebb29bf82532430bfb46b360dad8deaff938e5184eee03f,True
d16-c2-h6-s21866817,16,2,21866817,6,10,abdd2f849136dbd21ce7bba431de9892aaf7d51c8f12cd8081a30bd9274ba532,6c740f23759133b475c266b3efbf3ab8158f049b493548a50a390f8cb687a21f,8,all_pair_product,0,50127656,300000,30.0,True,solved,4.6267555999802426,1065,1053,1053,139648,133305,4367,26,52,0.031571199535392225,e281b7f7ed1242b76ebb29bf82532430bfb46b360dad8deaff938e5184eee03f,True
d16-c2-h6-s21866817,16,2,21866817,6,10,abdd2f849136dbd21ce7bba431de9892aaf7d51c8f12cd8081a30bd9274ba532,6c740f23759133b475c266b3efbf3ab8158f049b493548a50a390f8cb687a21f,8,lexicographic,0,50127656,300000,30.0,True,solved,0.8854673000751063,224,212,212,29440,27973,523,6,0,0.0,e281b7f7ed1242b76ebb29bf82532430bfb46b360dad8deaff938e5184eee03f,True
d16-c2-h6-s21866817,16,2,21866817,6,10,abdd2f849136dbd21ce7bba431de9892aaf7d51c8f12cd8081a30bd9274ba532,6c740f23759133b475c266b3efbf3ab8158f049b493548a50a390f8cb687a21f,8,all_pair_lexicographic,1,60127675,300000,30.0,True,solved,4.492996799992397,1065,1053,1053,139648,133305,4367,26,52,0.039600500953383744,e281b7f7ed1242b76ebb29bf82532430bfb46b360dad8deaff938e5184eee03f,True
d16-c2-h6-s21866817,16,2,21866817,6,10,abdd2f849136dbd21ce7bba431de9892aaf7d51c8f12cd8081a30bd9274ba532,6c740f23759133b475c266b3efbf3ab8158f049b493548a50a390f8cb687a21f,8,all_pair_product,1,60127675,300000,30.0,True,solved,4.435988100012764,1067,1055,1055,139904,133561,4367,26,52,0.038661900092847645,e281b7f7ed1242b76ebb29bf82532430bfb46b360dad8deaff938e5184eee03f,True
d16-c2-h6-s21866817,16,2,21866817,6,10,abdd2f849136dbd21ce7bba431de9892aaf7d51c8f12cd8081a30bd9274ba532,6c740f23759133b475c266b3efbf3ab8158f049b493548a50a390f8cb687a21f,8,lexicographic,1,60127675,300000,30.0,True,solved,0.8820134000852704,224,212,212,29440,27973,523,6,0,0.0,e281b7f7ed1242b76ebb29bf82532430bfb46b360dad8deaff938e5184eee03f,True
d16-c2-h6-s21866817,16,2,21866817,6,10,abdd2f849136dbd21ce7bba431de9892aaf7d51c8f12cd8081a30bd9274ba532,6c740f23759133b475c266b3efbf3ab8158f049b493548a50a390f8cb687a21f,8,all_pair_lexicographic,2,70127694,300000,30.0,True,solved,4.705230499967001,1065,1053,1053,139648,133305,4367,26,52,0.04484679945744574,e281b7f7ed1242b76ebb29bf82532430bfb46b360dad8deaff938e5184eee03f,True
d16-c2-h6-s21866817,16,2,21866817,6,10,abdd2f849136dbd21ce7bba431de9892aaf7d51c8f12cd8081a30bd9274ba532,6c740f23759133b475c266b3efbf3ab8158f049b493548a50a390f8cb687a21f,8,all_pair_product,2,70127694,300000,30.0,True,solved,4.704575799987651,1068,1056,1056,140032,133689,4367,26,52,0.03653669962659478,e281b7f7ed1242b76ebb29bf82532430bfb46b360dad8deaff938e5184eee03f,True
d16-c2-h6-s21866817,16,2,21866817,6,10,abdd2f849136dbd21ce7bba431de9892aaf7d51c8f12cd8081a30bd9274ba532,6c740f23759133b475c266b3efbf3ab8158f049b493548a50a390f8cb687a21f,8,lexicographic,2,70127694,300000,30.0,True,solved,0.941577999969013,224,212,212,29440,27973,523,6,0,0.0,e281b7f7ed1242b76ebb29bf82532430bfb46b360dad8deaff938e5184eee03f,True
d16-c2-h6-s21866822,16,2,21866822,6,10,2ca3bbce1d221c4d9555c79a0ea23abec9e0b55e78e762581a6a526fa096c290,e0d5c104a9aecab3f33ea07ef183aefad6dbc3c6387f50753ac49abf3175464c,8,all_pair_lexicographic,0,50127661,300000,30.0,True,solved,0.7707776000024751,164,152,152,23296,18906,3452,18,36,0.018832300207577646,4a6ffb8cfd914e70caebae943e9cd70b5af1afe0e7af5a0487a1c5862cc69947,True
d16-c2-h6-s21866822,16,2,21866822,6,10,2ca3bbce1d221c4d9555c79a0ea23abec9e0b55e78e762581a6a526fa096c290,e0d5c104a9aecab3f33ea07ef183aefad6dbc3c6387f50753ac49abf3175464c,8,all_pair_product,0,50127661,300000,30.0,True,solved,0.7129044000757858,165,153,153,23424,19034,3452,18,36,0.0141165005043149,4a6ffb8cfd914e70caebae943e9cd70b5af1afe0e7af5a0487a1c5862cc69947,True
d16-c2-h6-s21866822,16,2,21866822,6,10,2ca3bbce1d221c4d9555c79a0ea23abec9e0b55e78e762581a6a526fa096c290,e0d5c104a9aecab3f33ea07ef183aefad6dbc3c6387f50753ac49abf3175464c,8,lexicographic,0,50127661,300000,30.0,True,solved,1.2998035999480635,245,233,233,32128,30661,670,6,0,0.0,4a6ffb8cfd914e70caebae943e9cd70b5af1afe0e7af5a0487a1c5862cc69947,True
d16-c2-h6-s21866822,16,2,21866822,6,10,2ca3bbce1d221c4d9555c79a0ea23abec9e0b55e78e762581a6a526fa096c290,e0d5c104a9aecab3f33ea07ef183aefad6dbc3c6387f50753ac49abf3175464c,8,all_pair_lexicographic,1,60127680,300000,30.0,True,solved,0.713313200045377,164,152,152,23296,18906,3452,18,36,0.015640500583685935,4a6ffb8cfd914e70caebae943e9cd70b5af1afe0e7af5a0487a1c5862cc69947,True
d16-c2-h6-s21866822,16,2,21866822,6,10,2ca3bbce1d221c4d9555c79a0ea23abec9e0b55e78e762581a6a526fa096c290,e0d5c104a9aecab3f33ea07ef183aefad6dbc3c6387f50753ac49abf3175464c,8,all_pair_product,1,60127680,300000,30.0,True,solved,0.7071323998970911,165,153,153,23424,19034,3452,18,36,0.014628800097852945,4a6ffb8cfd914e70caebae943e9cd70b5af1afe0e7af5a0487a1c5862cc69947,True
d16-c2-h6-s21866822,16,2,21866822,6,10,2ca3bbce1d221c4d9555c79a0ea23abec9e0b55e78e762581a6a526fa096c290,e0d5c104a9aecab3f33ea07ef183aefad6dbc3c6387f50753ac49abf3175464c,8,lexicographic,1,60127680,300000,30.0,True,solved,0.940867199911736,245,233,233,32128,30661,670,6,0,0.0,4a6ffb8cfd914e70caebae943e9cd70b5af1afe0e7af5a0487a1c5862cc69947,True
d16-c2-h6-s21866822,16,2,21866822,6,10,2ca3bbce1d221c4d9555c79a0ea23abec9e0b55e78e762581a6a526fa096c290,e0d5c104a9aecab3f33ea07ef183aefad6dbc3c6387f50753ac49abf3175464c,8,all_pair_lexicographic,2,70127699,300000,30.0,True,solved,0.8729259000392631,164,152,152,23296,18906,3452,18,36,0.02110019966494292,4a6ffb8cfd914e70caebae943e9cd70b5af1afe0e7af5a0487a1c5862cc69947,True
d16-c2-h6-s21866822,16,2,21866822,6,10,2ca3bbce1d221c4d9555c79a0ea23abec9e0b55e78e762581a6a526fa096c290,e0d5c104a9aecab3f33ea07ef183aefad6dbc3c6387f50753ac49abf3175464c,8,all_pair_product,2,70127699,300000,30.0,True,solved,0.6952376000117511,164,152,152,23296,18906,3452,18,36,0.013406900106929243,4a6ffb8cfd914e70caebae943e9cd70b5af1afe0e7af5a0487a1c5862cc69947,True
d16-c2-h6-s21866822,16,2,21866822,6,10,2ca3bbce1d221c4d9555c79a0ea23abec9e0b55e78e762581a6a526fa096c290,e0d5c104a9aecab3f33ea07ef183aefad6dbc3c6387f50753ac49abf3175464c,8,lexicographic,2,70127699,300000,30.0,True,solved,0.9684890999924392,245,233,233,32128,30661,670,6,0,0.0,4a6ffb8cfd914e70caebae943e9cd70b5af1afe0e7af5a0487a1c5862cc69947,True
d16-c2-h6-s21866827,16,2,21866827,6,10,853e506fc4c4f54c699d4ac494d74e29d0620ab3ffeda9734a4eed58277c9edf,c38dc5e8f7a41165dd310ba0a52de56d33ae415e0e43c5b9e0a3b5254154d4ab,8,all_pair_lexicographic,0,50127666,300000,30.0,True,solved,4.718950300011784,1028,1016,1016,135552,127980,5693,31,62,0.041296800249256194,160d465232599b276b696c7da9bfff860201587be1513efbcefb1bea95eae24e,True
d16-c2-h6-s21866827,16,2,21866827,6,10,853e506fc4c4f54c699d4ac494d74e29d0620ab3ffeda9734a4eed58277c9edf,c38dc5e8f7a41165dd310ba0a52de56d33ae415e0e43c5b9e0a3b5254154d4ab,8,all_pair_product,0,50127666,300000,30.0,True,solved,5.691966100013815,1241,1229,1229,163584,154551,6945,37,74,0.04015310062095523,160d465232599b276b696c7da9bfff860201587be1513efbcefb1bea95eae24e,True
d16-c2-h6-s21866827,16,2,21866827,6,10,853e506fc4c4f54c699d4ac494d74e29d0620ab3ffeda9734a4eed58277c9edf,c38dc5e8f7a41165dd310ba0a52de56d33ae415e0e43c5b9e0a3b5254154d4ab,8,lexicographic,0,50127666,300000,30.0,True,solved,1.1951250000856817,231,219,219,30336,28869,585,6,0,0.0,160d465232599b276b696c7da9bfff860201587be1513efbcefb1bea95eae24e,True
d16-c2-h6-s21866827,16,2,21866827,6,10,853e506fc4c4f54c699d4ac494d74e29d0620ab3ffeda9734a4eed58277c9edf,c38dc5e8f7a41165dd310ba0a52de56d33ae415e0e43c5b9e0a3b5254154d4ab,8,all_pair_lexicographic,1,60127685,300000,30.0,True,solved,4.911702599958517,1028,1016,1016,135552,127980,5693,31,62,0.04750019940547645,160d465232599b276b696c7da9bfff860201587be1513efbcefb1bea95eae24e,True
d16-c2-h6-s21866827,16,2,21866827,6,10,853e506fc4c4f54c699d4ac494d74e29d0620ab3ffeda9734a4eed58277c9edf,c38dc5e8f7a41165dd310ba0a52de56d33ae415e0e43c5b9e0a3b5254154d4ab,8,all_pair_product,1,60127685,300000,30.0,True,solved,5.849066999973729,1241,1229,1229,163584,154551,6945,37,74,0.04181329964194447,160d465232599b276b696c7da9bfff860201587be1513efbcefb1bea95eae24e,True
d16-c2-h6-s21866827,16,2,21866827,6,10,853e506fc4c4f54c699d4ac494d74e29d0620ab3ffeda9734a4eed58277c9edf,c38dc5e8f7a41165dd310ba0a52de56d33ae415e0e43c5b9e0a3b5254154d4ab,8,lexicographic,1,60127685,300000,30.0,True,solved,0.9918866000371054,231,219,219,30336,28869,585,6,0,0.0,160d465232599b276b696c7da9bfff860201587be1513efbcefb1bea95eae24e,True
d16-c2-h6-s21866827,16,2,21866827,6,10,853e506fc4c4f54c699d4ac494d74e29d0620ab3ffeda9734a4eed58277c9edf,c38dc5e8f7a41165dd310ba0a52de56d33ae415e0e43c5b9e0a3b5254154d4ab,8,all_pair_lexicographic,2,70127704,300000,30.0,True,solved,4.7233674000017345,1028,1016,1016,135552,127980,5693,31,62,0.040514200110919774,160d465232599b276b696c7da9bfff860201587be1513efbcefb1bea95eae24e,True
d16-c2-h6-s21866827,16,2,21866827,6,10,853e506fc4c4f54c699d4ac494d74e29d0620ab3ffeda9734a4eed58277c9edf,c38dc5e8f7a41165dd310ba0a52de56d33ae415e0e43c5b9e0a3b5254154d4ab,8,all_pair_product,2,70127704,300000,30.0,True,solved,5.620890700025484,1239,1227,1227,163328,154295,6945,37,74,0.038719299365766346,160d465232599b276b696c7da9bfff860201587be1513efbcefb1bea95eae24e,True
d16-c2-h6-s21866827,16,2,21866827,6,10,853e506fc4c4f54c699d4ac494d74e29d0620ab3ffeda9734a4eed58277c9edf,c38dc5e8f7a41165dd310ba0a52de56d33ae415e0e43c5b9e0a3b5254154d4ab,8,lexicographic,2,70127704,300000,30.0,True,solved,1.0588275999762118,231,219,219,30336,28869,585,6,0,0.0,160d465232599b276b696c7da9bfff860201587be1513efbcefb1bea95eae24e,True
d16-c2-h6-s21866832,16,2,21866832,6,10,98cc1e7d497c5eb07bd644799793a374b88783cc75728101f8cb8a2aa0b0a843,1f1a0c6fc8344a14256b8b57b11499f82f0d1614213dba0df2baa7fe0380b358,8,all_pair_lexicographic,0,50127671,300000,30.0,True,solved,10.880165099981241,2946,2934,2934,382720,371988,6788,44,88,0.0792663007741794,d39af8bedd3b275865fb98137bbf5e5396555ee36d34236773a2a031550961b9,True
d16-c2-h6-s21866832,16,2,21866832,6,10,98cc1e7d497c5eb07bd644799793a374b88783cc75728101f8cb8a2aa0b0a843,1f1a0c6fc8344a14256b8b57b11499f82f0d1614213dba0df2baa7fe0380b358,8,all_pair_product,0,50127671,300000,30.0,True,solved,12.613917900016531,3079,3067,3067,400000,388783,7142,46,92,0.07581529987510294,d39af8bedd3b275865fb98137bbf5e5396555ee36d34236773a2a031550961b9,True
d16-c2-h6-s21866832,16,2,21866832,6,10,98cc1e7d497c5eb07bd644799793a374b88783cc75728101f8cb8a2aa0b0a843,1f1a0c6fc8344a14256b8b57b11499f82f0d1614213dba0df2baa7fe0380b358,8,lexicographic,0,50127671,300000,30.0,True,solved,1.1491008999291807,206,194,194,27136,25669,445,6,0,0.0,d39af8bedd3b275865fb98137bbf5e5396555ee36d34236773a2a031550961b9,True
d16-c2-h6-s21866832,16,2,21866832,6,10,98cc1e7d497c5eb07bd644799793a374b88783cc75728101f8cb8a2aa0b0a843,1f1a0c6fc8344a14256b8b57b11499f82f0d1614213dba0df2baa7fe0380b358,8,all_pair_lexicographic,1,60127690,300000,30.0,True,solved,11.874234599992633,2946,2934,2934,382720,371988,6788,44,88,0.0766148999100551,d39af8bedd3b275865fb98137bbf5e5396555ee36d34236773a2a031550961b9,True
d16-c2-h6-s21866832,16,2,21866832,6,10,98cc1e7d497c5eb07bd644799793a374b88783cc75728101f8cb8a2aa0b0a843,1f1a0c6fc8344a14256b8b57b11499f82f0d1614213dba0df2baa7fe0380b358,8,all_pair_product,1,60127690,300000,30.0,True,solved,12.948831199901178,3126,3114,3114,406144,394685,7337,47,94,0.07754310010932386,d39af8bedd3b275865fb98137bbf5e5396555ee36d34236773a2a031550961b9,True
d16-c2-h6-s21866832,16,2,21866832,6,10,98cc1e7d497c5eb07bd644799793a374b88783cc75728101f8cb8a2aa0b0a843,1f1a0c6fc8344a14256b8b57b11499f82f0d1614213dba0df2baa7fe0380b358,8,lexicographic,1,60127690,300000,30.0,True,solved,1.1527895999606699,206,194,194,27136,25669,445,6,0,0.0,d39af8bedd3b275865fb98137bbf5e5396555ee36d34236773a2a031550961b9,True
d16-c2-h6-s21866832,16,2,21866832,6,10,98cc1e7d497c5eb07bd644799793a374b88783cc75728101f8cb8a2aa0b0a843,1f1a0c6fc8344a14256b8b57b11499f82f0d1614213dba0df2baa7fe0380b358,8,all_pair_lexicographic,2,70127709,300000,30.0,True,solved,11.448627599980682,2946,2934,2934,382720,371988,6788,44,88,0.07673450070433319,d39af8bedd3b275865fb98137bbf5e5396555ee36d34236773a2a031550961b9,True
d16-c2-h6-s21866832,16,2,21866832,6,10,98cc1e7d497c5eb07bd644799793a374b88783cc75728101f8cb8a2aa0b0a843,1f1a0c6fc8344a14256b8b57b11499f82f0d1614213dba0df2baa7fe0380b358,8,all_pair_product,2,70127709,300000,30.0,True,solved,12.263404599973,3078,3066,3066,399872,388655,7142,46,92,0.0758576993830502,d39af8bedd3b275865fb98137bbf5e5396555ee36d34236773a2a031550961b9,True
d16-c2-h6-s21866832,16,2,21866832,6,10,98cc1e7d497c5eb07bd644799793a374b88783cc75728101f8cb8a2aa0b0a843,1f1a0c6fc8344a14256b8b57b11499f82f0d1614213dba0df2baa7fe0380b358,8,lexicographic,2,70127709,300000,30.0,True,solved,0.7606474000494927,206,194,194,27136,25669,445,6,0,0.0,d39af8bedd3b275865fb98137bbf5e5396555ee36d34236773a2a031550961b9,True
d16-c3-h6-s21866818,16,3,21866818,6,10,aa36838f7ba9fffb358fb0923ef550233bebb9e3d5267fc9e0fe723f7cc6ac07,99fd1d3867001450f5bb49d404b1ebf18bb1a4e57d09dd4c5b1f20beb60899bb,8,all_pair_lexicographic,0,50127657,300000,30.0,True,solved,5.235026200069115,1186,1174,1174,155648,148335,5254,30,60,0.04347810009494424,2557890da0617d0b6cefe3634ee3ab48fa917abbb4a0f32fe7b4802be9f46b6f,True
d16-c3-h6-s21866818,16,3,21866818,6,10,aa36838f7ba9fffb358fb0923ef550233bebb9e3d5267fc9e0fe723f7cc6ac07,99fd1d3867001450f5bb49d404b1ebf18bb1a4e57d09dd4c5b1f20beb60899bb,8,all_pair_product,0,50127657,300000,30.0,True,solved,5.644433800014667,1216,1204,1204,159616,152057,5472,31,62,0.0396375993732363,2557890da0617d0b6cefe3634ee3ab48fa917abbb4a0f32fe7b4802be9f46b6f,True
d16-c3-h6-s21866818,16,3,21866818,6,10,aa36838f7ba9fffb358fb0923ef550233bebb9e3d5267fc9e0fe723f7cc6ac07,99fd1d3867001450f5bb49d404b1ebf18bb1a4e57d09dd4c5b1f20beb60899bb,8,lexicographic,0,50127657,300000,30.0,True,solved,0.9203399999532849,225,213,213,29568,28101,565,6,0,0.0,2557890da0617d0b6cefe3634ee3ab48fa917abbb4a0f32fe7b4802be9f46b6f,True
d16-c3-h6-s21866818,16,3,21866818,6,10,aa36838f7ba9fffb358fb0923ef550233bebb9e3d5267fc9e0fe723f7cc6ac07,99fd1d3867001450f5bb49d404b1ebf18bb1a4e57d09dd4c5b1f20beb60899bb,8,all_pair_lexicographic,1,60127676,300000,30.0,True,solved,5.269662200007588,1186,1174,1174,155648,148335,5254,30,60,0.045912500005215406,2557890da0617d0b6cefe3634ee3ab48fa917abbb4a0f32fe7b4802be9f46b6f,True
d16-c3-h6-s21866818,16,3,21866818,6,10,aa36838f7ba9fffb358fb0923ef550233bebb9e3d5267fc9e0fe723f7cc6ac07,99fd1d3867001450f5bb49d404b1ebf18bb1a4e57d09dd4c5b1f20beb60899bb,8,all_pair_product,1,60127676,300000,30.0,True,solved,5.297551699914038,1186,1174,1174,155648,148335,5254,30,60,0.03843630000483245,2557890da0617d0b6cefe3634ee3ab48fa917abbb4a0f32fe7b4802be9f46b6f,True
d16-c3-h6-s21866818,16,3,21866818,6,10,aa36838f7ba9fffb358fb0923ef550233bebb9e3d5267fc9e0fe723f7cc6ac07,99fd1d3867001450f5bb49d404b1ebf18bb1a4e57d09dd4c5b1f20beb60899bb,8,lexicographic,1,60127676,300000,30.0,True,solved,0.9841960999183357,225,213,213,29568,28101,565,6,0,0.0,2557890da0617d0b6cefe3634ee3ab48fa917abbb4a0f32fe7b4802be9f46b6f,True
d16-c3-h6-s21866818,16,3,21866818,6,10,aa36838f7ba9fffb358fb0923ef550233bebb9e3d5267fc9e0fe723f7cc6ac07,99fd1d3867001450f5bb49d404b1ebf18bb1a4e57d09dd4c5b1f20beb60899bb,8,all_pair_lexicographic,2,70127695,300000,30.0,True,solved,5.612361500039697,1186,1174,1174,155648,148335,5254,30,60,0.046734600444324315,2557890da0617d0b6cefe3634ee3ab48fa917abbb4a0f32fe7b4802be9f46b6f,True
d16-c3-h6-s21866818,16,3,21866818,6,10,aa36838f7ba9fffb358fb0923ef550233bebb9e3d5267fc9e0fe723f7cc6ac07,99fd1d3867001450f5bb49d404b1ebf18bb1a4e57d09dd4c5b1f20beb60899bb,8,all_pair_product,2,70127695,300000,30.0,True,solved,5.526096999994479,1187,1175,1175,155776,148463,5254,30,60,0.04525340045802295,2557890da0617d0b6cefe3634ee3ab48fa917abbb4a0f32fe7b4802be9f46b6f,True
d16-c3-h6-s21866818,16,3,21866818,6,10,aa36838f7ba9fffb358fb0923ef550233bebb9e3d5267fc9e0fe723f7cc6ac07,99fd1d3867001450f5bb49d404b1ebf18bb1a4e57d09dd4c5b1f20beb60899bb,8,lexicographic,2,70127695,300000,30.0,True,solved,0.9757820999948308,225,213,213,29568,28101,565,6,0,0.0,2557890da0617d0b6cefe3634ee3ab48fa917abbb4a0f32fe7b4802be9f46b6f,True
d16-c3-h6-s21866823,16,3,21866823,6,10,33faa4e79f4a0c335d18007ce454c18f7b9731d2ff89c4d95a2c242ecdb0d0a9,df15b0c2586ecb1d6cb1aee3cdd900437f28a5c342f1b6efd614968e6f8b7191,8,all_pair_lexicographic,0,50127662,300000,30.0,True,solved,3.4651189000578597,838,826,826,109568,105175,2433,18,36,0.045522099593654275,77619db7e343aab7ac49dad3d7663a0f0c0fcb32f6cf51cdf6b6b9c89f7f6d42,True
d16-c3-h6-s21866823,16,3,21866823,6,10,33faa4e79f4a0c335d18007ce454c18f7b9731d2ff89c4d95a2c242ecdb0d0a9,df15b0c2586ecb1d6cb1aee3cdd900437f28a5c342f1b6efd614968e6f8b7191,8,all_pair_product,0,50127662,300000,30.0,True,solved,3.091340300044976,838,826,826,109568,105175,2433,18,36,0.03230209997855127,77619db7e343aab7ac49dad3d7663a0f0c0fcb32f6cf51cdf6b6b9c89f7f6d42,True
d16-c3-h6-s21866823,16,3,21866823,6,10,33faa4e79f4a0c335d18007ce454c18f7b9731d2ff89c4d95a2c242ecdb0d0a9,df15b0c2586ecb1d6cb1aee3cdd900437f28a5c342f1b6efd614968e6f8b7191,8,lexicographic,0,50127662,300000,30.0,True,solved,0.9640591000206769,224,212,212,29440,27973,320,6,0,0.0,be5b6ea6dac2373f88cb2ce0a03a4abef46532b4725ea2be34c27ef13414c824,True
d16-c3-h6-s21866823,16,3,21866823,6,10,33faa4e79f4a0c335d18007ce454c18f7b9731d2ff89c4d95a2c242ecdb0d0a9,df15b0c2586ecb1d6cb1aee3cdd900437f28a5c342f1b6efd614968e6f8b7191,8,all_pair_lexicographic,1,60127681,300000,30.0,True,solved,3.362704199971631,838,826,826,109568,105175,2433,18,36,0.03600060008466244,77619db7e343aab7ac49dad3d7663a0f0c0fcb32f6cf51cdf6b6b9c89f7f6d42,True
d16-c3-h6-s21866823,16,3,21866823,6,10,33faa4e79f4a0c335d18007ce454c18f7b9731d2ff89c4d95a2c242ecdb0d0a9,df15b0c2586ecb1d6cb1aee3cdd900437f28a5c342f1b6efd614968e6f8b7191,8,all_pair_product,1,60127681,300000,30.0,True,solved,3.6545516001060605,868,856,856,113536,108897,2650,19,38,0.03418620000593364,77619db7e343aab7ac49dad3d7663a0f0c0fcb32f6cf51cdf6b6b9c89f7f6d42,True
d16-c3-h6-s21866823,16,3,21866823,6,10,33faa4e79f4a0c335d18007ce454c18f7b9731d2ff89c4d95a2c242ecdb0d0a9,df15b0c2586ecb1d6cb1aee3cdd900437f28a5c342f1b6efd614968e6f8b7191,8,lexicographic,1,60127681,300000,30.0,True,solved,0.8513771999860182,224,212,212,29440,27973,320,6,0,0.0,be5b6ea6dac2373f88cb2ce0a03a4abef46532b4725ea2be34c27ef13414c824,True
d16-c3-h6-s21866823,16,3,21866823,6,10,33faa4e79f4a0c335d18007ce454c18f7b9731d2ff89c4d95a2c242ecdb0d0a9,df15b0c2586ecb1d6cb1aee3cdd900437f28a5c342f1b6efd614968e6f8b7191,8,all_pair_lexicographic,2,70127700,300000,30.0,True,solved,3.5152212000684813,838,826,826,109568,105175,2433,18,36,0.03795799985527992,77619db7e343aab7ac49dad3d7663a0f0c0fcb32f6cf51cdf6b6b9c89f7f6d42,True
d16-c3-h6-s21866823,16,3,21866823,6,10,33faa4e79f4a0c335d18007ce454c18f7b9731d2ff89c4d95a2c242ecdb0d0a9,df15b0c2586ecb1d6cb1aee3cdd900437f28a5c342f1b6efd614968e6f8b7191,8,all_pair_product,2,70127700,300000,30.0,True,solved,3.6034036999335513,868,856,856,113536,108897,2650,19,38,0.03577690024394542,77619db7e343aab7ac49dad3d7663a0f0c0fcb32f6cf51cdf6b6b9c89f7f6d42,True
d16-c3-h6-s21866823,16,3,21866823,6,10,33faa4e79f4a0c335d18007ce454c18f7b9731d2ff89c4d95a2c242ecdb0d0a9,df15b0c2586ecb1d6cb1aee3cdd900437f28a5c342f1b6efd614968e6f8b7191,8,lexicographic,2,70127700,300000,30.0,True,solved,0.8453563000075519,224,212,212,29440,27973,320,6,0,0.0,be5b6ea6dac2373f88cb2ce0a03a4abef46532b4725ea2be34c27ef13414c824,True
d16-c3-h6-s21866828,16,3,21866828,6,10,7a80aae3d2220be56e2ba32207ee69d1348d9baaaced8b49d6b17e09c16acbe1,65d77951f3fe26cdc4e1065993279b70d6ca8c9cfecf01103ab31e869fc423a4,8,all_pair_lexicographic,0,50127667,300000,30.0,True,solved,16.741721000056714,3822,3810,3810,496256,482834,8611,55,110,0.10910850029904395,c4fdd104d8825b8f1f24f26832e7fd1f521b12f4812c57d7758bb15a6a4e00de,True
d16-c3-h6-s21866828,16,3,21866828,6,10,7a80aae3d2220be56e2ba32207ee69d1348d9baaaced8b49d6b17e09c16acbe1,65d77951f3fe26cdc4e1065993279b70d6ca8c9cfecf01103ab31e869fc423a4,8,all_pair_product,0,50127667,300000,30.0,True,solved,16.47975130006671,3822,3810,3810,496256,482834,8611,55,110,0.09249420056585222,c4fdd104d8825b8f1f24f26832e7fd1f521b12f4812c57d7758bb15a6a4e00de,True
d16-c3-h6-s21866828,16,3,21866828,6,10,7a80aae3d2220be56e2ba32207ee69d1348d9baaaced8b49d6b17e09c16acbe1,65d77951f3fe26cdc4e1065993279b70d6ca8c9cfecf01103ab31e869fc423a4,8,lexicographic,0,50127667,300000,30.0,True,solved,1.033947900054045,207,195,195,27264,25797,429,6,0,0.0,c4fdd104d8825b8f1f24f26832e7fd1f521b12f4812c57d7758bb15a6a4e00de,True
d16-c3-h6-s21866828,16,3,21866828,6,10,7a80aae3d2220be56e2ba32207ee69d1348d9baaaced8b49d6b17e09c16acbe1,65d77951f3fe26cdc4e1065993279b70d6ca8c9cfecf01103ab31e869fc423a4,8,all_pair_lexicographic,1,60127686,300000,30.0,True,solved,16.76302489999216,3822,3810,3810,496256,482834,8611,55,110,0.10616079962346703,c4fdd104d8825b8f1f24f26832e7fd1f521b12f4812c57d7758bb15a6a4e00de,True
d16-c3-h6-s21866828,16,3,21866828,6,10,7a80aae3d2220be56e2ba32207ee69d1348d9baaaced8b49d6b17e09c16acbe1,65d77951f3fe26cdc4e1065993279b70d6ca8c9cfecf01103ab31e869fc423a4,8,all_pair_product,1,60127686,300000,30.0,True,solved,16.730077799991705,3869,3857,3857,502400,488736,8807,56,112,0.10481289948802441,c4fdd104d8825b8f1f24f26832e7fd1f521b12f4812c57d7758bb15a6a4e00de,True
d16-c3-h6-s21866828,16,3,21866828,6,10,7a80aae3d2220be56e2ba32207ee69d1348d9baaaced8b49d6b17e09c16acbe1,65d77951f3fe26cdc4e1065993279b70d6ca8c9cfecf01103ab31e869fc423a4,8,lexicographic,1,60127686,300000,30.0,True,solved,1.273556899977848,207,195,195,27264,25797,429,6,0,0.0,c4fdd104d8825b8f1f24f26832e7fd1f521b12f4812c57d7758bb15a6a4e00de,True
d16-c3-h6-s21866828,16,3,21866828,6,10,7a80aae3d2220be56e2ba32207ee69d1348d9baaaced8b49d6b17e09c16acbe1,65d77951f3fe26cdc4e1065993279b70d6ca8c9cfecf01103ab31e869fc423a4,8,all_pair_lexicographic,2,70127705,300000,30.0,True,solved,17.226336199906655,3822,3810,3810,496256,482834,8611,55,110,0.108795499894768,c4fdd104d8825b8f1f24f26832e7fd1f521b12f4812c57d7758bb15a6a4e00de,True
d16-c3-h6-s21866828,16,3,21866828,6,10,7a80aae3d2220be56e2ba32207ee69d1348d9baaaced8b49d6b17e09c16acbe1,65d77951f3fe26cdc4e1065993279b70d6ca8c9cfecf01103ab31e869fc423a4,8,all_pair_product,2,70127705,300000,30.0,True,solved,17.25421400007326,3869,3857,3857,502400,488736,8807,56,112,0.10176849958952516,c4fdd104d8825b8f1f24f26832e7fd1f521b12f4812c57d7758bb15a6a4e00de,True
d16-c3-h6-s21866828,16,3,21866828,6,10,7a80aae3d2220be56e2ba32207ee69d1348d9baaaced8b49d6b17e09c16acbe1,65d77951f3fe26cdc4e1065993279b70d6ca8c9cfecf01103ab31e869fc423a4,8,lexicographic,2,70127705,300000,30.0,True,solved,1.0149610999505967,207,195,195,27264,25797,429,6,0,0.0,c4fdd104d8825b8f1f24f26832e7fd1f521b12f4812c57d7758bb15a6a4e00de,True
d16-c3-h6-s21866833,16,3,21866833,6,10,a5b2a465249f753f30ca514a5e964b458260dedad34b3b8acd544bf55a5d2563,bbc9904bb2ed062b971a940d4ca6ad7f64680235b80fbdbdbcf0ceef0dfd7bb6,8,all_pair_lexicographic,0,50127672,300000,30.0,True,solved,1.3084274999564514,294,282,282,39424,36013,2348,14,28,0.017993900342844427,0a38c40efd171b203321c30752884e01ff36698ea96493777bc778da7e233ac6,True
d16-c3-h6-s21866833,16,3,21866833,6,10,a5b2a465249f753f30ca514a5e964b458260dedad34b3b8acd544bf55a5d2563,bbc9904bb2ed062b971a940d4ca6ad7f64680235b80fbdbdbcf0ceef0dfd7bb6,8,all_pair_product,0,50127672,300000,30.0,True,solved,1.3695538999745622,318,306,306,42624,38969,2570,15,30,0.02450850058812648,0a38c40efd171b203321c30752884e01ff36698ea96493777bc778da7e233ac6,True
d16-c3-h6-s21866833,16,3,21866833,6,10,a5b2a465249f753f30ca514a5e964b458260dedad34b3b8acd544bf55a5d2563,bbc9904bb2ed062b971a940d4ca6ad7f64680235b80fbdbdbcf0ceef0dfd7bb6,8,lexicographic,0,50127672,300000,30.0,True,solved,1.00033029995393,231,219,219,30336,28869,677,6,0,0.0,0a38c40efd171b203321c30752884e01ff36698ea96493777bc778da7e233ac6,True
d16-c3-h6-s21866833,16,3,21866833,6,10,a5b2a465249f753f30ca514a5e964b458260dedad34b3b8acd544bf55a5d2563,bbc9904bb2ed062b971a940d4ca6ad7f64680235b80fbdbdbcf0ceef0dfd7bb6,8,all_pair_lexicographic,1,60127691,300000,30.0,True,solved,1.4095810999860987,294,282,282,39424,36013,2348,14,28,0.019196100300177932,0a38c40efd171b203321c30752884e01ff36698ea96493777bc778da7e233ac6,True
d16-c3-h6-s21866833,16,3,21866833,6,10,a5b2a465249f753f30ca514a5e964b458260dedad34b3b8acd544bf55a5d2563,bbc9904bb2ed062b971a940d4ca6ad7f64680235b80fbdbdbcf0ceef0dfd7bb6,8,all_pair_product,1,60127691,300000,30.0,True,solved,1.6236233999952674,318,306,306,42624,38969,2570,15,30,0.02016329998150468,0a38c40efd171b203321c30752884e01ff36698ea96493777bc778da7e233ac6,True
d16-c3-h6-s21866833,16,3,21866833,6,10,a5b2a465249f753f30ca514a5e964b458260dedad34b3b8acd544bf55a5d2563,bbc9904bb2ed062b971a940d4ca6ad7f64680235b80fbdbdbcf0ceef0dfd7bb6,8,lexicographic,1,60127691,300000,30.0,True,solved,0.7677107999334112,231,219,219,30336,28869,677,6,0,0.0,0a38c40efd171b203321c30752884e01ff36698ea96493777bc778da7e233ac6,True
d16-c3-h6-s21866833,16,3,21866833,6,10,a5b2a465249f753f30ca514a5e964b458260dedad34b3b8acd544bf55a5d2563,bbc9904bb2ed062b971a940d4ca6ad7f64680235b80fbdbdbcf0ceef0dfd7bb6,8,all_pair_lexicographic,2,70127710,300000,30.0,True,solved,1.3054447000613436,294,282,282,39424,36013,2348,14,28,0.02041749970521778,0a38c40efd171b203321c30752884e01ff36698ea96493777bc778da7e233ac6,True
d16-c3-h6-s21866833,16,3,21866833,6,10,a5b2a465249f753f30ca514a5e964b458260dedad34b3b8acd544bf55a5d2563,bbc9904bb2ed062b971a940d4ca6ad7f64680235b80fbdbdbcf0ceef0dfd7bb6,8,all_pair_product,2,70127710,300000,30.0,True,solved,1.2361705999355763,296,284,284,39680,36269,2348,14,28,0.017026999965310097,0a38c40efd171b203321c30752884e01ff36698ea96493777bc778da7e233ac6,True
d16-c3-h6-s21866833,16,3,21866833,6,10,a5b2a465249f753f30ca514a5e964b458260dedad34b3b8acd544bf55a5d2563,bbc9904bb2ed062b971a940d4ca6ad7f64680235b80fbdbdbcf0ceef0dfd7bb6,8,lexicographic,2,70127710,300000,30.0,True,solved,0.934648499940522,231,219,219,30336,28869,677,6,0,0.0,0a38c40efd171b203321c30752884e01ff36698ea96493777bc778da7e233ac6,True
d16-c4-h6-s21866819,16,4,21866819,6,10,49df4d71104a22b55be2adb4ed4c0f44ba042b22c5202c3fc3d08404b70540b4,8a2f5580f7f8236f680831fc45e08be07bf0e47ae71847a2dc3ec2b4556912ce,8,all_pair_lexicographic,0,50127658,300000,30.0,True,solved,12.99041580001358,2948,2936,2936,383488,371766,7745,48,96,0.0828688001492992,64ec8a044ee8a92b82292bc911d8db26d859283c05111be408462424613d651f,True
d16-c4-h6-s21866819,16,4,21866819,6,10,49df4d71104a22b55be2adb4ed4c0f44ba042b22c5202c3fc3d08404b70540b4,8a2f5580f7f8236f680831fc45e08be07bf0e47ae71847a2dc3ec2b4556912ce,8,all_pair_product,0,50127658,300000,30.0,True,solved,12.922676200047135,2982,2970,2970,387968,376003,7960,49,98,0.08074580051470548,64ec8a044ee8a92b82292bc911d8db26d859283c05111be408462424613d651f,True
d16-c4-h6-s21866819,16,4,21866819,6,10,49df4d71104a22b55be2adb4ed4c0f44ba042b22c5202c3fc3d08404b70540b4,8a2f5580f7f8236f680831fc45e08be07bf0e47ae71847a2dc3ec2b4556912ce,8,lexicographic,0,50127658,300000,30.0,True,solved,0.8664232000010088,225,213,213,29568,28101,399,6,0,0.0,64ec8a044ee8a92b82292bc911d8db26d859283c05111be408462424613d651f,True
d16-c4-h6-s21866819,16,4,21866819,6,10,49df4d71104a22b55be2adb4ed4c0f44ba042b22c5202c3fc3d08404b70540b4,8a2f5580f7f8236f680831fc45e08be07bf0e47ae71847a2dc3ec2b4556912ce,8,all_pair_lexicographic,1,60127677,300000,30.0,True,solved,12.798634900012985,2948,2936,2936,383488,371766,7745,48,96,0.0749437992926687,64ec8a044ee8a92b82292bc911d8db26d859283c05111be408462424613d651f,True
d16-c4-h6-s21866819,16,4,21866819,6,10,49df4d71104a22b55be2adb4ed4c0f44ba042b22c5202c3fc3d08404b70540b4,8a2f5580f7f8236f680831fc45e08be07bf0e47ae71847a2dc3ec2b4556912ce,8,all_pair_product,1,60127677,300000,30.0,True,solved,12.846383100026287,2952,2940,2940,384000,372278,7745,48,96,0.08022210060153157,64ec8a044ee8a92b82292bc911d8db26d859283c05111be408462424613d651f,True
d16-c4-h6-s21866819,16,4,21866819,6,10,49df4d71104a22b55be2adb4ed4c0f44ba042b22c5202c3fc3d08404b70540b4,8a2f5580f7f8236f680831fc45e08be07bf0e47ae71847a2dc3ec2b4556912ce,8,lexicographic,1,60127677,300000,30.0,True,solved,1.1683974999468774,225,213,213,29568,28101,399,6,0,0.0,64ec8a044ee8a92b82292bc911d8db26d859283c05111be408462424613d651f,True
d16-c4-h6-s21866819,16,4,21866819,6,10,49df4d71104a22b55be2adb4ed4c0f44ba042b22c5202c3fc3d08404b70540b4,8a2f5580f7f8236f680831fc45e08be07bf0e47ae71847a2dc3ec2b4556912ce,8,all_pair_lexicographic,2,70127696,300000,30.0,True,solved,13.335332099930383,2948,2936,2936,383488,371766,7745,48,96,0.08681970019824803,64ec8a044ee8a92b82292bc911d8db26d859283c05111be408462424613d651f,True
d16-c4-h6-s21866819,16,4,21866819,6,10,49df4d71104a22b55be2adb4ed4c0f44ba042b22c5202c3fc3d08404b70540b4,8a2f5580f7f8236f680831fc45e08be07bf0e47ae71847a2dc3ec2b4556912ce,8,all_pair_product,2,70127696,300000,30.0,True,solved,13.525933300028555,2952,2940,2940,384000,372278,7745,48,96,0.08822369971312582,64ec8a044ee8a92b82292bc911d8db26d859283c05111be408462424613d651f,True
d16-c4-h6-s21866819,16,4,21866819,6,10,49df4d71104a22b55be2adb4ed4c0f44ba042b22c5202c3fc3d08404b70540b4,8a2f5580f7f8236f680831fc45e08be07bf0e47ae71847a2dc3ec2b4556912ce,8,lexicographic,2,70127696,300000,30.0,True,solved,0.9953476999653503,225,213,213,29568,28101,399,6,0,0.0,64ec8a044ee8a92b82292bc911d8db26d859283c05111be408462424613d651f,True
d16-c4-h6-s21866824,16,4,21866824,6,10,7ba7437ffe6b9ac7c2aee35c6aecae074ca84304b1fe46f8d9b7a62b0b9b9024,c1349d750525b31f81a0bbe6b6f79996860a3eebbe7182f073c727526628f9e4,8,all_pair_lexicographic,0,50127663,300000,30.0,True,solved,10.436158000025898,2772,2760,2760,360576,349590,7161,45,90,0.07451209984719753,2b1c4db3980a12d76d2b7a4e7e1d64f241e01a9899d382646b8df332c5dd59c1,True
d16-c4-h6-s21866824,16,4,21866824,6,10,7ba7437ffe6b9ac7c2aee35c6aecae074ca84304b1fe46f8d9b7a62b0b9b9024,c1349d750525b31f81a0bbe6b6f79996860a3eebbe7182f073c727526628f9e4,8,all_pair_product,0,50127663,300000,30.0,True,solved,14.133831300074235,3389,3377,3377,440704,427528,8738,54,108,0.08684690028894693,2b1c4db3980a12d76d2b7a4e7e1d64f241e01a9899d382646b8df332c5dd59c1,True
d16-c4-h6-s21866824,16,4,21866824,6,10,7ba7437ffe6b9ac7c2aee35c6aecae074ca84304b1fe46f8d9b7a62b0b9b9024,c1349d750525b31f81a0bbe6b6f79996860a3eebbe7182f073c727526628f9e4,8,lexicographic,0,50127663,300000,30.0,True,solved,0.8741515000583604,227,215,215,29824,28357,374,6,0,0.0,2b1c4db3980a12d76d2b7a4e7e1d64f241e01a9899d382646b8df332c5dd59c1,True
d16-c4-h6-s21866824,16,4,21866824,6,10,7ba7437ffe6b9ac7c2aee35c6aecae074ca84304b1fe46f8d9b7a62b0b9b9024,c1349d750525b31f81a0bbe6b6f79996860a3eebbe7182f073c727526628f9e4,8,all_pair_lexicographic,1,60127682,300000,30.0,True,solved,10.677528600092046,2772,2760,2760,360576,349590,7161,45,90,0.07541830069385469,2b1c4db3980a12d76d2b7a4e7e1d64f241e01a9899d382646b8df332c5dd59c1,True
d16-c4-h6-s21866824,16,4,21866824,6,10,7ba7437ffe6b9ac7c2aee35c6aecae074ca84304b1fe46f8d9b7a62b0b9b9024,c1349d750525b31f81a0bbe6b6f79996860a3eebbe7182f073c727526628f9e4,8,all_pair_product,1,60127682,300000,30.0,True,solved,15.009781599976122,3363,3351,3351,437248,424314,8522,53,106,0.08232980023603886,2b1c4db3980a12d76d2b7a4e7e1d64f241e01a9899d382646b8df332c5dd59c1,True
d16-c4-h6-s21866824,16,4,21866824,6,10,7ba7437ffe6b9ac7c2aee35c6aecae074ca84304b1fe46f8d9b7a62b0b9b9024,c1349d750525b31f81a0bbe6b6f79996860a3eebbe7182f073c727526628f9e4,8,lexicographic,1,60127682,300000,30.0,True,solved,0.8868942999979481,227,215,215,29824,28357,374,6,0,0.0,2b1c4db3980a12d76d2b7a4e7e1d64f241e01a9899d382646b8df332c5dd59c1,True
d16-c4-h6-s21866824,16,4,21866824,6,10,7ba7437ffe6b9ac7c2aee35c6aecae074ca84304b1fe46f8d9b7a62b0b9b9024,c1349d750525b31f81a0bbe6b6f79996860a3eebbe7182f073c727526628f9e4,8,all_pair_lexicographic,2,70127701,300000,30.0,True,solved,11.7472160999896,2772,2760,2760,360576,349590,7161,45,90,0.08172799972817302,2b1c4db3980a12d76d2b7a4e7e1d64f241e01a9899d382646b8df332c5dd59c1,True
d16-c4-h6-s21866824,16,4,21866824,6,10,7ba7437ffe6b9ac7c2aee35c6aecae074ca84304b1fe46f8d9b7a62b0b9b9024,c1349d750525b31f81a0bbe6b6f79996860a3eebbe7182f073c727526628f9e4,8,all_pair_product,2,70127701,300000,30.0,True,solved,14.519794100080617,3389,3377,3377,440704,427528,8738,54,108,0.09043340035714209,2b1c4db3980a12d76d2b7a4e7e1d64f241e01a9899d382646b8df332c5dd59c1,True
d16-c4-h6-s21866824,16,4,21866824,6,10,7ba7437ffe6b9ac7c2aee35c6aecae074ca84304b1fe46f8d9b7a62b0b9b9024,c1349d750525b31f81a0bbe6b6f79996860a3eebbe7182f073c727526628f9e4,8,lexicographic,2,70127701,300000,30.0,True,solved,1.0980797000229359,227,215,215,29824,28357,374,6,0,0.0,2b1c4db3980a12d76d2b7a4e7e1d64f241e01a9899d382646b8df332c5dd59c1,True
d16-c4-h6-s21866829,16,4,21866829,6,10,225de21247ca78fff0cae9ed85c6eaed29600ff237c16a7a5b6411fe2e8b0ac8,6851808f5383a1f73bcced2e09960f41145c6be955a8fcbb3ddfd10344d6d224,8,all_pair_lexicographic,0,50127668,300000,30.0,True,solved,8.378485599998385,1844,1832,1832,239232,233135,3219,25,50,0.061702500097453594,2a213bfdf1b3d1de3103900b8380eb1123f56d54a01d19e7b251ee7b1b972b8b,True
d16-c4-h6-s21866829,16,4,21866829,6,10,225de21247ca78fff0cae9ed85c6eaed29600ff237c16a7a5b6411fe2e8b0ac8,6851808f5383a1f73bcced2e09960f41145c6be955a8fcbb3ddfd10344d6d224,8,all_pair_product,0,50127668,300000,30.0,True,solved,7.7820915000047535,1844,1832,1832,239232,233135,3219,25,50,0.051350699621252716,2a213bfdf1b3d1de3103900b8380eb1123f56d54a01d19e7b251ee7b1b972b8b,True
d16-c4-h6-s21866829,16,4,21866829,6,10,225de21247ca78fff0cae9ed85c6eaed29600ff237c16a7a5b6411fe2e8b0ac8,6851808f5383a1f73bcced2e09960f41145c6be955a8fcbb3ddfd10344d6d224,8,lexicographic,0,50127668,300000,30.0,True,solved,0.8282514000311494,175,163,163,23168,21701,409,6,0,0.0,2a213bfdf1b3d1de3103900b8380eb1123f56d54a01d19e7b251ee7b1b972b8b,True
d16-c4-h6-s21866829,16,4,21866829,6,10,225de21247ca78fff0cae9ed85c6eaed29600ff237c16a7a5b6411fe2e8b0ac8,6851808f5383a1f73bcced2e09960f41145c6be955a8fcbb3ddfd10344d6d224,8,all_pair_lexicographic,1,60127687,300000,30.0,True,solved,8.517625399981625,1844,1832,1832,239232,233135,3219,25,50,0.06077670003287494,2a213bfdf1b3d1de3103900b8380eb1123f56d54a01d19e7b251ee7b1b972b8b,True
d16-c4-h6-s21866829,16,4,21866829,6,10,225de21247ca78fff0cae9ed85c6eaed29600ff237c16a7a5b6411fe2e8b0ac8,6851808f5383a1f73bcced2e09960f41145c6be955a8fcbb3ddfd10344d6d224,8,all_pair_product,1,60127687,300000,30.0,True,solved,8.563368799979798,1845,1833,1833,239360,233263,3219,25,50,0.049714700784534216,2a213bfdf1b3d1de3103900b8380eb1123f56d54a01d19e7b251ee7b1b972b8b,True
d16-c4-h6-s21866829,16,4,21866829,6,10,225de21247ca78fff0cae9ed85c6eaed29600ff237c16a7a5b6411fe2e8b0ac8,6851808f5383a1f73bcced2e09960f41145c6be955a8fcbb3ddfd10344d6d224,8,lexicographic,1,60127687,300000,30.0,True,solved,0.7033616999397054,175,163,163,23168,21701,409,6,0,0.0,2a213bfdf1b3d1de3103900b8380eb1123f56d54a01d19e7b251ee7b1b972b8b,True
d16-c4-h6-s21866829,16,4,21866829,6,10,225de21247ca78fff0cae9ed85c6eaed29600ff237c16a7a5b6411fe2e8b0ac8,6851808f5383a1f73bcced2e09960f41145c6be955a8fcbb3ddfd10344d6d224,8,all_pair_lexicographic,2,70127706,300000,30.0,True,solved,8.360936700017191,1844,1832,1832,239232,233135,3219,25,50,0.06576600042171776,2a213bfdf1b3d1de3103900b8380eb1123f56d54a01d19e7b251ee7b1b972b8b,True
d16-c4-h6-s21866829,16,4,21866829,6,10,225de21247ca78fff0cae9ed85c6eaed29600ff237c16a7a5b6411fe2e8b0ac8,6851808f5383a1f73bcced2e09960f41145c6be955a8fcbb3ddfd10344d6d224,8,all_pair_product,2,70127706,300000,30.0,True,solved,8.81578940001782,1845,1833,1833,239360,233263,3219,25,50,0.05929179966915399,2a213bfdf1b3d1de3103900b8380eb1123f56d54a01d19e7b251ee7b1b972b8b,True
d16-c4-h6-s21866829,16,4,21866829,6,10,225de21247ca78fff0cae9ed85c6eaed29600ff237c16a7a5b6411fe2e8b0ac8,6851808f5383a1f73bcced2e09960f41145c6be955a8fcbb3ddfd10344d6d224,8,lexicographic,2,70127706,300000,30.0,True,solved,0.9017353999661282,175,163,163,23168,21701,409,6,0,0.0,2a213bfdf1b3d1de3103900b8380eb1123f56d54a01d19e7b251ee7b1b972b8b,True
d16-c4-h6-s21866834,16,4,21866834,6,10,867dfc4eef913e1d53bc4d1371be8554f47eb8142457ea2fbd98f85d6a66a785,b2e1de88d7cf810bf4851d4a4941e7d413f1e8a4611732b3dbe71cc29762c824,8,all_pair_lexicographic,0,50127673,300000,30.0,True,solved,4.924719700007699,1110,1098,1098,146304,138246,6048,33,66,0.04646559990942478,86264ddb90e549a2428f36311a57d3cf34cbb86a3b0680be5dfc7e757d48ed19,True
d16-c4-h6-s21866834,16,4,21866834,6,10,867dfc4eef913e1d53bc4d1371be8554f47eb8142457ea2fbd98f85d6a66a785,b2e1de88d7cf810bf4851d4a4941e7d413f1e8a4611732b3dbe71cc29762c824,8,all_pair_product,0,50127673,300000,30.0,True,solved,4.393645599950105,1119,1107,1107,147584,139283,6283,34,68,0.0326840995112434,86264ddb90e549a2428f36311a57d3cf34cbb86a3b0680be5dfc7e757d48ed19,True
d16-c4-h6-s21866834,16,4,21866834,6,10,867dfc4eef913e1d53bc4d1371be8554f47eb8142457ea2fbd98f85d6a66a785,b2e1de88d7cf810bf4851d4a4941e7d413f1e8a4611732b3dbe71cc29762c824,8,lexicographic,0,50127673,300000,30.0,True,solved,0.8827000999590382,245,233,233,32128,30661,548,6,0,0.0,86264ddb90e549a2428f36311a57d3cf34cbb86a3b0680be5dfc7e757d48ed19,True
d16-c4-h6-s21866834,16,4,21866834,6,10,867dfc4eef913e1d53bc4d1371be8554f47eb8142457ea2fbd98f85d6a66a785,b2e1de88d7cf810bf4851d4a4941e7d413f1e8a4611732b3dbe71cc29762c824,8,all_pair_lexicographic,1,60127692,300000,30.0,True,solved,4.79476579988841,1110,1098,1098,146304,138246,6048,33,66,0.03940920007880777,86264ddb90e549a2428f36311a57d3cf34cbb86a3b0680be5dfc7e757d48ed19,True
d16-c4-h6-s21866834,16,4,21866834,6,10,867dfc4eef913e1d53bc4d1371be8554f47eb8142457ea2fbd98f85d6a66a785,b2e1de88d7cf810bf4851d4a4941e7d413f1e8a4611732b3dbe71cc29762c824,8,all_pair_product,1,60127692,300000,30.0,True,solved,4.072446699952707,1120,1108,1108,147712,139412,6282,34,68,0.03117090032901615,86264ddb90e549a2428f36311a57d3cf34cbb86a3b0680be5dfc7e757d48ed19,True
d16-c4-h6-s21866834,16,4,21866834,6,10,867dfc4eef913e1d53bc4d1371be8554f47eb8142457ea2fbd98f85d6a66a785,b2e1de88d7cf810bf4851d4a4941e7d413f1e8a4611732b3dbe71cc29762c824,8,lexicographic,1,60127692,300000,30.0,True,solved,1.3745115000056103,245,233,233,32128,30661,548,6,0,0.0,86264ddb90e549a2428f36311a57d3cf34cbb86a3b0680be5dfc7e757d48ed19,True
d16-c4-h6-s21866834,16,4,21866834,6,10,867dfc4eef913e1d53bc4d1371be8554f47eb8142457ea2fbd98f85d6a66a785,b2e1de88d7cf810bf4851d4a4941e7d413f1e8a4611732b3dbe71cc29762c824,8,all_pair_lexicographic,2,70127711,300000,30.0,True,solved,4.847696900018491,1110,1098,1098,146304,138246,6048,33,66,0.04103249998297542,86264ddb90e549a2428f36311a57d3cf34cbb86a3b0680be5dfc7e757d48ed19,True
d16-c4-h6-s21866834,16,4,21866834,6,10,867dfc4eef913e1d53bc4d1371be8554f47eb8142457ea2fbd98f85d6a66a785,b2e1de88d7cf810bf4851d4a4941e7d413f1e8a4611732b3dbe71cc29762c824,8,all_pair_product,2,70127711,300000,30.0,True,solved,4.094368000049144,1128,1116,1116,148864,140321,6517,35,70,0.03306480008177459,86264ddb90e549a2428f36311a57d3cf34cbb86a3b0680be5dfc7e757d48ed19,True
d16-c4-h6-s21866834,16,4,21866834,6,10,867dfc4eef913e1d53bc4d1371be8554f47eb8142457ea2fbd98f85d6a66a785,b2e1de88d7cf810bf4851d4a4941e7d413f1e8a4611732b3dbe71cc29762c824,8,lexicographic,2,70127711,300000,30.0,True,solved,0.9698506999993697,245,233,233,32128,30661,548,6,0,0.0,86264ddb90e549a2428f36311a57d3cf34cbb86a3b0680be5dfc7e757d48ed19,True
d20-c0-h4-s22264815,20,0,22264815,4,16,0d5f399c0c571861c05e470ad9a1bfa5c2ccc2918143ba0e336b4725d2ccc1e0,2d52ad7420551bc7d387999b608d10ca3d7b3d9abf107583813d20e4bc22e774,8,all_pair_lexicographic,0,50525654,300000,30.0,True,solved,3.3947836000006646,330,318,318,81752,79427,1392,9,27,0.02347780019044876,28161c22a9485931d73601adf47d7ffcbe9376194afaf9d6cf73365a8e585c11,True
d20-c0-h4-s22264815,20,0,22264815,4,16,0d5f399c0c571861c05e470ad9a1bfa5c2ccc2918143ba0e336b4725d2ccc1e0,2d52ad7420551bc7d387999b608d10ca3d7b3d9abf107583813d20e4bc22e774,8,all_pair_product,0,50525654,300000,30.0,True,solved,3.2548618998844177,330,318,318,81752,79427,1392,9,27,0.01916690031066537,28161c22a9485931d73601adf47d7ffcbe9376194afaf9d6cf73365a8e585c11,True
d20-c0-h4-s22264815,20,0,22264815,4,16,0d5f399c0c571861c05e470ad9a1bfa5c2ccc2918143ba0e336b4725d2ccc1e0,2d52ad7420551bc7d387999b608d10ca3d7b3d9abf107583813d20e4bc22e774,8,lexicographic,0,50525654,300000,30.0,True,solved,2.628940899972804,233,221,221,58408,57375,414,4,0,0.0,28161c22a9485931d73601adf47d7ffcbe9376194afaf9d6cf73365a8e585c11,True
d20-c0-h4-s22264815,20,0,22264815,4,16,0d5f399c0c571861c05e470ad9a1bfa5c2ccc2918143ba0e336b4725d2ccc1e0,2d52ad7420551bc7d387999b608d10ca3d7b3d9abf107583813d20e4bc22e774,8,all_pair_lexicographic,1,60525673,300000,30.0,True,solved,4.039853000082076,330,318,318,81752,79427,1392,9,27,0.02351309999357909,28161c22a9485931d73601adf47d7ffcbe9376194afaf9d6cf73365a8e585c11,True
d20-c0-h4-s22264815,20,0,22264815,4,16,0d5f399c0c571861c05e470ad9a1bfa5c2ccc2918143ba0e336b4725d2ccc1e0,2d52ad7420551bc7d387999b608d10ca3d7b3d9abf107583813d20e4bc22e774,8,all_pair_product,1,60525673,300000,30.0,True,solved,3.931541600031778,330,318,318,81752,79427,1392,9,27,0.020863699610345066,28161c22a9485931d73601adf47d7ffcbe9376194afaf9d6cf73365a8e585c11,True
d20-c0-h4-s22264815,20,0,22264815,4,16,0d5f399c0c571861c05e470ad9a1bfa5c2ccc2918143ba0e336b4725d2ccc1e0,2d52ad7420551bc7d387999b608d10ca3d7b3d9abf107583813d20e4bc22e774,8,lexicographic,1,60525673,300000,30.0,True,solved,2.6861399998888373,233,221,221,58408,57375,414,4,0,0.0,28161c22a9485931d73601adf47d7ffcbe9376194afaf9d6cf73365a8e585c11,True
d20-c0-h4-s22264815,20,0,22264815,4,16,0d5f399c0c571861c05e470ad9a1bfa5c2ccc2918143ba0e336b4725d2ccc1e0,2d52ad7420551bc7d387999b608d10ca3d7b3d9abf107583813d20e4bc22e774,8,all_pair_lexicographic,2,70525692,300000,30.0,True,solved,3.4611979000037536,330,318,318,81752,79427,1392,9,27,0.02176970022264868,28161c22a9485931d73601adf47d7ffcbe9376194afaf9d6cf73365a8e585c11,True
d20-c0-h4-s22264815,20,0,22264815,4,16,0d5f399c0c571861c05e470ad9a1bfa5c2ccc2918143ba0e336b4725d2ccc1e0,2d52ad7420551bc7d387999b608d10ca3d7b3d9abf107583813d20e4bc22e774,8,all_pair_product,2,70525692,300000,30.0,True,solved,4.229205199982971,330,318,318,81752,79427,1392,9,27,0.019525300012901425,28161c22a9485931d73601adf47d7ffcbe9376194afaf9d6cf73365a8e585c11,True
d20-c0-h4-s22264815,20,0,22264815,4,16,0d5f399c0c571861c05e470ad9a1bfa5c2ccc2918143ba0e336b4725d2ccc1e0,2d52ad7420551bc7d387999b608d10ca3d7b3d9abf107583813d20e4bc22e774,8,lexicographic,2,70525692,300000,30.0,True,solved,2.3251889999955893,233,221,221,58408,57375,414,4,0,0.0,28161c22a9485931d73601adf47d7ffcbe9376194afaf9d6cf73365a8e585c11,True
d20-c0-h4-s22264818,20,0,22264818,4,16,9e8635273dd192cf0b7fc14bf604c4fe002e9dc3584200ca2dc19db43079f579,6decd09cc1b5a8194264c2e05efd20e483029ef8984c0fb4fccd6da4aaea66d2,8,all_pair_lexicographic,0,50525657,300000,30.0,True,solved,3.334905100055039,258,246,246,64312,62505,756,7,21,0.030068099964410067,faa5aaee447b3ead851f9e814df3767b2553880ae28778987e5895c4c7b0d2e9,True
d20-c0-h4-s22264818,20,0,22264818,4,16,9e8635273dd192cf0b7fc14bf604c4fe002e9dc3584200ca2dc19db43079f579,6decd09cc1b5a8194264c2e05efd20e483029ef8984c0fb4fccd6da4aaea66d2,8,all_pair_product,0,50525657,300000,30.0,True,solved,2.932076600030996,258,246,246,64312,62505,756,7,21,0.025732200359925628,faa5aaee447b3ead851f9e814df3767b2553880ae28778987e5895c4c7b0d2e9,True
d20-c0-h4-s22264818,20,0,22264818,4,16,9e8635273dd192cf0b7fc14bf604c4fe002e9dc3584200ca2dc19db43079f579,6decd09cc1b5a8194264c2e05efd20e483029ef8984c0fb4fccd6da4aaea66d2,8,lexicographic,0,50525657,300000,30.0,True,solved,2.181452300050296,193,181,181,47672,46637,226,4,0,0.0,faa5aaee447b3ead851f9e814df3767b2553880ae28778987e5895c4c7b0d2e9,True
d20-c0-h4-s22264818,20,0,22264818,4,16,9e8635273dd192cf0b7fc14bf604c4fe002e9dc3584200ca2dc19db43079f579,6decd09cc1b5a8194264c2e05efd20e483029ef8984c0fb4fccd6da4aaea66d2,8,all_pair_lexicographic,1,60525676,300000,30.0,True,solved,3.1065461999969557,258,246,246,64312,62505,756,7,21,0.02729720005299896,faa5aaee447b3ead851f9e814df3767b2553880ae28778987e5895c4c7b0d2e9,True
d20-c0-h4-s22264818,20,0,22264818,4,16,9e8635273dd192cf0b7fc14bf604c4fe002e9dc3584200ca2dc19db43079f579,6decd09cc1b5a8194264c2e05efd20e483029ef8984c0fb4fccd6da4aaea66d2,8,all_pair_product,1,60525676,300000,30.0,True,solved,2.9750844000373036,258,246,246,64312,62505,756,7,21,0.02192449977155775,faa5aaee447b3ead851f9e814df3767b2553880ae28778987e5895c4c7b0d2e9,True
d20-c0-h4-s22264818,20,0,22264818,4,16,9e8635273dd192cf0b7fc14bf604c4fe002e9dc3584200ca2dc19db43079f579,6decd09cc1b5a8194264c2e05efd20e483029ef8984c0fb4fccd6da4aaea66d2,8,lexicographic,1,60525676,300000,30.0,True,solved,2.256188299972564,193,181,181,47672,46637,226,4,0,0.0,faa5aaee447b3ead851f9e814df3767b2553880ae28778987e5895c4c7b0d2e9,True
d20-c0-h4-s22264818,20,0,22264818,4,16,9e8635273dd192cf0b7fc14bf604c4fe002e9dc3584200ca2dc19db43079f579,6decd09cc1b5a8194264c2e05efd20e483029ef8984c0fb4fccd6da4aaea66d2,8,all_pair_lexicographic,2,70525695,300000,30.0,True,solved,2.8084107999457046,258,246,246,64312,62505,756,7,21,0.029768399777822196,faa5aaee447b3ead851f9e814df3767b2553880ae28778987e5895c4c7b0d2e9,True
d20-c0-h4-s22264818,20,0,22264818,4,16,9e8635273dd192cf0b7fc14bf604c4fe002e9dc3584200ca2dc19db43079f579,6decd09cc1b5a8194264c2e05efd20e483029ef8984c0fb4fccd6da4aaea66d2,8,all_pair_product,2,70525695,300000,30.0,True,solved,3.1855749000096694,258,246,246,64312,62505,756,7,21,0.023767999839037657,faa5aaee447b3ead851f9e814df3767b2553880ae28778987e5895c4c7b0d2e9,True
d20-c0-h4-s22264818,20,0,22264818,4,16,9e8635273dd192cf0b7fc14bf604c4fe002e9dc3584200ca2dc19db43079f579,6decd09cc1b5a8194264c2e05efd20e483029ef8984c0fb4fccd6da4aaea66d2,8,lexicographic,2,70525695,300000,30.0,True,solved,1.9823060999624431,193,181,181,47672,46637,226,4,0,0.0,faa5aaee447b3ead851f9e814df3767b2553880ae28778987e5895c4c7b0d2e9,True
d20-c0-h4-s22264821,20,0,22264821,4,16,dc4da90c248c0147ee5451bff018f8bd45393aea93a464be7961f66d5d2fddb8,01ca817d34cde720e694093f2f0458b754814b7b2c812052685d221e7f4c6ae5,8,all_pair_lexicographic,0,50525660,300000,30.0,True,solved,2.972975999931805,203,191,191,49488,47679,913,7,24,0.028093099943362176,fe2a32c9f3c9126e6eb9fb7003dfd2f69f9cd08945276c8fb961d786949f4b21,True
d20-c0-h4-s22264821,20,0,22264821,4,16,dc4da90c248c0147ee5451bff018f8bd45393aea93a464be7961f66d5d2fddb8,01ca817d34cde720e694093f2f0458b754814b7b2c812052685d221e7f4c6ae5,8,all_pair_product,0,50525660,300000,30.0,True,solved,2.4229647000320256,203,191,191,49488,47679,913,7,24,0.025319700012914836,fe2a32c9f3c9126e6eb9fb7003dfd2f69f9cd08945276c8fb961d786949f4b21,True
d20-c0-h4-s22264821,20,0,22264821,4,16,dc4da90c248c0147ee5451bff018f8bd45393aea93a464be7961f66d5d2fddb8,01ca817d34cde720e694093f2f0458b754814b7b2c812052685d221e7f4c6ae5,8,lexicographic,0,50525660,300000,30.0,True,solved,2.384232999989763,211,199,199,52528,51494,322,4,0,0.0,fe2a32c9f3c9126e6eb9fb7003dfd2f69f9cd08945276c8fb961d786949f4b21,True
d20-c0-h4-s22264821,20,0,22264821,4,16,dc4da90c248c0147ee5451bff018f8bd45393aea93a464be7961f66d5d2fddb8,01ca817d34cde720e694093f2f0458b754814b7b2c812052685d221e7f4c6ae5,8,all_pair_lexicographic,1,60525679,300000,30.0,True,solved,2.1657518999418244,203,191,191,49488,47679,913,7,24,0.020203500287607312,fe2a32c9f3c9126e6eb9fb7003dfd2f69f9cd08945276c8fb961d786949f4b21,True
d20-c0-h4-s22264821,20,0,22264821,4,16,dc4da90c248c0147ee5451bff018f8bd45393aea93a464be7961f66d5d2fddb8,01ca817d34cde720e694093f2f0458b754814b7b2c812052685d221e7f4c6ae5,8,all_pair_product,1,60525679,300000,30.0,True,solved,2.3096979999681935,203,191,191,49488,47679,913,7,24,0.022131099714897573,fe2a32c9f3c9126e6eb9fb7003dfd2f69f9cd08945276c8fb961d786949f4b21,True
d20-c0-h4-s22264821,20,0,22264821,4,16,dc4da90c248c0147ee5451bff018f8bd45393aea93a464be7961f66d5d2fddb8,01ca817d34cde720e694093f2f0458b754814b7b2c812052685d221e7f4c6ae5,8,lexicographic,1,60525679,300000,30.0,True,solved,2.3544099999126047,211,199,199,52528,51494,322,4,0,0.0,fe2a32c9f3c9126e6eb9fb7003dfd2f69f9cd08945276c8fb961d786949f4b21,True
d20-c0-h4-s22264821,20,0,22264821,4,16,dc4da90c248c0147ee5451bff018f8bd45393aea93a464be7961f66d5d2fddb8,01ca817d34cde720e694093f2f0458b754814b7b2c812052685d221e7f4c6ae5,8,all_pair_lexicographic,2,70525698,300000,30.0,True,solved,2.1318336999975145,203,191,191,49488,47679,913,7,24,0.02291930024512112,fe2a32c9f3c9126e6eb9fb7003dfd2f69f9cd08945276c8fb961d786949f4b21,True
d20-c0-h4-s22264821,20,0,22264821,4,16,dc4da90c248c0147ee5451bff018f8bd45393aea93a464be7961f66d5d2fddb8,01ca817d34cde720e694093f2f0458b754814b7b2c812052685d221e7f4c6ae5,8,all_pair_product,2,70525698,300000,30.0,True,solved,2.2261903999606147,203,191,191,49488,47679,913,7,24,0.017990799737162888,fe2a32c9f3c9126e6eb9fb7003dfd2f69f9cd08945276c8fb961d786949f4b21,True
d20-c0-h4-s22264821,20,0,22264821,4,16,dc4da90c248c0147ee5451bff018f8bd45393aea93a464be7961f66d5d2fddb8,01ca817d34cde720e694093f2f0458b754814b7b2c812052685d221e7f4c6ae5,8,lexicographic,2,70525698,300000,30.0,True,solved,2.4727867000037804,211,199,199,52528,51494,322,4,0,0.0,fe2a32c9f3c9126e6eb9fb7003dfd2f69f9cd08945276c8fb961d786949f4b21,True
d20-c0-h4-s22264824,20,0,22264824,4,16,cf8efa07b2065dc44868360661c1ebd3c5248bda19afe09a030cd8eb25ef8063,0e02639804d955e90d68a79f889057561944f03d5f8dfd3502027ce50ba00656,8,all_pair_lexicographic,0,50525663,300000,30.0,True,solved,3.809545599971898,363,351,351,88216,85369,1854,11,36,0.024009499815292656,5af7cc8705e6ac38eb7f11c7096a4f741868a27fd0f55f8b957a4de08a6e58b7,True
d20-c0-h4-s22264824,20,0,22264824,4,16,cf8efa07b2065dc44868360661c1ebd3c5248bda19afe09a030cd8eb25ef8063,0e02639804d955e90d68a79f889057561944f03d5f8dfd3502027ce50ba00656,8,all_pair_product,0,50525663,300000,30.0,True,solved,4.411844599992037,363,351,351,88216,85369,1854,11,36,0.02733799978159368,5af7cc8705e6ac38eb7f11c7096a4f741868a27fd0f55f8b957a4de08a6e58b7,True
d20-c0-h4-s22264824,20,0,22264824,4,16,cf8efa07b2065dc44868360661c1ebd3c5248bda19afe09a030cd8eb25ef8063,0e02639804d955e90d68a79f889057561944f03d5f8dfd3502027ce50ba00656,8,lexicographic,0,50525663,300000,30.0,True,solved,2.540641100029461,241,229,229,60704,59671,381,4,0,0.0,5af7cc8705e6ac38eb7f11c7096a4f741868a27fd0f55f8b957a4de08a6e58b7,True
d20-c0-h4-s22264824,20,0,22264824,4,16,cf8efa07b2065dc44868360661c1ebd3c5248bda19afe09a030cd8eb25ef8063,0e02639804d955e90d68a79f889057561944f03d5f8dfd3502027ce50ba00656,8,all_pair_lexicographic,1,60525682,300000,30.0,True,solved,4.187628799933009,363,351,351,88216,85369,1854,11,36,0.025204199948348105,5af7cc8705e6ac38eb7f11c7096a4f741868a27fd0f55f8b957a4de08a6e58b7,True
d20-c0-h4-s22264824,20,0,22264824,4,16,cf8efa07b2065dc44868360661c1ebd3c5248bda19afe09a030cd8eb25ef8063,0e02639804d955e90d68a79f889057561944f03d5f8dfd3502027ce50ba00656,8,all_pair_product,1,60525682,300000,30.0,True,solved,4.276892499998212,363,351,351,88216,85369,1854,11,36,0.02524530014488846,5af7cc8705e6ac38eb7f11c7096a4f741868a27fd0f55f8b957a4de08a6e58b7,True
d20-c0-h4-s22264824,20,0,22264824,4,16,cf8efa07b2065dc44868360661c1ebd3c5248bda19afe09a030cd8eb25ef8063,0e02639804d955e90d68a79f889057561944f03d5f8dfd3502027ce50ba00656,8,lexicographic,1,60525682,300000,30.0,True,solved,2.963074899977073,241,229,229,60704,59671,381,4,0,0.0,5af7cc8705e6ac38eb7f11c7096a4f741868a27fd0f55f8b957a4de08a6e58b7,True
d20-c0-h4-s22264824,20,0,22264824,4,16,cf8efa07b2065dc44868360661c1ebd3c5248bda19afe09a030cd8eb25ef8063,0e02639804d955e90d68a79f889057561944f03d5f8dfd3502027ce50ba00656,8,all_pair_lexicographic,2,70525701,300000,30.0,True,solved,4.289677000022493,363,351,351,88216,85369,1854,11,36,0.025171000277623534,5af7cc8705e6ac38eb7f11c7096a4f741868a27fd0f55f8b957a4de08a6e58b7,True
d20-c0-h4-s22264824,20,0,22264824,4,16,cf8efa07b2065dc44868360661c1ebd3c5248bda19afe09a030cd8eb25ef8063,0e02639804d955e90d68a79f889057561944f03d5f8dfd3502027ce50ba00656,8,all_pair_product,2,70525701,300000,30.0,True,solved,4.272237199940719,363,351,351,88216,85369,1854,11,36,0.030333900009281933,5af7cc8705e6ac38eb7f11c7096a4f741868a27fd0f55f8b957a4de08a6e58b7,True
d20-c0-h4-s22264824,20,0,22264824,4,16,cf8efa07b2065dc44868360661c1ebd3c5248bda19afe09a030cd8eb25ef8063,0e02639804d955e90d68a79f889057561944f03d5f8dfd3502027ce50ba00656,8,lexicographic,2,70525701,300000,30.0,True,solved,2.646359800011851,241,229,229,60704,59671,381,4,0,0.0,5af7cc8705e6ac38eb7f11c7096a4f741868a27fd0f55f8b957a4de08a6e58b7,True
d20-c0-h4-s22264827,20,0,22264827,4,16,6493916f5e29abf3029abbc3c7fecc34ca05628af15e5ca15d26856ce6d87c07,0a20bfe34d9c0040be64f05924588de6a200fbe481a8ce4a32dfefcd28516cf3,8,all_pair_lexicographic,0,50525666,300000,30.0,True,solved,4.5823414999758825,382,370,370,94816,91976,1758,11,33,0.028304500388912857,3d09d753274b6fc80333ffe1c8405f6c4d261798a430f64abba3b32e6ce082a9,True
d20-c0-h4-s22264827,20,0,22264827,4,16,6493916f5e29abf3029abbc3c7fecc34ca05628af15e5ca15d26856ce6d87c07,0a20bfe34d9c0040be64f05924588de6a200fbe481a8ce4a32dfefcd28516cf3,8,all_pair_product,0,50525666,300000,30.0,True,solved,4.488169200019911,382,370,370,94816,91976,1758,11,33,0.027821100200526416,3d09d753274b6fc80333ffe1c8405f6c4d261798a430f64abba3b32e6ce082a9,True
d20-c0-h4-s22264827,20,0,22264827,4,16,6493916f5e29abf3029abbc3c7fecc34ca05628af15e5ca15d26856ce6d87c07,0a20bfe34d9c0040be64f05924588de6a200fbe481a8ce4a32dfefcd28516cf3,8,lexicographic,0,50525666,300000,30.0,True,solved,2.843632600037381,248,236,236,62496,61463,313,4,0,0.0,3d09d753274b6fc80333ffe1c8405f6c4d261798a430f64abba3b32e6ce082a9,True
d20-c0-h4-s22264827,20,0,22264827,4,16,6493916f5e29abf3029abbc3c7fecc34ca05628af15e5ca15d26856ce6d87c07,0a20bfe34d9c0040be64f05924588de6a200fbe481a8ce4a32dfefcd28516cf3,8,all_pair_lexicographic,1,60525685,300000,30.0,True,solved,4.434593199985102,382,370,370,94816,91976,1758,11,33,0.029465500032529235,3d09d753274b6fc80333ffe1c8405f6c4d261798a430f64abba3b32e6ce082a9,True
d20-c0-h4-s22264827,20,0,22264827,4,16,6493916f5e29abf3029abbc3c7fecc34ca05628af15e5ca15d26856ce6d87c07,0a20bfe34d9c0040be64f05924588de6a200fbe481a8ce4a32dfefcd28516cf3,8,all_pair_product,1,60525685,300000,30.0,True,solved,4.268364000017755,382,370,370,94816,91976,1758,11,33,0.024013500078581274,3d09d753274b6fc80333ffe1c8405f6c4d261798a430f64abba3b32e6ce082a9,True
d20-c0-h4-s22264827,20,0,22264827,4,16,6493916f5e29abf3029abbc3c7fecc34ca05628af15e5ca15d26856ce6d87c07,0a20bfe34d9c0040be64f05924588de6a200fbe481a8ce4a32dfefcd28516cf3,8,lexicographic,1,60525685,300000,30.0,True,solved,2.896264599985443,248,236,236,62496,61463,313,4,0,0.0,3d09d753274b6fc80333ffe1c8405f6c4d261798a430f64abba3b32e6ce082a9,True
d20-c0-h4-s22264827,20,0,22264827,4,16,6493916f5e29abf3029abbc3c7fecc34ca05628af15e5ca15d26856ce6d87c07,0a20bfe34d9c0040be64f05924588de6a200fbe481a8ce4a32dfefcd28516cf3,8,all_pair_lexicographic,2,70525704,300000,30.0,True,solved,4.659314400050789,382,370,370,94816,91976,1758,11,33,0.027054200181737542,3d09d753274b6fc80333ffe1c8405f6c4d261798a430f64abba3b32e6ce082a9,True
d20-c0-h4-s22264827,20,0,22264827,4,16,6493916f5e29abf3029abbc3c7fecc34ca05628af15e5ca15d26856ce6d87c07,0a20bfe34d9c0040be64f05924588de6a200fbe481a8ce4a32dfefcd28516cf3,8,all_pair_product,2,70525704,300000,30.0,True,solved,4.436572400038131,382,370,370,94816,91976,1758,11,33,0.02921069983858615,3d09d753274b6fc80333ffe1c8405f6c4d261798a430f64abba3b32e6ce082a9,True
d20-c0-h4-s22264827,20,0,22264827,4,16,6493916f5e29abf3029abbc3c7fecc34ca05628af15e5ca15d26856ce6d87c07,0a20bfe34d9c0040be64f05924588de6a200fbe481a8ce4a32dfefcd28516cf3,8,lexicographic,2,70525704,300000,30.0,True,solved,3.0555689999600872,248,236,236,62496,61463,313,4,0,0.0,3d09d753274b6fc80333ffe1c8405f6c4d261798a430f64abba3b32e6ce082a9,True
d20-c0-h4-s22264830,20,0,22264830,4,16,4c01513c5b4fe889005da3fae431ee1f8fe8adbc430425d0e39232c762d1e6f6,1421344b2eab9d8e9ad55cee99aac29770680d6df6a2e2391f915c5c3f671f26,8,all_pair_lexicographic,0,50525669,300000,30.0,True,solved,3.2012760000070557,229,217,217,55896,53828,1267,8,26,0.021017699968069792,2c0a623a3fda30b4a500df68f00d193706284f6b8a625ad63f490900bc599ee9,True
d20-c0-h4-s22264830,20,0,22264830,4,16,4c01513c5b4fe889005da3fae431ee1f8fe8adbc430425d0e39232c762d1e6f6,1421344b2eab9d8e9ad55cee99aac29770680d6df6a2e2391f915c5c3f671f26,8,all_pair_product,0,50525669,300000,30.0,True,solved,2.3521960999350995,229,217,217,55896,53828,1267,8,26,0.022014699992723763,2c0a623a3fda30b4a500df68f00d193706284f6b8a625ad63f490900bc599ee9,True
d20-c0-h4-s22264830,20,0,22264830,4,16,4c01513c5b4fe889005da3fae431ee1f8fe8adbc430425d0e39232c762d1e6f6,1421344b2eab9d8e9ad55cee99aac29770680d6df6a2e2391f915c5c3f671f26,8,lexicographic,0,50525669,300000,30.0,True,solved,2.5865098000504076,250,238,238,62512,61478,447,4,0,0.0,2c0a623a3fda30b4a500df68f00d193706284f6b8a625ad63f490900bc599ee9,True
d20-c0-h4-s22264830,20,0,22264830,4,16,4c01513c5b4fe889005da3fae431ee1f8fe8adbc430425d0e39232c762d1e6f6,1421344b2eab9d8e9ad55cee99aac29770680d6df6a2e2391f915c5c3f671f26,8,all_pair_lexicographic,1,60525688,300000,30.0,True,solved,2.378966600052081,229,217,217,55896,53828,1267,8,26,0.019078199984505773,2c0a623a3fda30b4a500df68f00d193706284f6b8a625ad63f490900bc599ee9,True
d20-c0-h4-s22264830,20,0,22264830,4,16,4c01513c5b4fe889005da3fae431ee1f8fe8adbc430425d0e39232c762d1e6f6,1421344b2eab9d8e9ad55cee99aac29770680d6df6a2e2391f915c5c3f671f26,8,all_pair_product,1,60525688,300000,30.0,True,solved,2.3307192999636754,229,217,217,55896,53828,1267,8,26,0.01725689973682165,2c0a623a3fda30b4a500df68f00d193706284f6b8a625ad63f490900bc599ee9,True
d20-c0-h4-s22264830,20,0,22264830,4,16,4c01513c5b4fe889005da3fae431ee1f8fe8adbc430425d0e39232c762d1e6f6,1421344b2eab9d8e9ad55cee99aac29770680d6df6a2e2391f915c5c3f671f26,8,lexicographic,1,60525688,300000,30.0,True,solved,3.2908502999925986,250,238,238,62512,61478,447,4,0,0.0,2c0a623a3fda30b4a500df68f00d193706284f6b8a625ad63f490900bc599ee9,True
d20-c0-h4-s22264830,20,0,22264830,4,16,4c01513c5b4fe889005da3fae431ee1f8fe8adbc430425d0e39232c762d1e6f6,1421344b2eab9d8e9ad55cee99aac29770680d6df6a2e2391f915c5c3f671f26,8,all_pair_lexicographic,2,70525707,300000,30.0,True,solved,2.50383319996763,229,217,217,55896,53828,1267,8,26,0.025003299699164927,2c0a623a3fda30b4a500df68f00d193706284f6b8a625ad63f490900bc599ee9,True
d20-c0-h4-s22264830,20,0,22264830,4,16,4c01513c5b4fe889005da3fae431ee1f8fe8adbc430425d0e39232c762d1e6f6,1421344b2eab9d8e9ad55cee99aac29770680d6df6a2e2391f915c5c3f671f26,8,all_pair_product,2,70525707,300000,30.0,True,solved,2.5732877999544144,229,217,217,55896,53828,1267,8,26,0.01611430011689663,2c0a623a3fda30b4a500df68f00d193706284f6b8a625ad63f490900bc599ee9,True
d20-c0-h4-s22264830,20,0,22264830,4,16,4c01513c5b4fe889005da3fae431ee1f8fe8adbc430425d0e39232c762d1e6f6,1421344b2eab9d8e9ad55cee99aac29770680d6df6a2e2391f915c5c3f671f26,8,lexicographic,2,70525707,300000,30.0,True,solved,2.7989842999959365,250,238,238,62512,61478,447,4,0,0.0,2c0a623a3fda30b4a500df68f00d193706284f6b8a625ad63f490900bc599ee9,True
d20-c0-h4-s22264833,20,0,22264833,4,16,8dff8cdfbb6ac0a93020058394e0321fb454a1f85af989b75e3218b092970f34,6fc92bc4e0a451ef6d92266bb8f2e95545d265a2489e24e81b8b7fa871191417,8,all_pair_lexicographic,0,50525672,300000,30.0,True,solved,6.746477700071409,599,587,587,144912,141789,1939,12,45,0.03784939961042255,1b48ac8f792c190ad9317e20973765e1184e653bdd355d1697c1c3074474d9d2,True
d20-c0-h4-s22264833,20,0,22264833,4,16,8dff8cdfbb6ac0a93020058394e0321fb454a1f85af989b75e3218b092970f34,6fc92bc4e0a451ef6d92266bb8f2e95545d265a2489e24e81b8b7fa871191417,8,all_pair_product,0,50525672,300000,30.0,True,solved,6.741867600008845,598,586,586,144656,141533,1939,12,45,0.03365839971229434,1b48ac8f792c190ad9317e20973765e1184e653bdd355d1697c1c3074474d9d2,True
d20-c0-h4-s22264833,20,0,22264833,4,16,8dff8cdfbb6ac0a93020058394e0321fb454a1f85af989b75e3218b092970f34,6fc92bc4e0a451ef6d92266bb8f2e95545d265a2489e24e81b8b7fa871191417,8,lexicographic,0,50525672,300000,30.0,True,solved,2.5792090999893844,220,208,208,53840,52799,426,4,0,0.0,1b48ac8f792c190ad9317e20973765e1184e653bdd355d1697c1c3074474d9d2,True
d20-c0-h4-s22264833,20,0,22264833,4,16,8dff8cdfbb6ac0a93020058394e0321fb454a1f85af989b75e3218b092970f34,6fc92bc4e0a451ef6d92266bb8f2e95545d265a2489e24e81b8b7fa871191417,8,all_pair_lexicographic,1,60525691,300000,30.0,True,solved,7.0976975000230595,599,587,587,144912,141789,1939,12,45,0.03980419994331896,1b48ac8f792c190ad9317e20973765e1184e653bdd355d1697c1c3074474d9d2,True
d20-c0-h4-s22264833,20,0,22264833,4,16,8dff8cdfbb6ac0a93020058394e0321fb454a1f85af989b75e3218b092970f34,6fc92bc4e0a451ef6d92266bb8f2e95545d265a2489e24e81b8b7fa871191417,8,all_pair_product,1,60525691,300000,30.0,True,solved,8.448332599946298,741,729,729,179528,175884,2318,14,51,0.029917199863120914,1b48ac8f792c190ad9317e20973765e1184e653bdd355d1697c1c3074474d9d2,True
d20-c0-h4-s22264833,20,0,22264833,4,16,8dff8cdfbb6ac0a93020058394e0321fb454a1f85af989b75e3218b092970f34,6fc92bc4e0a451ef6d92266bb8f2e95545d265a2489e24e81b8b7fa871191417,8,lexicographic,1,60525691,300000,30.0,True,solved,2.1569708000170067,220,208,208,53840,52799,426,4,0,0.0,1b48ac8f792c190ad9317e20973765e1184e653bdd355d1697c1c3074474d9d2,True
d20-c0-h4-s22264833,20,0,22264833,4,16,8dff8cdfbb6ac0a93020058394e0321fb454a1f85af989b75e3218b092970f34,6fc92bc4e0a451ef6d92266bb8f2e95545d265a2489e24e81b8b7fa871191417,8,all_pair_lexicographic,2,70525710,300000,30.0,True,solved,7.400252899969928,599,587,587,144912,141789,1939,12,45,0.03040319972205907,1b48ac8f792c190ad9317e20973765e1184e653bdd355d1697c1c3074474d9d2,True
d20-c0-h4-s22264833,20,0,22264833,4,16,8dff8cdfbb6ac0a93020058394e0321fb454a1f85af989b75e3218b092970f34,6fc92bc4e0a451ef6d92266bb8f2e95545d265a2489e24e81b8b7fa871191417,8,all_pair_product,2,70525710,300000,30.0,True,solved,7.611543599981815,597,585,585,144400,141277,1939,12,45,0.036824000417254865,1b48ac8f792c190ad9317e20973765e1184e653bdd355d1697c1c3074474d9d2,True
d20-c0-h4-s22264833,20,0,22264833,4,16,8dff8cdfbb6ac0a93020058394e0321fb454a1f85af989b75e3218b092970f34,6fc92bc4e0a451ef6d92266bb8f2e95545d265a2489e24e81b8b7fa871191417,8,lexicographic,2,70525710,300000,30.0,True,solved,2.711945499991998,220,208,208,53840,52799,426,4,0,0.0,1b48ac8f792c190ad9317e20973765e1184e653bdd355d1697c1c3074474d9d2,True
d20-c1-h4-s22264816,20,1,22264816,4,16,bd8ee64c527eae2f582219bc517f2769c6441d6a04b98387b3073eb9c47f672b,832b8ade6e41068e7a8a1c5cbfae7c109aef3df45749dd733db6a365561e3986,8,all_pair_lexicographic,0,50525655,300000,30.0,True,solved,0.5365070999832824,44,32,32,10024,8733,324,5,15,0.021353800082579255,f554fa6a338dc3f3b5f69e30db11b9821095fd22e004e881b1b7bd54521c4d44,True
d20-c1-h4-s22264816,20,1,22264816,4,16,bd8ee64c527eae2f582219bc517f2769c6441d6a04b98387b3073eb9c47f672b,832b8ade6e41068e7a8a1c5cbfae7c109aef3df45749dd733db6a365561e3986,8,all_pair_product,0,50525655,300000,30.0,True,solved,0.47817460005171597,44,32,32,10024,8733,324,5,15,0.02026480040512979,f554fa6a338dc3f3b5f69e30db11b9821095fd22e004e881b1b7bd54521c4d44,True
d20-c1-h4-s22264816,20,1,22264816,4,16,bd8ee64c527eae2f582219bc517f2769c6441d6a04b98387b3073eb9c47f672b,832b8ade6e41068e7a8a1c5cbfae7c109aef3df45749dd733db6a365561e3986,8,lexicographic,0,50525655,300000,30.0,True,solved,2.5885308999568224,242,230,230,60712,59679,95,4,0,0.0,f554fa6a338dc3f3b5f69e30db11b9821095fd22e004e881b1b7bd54521c4d44,True
d20-c1-h4-s22264816,20,1,22264816,4,16,bd8ee64c527eae2f582219bc517f2769c6441d6a04b98387b3073eb9c47f672b,832b8ade6e41068e7a8a1c5cbfae7c109aef3df45749dd733db6a365561e3986,8,all_pair_lexicographic,1,60525674,300000,30.0,True,solved,0.48046120000071824,44,32,32,10024,8733,324,5,15,0.022165000322274864,f554fa6a338dc3f3b5f69e30db11b9821095fd22e004e881b1b7bd54521c4d44,True
d20-c1-h4-s22264816,20,1,22264816,4,16,bd8ee64c527eae2f582219bc517f2769c6441d6a04b98387b3073eb9c47f672b,832b8ade6e41068e7a8a1c5cbfae7c109aef3df45749dd733db6a365561e3986,8,all_pair_product,1,60525674,300000,30.0,True,solved,0.47557859995868057,44,32,32,10024,8733,324,5,15,0.01954369992017746,f554fa6a338dc3f3b5f69e30db11b9821095fd22e004e881b1b7bd54521c4d44,True
d20-c1-h4-s22264816,20,1,22264816,4,16,bd8ee64c527eae2f582219bc517f2769c6441d6a04b98387b3073eb9c47f672b,832b8ade6e41068e7a8a1c5cbfae7c109aef3df45749dd733db6a365561e3986,8,lexicographic,1,60525674,300000,30.0,True,solved,2.9874294999754056,242,230,230,60712,59679,95,4,0,0.0,f554fa6a338dc3f3b5f69e30db11b9821095fd22e004e881b1b7bd54521c4d44,True
d20-c1-h4-s22264816,20,1,22264816,4,16,bd8ee64c527eae2f582219bc517f2769c6441d6a04b98387b3073eb9c47f672b,832b8ade6e41068e7a8a1c5cbfae7c109aef3df45749dd733db6a365561e3986,8,all_pair_lexicographic,2,70525693,300000,30.0,True,solved,0.48742949997540563,44,32,32,10024,8733,324,5,15,0.02180360013153404,f554fa6a338dc3f3b5f69e30db11b9821095fd22e004e881b1b7bd54521c4d44,True
d20-c1-h4-s22264816,20,1,22264816,4,16,bd8ee64c527eae2f582219bc517f2769c6441d6a04b98387b3073eb9c47f672b,832b8ade6e41068e7a8a1c5cbfae7c109aef3df45749dd733db6a365561e3986,8,all_pair_product,2,70525693,300000,30.0,True,solved,0.5084752000402659,44,32,32,10024,8733,324,5,15,0.020854600123129785,f554fa6a338dc3f3b5f69e30db11b9821095fd22e004e881b1b7bd54521c4d44,True
d20-c1-h4-s22264816,20,1,22264816,4,16,bd8ee64c527eae2f582219bc517f2769c6441d6a04b98387b3073eb9c47f672b,832b8ade6e41068e7a8a1c5cbfae7c109aef3df45749dd733db6a365561e3986,8,lexicographic,2,70525693,300000,30.0,True,solved,3.091603499953635,242,230,230,60712,59679,95,4,0,0.0,f554fa6a338dc3f3b5f69e30db11b9821095fd22e004e881b1b7bd54521c4d44,True
d20-c1-h4-s22264819,20,1,22264819,4,16,108be3514f8ac49bad5b1e30037ec28bc82ebbb30711238052253cbc79cdb4cb,abedb01b033ab855d2c58868245ea6d4d08e37282e6e4c391723eee7415c70ca,8,all_pair_lexicographic,0,50525658,300000,30.0,True,solved,3.6188068999908864,320,308,308,75472,72611,1898,11,33,0.022615299909375608,65725ef8daf1d42088bbbbecc3768dc1801608b5f47173a11689334f10be1c04,True
d20-c1-h4-s22264819,20,1,22264819,4,16,108be3514f8ac49bad5b1e30037ec28bc82ebbb30711238052253cbc79cdb4cb,abedb01b033ab855d2c58868245ea6d4d08e37282e6e4c391723eee7415c70ca,8,all_pair_product,0,50525658,300000,30.0,True,solved,3.5176358999451622,320,308,308,75472,72611,1898,11,33,0.024361899588257074,65725ef8daf1d42088bbbbecc3768dc1801608b5f47173a11689334f10be1c04,True
d20-c1-h4-s22264819,20,1,22264819,4,16,108be3514f8ac49bad5b1e30037ec28bc82ebbb30711238052253cbc79cdb4cb,abedb01b033ab855d2c58868245ea6d4d08e37282e6e4c391723eee7415c70ca,8,lexicographic,0,50525658,300000,30.0,True,solved,3.054507900029421,264,252,252,65848,64808,377,4,0,0.0,65725ef8daf1d42088bbbbecc3768dc1801608b5f47173a11689334f10be1c04,True
d20-c1-h4-s22264819,20,1,22264819,4,16,108be3514f8ac49bad5b1e30037ec28bc82ebbb30711238052253cbc79cdb4cb,abedb01b033ab855d2c58868245ea6d4d08e37282e6e4c391723eee7415c70ca,8,all_pair_lexicographic,1,60525677,300000,30.0,True,solved,3.3964764999691397,320,308,308,75472,72611,1898,11,33,0.02612239948939532,65725ef8daf1d42088bbbbecc3768dc1801608b5f47173a11689334f10be1c04,True
d20-c1-h4-s22264819,20,1,22264819,4,16,108be3514f8ac49bad5b1e30037ec28bc82ebbb30711238052253cbc79cdb4cb,abedb01b033ab855d2c58868245ea6d4d08e37282e6e4c391723eee7415c70ca,8,all_pair_product,1,60525677,300000,30.0,True,solved,3.4313702000072226,320,308,308,75472,72611,1898,11,33,0.02112330007366836,65725ef8daf1d42088bbbbecc3768dc1801608b5f47173a11689334f10be1c04,True
d20-c1-h4-s22264819,20,1,22264819,4,16,108be3514f8ac49bad5b1e30037ec28bc82ebbb30711238052253cbc79cdb4cb,abedb01b033ab855d2c58868245ea6d4d08e37282e6e4c391723eee7415c70ca,8,lexicographic,1,60525677,300000,30.0,True,solved,2.7527991000097245,264,252,252,65848,64808,377,4,0,0.0,65725ef8daf1d42088bbbbecc3768dc1801608b5f47173a11689334f10be1c04,True
d20-c1-h4-s22264819,20,1,22264819,4,16,108be3514f8ac49bad5b1e30037ec28bc82ebbb30711238052253cbc79cdb4cb,abedb01b033ab855d2c58868245ea6d4d08e37282e6e4c391723eee7415c70ca,8,all_pair_lexicographic,2,70525696,300000,30.0,True,solved,3.494046699954197,320,308,308,75472,72611,1898,11,33,0.021995200193487108,65725ef8daf1d42088bbbbecc3768dc1801608b5f47173a11689334f10be1c04,True
d20-c1-h4-s22264819,20,1,22264819,4,16,108be3514f8ac49bad5b1e30037ec28bc82ebbb30711238052253cbc79cdb4cb,abedb01b033ab855d2c58868245ea6d4d08e37282e6e4c391723eee7415c70ca,8,all_pair_product,2,70525696,300000,30.0,True,solved,3.385140399914235,320,308,308,75472,72611,1898,11,33,0.019647699897177517,65725ef8daf1d42088bbbbecc3768dc1801608b5f47173a11689334f10be1c04,True
d20-c1-h4-s22264819,20,1,22264819,4,16,108be3514f8ac49bad5b1e30037ec28bc82ebbb30711238052253cbc79cdb4cb,abedb01b033ab855d2c58868245ea6d4d08e37282e6e4c391723eee7415c70ca,8,lexicographic,2,70525696,300000,30.0,True,solved,2.8656823000637814,264,252,252,65848,64808,377,4,0,0.0,65725ef8daf1d42088bbbbecc3768dc1801608b5f47173a11689334f10be1c04,True
d20-c1-h4-s22264822,20,1,22264822,4,16,0d299f23ccc2adc8dea969e5339f51f8e8be2afd96bb7495a76d9f14e6500ac4,6444bea3ce8b39ddfc0079756d79415524dadc93b9679631f75e3fb47260be1a,8,all_pair_lexicographic,0,50525661,300000,30.0,True,solved,0.4027573000639677,32,20,20,6704,5152,905,6,18,0.014194400049746037,f7103df4700e9dd5e270ba68887487c56cda2cf8af1098786a3c2792d7caca9a,True
d20-c1-h4-s22264822,20,1,22264822,4,16,0d299f23ccc2adc8dea969e5339f51f8e8be2afd96bb7495a76d9f14e6500ac4,6444bea3ce8b39ddfc0079756d79415524dadc93b9679631f75e3fb47260be1a,8,all_pair_product,0,50525661,300000,30.0,True,solved,0.4099111999385059,32,20,20,6704,5152,905,6,18,0.015620999969542027,f7103df4700e9dd5e270ba68887487c56cda2cf8af1098786a3c2792d7caca9a,True
d20-c1-h4-s22264822,20,1,22264822,4,16,0d299f23ccc2adc8dea969e5339f51f8e8be2afd96bb7495a76d9f14e6500ac4,6444bea3ce8b39ddfc0079756d79415524dadc93b9679631f75e3fb47260be1a,8,lexicographic,0,50525661,300000,30.0,True,solved,3.0708738999674097,266,254,254,65864,64827,407,4,0,0.0,f7103df4700e9dd5e270ba68887487c56cda2cf8af1098786a3c2792d7caca9a,True
d20-c1-h4-s22264822,20,1,22264822,4,16,0d299f23ccc2adc8dea969e5339f51f8e8be2afd96bb7495a76d9f14e6500ac4,6444bea3ce8b39ddfc0079756d79415524dadc93b9679631f75e3fb47260be1a,8,all_pair_lexicographic,1,60525680,300000,30.0,True,solved,0.333844400011003,32,20,20,6704,5152,905,6,18,0.015131699969060719,f7103df4700e9dd5e270ba68887487c56cda2cf8af1098786a3c2792d7caca9a,True
d20-c1-h4-s22264822,20,1,22264822,4,16,0d299f23ccc2adc8dea969e5339f51f8e8be2afd96bb7495a76d9f14e6500ac4,6444bea3ce8b39ddfc0079756d79415524dadc93b9679631f75e3fb47260be1a,8,all_pair_product,1,60525680,300000,30.0,True,solved,0.36319529998581856,32,20,20,6704,5152,905,6,18,0.013462699949741364,f7103df4700e9dd5e270ba68887487c56cda2cf8af1098786a3c2792d7caca9a,True
d20-c1-h4-s22264822,20,1,22264822,4,16,0d299f23ccc2adc8dea969e5339f51f8e8be2afd96bb7495a76d9f14e6500ac4,6444bea3ce8b39ddfc0079756d79415524dadc93b9679631f75e3fb47260be1a,8,lexicographic,1,60525680,300000,30.0,True,solved,3.179831799934618,266,254,254,65864,64827,407,4,0,0.0,f7103df4700e9dd5e270ba68887487c56cda2cf8af1098786a3c2792d7caca9a,True
d20-c1-h4-s22264822,20,1,22264822,4,16,0d299f23ccc2adc8dea969e5339f51f8e8be2afd96bb7495a76d9f14e6500ac4,6444bea3ce8b39ddfc0079756d79415524dadc93b9679631f75e3fb47260be1a,8,all_pair_lexicographic,2,70525699,300000,30.0,True,solved,0.5237457000184804,32,20,20,6704,5152,905,6,18,0.023412199807353318,f7103df4700e9dd5e270ba68887487c56cda2cf8af1098786a3c2792d7caca9a,True
d20-c1-h4-s22264822,20,1,22264822,4,16,0d299f23ccc2adc8dea969e5339f51f8e8be2afd96bb7495a76d9f14e6500ac4,6444bea3ce8b39ddfc0079756d79415524dadc93b9679631f75e3fb47260be1a,8,all_pair_product,2,70525699,300000,30.0,True,solved,0.32505669991951436,32,20,20,6704,5152,905,6,18,0.013254699762910604,f7103df4700e9dd5e270ba68887487c56cda2cf8af1098786a3c2792d7caca9a,True
d20-c1-h4-s22264822,20,1,22264822,4,16,0d299f23ccc2adc8dea969e5339f51f8e8be2afd96bb7495a76d9f14e6500ac4,6444bea3ce8b39ddfc0079756d79415524dadc93b9679631f75e3fb47260be1a,8,lexicographic,2,70525699,300000,30.0,True,solved,2.7677302999654785,266,254,254,65864,64827,407,4,0,0.0,f7103df4700e9dd5e270ba68887487c56cda2cf8af1098786a3c2792d7caca9a,True
d20-c1-h4-s22264825,20,1,22264825,4,16,3bd1b723fa23f459944d92ec5c86e36111f43ec72e3dfa11d438785619fdc386,015e9a3efe159d60db38ad2fb7761b0f62a9944c741dda4ebe1f6684eb1b1f53,8,all_pair_lexicographic,0,50525664,300000,30.0,True,solved,2.341540399938822,170,158,158,42032,40480,703,6,18,0.024525500484742224,45c8835315d323a029b51aa07040fa2d6b2a64cf794654a3d70fddb8b8369376,True
d20-c1-h4-s22264825,20,1,22264825,4,16,3bd1b723fa23f459944d92ec5c86e36111f43ec72e3dfa11d438785619fdc386,015e9a3efe159d60db38ad2fb7761b0f62a9944c741dda4ebe1f6684eb1b1f53,8,all_pair_product,0,50525664,300000,30.0,True,solved,1.9955561000388116,170,158,158,42032,40480,703,6,18,0.01758210000116378,45c8835315d323a029b51aa07040fa2d6b2a64cf794654a3d70fddb8b8369376,True
d20-c1-h4-s22264825,20,1,22264825,4,16,3bd1b723fa23f459944d92ec5c86e36111f43ec72e3dfa11d438785619fdc386,015e9a3efe159d60db38ad2fb7761b0f62a9944c741dda4ebe1f6684eb1b1f53,8,lexicographic,0,50525664,300000,30.0,True,solved,2.0853673999663442,203,191,191,50232,49195,344,4,0,0.0,45c8835315d323a029b51aa07040fa2d6b2a64cf794654a3d70fddb8b8369376,True
d20-c1-h4-s22264825,20,1,22264825,4,16,3bd1b723fa23f459944d92ec5c86e36111f43ec72e3dfa11d438785619fdc386,015e9a3efe159d60db38ad2fb7761b0f62a9944c741dda4ebe1f6684eb1b1f53,8,all_pair_lexicographic,1,60525683,300000,30.0,True,solved,2.2286543999798596,170,158,158,42032,40480,703,6,18,0.026720499619841576,45c8835315d323a029b51aa07040fa2d6b2a64cf794654a3d70fddb8b8369376,True
d20-c1-h4-s22264825,20,1,22264825,4,16,3bd1b723fa23f459944d92ec5c86e36111f43ec72e3dfa11d438785619fdc386,015e9a3efe159d60db38ad2fb7761b0f62a9944c741dda4ebe1f6684eb1b1f53,8,all_pair_product,1,60525683,300000,30.0,True,solved,1.9236618999857455,170,158,158,42032,40480,703,6,18,0.022402199916541576,45c8835315d323a029b51aa07040fa2d6b2a64cf794654a3d70fddb8b8369376,True
d20-c1-h4-s22264825,20,1,22264825,4,16,3bd1b723fa23f459944d92ec5c86e36111f43ec72e3dfa11d438785619fdc386,015e9a3efe159d60db38ad2fb7761b0f62a9944c741dda4ebe1f6684eb1b1f53,8,lexicographic,1,60525683,300000,30.0,True,solved,2.0553548000752926,203,191,191,50232,49195,344,4,0,0.0,45c8835315d323a029b51aa07040fa2d6b2a64cf794654a3d70fddb8b8369376,True
d20-c1-h4-s22264825,20,1,22264825,4,16,3bd1b723fa23f459944d92ec5c86e36111f43ec72e3dfa11d438785619fdc386,015e9a3efe159d60db38ad2fb7761b0f62a9944c741dda4ebe1f6684eb1b1f53,8,all_pair_lexicographic,2,70525702,300000,30.0,True,solved,1.9682402999605983,170,158,158,42032,40480,703,6,18,0.019763599848374724,45c8835315d323a029b51aa07040fa2d6b2a64cf794654a3d70fddb8b8369376,True
d20-c1-h4-s22264825,20,1,22264825,4,16,3bd1b723fa23f459944d92ec5c86e36111f43ec72e3dfa11d438785619fdc386,015e9a3efe159d60db38ad2fb7761b0f62a9944c741dda4ebe1f6684eb1b1f53,8,all_pair_product,2,70525702,300000,30.0,True,solved,1.9331759000197053,170,158,158,42032,40480,703,6,18,0.01805940002668649,45c8835315d323a029b51aa07040fa2d6b2a64cf794654a3d70fddb8b8369376,True
d20-c1-h4-s22264825,20,1,22264825,4,16,3bd1b723fa23f459944d92ec5c86e36111f43ec72e3dfa11d438785619fdc386,015e9a3efe159d60db38ad2fb7761b0f62a9944c741dda4ebe1f6684eb1b1f53,8,lexicographic,2,70525702,300000,30.0,True,solved,2.167987099965103,203,191,191,50232,49195,344,4,0,0.0,45c8835315d323a029b51aa07040fa2d6b2a64cf794654a3d70fddb8b8369376,True
d20-c1-h4-s22264828,20,1,22264828,4,16,f0bce62549d85a45727026c3a81d6bf198f560af7762e70ae689ea0a6b3b0560,87c353af156859007e56aa04717bdbd624d866f394baf85b7b1759278c40a7ab,8,all_pair_lexicographic,0,50525667,300000,30.0,True,solved,7.677081999951042,667,655,655,166536,163690,1372,11,35,0.03942010027822107,4282927685355a1ecd6e6b114ed3258df67f9ab02765b618459a8e26efc5faad,True
d20-c1-h4-s22264828,20,1,22264828,4,16,f0bce62549d85a45727026c3a81d6bf198f560af7762e70ae689ea0a6b3b0560,87c353af156859007e56aa04717bdbd624d866f394baf85b7b1759278c40a7ab,8,all_pair_product,0,50525667,300000,30.0,True,solved,7.692772900103591,667,655,655,166536,163690,1372,11,35,0.04191099922172725,4282927685355a1ecd6e6b114ed3258df67f9ab02765b618459a8e26efc5faad,True
d20-c1-h4-s22264828,20,1,22264828,4,16,f0bce62549d85a45727026c3a81d6bf198f560af7762e70ae689ea0a6b3b0560,87c353af156859007e56aa04717bdbd624d866f394baf85b7b1759278c40a7ab,8,lexicographic,0,50525667,300000,30.0,True,solved,2.4950820000376552,211,199,199,52528,51493,208,4,0,0.0,4282927685355a1ecd6e6b114ed3258df67f9ab02765b618459a8e26efc5faad,True
d20-c1-h4-s22264828,20,1,22264828,4,16,f0bce62549d85a45727026c3a81d6bf198f560af7762e70ae689ea0a6b3b0560,87c353af156859007e56aa04717bdbd624d866f394baf85b7b1759278c40a7ab,8,all_pair_lexicographic,1,60525686,300000,30.0,True,solved,7.837220499990508,667,655,655,166536,163690,1372,11,35,0.038208899670280516,4282927685355a1ecd6e6b114ed3258df67f9ab02765b618459a8e26efc5faad,True
d20-c1-h4-s22264828,20,1,22264828,4,16,f0bce62549d85a45727026c3a81d6bf198f560af7762e70ae689ea0a6b3b0560,87c353af156859007e56aa04717bdbd624d866f394baf85b7b1759278c40a7ab,8,all_pair_product,1,60525686,300000,30.0,True,solved,7.868508500047028,667,655,655,166536,163690,1372,11,35,0.03710859967395663,4282927685355a1ecd6e6b114ed3258df67f9ab02765b618459a8e26efc5faad,True
d20-c1-h4-s22264828,20,1,22264828,4,16,f0bce62549d85a45727026c3a81d6bf198f560af7762e70ae689ea0a6b3b0560,87c353af156859007e56aa04717bdbd624d866f394baf85b7b1759278c40a7ab,8,lexicographic,1,60525686,300000,30.0,True,solved,2.40327500004787,211,199,199,52528,51493,208,4,0,0.0,4282927685355a1ecd6e6b114ed3258df67f9ab02765b618459a8e26efc5faad,True
d20-c1-h4-s22264828,20,1,22264828,4,16,f0bce62549d85a45727026c3a81d6bf198f560af7762e70ae689ea0a6b3b0560,87c353af156859007e56aa04717bdbd624d866f394baf85b7b1759278c40a7ab,8,all_pair_lexicographic,2,70525705,300000,30.0,True,solved,7.979218200081959,667,655,655,166536,163690,1372,11,35,0.04111150000244379,4282927685355a1ecd6e6b114ed3258df67f9ab02765b618459a8e26efc5faad,True
d20-c1-h4-s22264828,20,1,22264828,4,16,f0bce62549d85a45727026c3a81d6bf198f560af7762e70ae689ea0a6b3b0560,87c353af156859007e56aa04717bdbd624d866f394baf85b7b1759278c40a7ab,8,all_pair_product,2,70525705,300000,30.0,True,solved,8.118266400066204,667,655,655,166536,163690,1372,11,35,0.034332900191657245,4282927685355a1ecd6e6b114ed3258df67f9ab02765b618459a8e26efc5faad,True
d20-c1-h4-s22264828,20,1,22264828,4,16,f0bce62549d85a45727026c3a81d6bf198f560af7762e70ae689ea0a6b3b0560,87c353af156859007e56aa04717bdbd624d866f394baf85b7b1759278c40a7ab,8,lexicographic,2,70525705,300000,30.0,True,solved,2.4102690001018345,211,199,199,52528,51493,208,4,0,0.0,4282927685355a1ecd6e6b114ed3258df67f9ab02765b618459a8e26efc5faad,True
d20-c1-h4-s22264831,20,1,22264831,4,16,cc81b1550ca30961fef4655bfe05b6d5d6d93fe066932039fb35260770ae567f,37fe58340d3e3e913d6ad90f3376cff153e48249d5991ed2d714d48706211a84,8,all_pair_lexicographic,0,50525670,300000,30.0,True,solved,0.9270718999905512,96,84,84,21352,19024,1542,9,27,0.01763960055541247,37fe58340d3e3e913d6ad90f3376cff153e48249d5991ed2d714d48706211a84,True
d20-c1-h4-s22264831,20,1,22264831,4,16,cc81b1550ca30961fef4655bfe05b6d5d6d93fe066932039fb35260770ae567f,37fe58340d3e3e913d6ad90f3376cff153e48249d5991ed2d714d48706211a84,8,all_pair_product,0,50525670,300000,30.0,True,solved,0.998199800029397,96,84,84,21352,19024,1542,9,27,0.02144960011355579,37fe58340d3e3e913d6ad90f3376cff153e48249d5991ed2d714d48706211a84,True
d20-c1-h4-s22264831,20,1,22264831,4,16,cc81b1550ca30961fef4655bfe05b6d5d6d93fe066932039fb35260770ae567f,37fe58340d3e3e913d6ad90f3376cff153e48249d5991ed2d714d48706211a84,8,lexicographic,0,50525670,300000,30.0,True,solved,2.903739499975927,269,257,257,67128,66093,328,4,0,0.0,37fe58340d3e3e913d6ad90f3376cff153e48249d5991ed2d714d48706211a84,True
d20-c1-h4-s22264831,20,1,22264831,4,16,cc81b1550ca30961fef4655bfe05b6d5d6d93fe066932039fb35260770ae567f,37fe58340d3e3e913d6ad90f3376cff153e48249d5991ed2d714d48706211a84,8,all_pair_lexicographic,1,60525689,300000,30.0,True,solved,1.313101900042966,96,84,84,21352,19024,1542,9,27,0.02250749955419451,37fe58340d3e3e913d6ad90f3376cff153e48249d5991ed2d714d48706211a84,True
d20-c1-h4-s22264831,20,1,22264831,4,16,cc81b1550ca30961fef4655bfe05b6d5d6d93fe066932039fb35260770ae567f,37fe58340d3e3e913d6ad90f3376cff153e48249d5991ed2d714d48706211a84,8,all_pair_product,1,60525689,300000,30.0,True,solved,0.8896002999972552,96,84,84,21352,19024,1542,9,27,0.01644709997344762,37fe58340d3e3e913d6ad90f3376cff153e48249d5991ed2d714d48706211a84,True
d20-c1-h4-s22264831,20,1,22264831,4,16,cc81b1550ca30961fef4655bfe05b6d5d6d93fe066932039fb35260770ae567f,37fe58340d3e3e913d6ad90f3376cff153e48249d5991ed2d714d48706211a84,8,lexicographic,1,60525689,300000,30.0,True,solved,3.1731492000399157,269,257,257,67128,66093,328,4,0,0.0,37fe58340d3e3e913d6ad90f3376cff153e48249d5991ed2d714d48706211a84,True
d20-c1-h4-s22264831,20,1,22264831,4,16,cc81b1550ca30961fef4655bfe05b6d5d6d93fe066932039fb35260770ae567f,37fe58340d3e3e913d6ad90f3376cff153e48249d5991ed2d714d48706211a84,8,all_pair_lexicographic,2,70525708,300000,30.0,True,solved,1.0823899999959394,96,84,84,21352,19024,1542,9,27,0.02020820020698011,37fe58340d3e3e913d6ad90f3376cff153e48249d5991ed2d714d48706211a84,True
d20-c1-h4-s22264831,20,1,22264831,4,16,cc81b1550ca30961fef4655bfe05b6d5d6d93fe066932039fb35260770ae567f,37fe58340d3e3e913d6ad90f3376cff153e48249d5991ed2d714d48706211a84,8,all_pair_product,2,70525708,300000,30.0,True,solved,0.878903399920091,96,84,84,21352,19024,1542,9,27,0.01626729976851493,37fe58340d3e3e913d6ad90f3376cff153e48249d5991ed2d714d48706211a84,True
d20-c1-h4-s22264831,20,1,22264831,4,16,cc81b1550ca30961fef4655bfe05b6d5d6d93fe066932039fb35260770ae567f,37fe58340d3e3e913d6ad90f3376cff153e48249d5991ed2d714d48706211a84,8,lexicographic,2,70525708,300000,30.0,True,solved,2.840048099984415,269,257,257,67128,66093,328,4,0,0.0,37fe58340d3e3e913d6ad90f3376cff153e48249d5991ed2d714d48706211a84,True
d20-c1-h4-s22264834,20,1,22264834,4,16,ee032cbb4e73e760303ca8e507380251dd285fd886e72296387339089017d3bd,b7a0d4e3fccb6d2e27d5a183dcaf9eb21f2a77af23507b67c1c0080abbf5cfeb,8,all_pair_lexicographic,0,50525673,300000,30.0,True,solved,6.4249532999238,527,515,515,131192,128349,1668,11,35,0.03166629979386926,aa789eced7c346f42d993a9b4c81427ae2184b7622c8e1ca3b9edc7bde508456,True
d20-c1-h4-s22264834,20,1,22264834,4,16,ee032cbb4e73e760303ca8e507380251dd285fd886e72296387339089017d3bd,b7a0d4e3fccb6d2e27d5a183dcaf9eb21f2a77af23507b67c1c0080abbf5cfeb,8,all_pair_product,0,50525673,300000,30.0,True,solved,7.6146066000219434,527,515,515,131192,128349,1668,11,35,0.03400059975683689,aa789eced7c346f42d993a9b4c81427ae2184b7622c8e1ca3b9edc7bde508456,True
d20-c1-h4-s22264834,20,1,22264834,4,16,ee032cbb4e73e760303ca8e507380251dd285fd886e72296387339089017d3bd,b7a0d4e3fccb6d2e27d5a183dcaf9eb21f2a77af23507b67c1c0080abbf5cfeb,8,lexicographic,0,50525673,300000,30.0,True,solved,2.347338999970816,213,201,201,53040,52006,366,4,0,0.0,aa789eced7c346f42d993a9b4c81427ae2184b7622c8e1ca3b9edc7bde508456,True
d20-c1-h4-s22264834,20,1,22264834,4,16,ee032cbb4e73e760303ca8e507380251dd285fd886e72296387339089017d3bd,b7a0d4e3fccb6d2e27d5a183dcaf9eb21f2a77af23507b67c1c0080abbf5cfeb,8,all_pair_lexicographic,1,60525692,300000,30.0,True,solved,7.577527899993584,527,515,515,131192,128349,1668,11,35,0.036709899664856493,aa789eced7c346f42d993a9b4c81427ae2184b7622c8e1ca3b9edc7bde508456,True
d20-c1-h4-s22264834,20,1,22264834,4,16,ee032cbb4e73e760303ca8e507380251dd285fd886e72296387339089017d3bd,b7a0d4e3fccb6d2e27d5a183dcaf9eb21f2a77af23507b67c1c0080abbf5cfeb,8,all_pair_product,1,60525692,300000,30.0,True,solved,5.981886200024746,527,515,515,131192,128349,1668,11,35,0.02808910026215017,aa789eced7c346f42d993a9b4c81427ae2184b7622c8e1ca3b9edc7bde508456,True
d20-c1-h4-s22264834,20,1,22264834,4,16,ee032cbb4e73e760303ca8e507380251dd285fd886e72296387339089017d3bd,b7a0d4e3fccb6d2e27d5a183dcaf9eb21f2a77af23507b67c1c0080abbf5cfeb,8,lexicographic,1,60525692,300000,30.0,True,solved,2.3178209000034258,213,201,201,53040,52006,366,4,0,0.0,aa789eced7c346f42d993a9b4c81427ae2184b7622c8e1ca3b9edc7bde508456,True
d20-c1-h4-s22264834,20,1,22264834,4,16,ee032cbb4e73e760303ca8e507380251dd285fd886e72296387339089017d3bd,b7a0d4e3fccb6d2e27d5a183dcaf9eb21f2a77af23507b67c1c0080abbf5cfeb,8,all_pair_lexicographic,2,70525711,300000,30.0,True,solved,6.768909499980509,527,515,515,131192,128349,1668,11,35,0.03252809960395098,aa789eced7c346f42d993a9b4c81427ae2184b7622c8e1ca3b9edc7bde508456,True
d20-c1-h4-s22264834,20,1,22264834,4,16,ee032cbb4e73e760303ca8e507380251dd285fd886e72296387339089017d3bd,b7a0d4e3fccb6d2e27d5a183dcaf9eb21f2a77af23507b67c1c0080abbf5cfeb,8,all_pair_product,2,70525711,300000,30.0,True,solved,6.146602399996482,527,515,515,131192,128349,1668,11,35,0.02731919928919524,aa789eced7c346f42d993a9b4c81427ae2184b7622c8e1ca3b9edc7bde508456,True
d20-c1-h4-s22264834,20,1,22264834,4,16,ee032cbb4e73e760303ca8e507380251dd285fd886e72296387339089017d3bd,b7a0d4e3fccb6d2e27d5a183dcaf9eb21f2a77af23507b67c1c0080abbf5cfeb,8,lexicographic,2,70525711,300000,30.0,True,solved,2.446712800068781,213,201,201,53040,52006,366,4,0,0.0,aa789eced7c346f42d993a9b4c81427ae2184b7622c8e1ca3b9edc7bde508456,True
d20-c2-h4-s22264817,20,2,22264817,4,16,3def0bcf30def55b97f808eb4701973dc288a0660e7305d52f8243659ef2e738,b60fa1d091d681a3ba311e4ce5ac21ca849874ae52effcc53ae09ab9815e2642,8,all_pair_lexicographic,0,50525656,300000,30.0,True,solved,3.6576705999905244,348,336,336,81648,79044,1491,10,36,0.03182240074966103,fd8e8f7e4d42c29f09153dd707227419b3d83891e035a598231ac202535aa0c8,True
d20-c2-h4-s22264817,20,2,22264817,4,16,3def0bcf30def55b97f808eb4701973dc288a0660e7305d52f8243659ef2e738,b60fa1d091d681a3ba311e4ce5ac21ca849874ae52effcc53ae09ab9815e2642,8,all_pair_product,0,50525656,300000,30.0,True,solved,3.8884796000784263,348,336,336,81648,79044,1491,10,36,0.023233400308527052,fd8e8f7e4d42c29f09153dd707227419b3d83891e035a598231ac202535aa0c8,True
d20-c2-h4-s22264817,20,2,22264817,4,16,3def0bcf30def55b97f808eb4701973dc288a0660e7305d52f8243659ef2e738,b60fa1d091d681a3ba311e4ce5ac21ca849874ae52effcc53ae09ab9815e2642,8,lexicographic,0,50525656,300000,30.0,True,solved,2.702043400029652,235,223,223,57928,56888,251,4,0,0.0,fd8e8f7e4d42c29f09153dd707227419b3d83891e035a598231ac202535aa0c8,True
d20-c2-h4-s22264817,20,2,22264817,4,16,3def0bcf30def55b97f808eb4701973dc288a0660e7305d52f8243659ef2e738,b60fa1d091d681a3ba311e4ce5ac21ca849874ae52effcc53ae09ab9815e2642,8,all_pair_lexicographic,1,60525675,300000,30.0,True,solved,3.760013599996455,348,336,336,81648,79044,1491,10,36,0.031053599203005433,fd8e8f7e4d42c29f09153dd707227419b3d83891e035a598231ac202535aa0c8,True
d20-c2-h4-s22264817,20,2,22264817,4,16,3def0bcf30def55b97f808eb4701973dc288a0660e7305d52f8243659ef2e738,b60fa1d091d681a3ba311e4ce5ac21ca849874ae52effcc53ae09ab9815e2642,8,all_pair_product,1,60525675,300000,30.0,True,solved,7.8812333000823855,708,696,696,171328,167686,2170,14,48,0.03729190013837069,fd8e8f7e4d42c29f09153dd707227419b3d83891e035a598231ac202535aa0c8,True
d20-c2-h4-s22264817,20,2,22264817,4,16,3def0bcf30def55b97f808eb4701973dc288a0660e7305d52f8243659ef2e738,b60fa1d091d681a3ba311e4ce5ac21ca849874ae52effcc53ae09ab9815e2642,8,lexicographic,1,60525675,300000,30.0,True,solved,2.9087343000574037,235,223,223,57928,56888,251,4,0,0.0,fd8e8f7e4d42c29f09153dd707227419b3d83891e035a598231ac202535aa0c8,True
d20-c2-h4-s22264817,20,2,22264817,4,16,3def0bcf30def55b97f808eb4701973dc288a0660e7305d52f8243659ef2e738,b60fa1d091d681a3ba311e4ce5ac21ca849874ae52effcc53ae09ab9815e2642,8,all_pair_lexicographic,2,70525694,300000,30.0,True,solved,3.690393100026995,348,336,336,81648,79044,1491,10,36,0.030137199792079628,fd8e8f7e4d42c29f09153dd707227419b3d83891e035a598231ac202535aa0c8,True
d20-c2-h4-s22264817,20,2,22264817,4,16,3def0bcf30def55b97f808eb4701973dc288a0660e7305d52f8243659ef2e738,b60fa1d091d681a3ba311e4ce5ac21ca849874ae52effcc53ae09ab9815e2642,8,all_pair_product,2,70525694,300000,30.0,True,solved,3.7970808000536636,348,336,336,81648,79044,1491,10,36,0.032907199929468334,fd8e8f7e4d42c29f09153dd707227419b3d83891e035a598231ac202535aa0c8,True
d20-c2-h4-s22264817,20,2,22264817,4,16,3def0bcf30def55b97f808eb4701973dc288a0660e7305d52f8243659ef2e738,b60fa1d091d681a3ba311e4ce5ac21ca849874ae52effcc53ae09ab9815e2642,8,lexicographic,2,70525694,300000,30.0,True,solved,2.3333707998972386,235,223,223,57928,56888,251,4,0,0.0,fd8e8f7e4d42c29f09153dd707227419b3d83891e035a598231ac202535aa0c8,True
d20-c2-h4-s22264820,20,2,22264820,4,16,95d6a295d58c1d4d12c57b699a3a0ce134768bc5e6f9b1025991fbbe6c389cdb,643187b64b2e3f05025c95c0a75840a1c3fed72a0e409c750a25a99dca276fa2,8,all_pair_lexicographic,0,50525659,300000,30.0,True,solved,6.0794866000069305,526,514,514,129696,126077,2358,14,42,0.029005300370045006,5ac8bc98874535a96d06a7d1077303d0e5963daf00b2651ea9163275dc98da6a,True
d20-c2-h4-s22264820,20,2,22264820,4,16,95d6a295d58c1d4d12c57b699a3a0ce134768bc5e6f9b1025991fbbe6c389cdb,643187b64b2e3f05025c95c0a75840a1c3fed72a0e409c750a25a99dca276fa2,8,all_pair_product,0,50525659,300000,30.0,True,solved,6.108323900029063,526,514,514,129696,126077,2358,14,42,0.034032700350508094,5ac8bc98874535a96d06a7d1077303d0e5963daf00b2651ea9163275dc98da6a,True
d20-c2-h4-s22264820,20,2,22264820,4,16,95d6a295d58c1d4d12c57b699a3a0ce134768bc5e6f9b1025991fbbe6c389cdb,643187b64b2e3f05025c95c0a75840a1c3fed72a0e409c750a25a99dca276fa2,8,lexicographic,0,50525659,300000,30.0,True,solved,3.080724500003271,252,240,240,63520,62487,278,4,0,0.0,5ac8bc98874535a96d06a7d1077303d0e5963daf00b2651ea9163275dc98da6a,True
d20-c2-h4-s22264820,20,2,22264820,4,16,95d6a295d58c1d4d12c57b699a3a0ce134768bc5e6f9b1025991fbbe6c389cdb,643187b64b2e3f05025c95c0a75840a1c3fed72a0e409c750a25a99dca276fa2,8,all_pair_lexicographic,1,60525678,300000,30.0,True,solved,5.687530800001696,526,514,514,129696,126077,2358,14,42,0.029070100281387568,5ac8bc98874535a96d06a7d1077303d0e5963daf00b2651ea9163275dc98da6a,True
d20-c2-h4-s22264820,20,2,22264820,4,16,95d6a295d58c1d4d12c57b699a3a0ce134768bc5e6f9b1025991fbbe6c389cdb,643187b64b2e3f05025c95c0a75840a1c3fed72a0e409c750a25a99dca276fa2,8,all_pair_product,1,60525678,300000,30.0,True,solved,6.189363099983893,526,514,514,129696,126077,2358,14,42,0.03102089965250343,5ac8bc98874535a96d06a7d1077303d0e5963daf00b2651ea9163275dc98da6a,True
d20-c2-h4-s22264820,20,2,22264820,4,16,95d6a295d58c1d4d12c57b699a3a0ce134768bc5e6f9b1025991fbbe6c389cdb,643187b64b2e3f05025c95c0a75840a1c3fed72a0e409c750a25a99dca276fa2,8,lexicographic,1,60525678,300000,30.0,True,solved,2.7718188000144437,252,240,240,63520,62487,278,4,0,0.0,5ac8bc98874535a96d06a7d1077303d0e5963daf00b2651ea9163275dc98da6a,True
d20-c2-h4-s22264820,20,2,22264820,4,16,95d6a295d58c1d4d12c57b699a3a0ce134768bc5e6f9b1025991fbbe6c389cdb,643187b64b2e3f05025c95c0a75840a1c3fed72a0e409c750a25a99dca276fa2,8,all_pair_lexicographic,2,70525697,300000,30.0,True,solved,6.330327200004831,526,514,514,129696,126077,2358,14,42,0.03763100004289299,5ac8bc98874535a96d06a7d1077303d0e5963daf00b2651ea9163275dc98da6a,True
d20-c2-h4-s22264820,20,2,22264820,4,16,95d6a295d58c1d4d12c57b699a3a0ce134768bc5e6f9b1025991fbbe6c389cdb,643187b64b2e3f05025c95c0a75840a1c3fed72a0e409c750a25a99dca276fa2,8,all_pair_product,2,70525697,300000,30.0,True,solved,5.695922299986705,526,514,514,129696,126077,2358,14,42,0.03087720030453056,5ac8bc98874535a96d06a7d1077303d0e5963daf00b2651ea9163275dc98da6a,True
d20-c2-h4-s22264820,20,2,22264820,4,16,95d6a295d58c1d4d12c57b699a3a0ce134768bc5e6f9b1025991fbbe6c389cdb,643187b64b2e3f05025c95c0a75840a1c3fed72a0e409c750a25a99dca276fa2,8,lexicographic,2,70525697,300000,30.0,True,solved,2.9011366999475285,252,240,240,63520,62487,278,4,0,0.0,5ac8bc98874535a96d06a7d1077303d0e5963daf00b2651ea9163275dc98da6a,True
d20-c2-h4-s22264823,20,2,22264823,4,16,30037528c1917b1a55ea05fcb9e3c64334c078969db47fbc976bcad918157c3a,bb3f4bb98696917386061a302d44efeba919f6fb6232f6501c2b09cff2af185f,8,all_pair_lexicographic,0,50525662,300000,30.0,True,solved,1.3876385999610648,115,103,103,28200,26907,407,5,15,0.020924599841237068,5b1254a93f6118dc17aad7275417778114bb81c400c655b726cb2152d8d8ea57,True
d20-c2-h4-s22264823,20,2,22264823,4,16,30037528c1917b1a55ea05fcb9e3c64334c078969db47fbc976bcad918157c3a,bb3f4bb98696917386061a302d44efeba919f6fb6232f6501c2b09cff2af185f,8,all_pair_product,0,50525662,300000,30.0,True,solved,1.4512571999803185,115,103,103,28200,26907,407,5,15,0.02244289976079017,5b1254a93f6118dc17aad7275417778114bb81c400c655b726cb2152d8d8ea57,True
d20-c2-h4-s22264823,20,2,22264823,4,16,30037528c1917b1a55ea05fcb9e3c64334c078969db47fbc976bcad918157c3a,bb3f4bb98696917386061a302d44efeba919f6fb6232f6501c2b09cff2af185f,8,lexicographic,0,50525662,300000,30.0,True,solved,1.9044910999946296,173,161,161,42056,41017,251,4,0,0.0,5b1254a93f6118dc17aad7275417778114bb81c400c655b726cb2152d8d8ea57,True
d20-c2-h4-s22264823,20,2,22264823,4,16,30037528c1917b1a55ea05fcb9e3c64334c078969db47fbc976bcad918157c3a,bb3f4bb98696917386061a302d44efeba919f6fb6232f6501c2b09cff2af185f,8,all_pair_lexicographic,1,60525681,300000,30.0,True,solved,1.5844016999471933,115,103,103,28200,26907,407,5,15,0.02925940020941198,5b1254a93f6118dc17aad7275417778114bb81c400c655b726cb2152d8d8ea57,True
d20-c2-h4-s22264823,20,2,22264823,4,16,30037528c1917b1a55ea05fcb9e3c64334c078969db47fbc976bcad918157c3a,bb3f4bb98696917386061a302d44efeba919f6fb6232f6501c2b09cff2af185f,8,all_pair_product,1,60525681,300000,30.0,True,solved,1.5041595000075176,115,103,103,28200,26907,407,5,15,0.020913700223900378,5b1254a93f6118dc17aad7275417778114bb81c400c655b726cb2152d8d8ea57,True
d20-c2-h4-s22264823,20,2,22264823,4,16,30037528c1917b1a55ea05fcb9e3c64334c078969db47fbc976bcad918157c3a,bb3f4bb98696917386061a302d44efeba919f6fb6232f6501c2b09cff2af185f,8,lexicographic,1,60525681,300000,30.0,True,solved,1.883544099982828,173,161,161,42056,41017,251,4,0,0.0,5b1254a93f6118dc17aad7275417778114bb81c400c655b726cb2152d8d8ea57,True
d20-c2-h4-s22264823,20,2,22264823,4,16,30037528c1917b1a55ea05fcb9e3c64334c078969db47fbc976bcad918157c3a,bb3f4bb98696917386061a302d44efeba919f6fb6232f6501c2b09cff2af185f,8,all_pair_lexicographic,2,70525700,300000,30.0,True,solved,1.3983929000096396,115,103,103,28200,26907,407,5,15,0.018974300008267164,5b1254a93f6118dc17aad7275417778114bb81c400c655b726cb2152d8d8ea57,True
d20-c2-h4-s22264823,20,2,22264823,4,16,30037528c1917b1a55ea05fcb9e3c64334c078969db47fbc976bcad918157c3a,bb3f4bb98696917386061a302d44efeba919f6fb6232f6501c2b09cff2af185f,8,all_pair_product,2,70525700,300000,30.0,True,solved,1.3023988000350073,115,103,103,28200,26907,407,5,15,0.01881279970984906,5b1254a93f6118dc17aad7275417778114bb81c400c655b726cb2152d8d8ea57,True
d20-c2-h4-s22264823,20,2,22264823,4,16,30037528c1917b1a55ea05fcb9e3c64334c078969db47fbc976bcad918157c3a,bb3f4bb98696917386061a302d44efeba919f6fb6232f6501c2b09cff2af185f,8,lexicographic,2,70525700,300000,30.0,True,solved,1.8010273999534547,173,161,161,42056,41017,251,4,0,0.0,5b1254a93f6118dc17aad7275417778114bb81c400c655b726cb2152d8d8ea57,True
d20-c2-h4-s22264826,20,2,22264826,4,16,f288406dd4383d363c4e7570367901cf891bc040a9387842a19e9d4410cbd742,4ff48f88302292a88248ab3ac6208bf1d9a9bfdd6465fbe3866c699268c0f27a,8,all_pair_lexicographic,0,50525665,300000,30.0,True,solved,0.7191714999498799,71,59,59,16440,14890,978,6,19,0.013309400295838714,b1a5134a9ff7637438a9e051fbcd264fd8d74daae63c5695ea221f0177863eb9,True
d20-c2-h4-s22264826,20,2,22264826,4,16,f288406dd4383d363c4e7570367901cf891bc040a9387842a19e9d4410cbd742,4ff48f88302292a88248ab3ac6208bf1d9a9bfdd6465fbe3866c699268c0f27a,8,all_pair_product,0,50525665,300000,30.0,True,solved,0.9528268999420106,71,59,59,16440,14890,978,6,19,0.011148300021886826,b1a5134a9ff7637438a9e051fbcd264fd8d74daae63c5695ea221f0177863eb9,True
d20-c2-h4-s22264826,20,2,22264826,4,16,f288406dd4383d363c4e7570367901cf891bc040a9387842a19e9d4410cbd742,4ff48f88302292a88248ab3ac6208bf1d9a9bfdd6465fbe3866c699268c0f27a,8,lexicographic,0,50525665,300000,30.0,True,solved,2.8658558999886736,255,243,243,63792,62758,519,4,0,0.0,b1a5134a9ff7637438a9e051fbcd264fd8d74daae63c5695ea221f0177863eb9,True
d20-c2-h4-s22264826,20,2,22264826,4,16,f288406dd4383d363c4e7570367901cf891bc040a9387842a19e9d4410cbd742,4ff48f88302292a88248ab3ac6208bf1d9a9bfdd6465fbe3866c699268c0f27a,8,all_pair_lexicographic,1,60525684,300000,30.0,True,solved,0.8332363000372425,71,59,59,16440,14890,978,6,19,0.012539399904198945,b1a5134a9ff7637438a9e051fbcd264fd8d74daae63c5695ea221f0177863eb9,True
d20-c2-h4-s22264826,20,2,22264826,4,16,f288406dd4383d363c4e7570367901cf891bc040a9387842a19e9d4410cbd742,4ff48f88302292a88248ab3ac6208bf1d9a9bfdd6465fbe3866c699268c0f27a,8,all_pair_product,1,60525684,300000,30.0,True,solved,0.7214800999499857,71,59,59,16440,14890,978,6,19,0.012627899996004999,b1a5134a9ff7637438a9e051fbcd264fd8d74daae63c5695ea221f0177863eb9,True
d20-c2-h4-s22264826,20,2,22264826,4,16,f288406dd4383d363c4e7570367901cf891bc040a9387842a19e9d4410cbd742,4ff48f88302292a88248ab3ac6208bf1d9a9bfdd6465fbe3866c699268c0f27a,8,lexicographic,1,60525684,300000,30.0,True,solved,2.792233800049871,255,243,243,63792,62758,519,4,0,0.0,b1a5134a9ff7637438a9e051fbcd264fd8d74daae63c5695ea221f0177863eb9,True
d20-c2-h4-s22264826,20,2,22264826,4,16,f288406dd4383d363c4e7570367901cf891bc040a9387842a19e9d4410cbd742,4ff48f88302292a88248ab3ac6208bf1d9a9bfdd6465fbe3866c699268c0f27a,8,all_pair_lexicographic,2,70525703,300000,30.0,True,solved,0.8947240000125021,71,59,59,16440,14890,978,6,19,0.012530699837952852,b1a5134a9ff7637438a9e051fbcd264fd8d74daae63c5695ea221f0177863eb9,True
d20-c2-h4-s22264826,20,2,22264826,4,16,f288406dd4383d363c4e7570367901cf891bc040a9387842a19e9d4410cbd742,4ff48f88302292a88248ab3ac6208bf1d9a9bfdd6465fbe3866c699268c0f27a,8,all_pair_product,2,70525703,300000,30.0,True,solved,0.7194420000305399,71,59,59,16440,14890,978,6,19,0.01414429978467524,b1a5134a9ff7637438a9e051fbcd264fd8d74daae63c5695ea221f0177863eb9,True
d20-c2-h4-s22264826,20,2,22264826,4,16,f288406dd4383d363c4e7570367901cf891bc040a9387842a19e9d4410cbd742,4ff48f88302292a88248ab3ac6208bf1d9a9bfdd6465fbe3866c699268c0f27a,8,lexicographic,2,70525703,300000,30.0,True,solved,2.759321599965915,255,243,243,63792,62758,519,4,0,0.0,b1a5134a9ff7637438a9e051fbcd264fd8d74daae63c5695ea221f0177863eb9,True
d20-c2-h4-s22264829,20,2,22264829,4,16,e08697f74d621b0a7f6283437fca47d30ff7a2318f5480f95efdb4695c89524d,a9a5a2709928218435e3869447281dfac03b40a8d99f688e81e243dce96ed76b,8,all_pair_lexicographic,0,50525668,300000,30.0,True,solved,4.113447100040503,357,345,345,88416,86091,1235,9,30,0.025541499606333673,f503c0f33cb8c0b6f4c10b332141334293e1da6246c938cc6106f5b420512e34,True
d20-c2-h4-s22264829,20,2,22264829,4,16,e08697f74d621b0a7f6283437fca47d30ff7a2318f5480f95efdb4695c89524d,a9a5a2709928218435e3869447281dfac03b40a8d99f688e81e243dce96ed76b,8,all_pair_product,0,50525668,300000,30.0,True,solved,4.024882999947295,357,345,345,88416,86091,1235,9,30,0.02420520002488047,f503c0f33cb8c0b6f4c10b332141334293e1da6246c938cc6106f5b420512e34,True
d20-c2-h4-s22264829,20,2,22264829,4,16,e08697f74d621b0a7f6283437fca47d30ff7a2318f5480f95efdb4695c89524d,a9a5a2709928218435e3869447281dfac03b40a8d99f688e81e243dce96ed76b,8,lexicographic,0,50525668,300000,30.0,True,solved,2.7661067000590265,227,215,215,56872,55839,281,4,0,0.0,f503c0f33cb8c0b6f4c10b332141334293e1da6246c938cc6106f5b420512e34,True
d20-c2-h4-s22264829,20,2,22264829,4,16,e08697f74d621b0a7f6283437fca47d30ff7a2318f5480f95efdb4695c89524d,a9a5a2709928218435e3869447281dfac03b40a8d99f688e81e243dce96ed76b,8,all_pair_lexicographic,1,60525687,300000,30.0,True,solved,4.431182999978773,357,345,345,88416,86091,1235,9,30,0.02841440017800778,f503c0f33cb8c0b6f4c10b332141334293e1da6246c938cc6106f5b420512e34,True
d20-c2-h4-s22264829,20,2,22264829,4,16,e08697f74d621b0a7f6283437fca47d30ff7a2318f5480f95efdb4695c89524d,a9a5a2709928218435e3869447281dfac03b40a8d99f688e81e243dce96ed76b,8,all_pair_product,1,60525687,300000,30.0,True,solved,4.267683999962173,358,346,346,88672,86347,1235,9,30,0.030188399949111044,f503c0f33cb8c0b6f4c10b332141334293e1da6246c938cc6106f5b420512e34,True
d20-c2-h4-s22264829,20,2,22264829,4,16,e08697f74d621b0a7f6283437fca47d30ff7a2318f5480f95efdb4695c89524d,a9a5a2709928218435e3869447281dfac03b40a8d99f688e81e243dce96ed76b,8,lexicographic,1,60525687,300000,30.0,True,solved,3.022843400016427,227,215,215,56872,55839,281,4,0,0.0,f503c0f33cb8c0b6f4c10b332141334293e1da6246c938cc6106f5b420512e34,True
d20-c2-h4-s22264829,20,2,22264829,4,16,e08697f74d621b0a7f6283437fca47d30ff7a2318f5480f95efdb4695c89524d,a9a5a2709928218435e3869447281dfac03b40a8d99f688e81e243dce96ed76b,8,all_pair_lexicographic,2,70525706,300000,30.0,True,solved,3.853678600047715,357,345,345,88416,86091,1235,9,30,0.027647099923342466,f503c0f33cb8c0b6f4c10b332141334293e1da6246c938cc6106f5b420512e34,True
d20-c2-h4-s22264829,20,2,22264829,4,16,e08697f74d621b0a7f6283437fca47d30ff7a2318f5480f95efdb4695c89524d,a9a5a2709928218435e3869447281dfac03b40a8d99f688e81e243dce96ed76b,8,all_pair_product,2,70525706,300000,30.0,True,solved,3.8745603000279516,358,346,346,88672,86347,1235,9,30,0.025322099681943655,f503c0f33cb8c0b6f4c10b332141334293e1da6246c938cc6106f5b420512e34,True
d20-c2-h4-s22264829,20,2,22264829,4,16,e08697f74d621b0a7f6283437fca47d30ff7a2318f5480f95efdb4695c89524d,a9a5a2709928218435e3869447281dfac03b40a8d99f688e81e243dce96ed76b,8,lexicographic,2,70525706,300000,30.0,True,solved,2.969774299999699,227,215,215,56872,55839,281,4,0,0.0,f503c0f33cb8c0b6f4c10b332141334293e1da6246c938cc6106f5b420512e34,True
d20-c2-h4-s22264832,20,2,22264832,4,16,e6ab8205f332fe14b86bca9a210ad2803f9d02a67ce8dbf78ee1c081f3d419c9,aca840cf6642d0313d9e467c786f898ae036968fd5b09dbfc8c440ae77a8d3e3,8,all_pair_lexicographic,0,50525671,300000,30.0,True,solved,2.550776199903339,207,195,195,50512,48189,1421,9,28,0.02593110001180321,ce89e51536b027f7b1d4fe1ba1ea517cc53a8aa650740fb75a126a6399fb76fb,True
d20-c2-h4-s22264832,20,2,22264832,4,16,e6ab8205f332fe14b86bca9a210ad2803f9d02a67ce8dbf78ee1c081f3d419c9,aca840cf6642d0313d9e467c786f898ae036968fd5b09dbfc8c440ae77a8d3e3,8,all_pair_product,0,50525671,300000,30.0,True,solved,2.4021756999427453,207,195,195,50512,48189,1421,9,28,0.02309670008253306,ce89e51536b027f7b1d4fe1ba1ea517cc53a8aa650740fb75a126a6399fb76fb,True
d20-c2-h4-s22264832,20,2,22264832,4,16,e6ab8205f332fe14b86bca9a210ad2803f9d02a67ce8dbf78ee1c081f3d419c9,aca840cf6642d0313d9e467c786f898ae036968fd5b09dbfc8c440ae77a8d3e3,8,lexicographic,0,50525671,300000,30.0,True,solved,2.740443899994716,248,236,236,61504,60468,319,4,0,0.0,ce89e51536b027f7b1d4fe1ba1ea517cc53a8aa650740fb75a126a6399fb76fb,True
d20-c2-h4-s22264832,20,2,22264832,4,16,e6ab8205f332fe14b86bca9a210ad2803f9d02a67ce8dbf78ee1c081f3d419c9,aca840cf6642d0313d9e467c786f898ae036968fd5b09dbfc8c440ae77a8d3e3,8,all_pair_lexicographic,1,60525690,300000,30.0,True,solved,2.086159799946472,207,195,195,50512,48189,1421,9,28,0.02002290019299835,ce89e51536b027f7b1d4fe1ba1ea517cc53a8aa650740fb75a126a6399fb76fb,True
d20-c2-h4-s22264832,20,2,22264832,4,16,e6ab8205f332fe14b86bca9a210ad2803f9d02a67ce8dbf78ee1c081f3d419c9,aca840cf6642d0313d9e467c786f898ae036968fd5b09dbfc8c440ae77a8d3e3,8,all_pair_product,1,60525690,300000,30.0,True,solved,2.364764399942942,207,195,195,50512,48189,1421,9,28,0.018511099508032203,ce89e51536b027f7b1d4fe1ba1ea517cc53a8aa650740fb75a126a6399fb76fb,True
d20-c2-h4-s22264832,20,2,22264832,4,16,e6ab8205f332fe14b86bca9a210ad2803f9d02a67ce8dbf78ee1c081f3d419c9,aca840cf6642d0313d9e467c786f898ae036968fd5b09dbfc8c440ae77a8d3e3,8,lexicographic,1,60525690,300000,30.0,True,solved,2.805371499969624,248,236,236,61504,60468,319,4,0,0.0,ce89e51536b027f7b1d4fe1ba1ea517cc53a8aa650740fb75a126a6399fb76fb,True
d20-c2-h4-s22264832,20,2,22264832,4,16,e6ab8205f332fe14b86bca9a210ad2803f9d02a67ce8dbf78ee1c081f3d419c9,aca840cf6642d0313d9e467c786f898ae036968fd5b09dbfc8c440ae77a8d3e3,8,all_pair_lexicographic,2,70525709,300000,30.0,True,solved,2.2254394000628963,207,195,195,50512,48189,1421,9,28,0.021109199849888682,ce89e51536b027f7b1d4fe1ba1ea517cc53a8aa650740fb75a126a6399fb76fb,True
d20-c2-h4-s22264832,20,2,22264832,4,16,e6ab8205f332fe14b86bca9a210ad2803f9d02a67ce8dbf78ee1c081f3d419c9,aca840cf6642d0313d9e467c786f898ae036968fd5b09dbfc8c440ae77a8d3e3,8,all_pair_product,2,70525709,300000,30.0,True,solved,2.12733340007253,207,195,195,50512,48189,1421,9,28,0.024079600116237998,ce89e51536b027f7b1d4fe1ba1ea517cc53a8aa650740fb75a126a6399fb76fb,True
d20-c2-h4-s22264832,20,2,22264832,4,16,e6ab8205f332fe14b86bca9a210ad2803f9d02a67ce8dbf78ee1c081f3d419c9,aca840cf6642d0313d9e467c786f898ae036968fd5b09dbfc8c440ae77a8d3e3,8,lexicographic,2,70525709,300000,30.0,True,solved,3.4183460000203922,248,236,236,61504,60468,319,4,0,0.0,ce89e51536b027f7b1d4fe1ba1ea517cc53a8aa650740fb75a126a6399fb76fb,True
d20-c0-h6-s22266815,20,0,22266815,6,14,70db1fecdf6d8ee378662a3fab2ffaf576376658a05d1f53130a0cb5b86e0418,816429e3ee5c2cf9031b9cd16a714624ed1d921a9db532c2b95b24032ad397c6,8,all_pair_lexicographic,0,50527654,300000,30.0,True,solved,2.6516712000593543,245,227,227,58008,54647,2093,13,43,0.03681289963424206,7a549452ed6f4252288d8e39275337036a08d25306ad4e54d87f09a8eaa7537b,True
d20-c0-h6-s22266815,20,0,22266815,6,14,70db1fecdf6d8ee378662a3fab2ffaf576376658a05d1f53130a0cb5b86e0418,816429e3ee5c2cf9031b9cd16a714624ed1d921a9db532c2b95b24032ad397c6,8,all_pair_product,0,50527654,300000,30.0,True,solved,8.473594499984756,771,753,753,188200,182765,3643,21,75,0.04136090027168393,7a549452ed6f4252288d8e39275337036a08d25306ad4e54d87f09a8eaa7537b,True
d20-c0-h6-s22266815,20,0,22266815,6,14,70db1fecdf6d8ee378662a3fab2ffaf576376658a05d1f53130a0cb5b86e0418,816429e3ee5c2cf9031b9cd16a714624ed1d921a9db532c2b95b24032ad397c6,8,lexicographic,0,50527654,300000,30.0,True,solved,3.173791900044307,258,240,240,63568,62015,497,6,0,0.0,7a549452ed6f4252288d8e39275337036a08d25306ad4e54d87f09a8eaa7537b,True
d20-c0-h6-s22266815,20,0,22266815,6,14,70db1fecdf6d8ee378662a3fab2ffaf576376658a05d1f53130a0cb5b86e0418,816429e3ee5c2cf9031b9cd16a714624ed1d921a9db532c2b95b24032ad397c6,8,all_pair_lexicographic,1,60527673,300000,30.0,True,solved,2.7850890000117943,245,227,227,58008,54647,2093,13,43,0.035851900349371135,7a549452ed6f4252288d8e39275337036a08d25306ad4e54d87f09a8eaa7537b,True
d20-c0-h6-s22266815,20,0,22266815,6,14,70db1fecdf6d8ee378662a3fab2ffaf576376658a05d1f53130a0cb5b86e0418,816429e3ee5c2cf9031b9cd16a714624ed1d921a9db532c2b95b24032ad397c6,8,all_pair_product,1,60527673,300000,30.0,True,solved,3.2577562000369653,248,230,230,58528,55166,2093,13,44,0.035419199615716934,7a549452ed6f4252288d8e39275337036a08d25306ad4e54d87f09a8eaa7537b,True
d20-c0-h6-s22266815,20,0,22266815,6,14,70db1fecdf6d8ee378662a3fab2ffaf576376658a05d1f53130a0cb5b86e0418,816429e3ee5c2cf9031b9cd16a714624ed1d921a9db532c2b95b24032ad397c6,8,lexicographic,1,60527673,300000,30.0,True,solved,3.2278574999654666,258,240,240,63568,62015,497,6,0,0.0,7a549452ed6f4252288d8e39275337036a08d25306ad4e54d87f09a8eaa7537b,True
d20-c0-h6-s22266815,20,0,22266815,6,14,70db1fecdf6d8ee378662a3fab2ffaf576376658a05d1f53130a0cb5b86e0418,816429e3ee5c2cf9031b9cd16a714624ed1d921a9db532c2b95b24032ad397c6,8,all_pair_lexicographic,2,70527692,300000,30.0,True,solved,2.5364894000813365,245,227,227,58008,54647,2093,13,43,0.0318334000185132,7a549452ed6f4252288d8e39275337036a08d25306ad4e54d87f09a8eaa7537b,True
d20-c0-h6-s22266815,20,0,22266815,6,14,70db1fecdf6d8ee378662a3fab2ffaf576376658a05d1f53130a0cb5b86e0418,816429e3ee5c2cf9031b9cd16a714624ed1d921a9db532c2b95b24032ad397c6,8,all_pair_product,2,70527692,300000,30.0,True,solved,2.671041400055401,248,230,230,58528,55166,2093,13,44,0.0285817994736135,7a549452ed6f4252288d8e39275337036a08d25306ad4e54d87f09a8eaa7537b,True
d20-c0-h6-s22266815,20,0,22266815,6,14,70db1fecdf6d8ee378662a3fab2ffaf576376658a05d1f53130a0cb5b86e0418,816429e3ee5c2cf9031b9cd16a714624ed1d921a9db532c2b95b24032ad397c6,8,lexicographic,2,70527692,300000,30.0,True,solved,2.9947153000393882,258,240,240,63568,62015,497,6,0,0.0,7a549452ed6f4252288d8e39275337036a08d25306ad4e54d87f09a8eaa7537b,True
d20-c0-h6-s22266818,20,0,22266818,6,14,465794cbaad1cedf872536f20cf7ee5605a00a1b9556743c277b72e99bd3f376,a9bb0595fe2df3d10581faf1fe31b9f5c5049edf3cd5eb7a1d33eb3b0948549b,8,all_pair_lexicographic,0,50527657,300000,30.0,False,time_budget,30.00036830001045,2429,2423,2423,608192,600939,4402,27,102,0.07339809986297041,,False
d20-c0-h6-s22266818,20,0,22266818,6,14,465794cbaad1cedf872536f20cf7ee5605a00a1b9556743c277b72e99bd3f376,a9bb0595fe2df3d10581faf1fe31b9f5c5049edf3cd5eb7a1d33eb3b0948549b,8,all_pair_product,0,50527657,300000,30.0,False,time_budget,30.007980900001712,2603,2597,2597,651992,644222,4741,29,109,0.07680860010441393,,False
d20-c0-h6-s22266818,20,0,22266818,6,14,465794cbaad1cedf872536f20cf7ee5605a00a1b9556743c277b72e99bd3f376,a9bb0595fe2df3d10581faf1fe31b9f5c5049edf3cd5eb7a1d33eb3b0948549b,8,lexicographic,0,50527657,300000,30.0,True,solved,2.5779509000713006,208,190,190,50272,48716,559,6,0,0.0,9d377cde601f023f2a8e6c3940fb32960029e2577b05bfec1ce8f166c46ff06f,True
d20-c0-h6-s22266818,20,0,22266818,6,14,465794cbaad1cedf872536f20cf7ee5605a00a1b9556743c277b72e99bd3f376,a9bb0595fe2df3d10581faf1fe31b9f5c5049edf3cd5eb7a1d33eb3b0948549b,8,all_pair_lexicographic,1,60527676,300000,30.0,False,time_budget,30.009089799947105,2551,2545,2545,638928,631159,4741,29,108,0.07443039992358536,,False
d20-c0-h6-s22266818,20,0,22266818,6,14,465794cbaad1cedf872536f20cf7ee5605a00a1b9556743c277b72e99bd3f376,a9bb0595fe2df3d10581faf1fe31b9f5c5049edf3cd5eb7a1d33eb3b0948549b,8,all_pair_product,1,60527676,300000,30.0,False,time_budget,30.00299820001237,2592,2586,2586,649176,641406,4741,29,109,0.08310199982952327,,False
d20-c0-h6-s22266818,20,0,22266818,6,14,465794cbaad1cedf872536f20cf7ee5605a00a1b9556743c277b72e99bd3f376,a9bb0595fe2df3d10581faf1fe31b9f5c5049edf3cd5eb7a1d33eb3b0948549b,8,lexicographic,1,60527676,300000,30.0,True,solved,2.4174772000405937,208,190,190,50272,48716,559,6,0,0.0,9d377cde601f023f2a8e6c3940fb32960029e2577b05bfec1ce8f166c46ff06f,True
d20-c0-h6-s22266818,20,0,22266818,6,14,465794cbaad1cedf872536f20cf7ee5605a00a1b9556743c277b72e99bd3f376,a9bb0595fe2df3d10581faf1fe31b9f5c5049edf3cd5eb7a1d33eb3b0948549b,8,all_pair_lexicographic,2,70527695,300000,30.0,False,time_budget,30.00262120005209,2636,2633,2633,660440,652670,4741,29,109,0.09767730114981532,,False
d20-c0-h6-s22266818,20,0,22266818,6,14,465794cbaad1cedf872536f20cf7ee5605a00a1b9556743c277b72e99bd3f376,a9bb0595fe2df3d10581faf1fe31b9f5c5049edf3cd5eb7a1d33eb3b0948549b,8,all_pair_product,2,70527695,300000,30.0,False,time_budget,30.005884399986826,2727,2724,2724,683736,675966,4741,29,109,0.06825409946031868,,False
d20-c0-h6-s22266818,20,0,22266818,6,14,465794cbaad1cedf872536f20cf7ee5605a00a1b9556743c277b72e99bd3f376,a9bb0595fe2df3d10581faf1fe31b9f5c5049edf3cd5eb7a1d33eb3b0948549b,8,lexicographic,2,70527695,300000,30.0,True,solved,2.616760000004433,208,190,190,50272,48716,559,6,0,0.0,9d377cde601f023f2a8e6c3940fb32960029e2577b05bfec1ce8f166c46ff06f,True
d20-c0-h6-s22266821,20,0,22266821,6,14,b7ea9fb17eda2603466c086c6ba45d4bbf52631275d734e1159dac5a3bbe98c2,bda482f2e9e08b0f0b598345cfbc4a78d0ae05b1128d77015ac7fac682115889,8,all_pair_lexicographic,0,50527660,300000,30.0,True,solved,6.204618200077675,612,594,594,145760,140828,3418,19,63,0.033492700080387294,853d44d55155e20ac98d4b00641481d46b1440dc27daa37957b5c298d53e6bd1,True
d20-c0-h6-s22266821,20,0,22266821,6,14,b7ea9fb17eda2603466c086c6ba45d4bbf52631275d734e1159dac5a3bbe98c2,bda482f2e9e08b0f0b598345cfbc4a78d0ae05b1128d77015ac7fac682115889,8,all_pair_product,0,50527660,300000,30.0,True,solved,6.5689788000890985,612,594,594,145760,140828,3418,19,63,0.03553889982867986,853d44d55155e20ac98d4b00641481d46b1440dc27daa37957b5c298d53e6bd1,True
d20-c0-h6-s22266821,20,0,22266821,6,14,b7ea9fb17eda2603466c086c6ba45d4bbf52631275d734e1159dac5a3bbe98c2,bda482f2e9e08b0f0b598345cfbc4a78d0ae05b1128d77015ac7fac682115889,8,lexicographic,0,50527660,300000,30.0,True,solved,2.691519199986942,255,237,237,62304,60746,623,6,0,0.0,853d44d55155e20ac98d4b00641481d46b1440dc27daa37957b5c298d53e6bd1,True
d20-c0-h6-s22266821,20,0,22266821,6,14,b7ea9fb17eda2603466c086c6ba45d4bbf52631275d734e1159dac5a3bbe98c2,bda482f2e9e08b0f0b598345cfbc4a78d0ae05b1128d77015ac7fac682115889,8,all_pair_lexicographic,1,60527679,300000,30.0,True,solved,6.423078100080602,612,594,594,145760,140828,3418,19,63,0.03843139985110611,853d44d55155e20ac98d4b00641481d46b1440dc27daa37957b5c298d53e6bd1,True
d20-c0-h6-s22266821,20,0,22266821,6,14,b7ea9fb17eda2603466c086c6ba45d4bbf52631275d734e1159dac5a3bbe98c2,bda482f2e9e08b0f0b598345cfbc4a78d0ae05b1128d77015ac7fac682115889,8,all_pair_product,1,60527679,300000,30.0,True,solved,6.3409529000055045,613,595,595,146016,141084,3418,19,63,0.03256930015049875,853d44d55155e20ac98d4b00641481d46b1440dc27daa37957b5c298d53e6bd1,True
d20-c0-h6-s22266821,20,0,22266821,6,14,b7ea9fb17eda2603466c086c6ba45d4bbf52631275d734e1159dac5a3bbe98c2,bda482f2e9e08b0f0b598345cfbc4a78d0ae05b1128d77015ac7fac682115889,8,lexicographic,1,60527679,300000,30.0,True,solved,2.6826111000264063,255,237,237,62304,60746,623,6,0,0.0,853d44d55155e20ac98d4b00641481d46b1440dc27daa37957b5c298d53e6bd1,True
d20-c0-h6-s22266821,20,0,22266821,6,14,b7ea9fb17eda2603466c086c6ba45d4bbf52631275d734e1159dac5a3bbe98c2,bda482f2e9e08b0f0b598345cfbc4a78d0ae05b1128d77015ac7fac682115889,8,all_pair_lexicographic,2,70527698,300000,30.0,True,solved,6.034456599969417,612,594,594,145760,140828,3418,19,63,0.03258559945970774,853d44d55155e20ac98d4b00641481d46b1440dc27daa37957b5c298d53e6bd1,True
d20-c0-h6-s22266821,20,0,22266821,6,14,b7ea9fb17eda2603466c086c6ba45d4bbf52631275d734e1159dac5a3bbe98c2,bda482f2e9e08b0f0b598345cfbc4a78d0ae05b1128d77015ac7fac682115889,8,all_pair_product,2,70527698,300000,30.0,True,solved,6.432738800067455,613,595,595,146016,141084,3418,19,63,0.03491019969806075,853d44d55155e20ac98d4b00641481d46b1440dc27daa37957b5c298d53e6bd1,True
d20-c0-h6-s22266821,20,0,22266821,6,14,b7ea9fb17eda2603466c086c6ba45d4bbf52631275d734e1159dac5a3bbe98c2,bda482f2e9e08b0f0b598345cfbc4a78d0ae05b1128d77015ac7fac682115889,8,lexicographic,2,70527698,300000,30.0,True,solved,2.7695238000014797,255,237,237,62304,60746,623,6,0,0.0,853d44d55155e20ac98d4b00641481d46b1440dc27daa37957b5c298d53e6bd1,True
d20-c0-h6-s22266824,20,0,22266824,6,14,68b707aef7a6abc7bfdc157ac5ef244b9b9495bc5dd4198eb8f8c56257d7b162,ee36944903764dbf811c729b0f6fffbb94aa5d8dc84a4b3a5b8786e0a3ca6866,8,all_pair_lexicographic,0,50527663,300000,30.0,True,solved,11.726776600000449,988,970,970,237056,228767,6346,32,104,0.05993539991322905,e90dea7992fff087385d55b9f2501b170e94d690b8b6c055678a4b231cadc556,True
d20-c0-h6-s22266824,20,0,22266824,6,14,68b707aef7a6abc7bfdc157ac5ef244b9b9495bc5dd4198eb8f8c56257d7b162,ee36944903764dbf811c729b0f6fffbb94aa5d8dc84a4b3a5b8786e0a3ca6866,8,all_pair_product,0,50527663,300000,30.0,True,solved,20.431084000039846,1834,1816,1816,444704,432267,9649,48,162,0.07339289807714522,e90dea7992fff087385d55b9f2501b170e94d690b8b6c055678a4b231cadc556,True
d20-c0-h6-s22266824,20,0,22266824,6,14,68b707aef7a6abc7bfdc157ac5ef244b9b9495bc5dd4198eb8f8c56257d7b162,ee36944903764dbf811c729b0f6fffbb94aa5d8dc84a4b3a5b8786e0a3ca6866,8,lexicographic,0,50527663,300000,30.0,True,solved,2.7454456998966634,263,245,245,64104,62548,553,6,0,0.0,e90dea7992fff087385d55b9f2501b170e94d690b8b6c055678a4b231cadc556,True
d20-c0-h6-s22266824,20,0,22266824,6,14,68b707aef7a6abc7bfdc157ac5ef244b9b9495bc5dd4198eb8f8c56257d7b162,ee36944903764dbf811c729b0f6fffbb94aa5d8dc84a4b3a5b8786e0a3ca6866,8,all_pair_lexicographic,1,60527682,300000,30.0,True,solved,11.745974200079218,988,970,970,237056,228767,6346,32,104,0.056816100142896175,e90dea7992fff087385d55b9f2501b170e94d690b8b6c055678a4b231cadc556,True
d20-c0-h6-s22266824,20,0,22266824,6,14,68b707aef7a6abc7bfdc157ac5ef244b9b9495bc5dd4198eb8f8c56257d7b162,ee36944903764dbf811c729b0f6fffbb94aa5d8dc84a4b3a5b8786e0a3ca6866,8,all_pair_product,1,60527682,300000,30.0,True,solved,11.806322299991734,988,970,970,237056,228767,6346,32,104,0.05236539978068322,e90dea7992fff087385d55b9f2501b170e94d690b8b6c055678a4b231cadc556,True
d20-c0-h6-s22266824,20,0,22266824,6,14,68b707aef7a6abc7bfdc157ac5ef244b9b9495bc5dd4198eb8f8c56257d7b162,ee36944903764dbf811c729b0f6fffbb94aa5d8dc84a4b3a5b8786e0a3ca6866,8,lexicographic,1,60527682,300000,30.0,True,solved,3.1019207999343053,263,245,245,64104,62548,553,6,0,0.0,e90dea7992fff087385d55b9f2501b170e94d690b8b6c055678a4b231cadc556,True
d20-c0-h6-s22266824,20,0,22266824,6,14,68b707aef7a6abc7bfdc157ac5ef244b9b9495bc5dd4198eb8f8c56257d7b162,ee36944903764dbf811c729b0f6fffbb94aa5d8dc84a4b3a5b8786e0a3ca6866,8,all_pair_lexicographic,2,70527701,300000,30.0,True,solved,12.005066200043075,988,970,970,237056,228767,6346,32,104,0.05704190011601895,e90dea7992fff087385d55b9f2501b170e94d690b8b6c055678a4b231cadc556,True
d20-c0-h6-s22266824,20,0,22266824,6,14,68b707aef7a6abc7bfdc157ac5ef244b9b9495bc5dd4198eb8f8c56257d7b162,ee36944903764dbf811c729b0f6fffbb94aa5d8dc84a4b3a5b8786e0a3ca6866,8,all_pair_product,2,70527701,300000,30.0,True,solved,11.675296100089327,988,970,970,237056,228767,6346,32,104,0.0486476004589349,e90dea7992fff087385d55b9f2501b170e94d690b8b6c055678a4b231cadc556,True
d20-c0-h6-s22266824,20,0,22266824,6,14,68b707aef7a6abc7bfdc157ac5ef244b9b9495bc5dd4198eb8f8c56257d7b162,ee36944903764dbf811c729b0f6fffbb94aa5d8dc84a4b3a5b8786e0a3ca6866,8,lexicographic,2,70527701,300000,30.0,True,solved,3.046185699990019,263,245,245,64104,62548,553,6,0,0.0,e90dea7992fff087385d55b9f2501b170e94d690b8b6c055678a4b231cadc556,True
d20-c0-h6-s22266827,20,0,22266827,6,14,962cbdf4fb9d673971102fb16e3977032afb9cd73297c0ad40146c60990bb60f,9ae4b8ad7822966c9e5e0d9f4eb2315efbc8fdeab79beb0c40389f0a24dcd3b2,8,all_pair_lexicographic,0,50527666,300000,30.0,True,solved,14.189970399951562,1416,1398,1398,342408,334613,5371,30,112,0.059305699658580124,998329aeab1e62e23aefd9bd986a87e48705efba70f099ca68da8d7fb8e26436,True
d20-c0-h6-s22266827,20,0,22266827,6,14,962cbdf4fb9d673971102fb16e3977032afb9cd73297c0ad40146c60990bb60f,9ae4b8ad7822966c9e5e0d9f4eb2315efbc8fdeab79beb0c40389f0a24dcd3b2,8,all_pair_product,0,50527666,300000,30.0,True,solved,15.070095700095408,1440,1422,1422,348056,340002,5607,31,115,0.05993779969867319,998329aeab1e62e23aefd9bd986a87e48705efba70f099ca68da8d7fb8e26436,True
d20-c0-h6-s22266827,20,0,22266827,6,14,962cbdf4fb9d673971102fb16e3977032afb9cd73297c0ad40146c60990bb60f,9ae4b8ad7822966c9e5e0d9f4eb2315efbc8fdeab79beb0c40389f0a24dcd3b2,8,lexicographic,0,50527666,300000,30.0,True,solved,2.844010500004515,257,239,239,63560,62007,505,6,0,0.0,998329aeab1e62e23aefd9bd986a87e48705efba70f099ca68da8d7fb8e26436,True
d20-c0-h6-s22266827,20,0,22266827,6,14,962cbdf4fb9d673971102fb16e3977032afb9cd73297c0ad40146c60990bb60f,9ae4b8ad7822966c9e5e0d9f4eb2315efbc8fdeab79beb0c40389f0a24dcd3b2,8,all_pair_lexicographic,1,60527685,300000,30.0,True,solved,14.813319399952888,1416,1398,1398,342408,334613,5371,30,112,0.057542100199498236,998329aeab1e62e23aefd9bd986a87e48705efba70f099ca68da8d7fb8e26436,True
d20-c0-h6-s22266827,20,0,22266827,6,14,962cbdf4fb9d673971102fb16e3977032afb9cd73297c0ad40146c60990bb60f,9ae4b8ad7822966c9e5e0d9f4eb2315efbc8fdeab79beb0c40389f0a24dcd3b2,8,all_pair_product,1,60527685,300000,30.0,True,solved,17.664723200025037,1638,1620,1620,394776,385935,6196,34,132,0.06352569977752864,998329aeab1e62e23aefd9bd986a87e48705efba70f099ca68da8d7fb8e26436,True
d20-c0-h6-s22266827,20,0,22266827,6,14,962cbdf4fb9d673971102fb16e3977032afb9cd73297c0ad40146c60990bb60f,9ae4b8ad7822966c9e5e0d9f4eb2315efbc8fdeab79beb0c40389f0a24dcd3b2,8,lexicographic,1,60527685,300000,30.0,True,solved,2.806925099925138,257,239,239,63560,62007,505,6,0,0.0,998329aeab1e62e23aefd9bd986a87e48705efba70f099ca68da8d7fb8e26436,True
d20-c0-h6-s22266827,20,0,22266827,6,14,962cbdf4fb9d673971102fb16e3977032afb9cd73297c0ad40146c60990bb60f,9ae4b8ad7822966c9e5e0d9f4eb2315efbc8fdeab79beb0c40389f0a24dcd3b2,8,all_pair_lexicographic,2,70527704,300000,30.0,True,solved,15.977518299943767,1416,1398,1398,342408,334613,5371,30,112,0.07207700016442686,998329aeab1e62e23aefd9bd986a87e48705efba70f099ca68da8d7fb8e26436,True
d20-c0-h6-s22266827,20,0,22266827,6,14,962cbdf4fb9d673971102fb16e3977032afb9cd73297c0ad40146c60990bb60f,9ae4b8ad7822966c9e5e0d9f4eb2315efbc8fdeab79beb0c40389f0a24dcd3b2,8,all_pair_product,2,70527704,300000,30.0,True,solved,18.211417399928905,1662,1644,1644,400424,391324,6432,35,135,0.06284440064337105,998329aeab1e62e23aefd9bd986a87e48705efba70f099ca68da8d7fb8e26436,True
d20-c0-h6-s22266827,20,0,22266827,6,14,962cbdf4fb9d673971102fb16e3977032afb9cd73297c0ad40146c60990bb60f,9ae4b8ad7822966c9e5e0d9f4eb2315efbc8fdeab79beb0c40389f0a24dcd3b2,8,lexicographic,2,70527704,300000,30.0,True,solved,2.9784790000412613,257,239,239,63560,62007,505,6,0,0.0,998329aeab1e62e23aefd9bd986a87e48705efba70f099ca68da8d7fb8e26436,True
d20-c0-h6-s22266830,20,0,22266830,6,14,626c4e9811e56f7a2c610b2ec833896071f6b497adc2d1cb709b10cee906dd9b,11f380a5d497afa5bb4df0904d6564a3c515bc83574788866404e6466dfe325a,8,all_pair_lexicographic,0,50527669,300000,30.0,False,time_budget,30.00181559997145,2828,2813,2813,693720,684857,5085,33,147,0.09793499996885657,,False
d20-c0-h6-s22266830,20,0,22266830,6,14,626c4e9811e56f7a2c610b2ec833896071f6b497adc2d1cb709b10cee906dd9b,11f380a5d497afa5bb4df0904d6564a3c515bc83574788866404e6466dfe325a,8,all_pair_product,0,50527669,300000,30.0,False,time_budget,30.00148429989349,2777,2771,2771,682400,674572,4592,29,135,0.07604230067227036,,False
d20-c0-h6-s22266830,20,0,22266830,6,14,626c4e9811e56f7a2c610b2ec833896071f6b497adc2d1cb709b10cee906dd9b,11f380a5d497afa5bb4df0904d6564a3c515bc83574788866404e6466dfe325a,8,lexicographic,0,50527669,300000,30.0,True,solved,2.2605425000656396,221,203,203,53104,51547,475,6,0,0.0,1b275e83f8bf1ee6a603bd155651a3c1f1ba771e66bbc9079d744aaedbe7c7ea,True
d20-c0-h6-s22266830,20,0,22266830,6,14,626c4e9811e56f7a2c610b2ec833896071f6b497adc2d1cb709b10cee906dd9b,11f380a5d497afa5bb4df0904d6564a3c515bc83574788866404e6466dfe325a,8,all_pair_lexicographic,1,60527688,300000,30.0,False,time_budget,30.00152419996448,2725,2725,2725,669832,662524,4343,27,128,0.08125979965552688,,False
d20-c0-h6-s22266830,20,0,22266830,6,14,626c4e9811e56f7a2c610b2ec833896071f6b497adc2d1cb709b10cee906dd9b,11f380a5d497afa5bb4df0904d6564a3c515bc83574788866404e6466dfe325a,8,all_pair_product,1,60527688,300000,30.0,False,time_budget,30.017365000094287,2812,2797,2797,689624,680761,5085,33,147,0.093620800296776,,False
d20-c0-h6-s22266830,20,0,22266830,6,14,626c4e9811e56f7a2c610b2ec833896071f6b497adc2d1cb709b10cee906dd9b,11f380a5d497afa5bb4df0904d6564a3c515bc83574788866404e6466dfe325a,8,lexicographic,1,60527688,300000,30.0,True,solved,2.7040834999643266,221,203,203,53104,51547,475,6,0,0.0,1b275e83f8bf1ee6a603bd155651a3c1f1ba771e66bbc9079d744aaedbe7c7ea,True
d20-c0-h6-s22266830,20,0,22266830,6,14,626c4e9811e56f7a2c610b2ec833896071f6b497adc2d1cb709b10cee906dd9b,11f380a5d497afa5bb4df0904d6564a3c515bc83574788866404e6466dfe325a,8,all_pair_lexicographic,2,70527707,300000,30.0,False,time_budget,30.002843800000846,2517,2514,2514,619808,613027,4005,25,118,0.0785936996107921,,False
d20-c0-h6-s22266830,20,0,22266830,6,14,626c4e9811e56f7a2c610b2ec833896071f6b497adc2d1cb709b10cee906dd9b,11f380a5d497afa5bb4df0904d6564a3c515bc83574788866404e6466dfe325a,8,all_pair_product,2,70527707,300000,30.0,False,time_budget,30.00187660008669,2660,2657,2657,653936,646631,4343,27,127,0.08279690030030906,,False
d20-c0-h6-s22266830,20,0,22266830,6,14,626c4e9811e56f7a2c610b2ec833896071f6b497adc2d1cb709b10cee906dd9b,11f380a5d497afa5bb4df0904d6564a3c515bc83574788866404e6466dfe325a,8,lexicographic,2,70527707,300000,30.0,True,solved,2.4450869000284,221,203,203,53104,51547,475,6,0,0.0,1b275e83f8bf1ee6a603bd155651a3c1f1ba771e66bbc9079d744aaedbe7c7ea,True
d20-c0-h6-s22266833,20,0,22266833,6,14,8c45cf5e627080b2b7322bd46633552998424950b3b9f9392d9020eec4dce40c,9bc39c98de2f42e06d027ad96a00861ce33381a5ec25bc2a42b64f63a1703a6d,8,all_pair_lexicographic,0,50527672,300000,30.0,False,time_budget,30.004866700037383,2771,2759,2759,686568,675679,7349,41,168,0.08330559951718897,,False
d20-c0-h6-s22266833,20,0,22266833,6,14,8c45cf5e627080b2b7322bd46633552998424950b3b9f9392d9020eec4dce40c,9bc39c98de2f42e06d027ad96a00861ce33381a5ec25bc2a42b64f63a1703a6d,8,all_pair_product,0,50527672,300000,30.0,False,time_budget,30.00052380003035,2683,2677,2677,665280,655169,6896,38,157,0.08252210007049143,,False
d20-c0-h6-s22266833,20,0,22266833,6,14,8c45cf5e627080b2b7322bd46633552998424950b3b9f9392d9020eec4dce40c,9bc39c98de2f42e06d027ad96a00861ce33381a5ec25bc2a42b64f63a1703a6d,8,lexicographic,0,50527672,300000,30.0,True,solved,2.214621899998747,232,214,214,55424,53864,573,6,0,0.0,641a6ff493d4bd19fe647b4b83d30f62c93f2a4bd00bb8be121052600aba7178,True
d20-c0-h6-s22266833,20,0,22266833,6,14,8c45cf5e627080b2b7322bd46633552998424950b3b9f9392d9020eec4dce40c,9bc39c98de2f42e06d027ad96a00861ce33381a5ec25bc2a42b64f63a1703a6d,8,all_pair_lexicographic,1,60527691,300000,30.0,False,time_budget,30.00449259998277,2666,2660,2660,661176,651066,6896,38,156,0.0897698006592691,,False
d20-c0-h6-s22266833,20,0,22266833,6,14,8c45cf5e627080b2b7322bd46633552998424950b3b9f9392d9020eec4dce40c,9bc39c98de2f42e06d027ad96a00861ce33381a5ec25bc2a42b64f63a1703a6d,8,all_pair_product,1,60527691,300000,30.0,False,time_budget,30.010575099964626,2752,2746,2746,682200,671828,6960,39,162,0.0845322998939082,,False
d20-c0-h6-s22266833,20,0,22266833,6,14,8c45cf5e627080b2b7322bd46633552998424950b3b9f9392d9020eec4dce40c,9bc39c98de2f42e06d027ad96a00861ce33381a5ec25bc2a42b64f63a1703a6d,8,lexicographic,1,60527691,300000,30.0,True,solved,2.6142021000850946,232,214,214,55424,53864,573,6,0,0.0,641a6ff493d4bd19fe647b4b83d30f62c93f2a4bd00bb8be121052600aba7178,True
d20-c0-h6-s22266833,20,0,22266833,6,14,8c45cf5e627080b2b7322bd46633552998424950b3b9f9392d9020eec4dce40c,9bc39c98de2f42e06d027ad96a00861ce33381a5ec25bc2a42b64f63a1703a6d,8,all_pair_lexicographic,2,70527710,300000,30.0,False,time_budget,30.00509900006,2765,2753,2753,685032,674143,7349,41,168,0.08983260032255203,,False
d20-c0-h6-s22266833,20,0,22266833,6,14,8c45cf5e627080b2b7322bd46633552998424950b3b9f9392d9020eec4dce40c,9bc39c98de2f42e06d027ad96a00861ce33381a5ec25bc2a42b64f63a1703a6d,8,all_pair_product,2,70527710,300000,30.0,False,time_budget,30.011729799909517,2794,2782,2782,692456,681567,7349,41,168,0.08160200098063797,,False
d20-c0-h6-s22266833,20,0,22266833,6,14,8c45cf5e627080b2b7322bd46633552998424950b3b9f9392d9020eec4dce40c,9bc39c98de2f42e06d027ad96a00861ce33381a5ec25bc2a42b64f63a1703a6d,8,lexicographic,2,70527710,300000,30.0,True,solved,2.2765632999362424,232,214,214,55424,53864,573,6,0,0.0,641a6ff493d4bd19fe647b4b83d30f62c93f2a4bd00bb8be121052600aba7178,True
d20-c1-h6-s22266816,20,1,22266816,6,14,4259c89e9722f9c5880bbed1162f1d4f4603b21c75580e2f2e01ae7dcd2172c8,22497a5c9c34615eb7343a7cdcacf49405b0a4fe133c981e4230c3ca4a3e2bb4,8,all_pair_lexicographic,0,50527655,300000,30.0,False,time_budget,30.006389699992724,2611,2602,2602,651312,642760,5256,32,128,0.0898586999392137,,False
d20-c1-h6-s22266816,20,1,22266816,6,14,4259c89e9722f9c5880bbed1162f1d4f4603b21c75580e2f2e01ae7dcd2172c8,22497a5c9c34615eb7343a7cdcacf49405b0a4fe133c981e4230c3ca4a3e2bb4,8,all_pair_product,0,50527655,300000,30.0,False,time_budget,30.00596590002533,2574,2565,2565,641840,633288,5256,32,128,0.08126230037305504,,False
d20-c1-h6-s22266816,20,1,22266816,6,14,4259c89e9722f9c5880bbed1162f1d4f4603b21c75580e2f2e01ae7dcd2172c8,22497a5c9c34615eb7343a7cdcacf49405b0a4fe133c981e4230c3ca4a3e2bb4,8,lexicographic,0,50527655,300000,30.0,True,solved,2.784487299970351,234,216,216,57176,55622,409,6,0,0.0,4212a498f37d518bf36895deb096a5dd52203de3702f2fc5f33523f8dea6bf92,True
d20-c1-h6-s22266816,20,1,22266816,6,14,4259c89e9722f9c5880bbed1162f1d4f4603b21c75580e2f2e01ae7dcd2172c8,22497a5c9c34615eb7343a7cdcacf49405b0a4fe133c981e4230c3ca4a3e2bb4,8,all_pair_lexicographic,1,60527674,300000,30.0,False,time_budget,30.00858290004544,2619,2610,2610,653360,644808,5256,32,128,0.08278069971129298,,False
d20-c1-h6-s22266816,20,1,22266816,6,14,4259c89e9722f9c5880bbed1162f1d4f4603b21c75580e2f2e01ae7dcd2172c8,22497a5c9c34615eb7343a7cdcacf49405b0a4fe133c981e4230c3ca4a3e2bb4,8,all_pair_product,1,60527674,300000,30.0,False,time_budget,30.01429389999248,2547,2538,2538,634928,626376,5256,32,128,0.08584750012960285,,False
d20-c1-h6-s22266816,20,1,22266816,6,14,4259c89e9722f9c5880bbed1162f1d4f4603b21c75580e2f2e01ae7dcd2172c8,22497a5c9c34615eb7343a7cdcacf49405b0a4fe133c981e4230c3ca4a3e2bb4,8,lexicographic,1,60527674,300000,30.0,True,solved,3.0825684999581426,234,216,216,57176,55622,409,6,0,0.0,4212a498f37d518bf36895deb096a5dd52203de3702f2fc5f33523f8dea6bf92,True
d20-c1-h6-s22266816,20,1,22266816,6,14,4259c89e9722f9c5880bbed1162f1d4f4603b21c75580e2f2e01ae7dcd2172c8,22497a5c9c34615eb7343a7cdcacf49405b0a4fe133c981e4230c3ca4a3e2bb4,8,all_pair_lexicographic,2,70527693,300000,30.0,False,time_budget,30.017269799951464,2544,2535,2535,634160,625608,5256,32,128,0.09014150034636259,,False
d20-c1-h6-s22266816,20,1,22266816,6,14,4259c89e9722f9c5880bbed1162f1d4f4603b21c75580e2f2e01ae7dcd2172c8,22497a5c9c34615eb7343a7cdcacf49405b0a4fe133c981e4230c3ca4a3e2bb4,8,all_pair_product,2,70527693,300000,30.0,False,time_budget,30.007180299959145,2525,2516,2516,629296,620744,5256,32,128,0.07818459940608591,,False
d20-c1-h6-s22266816,20,1,22266816,6,14,4259c89e9722f9c5880bbed1162f1d4f4603b21c75580e2f2e01ae7dcd2172c8,22497a5c9c34615eb7343a7cdcacf49405b0a4fe133c981e4230c3ca4a3e2bb4,8,lexicographic,2,70527693,300000,30.0,True,solved,3.385878000059165,234,216,216,57176,55622,409,6,0,0.0,4212a498f37d518bf36895deb096a5dd52203de3702f2fc5f33523f8dea6bf92,True
d20-c1-h6-s22266819,20,1,22266819,6,14,48ffc4616eaa29d29aacc411edd9ba879b250bacde78d807a606db2a62ada974,8a846155d57200c1e8a8c817b8959973d03d4430d312650d9b883e2e2bc258f2,8,all_pair_lexicographic,0,50527658,300000,30.0,False,time_budget,30.00610370002687,2910,2904,2904,672056,660706,7965,42,239,0.08996570121962577,,False
d20-c1-h6-s22266819,20,1,22266819,6,14,48ffc4616eaa29d29aacc411edd9ba879b250bacde78d807a606db2a62ada974,8a846155d57200c1e8a8c817b8959973d03d4430d312650d9b883e2e2bc258f2,8,all_pair_product,0,50527658,300000,30.0,False,time_budget,30.00662060000468,2945,2939,2939,678536,666918,8183,43,245,0.08575879991985857,,False
d20-c1-h6-s22266819,20,1,22266819,6,14,48ffc4616eaa29d29aacc411edd9ba879b250bacde78d807a606db2a62ada974,8a846155d57200c1e8a8c817b8959973d03d4430d312650d9b883e2e2bc258f2,8,lexicographic,0,50527658,300000,30.0,True,solved,2.9592536999844015,248,230,230,59024,57460,565,6,0,0.0,275a076783d1b1589a329da9c93f338babccf7a62b5ed9c047a3cc30ab0bdb1e,True
d20-c1-h6-s22266819,20,1,22266819,6,14,48ffc4616eaa29d29aacc411edd9ba879b250bacde78d807a606db2a62ada974,8a846155d57200c1e8a8c817b8959973d03d4430d312650d9b883e2e2bc258f2,8,all_pair_lexicographic,1,60527677,300000,30.0,False,time_budget,30.005268699955195,2973,2969,2969,685704,674086,8183,43,245,0.08678290108218789,,False
d20-c1-h6-s22266819,20,1,22266819,6,14,48ffc4616eaa29d29aacc411edd9ba879b250bacde78d807a606db2a62ada974,8a846155d57200c1e8a8c817b8959973d03d4430d312650d9b883e2e2bc258f2,8,all_pair_product,1,60527677,300000,30.0,False,time_budget,30.021031200070865,2984,2978,2978,686536,674659,8257,44,249,0.08854629925917834,,False
d20-c1-h6-s22266819,20,1,22266819,6,14,48ffc4616eaa29d29aacc411edd9ba879b250bacde78d807a606db2a62ada974,8a846155d57200c1e8a8c817b8959973d03d4430d312650d9b883e2e2bc258f2,8,lexicographic,1,60527677,300000,30.0,True,solved,2.5797940000193194,248,230,230,59024,57460,565,6,0,0.0,275a076783d1b1589a329da9c93f338babccf7a62b5ed9c047a3cc30ab0bdb1e,True
d20-c1-h6-s22266819,20,1,22266819,6,14,48ffc4616eaa29d29aacc411edd9ba879b250bacde78d807a606db2a62ada974,8a846155d57200c1e8a8c817b8959973d03d4430d312650d9b883e2e2bc258f2,8,all_pair_lexicographic,2,70527696,300000,30.0,False,time_budget,30.00521889992524,3015,3003,3003,693976,681575,8676,46,255,0.09513879986479878,,False
d20-c1-h6-s22266819,20,1,22266819,6,14,48ffc4616eaa29d29aacc411edd9ba879b250bacde78d807a606db2a62ada974,8a846155d57200c1e8a8c817b8959973d03d4430d312650d9b883e2e2bc258f2,8,all_pair_product,2,70527696,300000,30.0,False,time_budget,30.001719899941236,3006,2994,2994,691672,679271,8676,46,255,0.08482959982939065,,False
d20-c1-h6-s22266819,20,1,22266819,6,14,48ffc4616eaa29d29aacc411edd9ba879b250bacde78d807a606db2a62ada974,8a846155d57200c1e8a8c817b8959973d03d4430d312650d9b883e2e2bc258f2,8,lexicographic,2,70527696,300000,30.0,True,solved,3.0163288000039756,248,230,230,59024,57460,565,6,0,0.0,275a076783d1b1589a329da9c93f338babccf7a62b5ed9c047a3cc30ab0bdb1e,True
d20-c1-h6-s22266822,20,1,22266822,6,14,ff6dc2871b41c2e2a3be69428c68591b6a93a849e58e4f29e1105bd698fbb629,571a8e35e87955a7254f375cbba6d6542c6574e899342a88c5dce2cbaa83cefb,8,all_pair_lexicographic,0,50527661,300000,30.0,True,solved,17.248965800041333,1568,1550,1550,372392,363021,6903,36,168,0.07142089970875531,2f2a49f2a11abbf9bf645489dd4edfdc1029fa1a7062f746993ec8f6567b8b63,True
d20-c1-h6-s22266822,20,1,22266822,6,14,ff6dc2871b41c2e2a3be69428c68591b6a93a849e58e4f29e1105bd698fbb629,571a8e35e87955a7254f375cbba6d6542c6574e899342a88c5dce2cbaa83cefb,8,all_pair_product,0,50527661,300000,30.0,True,solved,17.58107920002658,1587,1569,1569,377008,367379,7143,37,171,0.0665247990982607,2f2a49f2a11abbf9bf645489dd4edfdc1029fa1a7062f746993ec8f6567b8b63,True
d20-c1-h6-s22266822,20,1,22266822,6,14,ff6dc2871b41c2e2a3be69428c68591b6a93a849e58e4f29e1105bd698fbb629,571a8e35e87955a7254f375cbba6d6542c6574e899342a88c5dce2cbaa83cefb,8,lexicographic,0,50527661,300000,30.0,True,solved,2.5695921999868006,274,256,256,64688,63124,602,6,0,0.0,2f2a49f2a11abbf9bf645489dd4edfdc1029fa1a7062f746993ec8f6567b8b63,True
d20-c1-h6-s22266822,20,1,22266822,6,14,ff6dc2871b41c2e2a3be69428c68591b6a93a849e58e4f29e1105bd698fbb629,571a8e35e87955a7254f375cbba6d6542c6574e899342a88c5dce2cbaa83cefb,8,all_pair_lexicographic,1,60527680,300000,30.0,True,solved,16.38060230005067,1568,1550,1550,372392,363021,6903,36,168,0.05722700012847781,2f2a49f2a11abbf9bf645489dd4edfdc1029fa1a7062f746993ec8f6567b8b63,True
d20-c1-h6-s22266822,20,1,22266822,6,14,ff6dc2871b41c2e2a3be69428c68591b6a93a849e58e4f29e1105bd698fbb629,571a8e35e87955a7254f375cbba6d6542c6574e899342a88c5dce2cbaa83cefb,8,all_pair_product,1,60527680,300000,30.0,True,solved,17.01554719998967,1588,1570,1570,377264,367635,7143,37,171,0.06616940011736006,2f2a49f2a11abbf9bf645489dd4edfdc1029fa1a7062f746993ec8f6567b8b63,True
d20-c1-h6-s22266822,20,1,22266822,6,14,ff6dc2871b41c2e2a3be69428c68591b6a93a849e58e4f29e1105bd698fbb629,571a8e35e87955a7254f375cbba6d6542c6574e899342a88c5dce2cbaa83cefb,8,lexicographic,1,60527680,300000,30.0,True,solved,2.693069800036028,274,256,256,64688,63124,602,6,0,0.0,2f2a49f2a11abbf9bf645489dd4edfdc1029fa1a7062f746993ec8f6567b8b63,True
d20-c1-h6-s22266822,20,1,22266822,6,14,ff6dc2871b41c2e2a3be69428c68591b6a93a849e58e4f29e1105bd698fbb629,571a8e35e87955a7254f375cbba6d6542c6574e899342a88c5dce2cbaa83cefb,8,all_pair_lexicographic,2,70527699,300000,30.0,True,solved,17.18137509992812,1568,1550,1550,372392,363021,6903,36,168,0.0651812992291525,2f2a49f2a11abbf9bf645489dd4edfdc1029fa1a7062f746993ec8f6567b8b63,True
d20-c1-h6-s22266822,20,1,22266822,6,14,ff6dc2871b41c2e2a3be69428c68591b6a93a849e58e4f29e1105bd698fbb629,571a8e35e87955a7254f375cbba6d6542c6574e899342a88c5dce2cbaa83cefb,8,all_pair_product,2,70527699,300000,30.0,True,solved,17.086190999951214,1588,1570,1570,377264,367635,7143,37,171,0.057726000901311636,2f2a49f2a11abbf9bf645489dd4edfdc1029fa1a7062f746993ec8f6567b8b63,True
d20-c1-h6-s22266822,20,1,22266822,6,14,ff6dc2871b41c2e2a3be69428c68591b6a93a849e58e4f29e1105bd698fbb629,571a8e35e87955a7254f375cbba6d6542c6574e899342a88c5dce2cbaa83cefb,8,lexicographic,2,70527699,300000,30.0,True,solved,3.0638799999142066,274,256,256,64688,63124,602,6,0,0.0,2f2a49f2a11abbf9bf645489dd4edfdc1029fa1a7062f746993ec8f6567b8b63,True
d20-c1-h6-s22266825,20,1,22266825,6,14,2d614b3fe6a20e3d90246f4ddf71bcaba01e8ee8d69dbd51d5141ea95755bb2c,b8327e0abc869ce0a41a78b490f115bae08a27a4aa26fce1d7194d8539851a07,8,all_pair_lexicographic,0,50527664,300000,30.0,True,solved,5.82659309997689,499,481,481,116584,110112,5026,25,83,0.03745280054863542,59ba474208ab9bac947e3eeb68ea37a8ceb13912a5e882d7e73fc56ec08f9ec9,True
d20-c1-h6-s22266825,20,1,22266825,6,14,2d614b3fe6a20e3d90246f4ddf71bcaba01e8ee8d69dbd51d5141ea95755bb2c,b8327e0abc869ce0a41a78b490f115bae08a27a4aa26fce1d7194d8539851a07,8,all_pair_product,0,50527664,300000,30.0,True,solved,6.021522599970922,499,481,481,116584,110112,5026,25,83,0.03803539997898042,59ba474208ab9bac947e3eeb68ea37a8ceb13912a5e882d7e73fc56ec08f9ec9,True
d20-c1-h6-s22266825,20,1,22266825,6,14,2d614b3fe6a20e3d90246f4ddf71bcaba01e8ee8d69dbd51d5141ea95755bb2c,b8327e0abc869ce0a41a78b490f115bae08a27a4aa26fce1d7194d8539851a07,8,lexicographic,0,50527664,300000,30.0,True,solved,3.2323826999636367,269,251,251,66880,65329,564,6,0,0.0,59ba474208ab9bac947e3eeb68ea37a8ceb13912a5e882d7e73fc56ec08f9ec9,True
d20-c1-h6-s22266825,20,1,22266825,6,14,2d614b3fe6a20e3d90246f4ddf71bcaba01e8ee8d69dbd51d5141ea95755bb2c,b8327e0abc869ce0a41a78b490f115bae08a27a4aa26fce1d7194d8539851a07,8,all_pair_lexicographic,1,60527683,300000,30.0,True,solved,5.80668409995269,499,481,481,116584,110112,5026,25,83,0.03800500032957643,59ba474208ab9bac947e3eeb68ea37a8ceb13912a5e882d7e73fc56ec08f9ec9,True
d20-c1-h6-s22266825,20,1,22266825,6,14,2d614b3fe6a20e3d90246f4ddf71bcaba01e8ee8d69dbd51d5141ea95755bb2c,b8327e0abc869ce0a41a78b490f115bae08a27a4aa26fce1d7194d8539851a07,8,all_pair_product,1,60527683,300000,30.0,True,solved,5.633931599906646,499,481,481,116584,110112,5026,25,83,0.03494629974011332,59ba474208ab9bac947e3eeb68ea37a8ceb13912a5e882d7e73fc56ec08f9ec9,True
d20-c1-h6-s22266825,20,1,22266825,6,14,2d614b3fe6a20e3d90246f4ddf71bcaba01e8ee8d69dbd51d5141ea95755bb2c,b8327e0abc869ce0a41a78b490f115bae08a27a4aa26fce1d7194d8539851a07,8,lexicographic,1,60527683,300000,30.0,True,solved,3.2130361000308767,269,251,251,66880,65329,564,6,0,0.0,59ba474208ab9bac947e3eeb68ea37a8ceb13912a5e882d7e73fc56ec08f9ec9,True
d20-c1-h6-s22266825,20,1,22266825,6,14,2d614b3fe6a20e3d90246f4ddf71bcaba01e8ee8d69dbd51d5141ea95755bb2c,b8327e0abc869ce0a41a78b490f115bae08a27a4aa26fce1d7194d8539851a07,8,all_pair_lexicographic,2,70527702,300000,30.0,True,solved,5.5226346999406815,499,481,481,116584,110112,5026,25,83,0.04496299976017326,59ba474208ab9bac947e3eeb68ea37a8ceb13912a5e882d7e73fc56ec08f9ec9,True
d20-c1-h6-s22266825,20,1,22266825,6,14,2d614b3fe6a20e3d90246f4ddf71bcaba01e8ee8d69dbd51d5141ea95755bb2c,b8327e0abc869ce0a41a78b490f115bae08a27a4aa26fce1d7194d8539851a07,8,all_pair_product,2,70527702,300000,30.0,True,solved,5.907272199983709,499,481,481,116584,110112,5026,25,83,0.03611820051446557,59ba474208ab9bac947e3eeb68ea37a8ceb13912a5e882d7e73fc56ec08f9ec9,True
d20-c1-h6-s22266825,20,1,22266825,6,14,2d614b3fe6a20e3d90246f4ddf71bcaba01e8ee8d69dbd51d5141ea95755bb2c,b8327e0abc869ce0a41a78b490f115bae08a27a4aa26fce1d7194d8539851a07,8,lexicographic,2,70527702,300000,30.0,True,solved,3.4122765000211075,269,251,251,66880,65329,564,6,0,0.0,59ba474208ab9bac947e3eeb68ea37a8ceb13912a5e882d7e73fc56ec08f9ec9,True
d20-c1-h6-s22266828,20,1,22266828,6,14,1228724fa6d0197d2190cd265bf2558b098f91ecd7e579fac5131708e6f8dfeb,7dde991be31d44dd067692bf82cf76d36b9ace616ff50a0a94977ee8ba7b9e84,8,all_pair_lexicographic,0,50527667,300000,30.0,True,solved,27.487952600000426,2579,2561,2561,623024,609764,9734,51,192,0.08457959978841245,823fb3594b115fc8f39b5ceafb6e9a41ca71bb335766054038719c4dba9b4be3,True
d20-c1-h6-s22266828,20,1,22266828,6,14,1228724fa6d0197d2190cd265bf2558b098f91ecd7e579fac5131708e6f8dfeb,7dde991be31d44dd067692bf82cf76d36b9ace616ff50a0a94977ee8ba7b9e84,8,all_pair_product,0,50527667,300000,30.0,True,solved,28.107004099991173,2580,2562,2562,623280,610020,9734,51,192,0.08406810008455068,823fb3594b115fc8f39b5ceafb6e9a41ca71bb335766054038719c4dba9b4be3,True
d20-c1-h6-s22266828,20,1,22266828,6,14,1228724fa6d0197d2190cd265bf2558b098f91ecd7e579fac5131708e6f8dfeb,7dde991be31d44dd067692bf82cf76d36b9ace616ff50a0a94977ee8ba7b9e84,8,lexicographic,0,50527667,300000,30.0,True,solved,2.7676057999487966,259,241,241,63080,61524,555,6,0,0.0,823fb3594b115fc8f39b5ceafb6e9a41ca71bb335766054038719c4dba9b4be3,True
d20-c1-h6-s22266828,20,1,22266828,6,14,1228724fa6d0197d2190cd265bf2558b098f91ecd7e579fac5131708e6f8dfeb,7dde991be31d44dd067692bf82cf76d36b9ace616ff50a0a94977ee8ba7b9e84,8,all_pair_lexicographic,1,60527686,300000,30.0,True,solved,26.914102000067942,2579,2561,2561,623024,609764,9734,51,192,0.08369100000709295,823fb3594b115fc8f39b5ceafb6e9a41ca71bb335766054038719c4dba9b4be3,True
d20-c1-h6-s22266828,20,1,22266828,6,14,1228724fa6d0197d2190cd265bf2558b098f91ecd7e579fac5131708e6f8dfeb,7dde991be31d44dd067692bf82cf76d36b9ace616ff50a0a94977ee8ba7b9e84,8,all_pair_product,1,60527686,300000,30.0,True,solved,27.472915399936028,2579,2561,2561,623024,609764,9734,51,192,0.08896160055883229,823fb3594b115fc8f39b5ceafb6e9a41ca71bb335766054038719c4dba9b4be3,True
d20-c1-h6-s22266828,20,1,22266828,6,14,1228724fa6d0197d2190cd265bf2558b098f91ecd7e579fac5131708e6f8dfeb,7dde991be31d44dd067692bf82cf76d36b9ace616ff50a0a94977ee8ba7b9e84,8,lexicographic,1,60527686,300000,30.0,True,solved,2.3984542000107467,259,241,241,63080,61524,555,6,0,0.0,823fb3594b115fc8f39b5ceafb6e9a41ca71bb335766054038719c4dba9b4be3,True
d20-c1-h6-s22266828,20,1,22266828,6,14,1228724fa6d0197d2190cd265bf2558b098f91ecd7e579fac5131708e6f8dfeb,7dde991be31d44dd067692bf82cf76d36b9ace616ff50a0a94977ee8ba7b9e84,8,all_pair_lexicographic,2,70527705,300000,30.0,True,solved,29.156718399957754,2579,2561,2561,623024,609764,9734,51,192,0.10095660109072924,823fb3594b115fc8f39b5ceafb6e9a41ca71bb335766054038719c4dba9b4be3,True
d20-c1-h6-s22266828,20,1,22266828,6,14,1228724fa6d0197d2190cd265bf2558b098f91ecd7e579fac5131708e6f8dfeb,7dde991be31d44dd067692bf82cf76d36b9ace616ff50a0a94977ee8ba7b9e84,8,all_pair_product,2,70527705,300000,30.0,True,solved,28.173482900019735,2580,2562,2562,623280,610020,9734,51,192,0.08894970058463514,823fb3594b115fc8f39b5ceafb6e9a41ca71bb335766054038719c4dba9b4be3,True
d20-c1-h6-s22266828,20,1,22266828,6,14,1228724fa6d0197d2190cd265bf2558b098f91ecd7e579fac5131708e6f8dfeb,7dde991be31d44dd067692bf82cf76d36b9ace616ff50a0a94977ee8ba7b9e84,8,lexicographic,2,70527705,300000,30.0,True,solved,3.071250000037253,259,241,241,63080,61524,555,6,0,0.0,823fb3594b115fc8f39b5ceafb6e9a41ca71bb335766054038719c4dba9b4be3,True
d20-c1-h6-s22266831,20,1,22266831,6,14,1ccc42962b977acb5ec11e50cf9604e4b7e7f7edb41fc84fe053ed2f8ec58e21,8abb7c2e1caf552ce97c326b1e0e6d379c9b73887364f11d43679929723424c5,8,all_pair_lexicographic,0,50527670,300000,30.0,True,solved,21.643301700009033,1616,1598,1598,403776,397566,3538,24,77,0.07465039996895939,59d5a96959cb34b87e2b542349785902e2194bc81bf303dfb6bea066cb6a6028,True
d20-c1-h6-s22266831,20,1,22266831,6,14,1ccc42962b977acb5ec11e50cf9604e4b7e7f7edb41fc84fe053ed2f8ec58e21,8abb7c2e1caf552ce97c326b1e0e6d379c9b73887364f11d43679929723424c5,8,all_pair_product,0,50527670,300000,30.0,True,solved,24.62417780002579,1994,1976,1976,497816,490567,4202,28,95,0.0869243994820863,59d5a96959cb34b87e2b542349785902e2194bc81bf303dfb6bea066cb6a6028,True
d20-c1-h6-s22266831,20,1,22266831,6,14,1ccc42962b977acb5ec11e50cf9604e4b7e7f7edb41fc84fe053ed2f8ec58e21,8abb7c2e1caf552ce97c326b1e0e6d379c9b73887364f11d43679929723424c5,8,lexicographic,0,50527670,300000,30.0,True,solved,2.528562599909492,205,187,187,50248,48696,460,6,0,0.0,59d5a96959cb34b87e2b542349785902e2194bc81bf303dfb6bea066cb6a6028,True
d20-c1-h6-s22266831,20,1,22266831,6,14,1ccc42962b977acb5ec11e50cf9604e4b7e7f7edb41fc84fe053ed2f8ec58e21,8abb7c2e1caf552ce97c326b1e0e6d379c9b73887364f11d43679929723424c5,8,all_pair_lexicographic,1,60527689,300000,30.0,True,solved,20.95923000003677,1616,1598,1598,403776,397566,3538,24,77,0.07808930077590048,59d5a96959cb34b87e2b542349785902e2194bc81bf303dfb6bea066cb6a6028,True
d20-c1-h6-s22266831,20,1,22266831,6,14,1ccc42962b977acb5ec11e50cf9604e4b7e7f7edb41fc84fe053ed2f8ec58e21,8abb7c2e1caf552ce97c326b1e0e6d379c9b73887364f11d43679929723424c5,8,all_pair_product,1,60527689,300000,30.0,True,solved,24.891450900002383,1995,1977,1977,498072,490823,4202,28,95,0.08599590009544045,59d5a96959cb34b87e2b542349785902e2194bc81bf303dfb6bea066cb6a6028,True
d20-c1-h6-s22266831,20,1,22266831,6,14,1ccc42962b977acb5ec11e50cf9604e4b7e7f7edb41fc84fe053ed2f8ec58e21,8abb7c2e1caf552ce97c326b1e0e6d379c9b73887364f11d43679929723424c5,8,lexicographic,1,60527689,300000,30.0,True,solved,2.5170127999735996,205,187,187,50248,48696,460,6,0,0.0,59d5a96959cb34b87e2b542349785902e2194bc81bf303dfb6bea066cb6a6028,True
d20-c1-h6-s22266831,20,1,22266831,6,14,1ccc42962b977acb5ec11e50cf9604e4b7e7f7edb41fc84fe053ed2f8ec58e21,8abb7c2e1caf552ce97c326b1e0e6d379c9b73887364f11d43679929723424c5,8,all_pair_lexicographic,2,70527708,300000,30.0,True,solved,21.199012500001118,1616,1598,1598,403776,397566,3538,24,77,0.07991460023913532,59d5a96959cb34b87e2b542349785902e2194bc81bf303dfb6bea066cb6a6028,True
d20-c1-h6-s22266831,20,1,22266831,6,14,1ccc42962b977acb5ec11e50cf9604e4b7e7f7edb41fc84fe053ed2f8ec58e21,8abb7c2e1caf552ce97c326b1e0e6d379c9b73887364f11d43679929723424c5,8,all_pair_product,2,70527708,300000,30.0,True,solved,24.726281599956565,1995,1977,1977,498072,490823,4202,28,95,0.07479720050469041,59d5a96959cb34b87e2b542349785902e2194bc81bf303dfb6bea066cb6a6028,True
d20-c1-h6-s22266831,20,1,22266831,6,14,1ccc42962b977acb5ec11e50cf9604e4b7e7f7edb41fc84fe053ed2f8ec58e21,8abb7c2e1caf552ce97c326b1e0e6d379c9b73887364f11d43679929723424c5,8,lexicographic,2,70527708,300000,30.0,True,solved,2.4835826999042183,205,187,187,50248,48696,460,6,0,0.0,59d5a96959cb34b87e2b542349785902e2194bc81bf303dfb6bea066cb6a6028,True
d20-c1-h6-s22266834,20,1,22266834,6,14,eeb83c27b79484ae53eefbd37b622ad1e82cc239bda08bad7fc46e0a274b3a91,5c569c7df2c0651286c33ed149a90d97804f0afa928a933626c37f9c31684d4b,8,all_pair_lexicographic,0,50527673,300000,30.0,True,solved,10.034098700038157,877,859,859,221288,217932,1342,13,39,0.05101030052173883,0d6768c1843c54cd66f7616c0035eb10db82c7e1ce1eb9415237fb72b6820991,True
d20-c1-h6-s22266834,20,1,22266834,6,14,eeb83c27b79484ae53eefbd37b622ad1e82cc239bda08bad7fc46e0a274b3a91,5c569c7df2c0651286c33ed149a90d97804f0afa928a933626c37f9c31684d4b,8,all_pair_product,0,50527673,300000,30.0,True,solved,11.505928199971095,877,859,859,221288,217932,1342,13,39,0.05837890109978616,0d6768c1843c54cd66f7616c0035eb10db82c7e1ce1eb9415237fb72b6820991,True
d20-c1-h6-s22266834,20,1,22266834,6,14,eeb83c27b79484ae53eefbd37b622ad1e82cc239bda08bad7fc46e0a274b3a91,5c569c7df2c0651286c33ed149a90d97804f0afa928a933626c37f9c31684d4b,8,lexicographic,0,50527673,300000,30.0,True,solved,2.0579818999394774,167,149,149,39776,38222,379,6,0,0.0,0d6768c1843c54cd66f7616c0035eb10db82c7e1ce1eb9415237fb72b6820991,True
d20-c1-h6-s22266834,20,1,22266834,6,14,eeb83c27b79484ae53eefbd37b622ad1e82cc239bda08bad7fc46e0a274b3a91,5c569c7df2c0651286c33ed149a90d97804f0afa928a933626c37f9c31684d4b,8,all_pair_lexicographic,1,60527692,300000,30.0,True,solved,9.749202700098976,877,859,859,221288,217932,1342,13,39,0.051988300401717424,0d6768c1843c54cd66f7616c0035eb10db82c7e1ce1eb9415237fb72b6820991,True
d20-c1-h6-s22266834,20,1,22266834,6,14,eeb83c27b79484ae53eefbd37b622ad1e82cc239bda08bad7fc46e0a274b3a91,5c569c7df2c0651286c33ed149a90d97804f0afa928a933626c37f9c31684d4b,8,all_pair_product,1,60527692,300000,30.0,True,solved,9.377987100044265,877,859,859,221288,217932,1342,13,39,0.04767090012319386,0d6768c1843c54cd66f7616c0035eb10db82c7e1ce1eb9415237fb72b6820991,True
d20-c1-h6-s22266834,20,1,22266834,6,14,eeb83c27b79484ae53eefbd37b622ad1e82cc239bda08bad7fc46e0a274b3a91,5c569c7df2c0651286c33ed149a90d97804f0afa928a933626c37f9c31684d4b,8,lexicographic,1,60527692,300000,30.0,True,solved,2.162295600050129,167,149,149,39776,38222,379,6,0,0.0,0d6768c1843c54cd66f7616c0035eb10db82c7e1ce1eb9415237fb72b6820991,True
d20-c1-h6-s22266834,20,1,22266834,6,14,eeb83c27b79484ae53eefbd37b622ad1e82cc239bda08bad7fc46e0a274b3a91,5c569c7df2c0651286c33ed149a90d97804f0afa928a933626c37f9c31684d4b,8,all_pair_lexicographic,2,70527711,300000,30.0,True,solved,8.591695100069046,877,859,859,221288,217932,1342,13,39,0.04549840034451336,0d6768c1843c54cd66f7616c0035eb10db82c7e1ce1eb9415237fb72b6820991,True
d20-c1-h6-s22266834,20,1,22266834,6,14,eeb83c27b79484ae53eefbd37b622ad1e82cc239bda08bad7fc46e0a274b3a91,5c569c7df2c0651286c33ed149a90d97804f0afa928a933626c37f9c31684d4b,8,all_pair_product,2,70527711,300000,30.0,True,solved,8.552586600068025,877,859,859,221288,217932,1342,13,39,0.038262899848632514,0d6768c1843c54cd66f7616c0035eb10db82c7e1ce1eb9415237fb72b6820991,True
d20-c1-h6-s22266834,20,1,22266834,6,14,eeb83c27b79484ae53eefbd37b622ad1e82cc239bda08bad7fc46e0a274b3a91,5c569c7df2c0651286c33ed149a90d97804f0afa928a933626c37f9c31684d4b,8,lexicographic,2,70527711,300000,30.0,True,solved,1.7735694999573752,167,149,149,39776,38222,379,6,0,0.0,0d6768c1843c54cd66f7616c0035eb10db82c7e1ce1eb9415237fb72b6820991,True
d20-c2-h6-s22266817,20,2,22266817,6,14,6814c23a600100fb6fd9aa710bf644ea3d259590adbbf9cbfd28ac69812f335f,e5b138a8f62d12afe5e27d42783d08e4417d4f5066eaaddcf45e9478293450a4,8,all_pair_lexicographic,0,50527656,300000,30.0,False,time_budget,30.00649679999333,2590,2578,2578,638496,628629,6581,37,139,0.09424520027823746,,False
d20-c2-h6-s22266817,20,2,22266817,6,14,6814c23a600100fb6fd9aa710bf644ea3d259590adbbf9cbfd28ac69812f335f,e5b138a8f62d12afe5e27d42783d08e4417d4f5066eaaddcf45e9478293450a4,8,all_pair_product,0,50527656,300000,30.0,False,time_budget,30.005979900015518,2608,2596,2596,642856,632731,6792,38,142,0.08380469970870763,,False
d20-c2-h6-s22266817,20,2,22266817,6,14,6814c23a600100fb6fd9aa710bf644ea3d259590adbbf9cbfd28ac69812f335f,e5b138a8f62d12afe5e27d42783d08e4417d4f5066eaaddcf45e9478293450a4,8,lexicographic,0,50527656,300000,30.0,True,solved,2.9577929000370204,233,215,215,57168,55616,615,6,0,0.0,e940d7e8ee5986da2f34496d2a23c69beadaeed20f4a518ef96fc1e469ca0a4b,True
d20-c2-h6-s22266817,20,2,22266817,6,14,6814c23a600100fb6fd9aa710bf644ea3d259590adbbf9cbfd28ac69812f335f,e5b138a8f62d12afe5e27d42783d08e4417d4f5066eaaddcf45e9478293450a4,8,all_pair_lexicographic,1,60527675,300000,30.0,False,time_budget,30.00185360002797,2517,2502,2502,619808,609941,6581,37,139,0.09601050056517124,,False
d20-c2-h6-s22266817,20,2,22266817,6,14,6814c23a600100fb6fd9aa710bf644ea3d259590adbbf9cbfd28ac69812f335f,e5b138a8f62d12afe5e27d42783d08e4417d4f5066eaaddcf45e9478293450a4,8,all_pair_product,1,60527675,300000,30.0,False,time_budget,30.017778599984013,2653,2641,2641,654128,643745,6918,39,145,0.08393209904897958,,False
d20-c2-h6-s22266817,20,2,22266817,6,14,6814c23a600100fb6fd9aa710bf644ea3d259590adbbf9cbfd28ac69812f335f,e5b138a8f62d12afe5e27d42783d08e4417d4f5066eaaddcf45e9478293450a4,8,lexicographic,1,60527675,300000,30.0,True,solved,2.7488988999975845,233,215,215,57168,55616,615,6,0,0.0,e940d7e8ee5986da2f34496d2a23c69beadaeed20f4a518ef96fc1e469ca0a4b,True
d20-c2-h6-s22266817,20,2,22266817,6,14,6814c23a600100fb6fd9aa710bf644ea3d259590adbbf9cbfd28ac69812f335f,e5b138a8f62d12afe5e27d42783d08e4417d4f5066eaaddcf45e9478293450a4,8,all_pair_lexicographic,2,70527694,300000,30.0,False,time_budget,30.002775999950245,2540,2528,2528,625696,615829,6581,37,139,0.08522760029882193,,False
d20-c2-h6-s22266817,20,2,22266817,6,14,6814c23a600100fb6fd9aa710bf644ea3d259590adbbf9cbfd28ac69812f335f,e5b138a8f62d12afe5e27d42783d08e4417d4f5066eaaddcf45e9478293450a4,8,all_pair_product,2,70527694,300000,30.0,False,time_budget,30.00639220001176,2618,2606,2606,645416,635291,6792,38,142,0.08474399999249727,,False
d20-c2-h6-s22266817,20,2,22266817,6,14,6814c23a600100fb6fd9aa710bf644ea3d259590adbbf9cbfd28ac69812f335f,e5b138a8f62d12afe5e27d42783d08e4417d4f5066eaaddcf45e9478293450a4,8,lexicographic,2,70527694,300000,30.0,True,solved,2.6088615000480786,233,215,215,57168,55616,615,6,0,0.0,e940d7e8ee5986da2f34496d2a23c69beadaeed20f4a518ef96fc1e469ca0a4b,True
d20-c2-h6-s22266820,20,2,22266820,6,14,fc70e4746f5016fd84e354c8606b69796ce2c5043998c552a140cf3a0a7df166,9147fe46360997d19cf8ba0cf08b1167dcdf1b18e4374d3614ee88ebda496176,8,all_pair_lexicographic,0,50527659,300000,30.0,True,solved,9.053883699933067,935,917,917,210096,199435,9086,41,154,0.04516660037916154,7d26785f8000f461b38bfb2b60a3f4024cf254c792a87981b026c05399c167ca,True
d20-c2-h6-s22266820,20,2,22266820,6,14,fc70e4746f5016fd84e354c8606b69796ce2c5043998c552a140cf3a0a7df166,9147fe46360997d19cf8ba0cf08b1167dcdf1b18e4374d3614ee88ebda496176,8,all_pair_product,0,50527659,300000,30.0,True,solved,9.325795499957167,935,917,917,210096,199435,9086,41,154,0.036457499489188194,7d26785f8000f461b38bfb2b60a3f4024cf254c792a87981b026c05399c167ca,True
d20-c2-h6-s22266820,20,2,22266820,6,14,fc70e4746f5016fd84e354c8606b69796ce2c5043998c552a140cf3a0a7df166,9147fe46360997d19cf8ba0cf08b1167dcdf1b18e4374d3614ee88ebda496176,8,lexicographic,0,50527659,300000,30.0,True,solved,2.6199525000993162,275,257,257,65936,64374,870,6,0,0.0,7d26785f8000f461b38bfb2b60a3f4024cf254c792a87981b026c05399c167ca,True
d20-c2-h6-s22266820,20,2,22266820,6,14,fc70e4746f5016fd84e354c8606b69796ce2c5043998c552a140cf3a0a7df166,9147fe46360997d19cf8ba0cf08b1167dcdf1b18e4374d3614ee88ebda496176,8,all_pair_lexicographic,1,60527678,300000,30.0,True,solved,9.524696100037545,935,917,917,210096,199435,9086,41,154,0.04127700056415051,7d26785f8000f461b38bfb2b60a3f4024cf254c792a87981b026c05399c167ca,True
d20-c2-h6-s22266820,20,2,22266820,6,14,fc70e4746f5016fd84e354c8606b69796ce2c5043998c552a140cf3a0a7df166,9147fe46360997d19cf8ba0cf08b1167dcdf1b18e4374d3614ee88ebda496176,8,all_pair_product,1,60527678,300000,30.0,True,solved,9.966975899995305,934,916,916,209840,199179,9086,41,154,0.03559489990584552,7d26785f8000f461b38bfb2b60a3f4024cf254c792a87981b026c05399c167ca,True
d20-c2-h6-s22266820,20,2,22266820,6,14,fc70e4746f5016fd84e354c8606b69796ce2c5043998c552a140cf3a0a7df166,9147fe46360997d19cf8ba0cf08b1167dcdf1b18e4374d3614ee88ebda496176,8,lexicographic,1,60527678,300000,30.0,True,solved,2.5743514000205323,275,257,257,65936,64374,870,6,0,0.0,7d26785f8000f461b38bfb2b60a3f4024cf254c792a87981b026c05399c167ca,True
d20-c2-h6-s22266820,20,2,22266820,6,14,fc70e4746f5016fd84e354c8606b69796ce2c5043998c552a140cf3a0a7df166,9147fe46360997d19cf8ba0cf08b1167dcdf1b18e4374d3614ee88ebda496176,8,all_pair_lexicographic,2,70527697,300000,30.0,True,solved,9.074166500009596,935,917,917,210096,199435,9086,41,154,0.03970409941393882,7d26785f8000f461b38bfb2b60a3f4024cf254c792a87981b026c05399c167ca,True
d20-c2-h6-s22266820,20,2,22266820,6,14,fc70e4746f5016fd84e354c8606b69796ce2c5043998c552a140cf3a0a7df166,9147fe46360997d19cf8ba0cf08b1167dcdf1b18e4374d3614ee88ebda496176,8,all_pair_product,2,70527697,300000,30.0,True,solved,8.959478500066325,934,916,916,209840,199179,9086,41,154,0.03957629995420575,7d26785f8000f461b38bfb2b60a3f4024cf254c792a87981b026c05399c167ca,True
d20-c2-h6-s22266820,20,2,22266820,6,14,fc70e4746f5016fd84e354c8606b69796ce2c5043998c552a140cf3a0a7df166,9147fe46360997d19cf8ba0cf08b1167dcdf1b18e4374d3614ee88ebda496176,8,lexicographic,2,70527697,300000,30.0,True,solved,2.9123949999921024,275,257,257,65936,64374,870,6,0,0.0,7d26785f8000f461b38bfb2b60a3f4024cf254c792a87981b026c05399c167ca,True
d20-c2-h6-s22266823,20,2,22266823,6,14,c3a4b1f50ae21043a4c1abf398181654a1e03f7d0ddbb26d92fff0017411825c,fceefb4088734efe77bcc5d880878c7b146fa65d9dc80e20a5e974601b5b8500,8,all_pair_lexicographic,0,50527662,300000,30.0,True,solved,21.54991320008412,1978,1960,1960,467928,460312,4613,29,147,0.08237660035956651,7026d56a599c33b54ee67a4d9531f83d63d1ae0d35f8818db9e9584bac87f510,True
d20-c2-h6-s22266823,20,2,22266823,6,14,c3a4b1f50ae21043a4c1abf398181654a1e03f7d0ddbb26d92fff0017411825c,fceefb4088734efe77bcc5d880878c7b146fa65d9dc80e20a5e974601b5b8500,8,all_pair_product,0,50527662,300000,30.0,True,solved,23.220044400077313,1980,1962,1962,468192,460575,4613,29,148,0.07904230011627078,7026d56a599c33b54ee67a4d9531f83d63d1ae0d35f8818db9e9584bac87f510,True
d20-c2-h6-s22266823,20,2,22266823,6,14,c3a4b1f50ae21043a4c1abf398181654a1e03f7d0ddbb26d92fff0017411825c,fceefb4088734efe77bcc5d880878c7b146fa65d9dc80e20a5e974601b5b8500,8,lexicographic,0,50527662,300000,30.0,True,solved,2.5893354000290856,214,196,196,50816,49255,477,6,0,0.0,7026d56a599c33b54ee67a4d9531f83d63d1ae0d35f8818db9e9584bac87f510,True
d20-c2-h6-s22266823,20,2,22266823,6,14,c3a4b1f50ae21043a4c1abf398181654a1e03f7d0ddbb26d92fff0017411825c,fceefb4088734efe77bcc5d880878c7b146fa65d9dc80e20a5e974601b5b8500,8,all_pair_lexicographic,1,60527681,300000,30.0,True,solved,20.613376099965535,1978,1960,1960,467928,460312,4613,29,147,0.08910240069963038,7026d56a599c33b54ee67a4d9531f83d63d1ae0d35f8818db9e9584bac87f510,True
d20-c2-h6-s22266823,20,2,22266823,6,14,c3a4b1f50ae21043a4c1abf398181654a1e03f7d0ddbb26d92fff0017411825c,fceefb4088734efe77bcc5d880878c7b146fa65d9dc80e20a5e974601b5b8500,8,all_pair_product,1,60527681,300000,30.0,True,solved,21.35692419996485,1980,1962,1962,468192,460575,4613,29,148,0.07952129980549216,7026d56a599c33b54ee67a4d9531f83d63d1ae0d35f8818db9e9584bac87f510,True
d20-c2-h6-s22266823,20,2,22266823,6,14,c3a4b1f50ae21043a4c1abf398181654a1e03f7d0ddbb26d92fff0017411825c,fceefb4088734efe77bcc5d880878c7b146fa65d9dc80e20a5e974601b5b8500,8,lexicographic,1,60527681,300000,30.0,True,solved,2.121688599931076,214,196,196,50816,49255,477,6,0,0.0,7026d56a599c33b54ee67a4d9531f83d63d1ae0d35f8818db9e9584bac87f510,True
d20-c2-h6-s22266823,20,2,22266823,6,14,c3a4b1f50ae21043a4c1abf398181654a1e03f7d0ddbb26d92fff0017411825c,fceefb4088734efe77bcc5d880878c7b146fa65d9dc80e20a5e974601b5b8500,8,all_pair_lexicographic,2,70527700,300000,30.0,True,solved,22.07031169999391,1978,1960,1960,467928,460312,4613,29,147,0.07648500078357756,7026d56a599c33b54ee67a4d9531f83d63d1ae0d35f8818db9e9584bac87f510,True
d20-c2-h6-s22266823,20,2,22266823,6,14,c3a4b1f50ae21043a4c1abf398181654a1e03f7d0ddbb26d92fff0017411825c,fceefb4088734efe77bcc5d880878c7b146fa65d9dc80e20a5e974601b5b8500,8,all_pair_product,2,70527700,300000,30.0,True,solved,21.01677619991824,1979,1961,1961,467936,460319,4613,29,148,0.07679510000161827,7026d56a599c33b54ee67a4d9531f83d63d1ae0d35f8818db9e9584bac87f510,True
d20-c2-h6-s22266823,20,2,22266823,6,14,c3a4b1f50ae21043a4c1abf398181654a1e03f7d0ddbb26d92fff0017411825c,fceefb4088734efe77bcc5d880878c7b146fa65d9dc80e20a5e974601b5b8500,8,lexicographic,2,70527700,300000,30.0,True,solved,2.1675307999830693,214,196,196,50816,49255,477,6,0,0.0,7026d56a599c33b54ee67a4d9531f83d63d1ae0d35f8818db9e9584bac87f510,True
d20-c2-h6-s22266826,20,2,22266826,6,14,b5b85ac2afbd61630524b4332ff84aa5842e33fe66d5cf294ab0d12ad24b2979,ddeb11c814ad4ba721a06bf37c24549260bc15a322f6b8da2f7eb3a91844ad8f,8,all_pair_lexicographic,0,50527665,300000,30.0,False,time_budget,30.003533000010066,2783,2771,2771,689640,679516,6596,38,128,0.09678670030552894,,False
d20-c2-h6-s22266826,20,2,22266826,6,14,b5b85ac2afbd61630524b4332ff84aa5842e33fe66d5cf294ab0d12ad24b2979,ddeb11c814ad4ba721a06bf37c24549260bc15a322f6b8da2f7eb3a91844ad8f,8,all_pair_product,0,50527665,300000,30.0,False,time_budget,30.007583300000988,2768,2756,2756,685800,675676,6596,38,128,0.08783559978473932,,False
d20-c2-h6-s22266826,20,2,22266826,6,14,b5b85ac2afbd61630524b4332ff84aa5842e33fe66d5cf294ab0d12ad24b2979,ddeb11c814ad4ba721a06bf37c24549260bc15a322f6b8da2f7eb3a91844ad8f,8,lexicographic,0,50527665,300000,30.0,True,solved,2.3459952999837697,223,205,205,54360,52802,600,6,0,0.0,51f8ab55f344c33e12882fd43f563b8d2a0f56ae63d43d68fab0c709a6f44d70,True
d20-c2-h6-s22266826,20,2,22266826,6,14,b5b85ac2afbd61630524b4332ff84aa5842e33fe66d5cf294ab0d12ad24b2979,ddeb11c814ad4ba721a06bf37c24549260bc15a322f6b8da2f7eb3a91844ad8f,8,all_pair_lexicographic,1,60527684,300000,30.0,False,time_budget,30.00746049999725,2666,2651,2651,659688,649564,6596,38,128,0.09692390018608421,,False
d20-c2-h6-s22266826,20,2,22266826,6,14,b5b85ac2afbd61630524b4332ff84aa5842e33fe66d5cf294ab0d12ad24b2979,ddeb11c814ad4ba721a06bf37c24549260bc15a322f6b8da2f7eb3a91844ad8f,8,all_pair_product,1,60527684,300000,30.0,False,time_budget,30.01586209994275,2621,2612,2612,649408,640060,6091,35,118,0.07883869996294379,,False
d20-c2-h6-s22266826,20,2,22266826,6,14,b5b85ac2afbd61630524b4332ff84aa5842e33fe66d5cf294ab0d12ad24b2979,ddeb11c814ad4ba721a06bf37c24549260bc15a322f6b8da2f7eb3a91844ad8f,8,lexicographic,1,60527684,300000,30.0,True,solved,2.3224410000257194,223,205,205,54360,52802,600,6,0,0.0,51f8ab55f344c33e12882fd43f563b8d2a0f56ae63d43d68fab0c709a6f44d70,True
d20-c2-h6-s22266826,20,2,22266826,6,14,b5b85ac2afbd61630524b4332ff84aa5842e33fe66d5cf294ab0d12ad24b2979,ddeb11c814ad4ba721a06bf37c24549260bc15a322f6b8da2f7eb3a91844ad8f,8,all_pair_lexicographic,2,70527703,300000,30.0,False,time_budget,30.00964499998372,2597,2588,2588,643264,633916,6091,35,118,0.07691590068861842,,False
d20-c2-h6-s22266826,20,2,22266826,6,14,b5b85ac2afbd61630524b4332ff84aa5842e33fe66d5cf294ab0d12ad24b2979,ddeb11c814ad4ba721a06bf37c24549260bc15a322f6b8da2f7eb3a91844ad8f,8,all_pair_product,2,70527703,300000,30.0,False,time_budget,30.001786500099115,2583,2574,2574,639680,630332,6091,35,118,0.07643659960012883,,False
d20-c2-h6-s22266826,20,2,22266826,6,14,b5b85ac2afbd61630524b4332ff84aa5842e33fe66d5cf294ab0d12ad24b2979,ddeb11c814ad4ba721a06bf37c24549260bc15a322f6b8da2f7eb3a91844ad8f,8,lexicographic,2,70527703,300000,30.0,True,solved,2.149927599937655,223,205,205,54360,52802,600,6,0,0.0,51f8ab55f344c33e12882fd43f563b8d2a0f56ae63d43d68fab0c709a6f44d70,True
d20-c2-h6-s22266829,20,2,22266829,6,14,fa85025fbcf332033c37e181a7d7db133ac1a328014a8608dd3a6987b6719e04,33a7b17e9b1919f112a539e3f8096bb5d88585898b8118bfc043e9b80deb3407,8,all_pair_lexicographic,0,50527668,300000,30.0,True,solved,25.861881399992853,2484,2466,2466,600440,590012,7018,40,162,0.09492290019989014,cac71f2e1c6f7930f21b2ec891219c383df95baf88925bdb773b21a79a34a807,True
d20-c2-h6-s22266829,20,2,22266829,6,14,fa85025fbcf332033c37e181a7d7db133ac1a328014a8608dd3a6987b6719e04,33a7b17e9b1919f112a539e3f8096bb5d88585898b8118bfc043e9b80deb3407,8,all_pair_product,0,50527668,300000,30.0,True,solved,25.886411800049245,2484,2466,2466,600440,590012,7018,40,162,0.07596270006615669,cac71f2e1c6f7930f21b2ec891219c383df95baf88925bdb773b21a79a34a807,True
d20-c2-h6-s22266829,20,2,22266829,6,14,fa85025fbcf332033c37e181a7d7db133ac1a328014a8608dd3a6987b6719e04,33a7b17e9b1919f112a539e3f8096bb5d88585898b8118bfc043e9b80deb3407,8,lexicographic,0,50527668,300000,30.0,True,solved,2.4487929000752047,236,218,218,56200,54639,589,6,0,0.0,cac71f2e1c6f7930f21b2ec891219c383df95baf88925bdb773b21a79a34a807,True
d20-c2-h6-s22266829,20,2,22266829,6,14,fa85025fbcf332033c37e181a7d7db133ac1a328014a8608dd3a6987b6719e04,33a7b17e9b1919f112a539e3f8096bb5d88585898b8118bfc043e9b80deb3407,8,all_pair_lexicographic,1,60527687,300000,30.0,True,solved,26.938584999996237,2484,2466,2466,600440,590012,7018,40,162,0.08246520033571869,cac71f2e1c6f7930f21b2ec891219c383df95baf88925bdb773b21a79a34a807,True
d20-c2-h6-s22266829,20,2,22266829,6,14,fa85025fbcf332033c37e181a7d7db133ac1a328014a8608dd3a6987b6719e04,33a7b17e9b1919f112a539e3f8096bb5d88585898b8118bfc043e9b80deb3407,8,all_pair_product,1,60527687,300000,30.0,True,solved,25.124592400039546,2484,2466,2466,600440,590012,7018,40,162,0.07096890010870993,cac71f2e1c6f7930f21b2ec891219c383df95baf88925bdb773b21a79a34a807,True
d20-c2-h6-s22266829,20,2,22266829,6,14,fa85025fbcf332033c37e181a7d7db133ac1a328014a8608dd3a6987b6719e04,33a7b17e9b1919f112a539e3f8096bb5d88585898b8118bfc043e9b80deb3407,8,lexicographic,1,60527687,300000,30.0,True,solved,2.684315000078641,236,218,218,56200,54639,589,6,0,0.0,cac71f2e1c6f7930f21b2ec891219c383df95baf88925bdb773b21a79a34a807,True
d20-c2-h6-s22266829,20,2,22266829,6,14,fa85025fbcf332033c37e181a7d7db133ac1a328014a8608dd3a6987b6719e04,33a7b17e9b1919f112a539e3f8096bb5d88585898b8118bfc043e9b80deb3407,8,all_pair_lexicographic,2,70527706,300000,30.0,True,solved,25.919789099949412,2484,2466,2466,600440,590012,7018,40,162,0.08868499973323196,cac71f2e1c6f7930f21b2ec891219c383df95baf88925bdb773b21a79a34a807,True
d20-c2-h6-s22266829,20,2,22266829,6,14,fa85025fbcf332033c37e181a7d7db133ac1a328014a8608dd3a6987b6719e04,33a7b17e9b1919f112a539e3f8096bb5d88585898b8118bfc043e9b80deb3407,8,all_pair_product,2,70527706,300000,30.0,True,solved,26.180496499990113,2484,2466,2466,600440,590012,7018,40,162,0.07902590045705438,cac71f2e1c6f7930f21b2ec891219c383df95baf88925bdb773b21a79a34a807,True
d20-c2-h6-s22266829,20,2,22266829,6,14,fa85025fbcf332033c37e181a7d7db133ac1a328014a8608dd3a6987b6719e04,33a7b17e9b1919f112a539e3f8096bb5d88585898b8118bfc043e9b80deb3407,8,lexicographic,2,70527706,300000,30.0,True,solved,2.431423000060022,236,218,218,56200,54639,589,6,0,0.0,cac71f2e1c6f7930f21b2ec891219c383df95baf88925bdb773b21a79a34a807,True
d20-c2-h6-s22266832,20,2,22266832,6,14,d0f888bb271bb75acfe9f513ecee709c877fed1cdb9210c129e13044ec189301,18fdd9f32684ed999da0d286a9f5c041e9af20cbfa67df5024458b4d9b85bc80,8,all_pair_lexicographic,0,50527671,300000,30.0,True,solved,22.416589900036342,2122,2104,2104,510496,501365,6111,35,142,0.07247190026100725,4f715d4daf918f2947da4ab4040f9e227d660cc498a969ece7c41f0853a90251,True
d20-c2-h6-s22266832,20,2,22266832,6,14,d0f888bb271bb75acfe9f513ecee709c877fed1cdb9210c129e13044ec189301,18fdd9f32684ed999da0d286a9f5c041e9af20cbfa67df5024458b4d9b85bc80,8,all_pair_product,0,50527671,300000,30.0,True,solved,22.51613450003788,2122,2104,2104,510496,501365,6111,35,142,0.06994529953226447,4f715d4daf918f2947da4ab4040f9e227d660cc498a969ece7c41f0853a90251,True
d20-c2-h6-s22266832,20,2,22266832,6,14,d0f888bb271bb75acfe9f513ecee709c877fed1cdb9210c129e13044ec189301,18fdd9f32684ed999da0d286a9f5c041e9af20cbfa67df5024458b4d9b85bc80,8,lexicographic,0,50527671,300000,30.0,True,solved,2.725325600011274,247,229,229,59512,57954,618,6,0,0.0,4f715d4daf918f2947da4ab4040f9e227d660cc498a969ece7c41f0853a90251,True
d20-c2-h6-s22266832,20,2,22266832,6,14,d0f888bb271bb75acfe9f513ecee709c877fed1cdb9210c129e13044ec189301,18fdd9f32684ed999da0d286a9f5c041e9af20cbfa67df5024458b4d9b85bc80,8,all_pair_lexicographic,1,60527690,300000,30.0,True,solved,22.184603600064293,2122,2104,2104,510496,501365,6111,35,142,0.08100839925464243,4f715d4daf918f2947da4ab4040f9e227d660cc498a969ece7c41f0853a90251,True
d20-c2-h6-s22266832,20,2,22266832,6,14,d0f888bb271bb75acfe9f513ecee709c877fed1cdb9210c129e13044ec189301,18fdd9f32684ed999da0d286a9f5c041e9af20cbfa67df5024458b4d9b85bc80,8,all_pair_product,1,60527690,300000,30.0,True,solved,22.061644900008105,2122,2104,2104,510496,501365,6111,35,142,0.07246739999391139,4f715d4daf918f2947da4ab4040f9e227d660cc498a969ece7c41f0853a90251,True
d20-c2-h6-s22266832,20,2,22266832,6,14,d0f888bb271bb75acfe9f513ecee709c877fed1cdb9210c129e13044ec189301,18fdd9f32684ed999da0d286a9f5c041e9af20cbfa67df5024458b4d9b85bc80,8,lexicographic,1,60527690,300000,30.0,True,solved,2.5974588999524713,247,229,229,59512,57954,618,6,0,0.0,4f715d4daf918f2947da4ab4040f9e227d660cc498a969ece7c41f0853a90251,True
d20-c2-h6-s22266832,20,2,22266832,6,14,d0f888bb271bb75acfe9f513ecee709c877fed1cdb9210c129e13044ec189301,18fdd9f32684ed999da0d286a9f5c041e9af20cbfa67df5024458b4d9b85bc80,8,all_pair_lexicographic,2,70527709,300000,30.0,True,solved,23.341435299953446,2122,2104,2104,510496,501365,6111,35,142,0.07772069971542805,4f715d4daf918f2947da4ab4040f9e227d660cc498a969ece7c41f0853a90251,True
d20-c2-h6-s22266832,20,2,22266832,6,14,d0f888bb271bb75acfe9f513ecee709c877fed1cdb9210c129e13044ec189301,18fdd9f32684ed999da0d286a9f5c041e9af20cbfa67df5024458b4d9b85bc80,8,all_pair_product,2,70527709,300000,30.0,False,time_budget,30.004774900036864,2683,2671,2671,649904,639214,7294,40,163,0.08015420031733811,,False
d20-c2-h6-s22266832,20,2,22266832,6,14,d0f888bb271bb75acfe9f513ecee709c877fed1cdb9210c129e13044ec189301,18fdd9f32684ed999da0d286a9f5c041e9af20cbfa67df5024458b4d9b85bc80,8,lexicographic,2,70527709,300000,30.0,True,solved,2.420993600040674,247,229,229,59512,57954,618,6,0,0.0,4f715d4daf918f2947da4ab4040f9e227d660cc498a969ece7c41f0853a90251,True
